w_rf,w_et,w_lgbm,source,oof_mse_raw,oof_mse_clipped
0.0,0.35600000619888306,0.6439999938011169,pair_et_lgbm,93.49945771419596,93.49945771419596
0.0,0.3569999933242798,0.6430000066757202,pair_et_lgbm,93.49948361650284,93.49948361650284
0.0,0.35499998927116394,0.6449999809265137,pair_et_lgbm,93.49951624895505,93.49951624895505
0.0,0.3580000102519989,0.6420000195503235,pair_et_lgbm,93.49959165235728,93.49959165235728
0.0,0.3540000021457672,0.6460000276565552,pair_et_lgbm,93.49965451212715,93.49965451160065
0.0,0.35899999737739563,0.640999972820282,pair_et_lgbm,93.49978615495633,93.49978615495633
0.0,0.3529999852180481,0.6470000147819519,pair_et_lgbm,93.49987932988884,93.49987932988884
0.0,0.36000001430511475,0.6399999856948853,pair_et_lgbm,93.500060611168,93.500060611168
0.0,0.35199999809265137,0.6480000019073486,pair_et_lgbm,93.5001865476014,93.5001865476014
0.0,0.3610000014305115,0.6389999985694885,pair_et_lgbm,93.50041951282269,93.50041951282269
0.0,0.35100001096725464,0.6489999890327454,pair_et_lgbm,93.50057665345591,93.50057665345591
0.0,0.3619999885559082,0.6380000114440918,pair_et_lgbm,93.50086148771359,93.50086148771359
0.0,0.3499999940395355,0.6499999761581421,pair_et_lgbm,93.5010514711183,93.5010514711183
0.0,0.3630000054836273,0.6370000243186951,pair_et_lgbm,93.5013855568053,93.5013855568053
0.0,0.3490000069141388,0.6510000228881836,pair_et_lgbm,93.50160603914458,93.50160603861809
0.0,0.36399999260902405,0.6359999775886536,pair_et_lgbm,93.50199622728684,93.50199622728684
0.0,0.3479999899864197,0.6520000100135803,pair_et_lgbm,93.50224711023213,93.50224711023213
0.0,0.36500000953674316,0.6349999904632568,pair_et_lgbm,93.50268698849432,93.50268698849432
0.0,0.34700000286102295,0.652999997138977,pair_et_lgbm,93.5029703373717,93.5029703373717
0.0,0.3659999966621399,0.6340000033378601,pair_et_lgbm,93.50346197470607,93.50346197470607
0.0,0.34599998593330383,0.6539999842643738,pair_et_lgbm,93.50377777296838,93.50377777296838
0.0,0.367000013589859,0.6330000162124634,pair_et_lgbm,93.5043190091196,93.5043190091196
0.0,0.3449999988079071,0.6549999713897705,pair_et_lgbm,93.50466753834337,93.50466753834337
0.0,0.36800000071525574,0.6320000290870667,pair_et_lgbm,93.5052605224779,93.5052605224779
0.0,0.3440000116825104,0.656000018119812,pair_et_lgbm,93.50563832160043,93.50563832160043
0.0,0.36899998784065247,0.6309999823570251,pair_et_lgbm,93.50628729459397,93.50628729459397
0.0,0.34299999475479126,0.6570000052452087,pair_et_lgbm,93.50669562713655,93.50669562713655
0.0,0.3700000047683716,0.6299999952316284,pair_et_lgbm,93.50739408809594,93.50739408809594
0.0,0.34200000762939453,0.6579999923706055,pair_et_lgbm,93.5078349795104,93.5078349795104
0.0,0.3709999918937683,0.6290000081062317,pair_et_lgbm,93.50858522141273,93.50858522141273
0.0,0.3409999907016754,0.6589999794960022,pair_et_lgbm,93.50905873370733,93.50905873370733
0.0,0.3720000088214874,0.628000020980835,pair_et_lgbm,93.50985866814254,93.50985866814254
0.0,0.3400000035762787,0.6600000262260437,pair_et_lgbm,93.5103622298868,93.5103622298868
0.0,0.37299999594688416,0.6269999742507935,pair_et_lgbm,93.51121833808547,93.51121833808547
0.0,0.33899998664855957,0.6610000133514404,pair_et_lgbm,93.5117524037068,93.5117524037068
0.0,0.37400001287460327,0.6259999871253967,pair_et_lgbm,93.51265833899754,93.51265833899754
0.0,0.33799999952316284,0.6620000004768372,pair_et_lgbm,93.51322486452695,93.51322486452695
0.0,0.375,0.625,pair_et_lgbm,93.51418230976857,93.51418230976857
0.0,0.3370000123977661,0.6629999876022339,pair_et_lgbm,93.51478040289845,93.51478040289845
0.0,0.37599998712539673,0.6240000128746033,pair_et_lgbm,93.51578943759293,93.51578943759293
0.0,0.335999995470047,0.6639999747276306,pair_et_lgbm,93.51642024388043,93.51642024388043
0.0,0.37700000405311584,0.6230000257492065,pair_et_lgbm,93.51747896075406,93.51747896075406
0.0,0.33500000834465027,0.6650000214576721,pair_et_lgbm,93.5181403549101,93.5181403549101
0.0020000000949949026,0.3540000021457672,0.6439999938011169,local_fine_around_best,93.51819642110587,93.51819642110587
0.0020000000949949026,0.35600000619888306,0.6420000195503235,local_fine_around_best,93.51824078519388,93.51824078519388
0.0020000000949949026,0.35199999809265137,0.6459999680519104,local_fine_around_best,93.51848467340255,93.51848467340255
0.0020000000949949026,0.3580000102519989,0.6399999856948853,local_fine_around_best,93.51862028717075,93.51862028717075
0.0020000000949949026,0.3499999940395355,0.6480000019073486,local_fine_around_best,93.51910404331629,93.51910404331629
0.0,0.3779999911785126,0.621999979019165,pair_et_lgbm,93.51925486978082,93.51925486978082
0.0020000000949949026,0.36000001430511475,0.6380000114440918,local_fine_around_best,93.51933035093012,93.51933035093012
0.0,0.33399999141693115,0.6660000085830688,pair_et_lgbm,93.51994667578892,93.51994667578892
0.0020000000949949026,0.34800001978874207,0.6499999761581421,local_fine_around_best,93.52005742010793,93.52005742010793
0.0020000000949949026,0.3620000183582306,0.6359999775886536,local_fine_around_best,93.52037569318816,93.52037569318816
0.0,0.3790000081062317,0.6209999918937683,pair_et_lgbm,93.52111078337538,93.52111078337538
0.0020000000949949026,0.3460000157356262,0.6520000100135803,local_fine_around_best,93.52134262477419,93.52134262477419
0.0020000000949949026,0.36399999260902405,0.6340000033378601,local_fine_around_best,93.52175312383687,93.52175312383687
0.0,0.3330000042915344,0.6669999957084656,pair_et_lgbm,93.52183492680406,93.52183492680406
0.0020000000949949026,0.3440000116825104,0.6539999842643738,local_fine_around_best,93.52296266126827,93.52296266126827
0.0,0.3799999952316284,0.6200000047683716,pair_et_lgbm,93.52305111193729,93.52305111193729
0.0020000000949949026,0.3659999966621399,0.6319999694824219,local_fine_around_best,93.52346430070139,93.52346430070139
0.0,0.3319999873638153,0.6679999828338623,pair_et_lgbm,93.52380782263516,93.52380782263516
0.0020000000949949026,0.34200000762939453,0.656000018119812,local_fine_around_best,93.52491383659351,93.52491383659351
0.0,0.38100001215934753,0.6190000176429749,pair_et_lgbm,93.52507351181589,93.52507351181589
0.0020000000949949026,0.36800000071525574,0.6299999952316284,local_fine_around_best,93.52550622256211,93.52550622256211
0.0,0.3310000002384186,0.6690000295639038,pair_et_lgbm,93.52586062284482,93.52586062284482
0.0,0.38199999928474426,0.6179999709129333,pair_et_lgbm,93.52718255704096,93.52718255704096
0.0020000000949949026,0.3400000035762787,0.6579999923706055,local_fine_around_best,93.52719979352408,93.52719979352408
0.0020000000949949026,0.3700000047683716,0.628000020980835,local_fine_around_best,93.52788125631288,93.52788125631288
0.0,0.33000001311302185,0.6700000166893005,pair_et_lgbm,93.52799899838617,93.52799899838617
0.0,0.382999986410141,0.6169999837875366,pair_et_lgbm,93.52937227685874,93.52937227685874
0.0020000000949949026,0.33799999952316284,0.6599999666213989,local_fine_around_best,93.52981897878018,93.52981897878018
0.0,0.32899999618530273,0.6710000038146973,pair_et_lgbm,93.53022149258237,93.53022149258237
0.0020000000949949026,0.3720000088214874,0.6259999871253967,local_fine_around_best,93.530591424964,93.530591424964
0.0,0.3840000033378601,0.6159999966621399,pair_et_lgbm,93.531644524725,93.531644524725
0.0,0.328000009059906,0.671999990940094,pair_et_lgbm,93.53252597869682,93.53252597869682
0.0020000000949949026,0.335999995470047,0.6620000004768372,local_fine_around_best,93.53276875075385,93.53276875075385
0.0020000000949949026,0.37400001287460327,0.6240000128746033,local_fine_around_best,93.53363226444452,93.53363226444452
0.0,0.38499999046325684,0.6150000095367432,pair_et_lgbm,93.53400075243215,93.53400075243215
0.0,0.3269999921321869,0.6729999780654907,pair_et_lgbm,93.53491499146305,93.53491499146305
0.0020000000949949026,0.33399999141693115,0.6639999747276306,local_fine_around_best,93.53605376187838,93.53605376187838
0.0,0.38600000739097595,0.6140000224113464,pair_et_lgbm,93.53643922540292,93.53643922540292
0.0020000000949949026,0.3760000169277191,0.621999979019165,local_fine_around_best,93.53700807182527,93.53700807182527
0.004000000189989805,0.3540000021457672,0.6420000195503235,local_fine_around_best,93.53702293225949,93.53702293225949
0.004000000189989805,0.35199999809265137,0.6439999938011169,local_fine_around_best,93.53706798426072,93.53706798426072
0.004000000189989805,0.35600000619888306,0.6399999856948853,local_fine_around_best,93.53731302969501,93.53731302969501
0.0,0.32600000500679016,0.6740000247955322,pair_et_lgbm,93.53738389899426,93.53738389899426
0.004000000189989805,0.3499999940395355,0.6459999680519104,local_fine_around_best,93.53744600036512,93.53744600036512
0.004000000189989805,0.3580000102519989,0.6380000114440918,local_fine_around_best,93.53793380013892,93.53793380013892
0.004000000189989805,0.34800001978874207,0.6480000019073486,local_fine_around_best,93.53815372735566,93.53815372735566
0.004000000189989805,0.36000001430511475,0.6359999775886536,local_fine_around_best,93.53888962827332,93.53888962827332
0.0,0.3869999945163727,0.6129999756813049,pair_et_lgbm,93.53896428198138,93.53896428198138
0.004000000189989805,0.3460000157356262,0.6499999761581421,local_fine_around_best,93.53919753886822,93.53919753886822
0.0020000000949949026,0.3320000171661377,0.6660000085830688,local_fine_around_best,93.53966838115973,93.53966838115973
0.0,0.32499998807907104,0.675000011920929,pair_et_lgbm,93.5399395270332,93.5399395270332
0.004000000189989805,0.3620000183582306,0.6340000033378601,local_fine_around_best,93.54017627006941,93.54017627006941
0.004000000189989805,0.3440000116825104,0.6520000100135803,local_fine_around_best,93.54057221922619,93.54057221922619
0.0020000000949949026,0.37800002098083496,0.6200000047683716,local_fine_around_best,93.5407147923952,93.5407147923952
0.0,0.3880000114440918,0.6119999885559082,pair_et_lgbm,93.54156941138912,93.54156941138912
0.004000000189989805,0.36399999260902405,0.6319999694824219,local_fine_around_best,93.54179908755033,93.54179908755033
0.004000000189989805,0.34200000762939453,0.6539999842643738,local_fine_around_best,93.54228212089546,93.54228212089546
0.0,0.3240000009536743,0.6759999990463257,pair_et_lgbm,93.54257701453574,93.54257701453574
0.0020000000949949026,0.33000001311302185,0.6679999828338623,local_fine_around_best,93.5436189857411,93.5436189857411
0.004000000189989805,0.3659999966621399,0.6299999952316284,local_fine_around_best,93.54375161529053,93.54375161529053
0.0,0.3889999985694885,0.6110000014305115,pair_et_lgbm,93.54425883873235,93.54425883873235
0.004000000189989805,0.3400000035762787,0.656000018119812,local_fine_around_best,93.54432256812923,93.54432256812923
0.0020000000949949026,0.3799999952316284,0.6179999709129333,local_fine_around_best,93.54475756762531,93.54475756762531
0.0,0.3230000138282776,0.6769999861717224,pair_et_lgbm,93.54529773319172,93.54529773319172
0.004000000189989805,0.36800000071525574,0.628000020980835,local_fine_around_best,93.54603717674246,93.54603717674246
0.004000000189989805,0.33799999952316284,0.6579999923706055,local_fine_around_best,93.54669816045545,93.54669816045545
0.0,0.38999998569488525,0.6100000143051147,pair_et_lgbm,93.5470313487124,93.5470313487124
0.0020000000949949026,0.328000009059906,0.6700000166893005,local_fine_around_best,93.5479008909793,93.5479008909793
0.0,0.32199999690055847,0.6779999732971191,pair_et_lgbm,93.54810296972481,93.54810296972481
0.004000000189989805,0.3700000047683716,0.6259999871253967,local_fine_around_best,93.54865784153542,93.54865784153542
0.0020000000949949026,0.38199999928474426,0.6159999966621399,local_fine_around_best,93.54913004051289,93.54913004051289
0.004000000189989805,0.335999995470047,0.6599999666213989,local_fine_around_best,93.54940671658778,93.54940671658778
0.0,0.39100000262260437,0.609000027179718,pair_et_lgbm,93.54988587433094,93.54988587433094
0.0,0.32100000977516174,0.6790000200271606,pair_et_lgbm,93.55098816232457,93.55098816232457
0.004000000189989805,0.3720000088214874,0.6240000128746033,local_fine_around_best,93.55160902344409,93.55160902344409
0.004000000189989805,0.33399999141693115,0.6620000004768372,local_fine_around_best,93.5524460922107,93.5524460922107
0.0020000000949949026,0.32600000500679016,0.671999990940094,local_fine_around_best,93.55251714029824,93.55251714029824
0.0,0.3919999897480011,0.6079999804496765,pair_et_lgbm,93.55282741471073,93.55282741471073
0.0020000000949949026,0.3840000033378601,0.6140000224113464,local_fine_around_best,93.55383558477632,93.55383558477632
0.0,0.3199999928474426,0.6800000071525574,pair_et_lgbm,93.55395985952745,93.55395985952745
0.004000000189989805,0.37400001287460327,0.621999979019165,local_fine_around_best,93.55489554684281,93.55489554684281
0.004000000189989805,0.3320000171661377,0.6639999747276306,local_fine_around_best,93.55581921098894,93.55581921098894
0.0,0.3930000066757202,0.6069999933242798,pair_et_lgbm,93.55584856513383,93.55584856513383
0.006000000052154064,0.35199999809265137,0.6420000195503235,local_fine_around_best,93.55593840920685,93.55593840920685
0.006000000052154064,0.3499999940395355,0.6439999938011169,local_fine_around_best,93.55607291136727,93.55607291136727
0.006000000052154064,0.3540000021457672,0.6399999856948853,local_fine_around_best,93.55613896150123,93.55613896150123
0.006000000052154064,0.34800001978874207,0.6459999680519104,local_fine_around_best,93.55653919850289,93.55653919850289
0.006000000052154064,0.35600000619888306,0.6380000114440918,local_fine_around_best,93.55667025614504,93.55667025614504
0.0,0.3190000057220459,0.6809999942779541,pair_et_lgbm,93.55701345256259,93.55701345256259
0.006000000052154064,0.3460000157356262,0.6480000019073486,local_fine_around_best,93.55733780262727,93.55733780262727
0.0020000000949949026,0.3240000009536743,0.6739999651908875,local_fine_around_best,93.55746701183554,93.55746701183554
0.006000000052154064,0.3580000102519989,0.6359999775886536,local_fine_around_best,93.5575367631993,93.5575367631993
0.006000000052154064,0.3440000116825104,0.6499999761581421,local_fine_around_best,93.55847106383199,93.55847106383199
0.004000000189989805,0.3760000169277191,0.6200000047683716,local_fine_around_best,93.558512645842,93.558512645842
0.006000000052154064,0.36000001430511475,0.6340000033378601,local_fine_around_best,93.55873374892914,93.55873374892914
0.0020000000949949026,0.38600000739097595,0.6119999885559082,local_fine_around_best,93.55887615479898,93.55887615479898
0.0,0.39399999380111694,0.6060000061988831,pair_et_lgbm,93.55895383665066,93.55895383665066
0.004000000189989805,0.33000001311302185,0.6660000085830688,local_fine_around_best,93.55952442453032,93.55952442453032
0.006000000052154064,0.34200000762939453,0.6520000100135803,local_fine_around_best,93.55993507670239,93.55993507670239
0.0,0.3179999887943268,0.6819999814033508,pair_et_lgbm,93.56015164358035,93.56015164358035
0.006000000052154064,0.3620000183582306,0.6319999694824219,local_fine_around_best,93.56026611955897,93.56026611955897
0.006000000052154064,0.3400000035762787,0.6539999842643738,local_fine_around_best,93.56173436581938,93.56173436581938
0.006000000052154064,0.36399999260902405,0.6299999952316284,local_fine_around_best,93.56213019615073,93.56213019615073
0.0,0.39500001072883606,0.6050000190734863,pair_et_lgbm,93.56214171324875,93.56214171324875
0.004000000189989805,0.37800002098083496,0.6179999709129333,local_fine_around_best,93.5624651157001,93.5624651157001
0.0020000000949949026,0.32199999690055847,0.6759999990463257,local_fine_around_best,93.56274743156787,93.56274743156787
0.0,0.31700000166893005,0.6830000281333923,pair_et_lgbm,93.56336972373302,93.56336972373302
0.004000000189989805,0.328000009059906,0.6679999828338623,local_fine_around_best,93.56356465850166,93.56356465850166
0.006000000052154064,0.33799999952316284,0.656000018119812,local_fine_around_best,93.56386438170043,93.56386438170043
0.0020000000949949026,0.3880000114440918,0.6100000143051147,local_fine_around_best,93.56424748720734,93.56424748720734
0.006000000052154064,0.3659999966621399,0.628000020980835,local_fine_around_best,93.5643261671138,93.5643261671138
0.0,0.3959999978542328,0.6039999723434448,pair_et_lgbm,93.5654158996895,93.5654158996895
0.006000000052154064,0.335999995470047,0.6579999923706055,local_fine_around_best,93.56632949676151,93.56632949676151
0.0,0.3160000145435333,0.6840000152587891,pair_et_lgbm,93.56667310791941,93.56667310791941
0.004000000189989805,0.3799999952316284,0.6159999966621399,local_fine_around_best,93.56674907012128,93.56674907012128
0.006000000052154064,0.36800000071525574,0.6259999871253967,local_fine_around_best,93.56685720657968,93.56685720657968
0.004000000189989805,0.32600000500679016,0.6700000166893005,local_fine_around_best,93.56793585340196,93.56793585340196
0.0020000000949949026,0.3199999928474426,0.6779999732971191,local_fine_around_best,93.56836277749645,93.56836277749645
0.0,0.3970000147819519,0.6029999852180481,pair_et_lgbm,93.5687701449537,93.5687701449537
0.006000000052154064,0.33399999141693115,0.6599999666213989,local_fine_around_best,93.56912763266904,93.56912763266904
0.006000000052154064,0.3700000047683716,0.6240000128746033,local_fine_around_best,93.56971912911544,93.56971912911544
0.0020000000949949026,0.39000001549720764,0.6079999804496765,local_fine_around_best,93.56995425056805,93.56995425056805
0.0,0.3149999976158142,0.6850000023841858,pair_et_lgbm,93.57006096190732,93.57006096190732
0.004000000189989805,0.38199999928474426,0.6140000224113464,local_fine_around_best,93.57136505970848,93.57136505970848
0.0,0.39800000190734863,0.6019999980926514,pair_et_lgbm,93.57220847207859,93.57220847207859
0.006000000052154064,0.3320000171661377,0.6620000004768372,local_fine_around_best,93.57225518068574,93.57225518068574
0.004000000189989805,0.3240000009536743,0.671999990940094,local_fine_around_best,93.57264198835269,93.57264198835269
0.006000000052154064,0.3720000088214874,0.621999979019165,local_fine_around_best,93.57291619614867,93.57291619614867
0.0,0.3140000104904175,0.6859999895095825,pair_et_lgbm,93.573530810291,93.573530810291
0.0020000000949949026,0.31800001859664917,0.6800000071525574,local_fine_around_best,93.57430806516838,93.57430806516838
0.00800000037997961,0.3499999940395355,0.6420000195503235,local_fine_around_best,93.57498723067826,93.57498723067826
0.00800000037997961,0.35199999809265137,0.6399999856948853,local_fine_around_best,93.57509825790626,93.57509825790626
0.00800000037997961,0.34800001978874207,0.6439999938011169,local_fine_around_best,93.57521012520122,93.57521012520122
0.00800000037997961,0.3540000021457672,0.6380000114440918,local_fine_around_best,93.5755399471238,93.5755399471238
0.006000000052154064,0.33000001311302185,0.6639999747276306,local_fine_around_best,93.57571911004779,93.57571911004779
0.0,0.39899998903274536,0.6010000109672546,pair_et_lgbm,93.57573006843153,93.57573006843153
0.00800000037997961,0.3460000157356262,0.6459999680519104,local_fine_around_best,93.57576700299154,93.57576700299154
0.0020000000949949026,0.3920000195503235,0.6060000061988831,local_fine_around_best,93.57599135660212,93.57599135660212
0.004000000189989805,0.3840000033378601,0.6119999885559082,local_fine_around_best,93.57631617954746,93.57631617954746
0.00800000037997961,0.35600000619888306,0.6359999775886536,local_fine_around_best,93.57631697354167,93.57631697354167
0.006000000052154064,0.37400001287460327,0.6200000047683716,local_fine_around_best,93.57644380821682,93.57644380821682
0.00800000037997961,0.3440000116825104,0.6480000019073486,local_fine_around_best,93.57665491209063,93.57665491209063
0.0,0.31299999356269836,0.6869999766349792,pair_et_lgbm,93.57708504704239,93.57708504704239
0.00800000037997961,0.3580000102519989,0.6340000033378601,local_fine_around_best,93.57742462342401,93.57742462342401
0.004000000189989805,0.32199999690055847,0.6739999651908875,local_fine_around_best,93.57768106528613,93.57768106528613
0.00800000037997961,0.34200000762939453,0.6499999761581421,local_fine_around_best,93.57787794213753,93.57787794213753
0.00800000037997961,0.36000001430511475,0.6319999694824219,local_fine_around_best,93.57886744755993,93.57886744755993
0.0,0.4000000059604645,0.6000000238418579,pair_et_lgbm,93.57933381875542,93.57933381875542
0.00800000037997961,0.3400000035762787,0.6520000100135803,local_fine_around_best,93.57943128814809,93.57943128814809
0.006000000052154064,0.328000009059906,0.6660000085830688,local_fine_around_best,93.57951385424941,93.57951385424941
0.006000000052154064,0.3760000169277191,0.6179999709129333,local_fine_around_best,93.5803067516056,93.5803067516056
0.0020000000949949026,0.3160000145435333,0.6819999814033508,local_fine_around_best,93.58058948131666,93.58058948131666
0.00800000037997961,0.3620000183582306,0.6299999952316284,local_fine_around_best,93.58064082420928,93.58064082420928
0.0,0.31200000643730164,0.6880000233650208,pair_et_lgbm,93.58071927301307,93.58071927301307
0.00800000037997961,0.33799999952316284,0.6539999842643738,local_fine_around_best,93.58132001592168,93.58132001592168
0.004000000189989805,0.38600000739097595,0.6100000143051147,local_fine_around_best,93.58159801045645,93.58159801045645
0.0020000000949949026,0.39399999380111694,0.6039999723434448,local_fine_around_best,93.58236476140526,93.58236476140526
0.00800000037997961,0.36399999260902405,0.628000020980835,local_fine_around_best,93.58274843547215,93.58274843547215
0.0,0.4009999930858612,0.5989999771118164,pair_et_lgbm,93.58302427434076,93.58302427434076
0.004000000189989805,0.3199999928474426,0.6759999990463257,local_fine_around_best,93.58305108825844,93.58305108825844
0.00800000037997961,0.335999995470047,0.656000018119812,local_fine_around_best,93.58353949328031,93.58353949328031
0.006000000052154064,0.32600000500679016,0.6679999828338623,local_fine_around_best,93.58364359237106,93.58364359237106
0.0,0.3109999895095825,0.6890000104904175,pair_et_lgbm,93.58444025132069,93.58444025132069
0.006000000052154064,0.37800002098083496,0.6159999966621399,local_fine_around_best,93.58450020436186,93.58450020436186
0.00800000037997961,0.3659999966621399,0.6259999871253967,local_fine_around_best,93.5851899932043,93.5851899932043
0.00800000037997961,0.33399999141693115,0.6579999923706055,local_fine_around_best,93.58609415662832,93.58609415662832
0.0,0.4020000100135803,0.5979999899864197,pair_et_lgbm,93.58679467236158,93.58679467236158
0.004000000189989805,0.3880000114440918,0.6079999804496765,local_fine_around_best,93.58721512351019,93.58721512351019
0.00800000037997961,0.36800000071525574,0.6240000128746033,local_fine_around_best,93.58796223938383,93.58796223938383
0.006000000052154064,0.3240000009536743,0.6700000166893005,local_fine_around_best,93.58810425360146,93.58810425360146
0.0,0.3100000023841858,0.6899999976158142,pair_et_lgbm,93.58824300016958,93.58824300016958
0.004000000189989805,0.31800001859664917,0.6779999732971191,local_fine_around_best,93.5887547101937,93.5887547101937
0.00800000037997961,0.3320000171661377,0.6599999666213989,local_fine_around_best,93.58898051966511,93.58898051966511
0.006000000052154064,0.3799999952316284,0.6140000224113464,local_fine_around_best,93.58902761071762,93.58902761071762
0.0020000000949949026,0.3959999978542328,0.6019999980926514,local_fine_around_best,93.58906765071417,93.58906765071417
0.0,0.40299999713897705,0.597000002861023,pair_et_lgbm,93.5906491360377,93.5906491360377
0.00800000037997961,0.3700000047683716,0.621999979019165,local_fine_around_best,93.59106998371097,93.59106998371097
0.0,0.3089999854564667,0.6909999847412109,pair_et_lgbm,93.59213018064442,93.59213018064442
0.00800000037997961,0.33000001311302185,0.6620000004768372,local_fine_around_best,93.5921987698689,93.5921987698689
0.006000000052154064,0.32199999690055847,0.671999990940094,local_fine_around_best,93.59289963508684,93.59289963508684
0.004000000189989805,0.39000001549720764,0.6060000061988831,local_fine_around_best,93.59316290854197,93.59316290854197
0.006000000052154064,0.38199999928474426,0.6119999885559082,local_fine_around_best,93.59388912639352,93.59388912639352
0.009999999776482582,0.34800001978874207,0.6420000195503235,local_fine_around_best,93.59416784250304,93.59416784250304
0.009999999776482582,0.3499999940395355,0.6399999856948853,three_way_lgbm_focused_coarse,93.59419056612388,93.59419056612388
0.009999999776482582,0.3460000157356262,0.6439999938011169,local_fine_around_best,93.59448146406416,93.59448146406416
0.00800000037997961,0.3720000088214874,0.6200000047683716,local_fine_around_best,93.59450801134611,93.59450801134611
0.009999999776482582,0.35199999809265137,0.6380000114440918,local_fine_around_best,93.59454273051892,93.59454273051892
0.0,0.40400001406669617,0.5960000157356262,pair_et_lgbm,93.59458588865293,93.59458588865293
0.004000000189989805,0.3160000145435333,0.6800000071525574,local_fine_around_best,93.59479065764687,93.59479065764687
0.009999999776482582,0.3440000116825104,0.6459999680519104,local_fine_around_best,93.59512789302649,93.59512789302649
0.009999999776482582,0.3540000021457672,0.6359999775886536,local_fine_around_best,93.59523029471355,93.59523029471355
0.00800000037997961,0.328000009059906,0.6639999747276306,local_fine_around_best,93.5957521282617,93.5957521282617
0.0,0.30799999833106995,0.6919999718666077,pair_et_lgbm,93.59609956458442,93.59609956458442
0.009999999776482582,0.34200000762939453,0.6480000019073486,local_fine_around_best,93.59610521287694,93.59610521287694
0.009999999776482582,0.35600000619888306,0.6340000033378601,local_fine_around_best,93.59624851155024,93.59624851155024
0.009999999776482582,0.3400000035762787,0.6499999761581421,three_way_lgbm_focused_coarse,93.59741744134966,93.59741744134966
0.009999999776482582,0.3580000102519989,0.6319999694824219,local_fine_around_best,93.59760178479067,93.59760178479067
0.006000000052154064,0.3199999928474426,0.6739999651908875,local_fine_around_best,93.59802824678738,93.59802824678738
0.00800000037997961,0.37400001287460327,0.6179999709129333,local_fine_around_best,93.5982814896419,93.5982814896419
0.0,0.4050000011920929,0.5950000286102295,pair_et_lgbm,93.59860700226967,93.59860700226967
0.009999999776482582,0.33799999952316284,0.6520000100135803,local_fine_around_best,93.59906058380776,93.59906058380776
0.006000000052154064,0.3840000033378601,0.6100000143051147,local_fine_around_best,93.59908162972481,93.59908162972481
0.009999999776482582,0.36000001430511475,0.6299999952316284,three_way_lgbm_focused_coarse,93.59928573290685,93.59928573290685
0.004000000189989805,0.3920000195503235,0.6039999723434448,local_fine_around_best,93.59944561049879,93.59944561049879
0.00800000037997961,0.32600000500679016,0.6660000085830688,local_fine_around_best,93.599636330892,93.599636330892
0.0,0.3070000112056732,0.6930000185966492,pair_et_lgbm,93.60014987593952,93.60014987593952
0.009999999776482582,0.335999995470047,0.6539999842643738,local_fine_around_best,93.60103870845852,93.60103870845852
0.009999999776482582,0.3620000183582306,0.628000020980835,local_fine_around_best,93.60130269881094,93.60130269881094
0.00800000037997961,0.3760000169277191,0.6159999966621399,local_fine_around_best,93.60238546254416,93.60238546254416
0.0,0.4059999883174896,0.593999981880188,pair_et_lgbm,93.60271360847611,93.60271360847611
0.009999999776482582,0.33399999141693115,0.656000018119812,local_fine_around_best,93.60334784729218,93.60334784729218
0.006000000052154064,0.31800001859664917,0.6759999990463257,local_fine_around_best,93.60348679715483,93.60348679715483
0.009999999776482582,0.36399999260902405,0.6259999871253967,local_fine_around_best,93.60365610689303,93.60365610689303
0.00800000037997961,0.3240000009536743,0.6679999828338623,local_fine_around_best,93.60385544271628,93.60385544271628
0.0,0.3059999942779541,0.6940000057220459,pair_et_lgbm,93.60428684534328,93.60428684534328
0.006000000052154064,0.38600000739097595,0.6079999804496765,local_fine_around_best,93.6046092549882,93.6046092549882
0.009999999776482582,0.3320000171661377,0.6579999923706055,local_fine_around_best,93.60599086487869,93.60599086487869
0.004000000189989805,0.39399999380111694,0.6019999980926514,local_fine_around_best,93.60606037121339,93.60606037121339
0.009999999776482582,0.3659999966621399,0.6240000128746033,local_fine_around_best,93.60633888683057,93.60633888683057
0.00800000037997961,0.37800002098083496,0.6140000224113464,local_fine_around_best,93.6068223570648,93.6068223570648
0.0,0.40700000524520874,0.5929999947547913,pair_et_lgbm,93.60689999274497,93.60689999274497
0.00800000037997961,0.32199999690055847,0.6700000166893005,local_fine_around_best,93.60840578162366,93.60840578162366
0.0,0.3050000071525574,0.6949999928474426,pair_et_lgbm,93.60850581905123,93.60850581905123
0.009999999776482582,0.33000001311302185,0.6600000262260437,three_way_lgbm_focused_coarse,93.6089654272005,93.6089654272005
0.006000000052154064,0.3160000145435333,0.6779999732971191,local_fine_around_best,93.60928112876091,93.60928112876091
0.009999999776482582,0.36800000071525574,0.621999979019165,local_fine_around_best,93.60935689956148,93.60935689956148
0.006000000052154064,0.3880000114440918,0.6060000061988831,local_fine_around_best,93.61046745895334,93.61046745895334
0.0,0.40799999237060547,0.5920000076293945,pair_et_lgbm,93.61117082306149,93.61117082306149
0.00800000037997961,0.3799999952316284,0.6119999885559082,local_fine_around_best,93.61159569085726,93.61159569085726
0.009999999776482582,0.328000009059906,0.6620000004768372,local_fine_around_best,93.61227564204525,93.61227564204525
0.009999999776482582,0.3700000047683716,0.6200000047683716,three_way_lgbm_focused_coarse,93.61270569246425,93.61270569246425
0.0,0.30399999022483826,0.6959999799728394,pair_et_lgbm,93.6128091766153,93.6128091766153
0.004000000189989805,0.3959999978542328,0.5999999642372131,local_fine_around_best,93.61300916006425,93.61300916006425
0.00800000037997961,0.3199999928474426,0.671999990940094,local_fine_around_best,93.6132907885622,93.6132907885622
0.012000000104308128,0.34800001978874207,0.6399999856948853,local_fine_around_best,93.61341503693228,93.61341503693228
0.012000000104308128,0.3460000157356262,0.6420000195503235,local_fine_around_best,93.61348306764948,93.61348306764947
0.012000000104308128,0.3499999940395355,0.6380000114440918,local_fine_around_best,93.61367908065023,93.61367908065023
0.012000000104308128,0.3440000116825104,0.6439999938011169,local_fine_around_best,93.61388598918522,93.61388598918522
0.012000000104308128,0.35199999809265137,0.6359999775886536,local_fine_around_best,93.6142768503138,93.6142768503138
0.012000000104308128,0.34200000762939453,0.6459999680519104,local_fine_around_best,93.6146221258554,93.6146221258554
0.012000000104308128,0.3540000021457672,0.6340000033378601,local_fine_around_best,93.61520559675176,93.61520559675176
0.0,0.4090000092983246,0.5910000205039978,pair_et_lgbm,93.6155236623245,93.6155236623245
0.012000000104308128,0.3400000035762787,0.6480000019073486,local_fine_around_best,93.61568876989703,93.61568876989703
0.009999999776482582,0.32600000500679016,0.6639999747276306,local_fine_around_best,93.61591838068377,93.61591838068377
0.009999999776482582,0.3720000088214874,0.6179999709129333,local_fine_around_best,93.61638953014045,93.61638953014045
0.012000000104308128,0.35600000619888306,0.6319999694824219,local_fine_around_best,93.61646958442755,93.61646958442755
0.006000000052154064,0.39000001549720764,0.6039999723434448,local_fine_around_best,93.61666085544512,93.61666085544512
0.00800000037997961,0.38199999928474426,0.6100000143051147,local_fine_around_best,93.61669860483835,93.61669860483835
0.012000000104308128,0.33799999952316284,0.6499999761581421,local_fine_around_best,93.61709065755456,93.61709065755456
0.0,0.30300000309944153,0.6970000267028809,pair_et_lgbm,93.61719270436899,93.61719270384249
0.012000000104308128,0.3580000102519989,0.6299999952316284,local_fine_around_best,93.61806390583884,93.61806390583884
0.00800000037997961,0.31800001859664917,0.6739999651908875,local_fine_around_best,93.61850784821279,93.61850784821279
0.012000000104308128,0.335999995470047,0.6520000100135803,local_fine_around_best,93.61882314682188,93.61882314682188
0.009999999776482582,0.3240000009536743,0.6660000085830688,local_fine_around_best,93.61989207120033,93.61989207120033
0.0,0.4099999964237213,0.5899999737739563,pair_et_lgbm,93.6199633660997,93.6199633660997
0.012000000104308128,0.36000001430511475,0.628000020980835,local_fine_around_best,93.6199915498213,93.6199915498213
0.009999999776482582,0.37400001287460327,0.6159999966621399,local_fine_around_best,93.62040419763765,93.62040419763765
0.012000000104308128,0.33399999141693115,0.6539999842643738,local_fine_around_best,93.620890915495,93.620890915495
0.0,0.3019999861717224,0.6980000138282776,pair_et_lgbm,93.62166237654027,93.62166237654027
0.00800000037997961,0.3840000033378601,0.6079999804496765,local_fine_around_best,93.6221369346473,93.6221369346473
0.012000000104308128,0.3620000183582306,0.6259999871253967,local_fine_around_best,93.62225421227494,93.62225421227494
0.006000000052154064,0.3920000195503235,0.6019999980926514,local_fine_around_best,93.62318481243463,93.62318481243463
0.012000000104308128,0.3320000171661377,0.656000018119812,local_fine_around_best,93.62328859684928,93.62328859684928
0.00800000037997961,0.3160000145435333,0.6759999990463257,local_fine_around_best,93.62405670864194,93.62405670864194
0.009999999776482582,0.32199999690055847,0.6679999828338623,local_fine_around_best,93.62420082963158,93.62420082963158
0.0,0.41100001335144043,0.5889999866485596,pair_et_lgbm,93.62448263112765,93.62448263112765
0.009999999776482582,0.3760000169277191,0.6140000224113464,local_fine_around_best,93.62475158065739,93.62475158065739
0.012000000104308128,0.36399999260902405,0.6240000128746033,local_fine_around_best,93.62484867418537,93.62484867418537
0.012000000104308128,0.33000001311302185,0.6579999923706055,local_fine_around_best,93.62602183068516,93.62602183068516
0.0,0.3009999990463257,0.6990000009536743,pair_et_lgbm,93.62621459101078,93.62621459101078
0.012000000104308128,0.3659999966621399,0.621999979019165,local_fine_around_best,93.62777696171842,93.62777696171842
0.00800000037997961,0.38600000739097595,0.6060000061988831,local_fine_around_best,93.62790551564409,93.62790551564409
0.009999999776482582,0.3199999928474426,0.6700000166893005,three_way_lgbm_focused_coarse,93.6288405017726,93.6288405017726
0.0,0.41200000047683716,0.5879999995231628,pair_et_lgbm,93.62908618117355,93.62908618117355
0.012000000104308128,0.328000009059906,0.6599999666213989,local_fine_around_best,93.62908837928474,93.62908837928474
0.009999999776482582,0.37800002098083496,0.6119999885559082,local_fine_around_best,93.62943399335401,93.62943399335401
0.006000000052154064,0.39399999380111694,0.5999999642372131,local_fine_around_best,93.63004537425655,93.63004537425655
0.0,0.30000001192092896,0.699999988079071,pair_et_lgbm,93.63084940416955,93.63084940416955
0.012000000104308128,0.36800000071525574,0.6200000047683716,local_fine_around_best,93.63103627119355,93.63103627119355
0.012000000104308128,0.32600000500679016,0.6620000004768372,local_fine_around_best,93.63248551467275,93.63248551467275
0.014000000432133675,0.3460000157356262,0.6399999856948853,local_fine_around_best,93.63277373404476,93.63277373404476
0.014000000432133675,0.3440000116825104,0.6420000195503235,local_fine_around_best,93.6329313746142,93.6329313746142
0.014000000432133675,0.34800001978874207,0.6380000114440918,local_fine_around_best,93.63294719495131,93.63294719495131
0.014000000432133675,0.34200000762939453,0.6439999938011169,local_fine_around_best,93.63342398752648,93.63342398752648
0.014000000432133675,0.3499999940395355,0.6359999775886536,local_fine_around_best,93.63345667383975,93.63345667383975
0.0,0.4129999876022339,0.5870000123977661,pair_et_lgbm,93.6337730726017,93.6337730726017
0.009999999776482582,0.31800001859664917,0.671999990940094,local_fine_around_best,93.63381389082981,93.63381389082981
0.00800000037997961,0.3880000114440918,0.6039999723434448,local_fine_around_best,93.63400929718084,93.63400929718084
0.014000000432133675,0.3400000035762787,0.6459999680519104,local_fine_around_best,93.63424925337858,93.63424925337858
0.014000000432133675,0.35199999809265137,0.6340000033378601,local_fine_around_best,93.63429604400253,93.63429604400253
0.009999999776482582,0.3799999952316284,0.6100000143051147,three_way_lgbm_focused_coarse,93.6344485970369,93.6344485970369
0.012000000104308128,0.3700000047683716,0.6179999709129333,local_fine_around_best,93.6346308476698,93.6346308476698
0.014000000432133675,0.33799999952316284,0.6480000019073486,local_fine_around_best,93.63540544489342,93.63540544489342
0.014000000432133675,0.3540000021457672,0.6319999694824219,local_fine_around_best,93.63547037895219,93.63547037895219
0.0,0.29899999499320984,0.7009999752044678,pair_et_lgbm,93.63556890156724,93.63556890156724
0.012000000104308128,0.3240000009536743,0.6639999747276306,local_fine_around_best,93.63621780364058,93.63621780364058
0.014000000432133675,0.335999995470047,0.6499999761581421,local_fine_around_best,93.63689697532317,93.63689697532317
0.014000000432133675,0.35600000619888306,0.6299999952316284,local_fine_around_best,93.63697553774605,93.63697553774605
0.006000000052154064,0.3959999978542328,0.5979999899864197,local_fine_around_best,93.637235258562,93.637235258562
0.0,0.414000004529953,0.5860000252723694,pair_et_lgbm,93.63854219072863,93.63854219072863
0.012000000104308128,0.3720000088214874,0.6159999966621399,local_fine_around_best,93.6385555841471,93.6385555841471
0.014000000432133675,0.33399999141693115,0.6520000100135803,local_fine_around_best,93.63871894310819,93.63871894310819
0.014000000432133675,0.3580000102519989,0.628000020980835,local_fine_around_best,93.63881343988909,93.63881343988909
0.009999999776482582,0.3160000145435333,0.6739999651908875,local_fine_around_best,93.63912141315157,93.63912141315157
0.009999999776482582,0.38199999928474426,0.6079999804496765,local_fine_around_best,93.63979726208194,93.63979726208194
0.012000000104308128,0.32199999690055847,0.6660000085830688,local_fine_around_best,93.64028104928339,93.64028104928339
0.0,0.2980000078678131,0.7020000219345093,pair_et_lgbm,93.64036854866723,93.64036854814074
0.00800000037997961,0.39000001549720764,0.6019999980926514,local_fine_around_best,93.64044387274755,93.64044387274755
0.014000000432133675,0.3320000171661377,0.6539999842643738,local_fine_around_best,93.64087487721588,93.64087487721588
0.014000000432133675,0.36000001430511475,0.6259999871253967,local_fine_around_best,93.64098649533541,93.64098649533541
0.012000000104308128,0.37400001287460327,0.6140000224113464,local_fine_around_best,93.64281378267103,93.64281378267103
0.014000000432133675,0.33000001311302185,0.656000018119812,local_fine_around_best,93.64336312456922,93.64336312456922
0.0,0.41499999165534973,0.5849999785423279,pair_et_lgbm,93.64339804039224,93.64339804039224
0.014000000432133675,0.3620000183582306,0.6240000128746033,local_fine_around_best,93.64349038211985,93.64349038211985
0.012000000104308128,0.3199999928474426,0.6679999828338623,local_fine_around_best,93.64467932515937,93.64467932515937
0.0,0.296999990940094,0.703000009059906,pair_et_lgbm,93.64525471815708,93.64525471815708
0.009999999776482582,0.3840000033378601,0.6060000061988831,local_fine_around_best,93.64547653628999,93.64547653628999
0.014000000432133675,0.328000009059906,0.6579999923706055,local_fine_around_best,93.64618596783345,93.64618596783345
0.014000000432133675,0.36399999260902405,0.621999979019165,local_fine_around_best,93.64633053337178,93.64633053337178
0.00800000037997961,0.3920000195503235,0.5999999642372131,local_fine_around_best,93.64721362214935,93.64721362214935
0.012000000104308128,0.3760000169277191,0.6119999885559082,local_fine_around_best,93.64740695084106,93.64740695084106
0.0,0.41600000858306885,0.5839999914169312,pair_et_lgbm,93.64833338833095,93.64833338833095
0.014000000432133675,0.32600000500679016,0.6599999666213989,local_fine_around_best,93.64934205973867,93.64934205973867
0.012000000104308128,0.31800001859664917,0.6700000166893005,local_fine_around_best,93.64940752276907,93.64940752276907
0.014000000432133675,0.3659999966621399,0.6200000047683716,local_fine_around_best,93.64950025835738,93.64950025835738
0.0,0.29600000381469727,0.7039999961853027,pair_et_lgbm,93.65022258895516,93.65022258895516
0.009999999776482582,0.38600000739097595,0.6039999723434448,local_fine_around_best,93.65149093123605,93.65149093123605
0.01600000075995922,0.3440000116825104,0.6399999856948853,local_fine_around_best,93.6522657758231,93.6522657758231
0.012000000104308128,0.37800002098083496,0.6100000143051147,local_fine_around_best,93.6523308790658,93.6523308790658
0.01600000075995922,0.3460000157356262,0.6380000114440918,local_fine_around_best,93.65234976852032,93.65234976852032
0.01600000075995922,0.34200000762939453,0.6420000195503235,local_fine_around_best,93.65251279450568,93.65251279450568
0.01600000075995922,0.34800001978874207,0.6359999775886536,local_fine_around_best,93.65276853268003,93.65276853268003
0.014000000432133675,0.3240000009536743,0.6620000004768372,local_fine_around_best,93.65282876814764,93.65282876814764
0.014000000432133675,0.36800000071525574,0.6179999709129333,local_fine_around_best,93.65300520532178,93.65300520532178
0.01600000075995922,0.3400000035762787,0.6439999938011169,local_fine_around_best,93.65309472413445,93.65309472413445
0.0,0.4169999957084656,0.5830000042915344,pair_et_lgbm,93.65335309631462,93.65335309631462
0.01600000075995922,0.3499999940395355,0.6340000033378601,local_fine_around_best,93.65351942236633,93.65351942236633
0.01600000075995922,0.33799999952316284,0.6459999680519104,local_fine_around_best,93.65400968020728,93.65400968020728
0.00800000037997961,0.39399999380111694,0.5979999899864197,local_fine_around_best,93.6543153323851,93.6543153323851
0.012000000104308128,0.3160000145435333,0.671999990940094,local_fine_around_best,93.65447130747175,93.65447130747175
0.01600000075995922,0.35199999809265137,0.6319999694824219,local_fine_around_best,93.6546046252254,93.6546046252254
0.01600000075995922,0.335999995470047,0.6480000019073486,local_fine_around_best,93.65525548053697,93.65525548053697
0.0,0.29499998688697815,0.7049999833106995,pair_et_lgbm,93.65527517984653,93.65527517984653
0.01600000075995922,0.3540000021457672,0.6299999952316284,local_fine_around_best,93.65601992134401,93.65601992134401
0.014000000432133675,0.32199999690055847,0.6639999747276306,local_fine_around_best,93.65665050406014,93.65665050406014
0.01600000075995922,0.33399999141693115,0.6499999761581421,local_fine_around_best,93.65683643627503,93.65683643627503
0.014000000432133675,0.3700000047683716,0.6159999966621399,local_fine_around_best,93.65684062535313,93.65684062535313
0.009999999776482582,0.3100000023841858,0.6800000071525574,three_way_lgbm_focused_coarse,93.65703740684309,93.65703740684309
0.012000000104308128,0.3799999952316284,0.6079999804496765,local_fine_around_best,93.65759088430181,93.65759088430181
0.01600000075995922,0.35600000619888306,0.628000020980835,local_fine_around_best,93.65776847377043,93.65776847377043
0.009999999776482582,0.3880000114440918,0.6019999980926514,local_fine_around_best,93.65783595434813,93.65783595434813
0.0,0.4180000126361847,0.5820000171661377,pair_et_lgbm,93.65845537075212,93.65845537075212
0.01600000075995922,0.3320000171661377,0.6520000100135803,local_fine_around_best,93.65874661788263,93.65874661788263
0.01600000075995922,0.3580000102519989,0.6259999871253967,local_fine_around_best,93.65985209728913,93.65985209728913
0.0,0.2939999997615814,0.7059999704360962,pair_et_lgbm,93.66040955977508,93.66040955977508
0.014000000432133675,0.3199999928474426,0.6660000085830688,local_fine_around_best,93.6608032349146,93.6608032349146
0.01600000075995922,0.33000001311302185,0.6539999842643738,local_fine_around_best,93.66099322797979,93.66099322797979
0.014000000432133675,0.3720000088214874,0.6140000224113464,local_fine_around_best,93.66100929939815,93.66100929939815
0.00800000037997961,0.3959999978542328,0.5960000157356262,local_fine_around_best,93.66174844390677,93.66174844390677
0.01600000075995922,0.36000001430511475,0.6240000128746033,local_fine_around_best,93.66226653926024,93.66226653926024
0.012000000104308128,0.38199999928474426,0.6060000061988831,local_fine_around_best,93.66318068714936,93.66318068714936
0.01600000075995922,0.328000009059906,0.656000018119812,local_fine_around_best,93.66357095965797,93.66357095965797
0.0,0.4189999997615814,0.5809999704360962,pair_et_lgbm,93.66364410819796,93.66364410819796
0.009999999776482582,0.38999998569488525,0.6000000238418579,three_way_lgbm_focused_coarse,93.66451515230105,93.66451515230105
0.01600000075995922,0.3620000183582306,0.621999979019165,local_fine_around_best,93.66501610300044,93.66501610300044
0.014000000432133675,0.31800001859664917,0.6679999828338623,local_fine_around_best,93.66528974435471,93.66528974435471
0.014000000432133675,0.37400001287460327,0.6119999885559082,local_fine_around_best,93.665513018549,93.665513018549
0.0,0.2930000126361847,0.7070000171661377,pair_et_lgbm,93.66562567531462,93.66562567478813
0.01600000075995922,0.32600000500679016,0.6579999923706055,local_fine_around_best,93.6664833814432,93.6664833814432
0.01600000075995922,0.36399999260902405,0.6200000047683716,local_fine_around_best,93.66809748882184,93.66809748882184
0.0,0.41999998688697815,0.5799999833106995,pair_et_lgbm,93.66891359494257,93.66891359494257
0.012000000104308128,0.3840000033378601,0.6039999723434448,local_fine_around_best,93.6691057017657,93.6691057017657
0.01600000075995922,0.3240000009536743,0.6599999666213989,local_fine_around_best,93.6697289100061,93.6697289100061
0.014000000432133675,0.3160000145435333,0.6700000166893005,local_fine_around_best,93.67010835883796,93.67010835883796
0.014000000432133675,0.3760000169277191,0.6100000143051147,local_fine_around_best,93.67034728447254,93.67034728447254
0.0,0.2919999957084656,0.7080000042915344,pair_et_lgbm,93.6709277795393,93.6709277795393
0.01600000075995922,0.3659999966621399,0.6179999709129333,local_fine_around_best,93.67151280220345,93.67151280220345
0.009999999776482582,0.3920000195503235,0.5979999899864197,local_fine_around_best,93.67152711899922,93.67152711899922
0.017999999225139618,0.3440000116825104,0.6380000114440918,local_fine_around_best,93.67188551650963,93.67188551650963
0.017999999225139618,0.34200000762939453,0.6399999856948853,local_fine_around_best,93.67189129138531,93.67189129138531
0.017999999225139618,0.3460000157356262,0.6359999775886536,local_fine_around_best,93.67221488459408,93.67221488459408
0.017999999225139618,0.3400000035762787,0.6420000195503235,local_fine_around_best,93.67222771037471,93.67222771037471
0.017999999225139618,0.34800001978874207,0.6340000033378601,local_fine_around_best,93.6728753258417,93.6728753258417
0.017999999225139618,0.33799999952316284,0.6439999938011169,local_fine_around_best,93.67289899036042,93.67289899036042
0.01600000075995922,0.32199999690055847,0.6620000004768372,local_fine_around_best,93.67330504551603,93.67330504551603
0.017999999225139618,0.3499999940395355,0.6319999694824219,local_fine_around_best,93.67387166957684,93.67387166957684
0.017999999225139618,0.335999995470047,0.6459999680519104,local_fine_around_best,93.67390338583043,93.67390338583043
0.0,0.42100000381469727,0.5789999961853027,pair_et_lgbm,93.67426511902423,93.67426511902423
0.017999999225139618,0.35199999809265137,0.6299999952316284,local_fine_around_best,93.67519768382641,93.67519768382641
0.017999999225139618,0.33399999141693115,0.6480000019073486,local_fine_around_best,93.6752387787995,93.6752387787995
0.01600000075995922,0.36800000071525574,0.6159999966621399,local_fine_around_best,93.67525891884537,93.67525891884537
0.012000000104308128,0.38600000739097595,0.6019999980926514,local_fine_around_best,93.67536130891843,93.67536130891843
0.014000000432133675,0.37800002098083496,0.6079999804496765,local_fine_around_best,93.67551691164819,93.67551691164819
0.0,0.29100000858306885,0.7089999914169312,pair_et_lgbm,93.67631178867444,93.67631178867444
0.017999999225139618,0.3540000021457672,0.628000020980835,local_fine_around_best,93.67685657854854,93.67685657854854
0.017999999225139618,0.3320000171661377,0.6499999761581421,local_fine_around_best,93.67690799378926,93.67690799378926
0.01600000075995922,0.3199999928474426,0.6639999747276306,local_fine_around_best,93.6772162402093,93.6772162402093
0.017999999225139618,0.35600000619888306,0.6259999871253967,local_fine_around_best,93.67885099398563,93.67885099398563
0.009999999776482582,0.39399999380111694,0.5960000157356262,local_fine_around_best,93.6788723514844,93.6788723514844
0.017999999225139618,0.33000001311302185,0.6520000100135803,local_fine_around_best,93.67890898279137,93.67890898279137
0.01600000075995922,0.3700000047683716,0.6140000224113464,local_fine_around_best,93.67933792112544,93.67933792112544
0.0,0.421999990940094,0.578000009059906,pair_et_lgbm,93.67970109367049,93.67970109367049
0.014000000432133675,0.3799999952316284,0.6060000061988831,local_fine_around_best,93.68101827772789,93.68101827772789
0.017999999225139618,0.3580000102519989,0.6240000128746033,local_fine_around_best,93.68117594167275,93.68117594167275
0.017999999225139618,0.328000009059906,0.6539999842643738,local_fine_around_best,93.68124511519787,93.68124511519787
0.01600000075995922,0.31800001859664917,0.6660000085830688,local_fine_around_best,93.68145758981842,93.68145758981842
0.0,0.28999999165534973,0.7099999785423279,pair_et_lgbm,93.68178052353053,93.68178052353053
0.012000000104308128,0.3880000114440918,0.5999999642372131,local_fine_around_best,93.68195224341828,93.68195224341828
0.01600000075995922,0.3720000088214874,0.6119999885559082,local_fine_around_best,93.68375216003584,93.68375216003584
0.017999999225139618,0.36000001430511475,0.621999979019165,local_fine_around_best,93.68383583641979,93.68383583641979
0.017999999225139618,0.32600000500679016,0.656000018119812,local_fine_around_best,93.68391206908998,93.68391206908998
0.0,0.4230000078678131,0.5770000219345093,pair_et_lgbm,93.68521947265573,93.68521947265573
0.01600000075995922,0.3160000145435333,0.6679999828338623,local_fine_around_best,93.68603475717784,93.68603475717784
0.009999999776482582,0.3959999978542328,0.593999981880188,local_fine_around_best,93.68655134241166,93.68655134241166
0.017999999225139618,0.3620000183582306,0.6200000047683716,local_fine_around_best,93.68682652961625,93.68682652961625
0.014000000432133675,0.38199999928474426,0.6039999723434448,local_fine_around_best,93.68685363870961,93.68685363870961
0.017999999225139618,0.3240000009536743,0.6579999923706055,local_fine_around_best,93.68691416545327,93.68691416545327
0.0,0.289000004529953,0.7110000252723694,pair_et_lgbm,93.68732923343588,93.68732923290936
0.01600000075995922,0.37400001287460327,0.6100000143051147,local_fine_around_best,93.68849703326583,93.68849703326583
0.012000000104308128,0.39000001549720764,0.5979999899864197,local_fine_around_best,93.68887356791532,93.68887356791532
0.017999999225139618,0.36399999260902405,0.6179999709129333,local_fine_around_best,93.69015376668203,93.69015376668203
0.017999999225139618,0.32199999690055847,0.6599999666213989,local_fine_around_best,93.69024909133933,93.69024909133933
0.0,0.42399999499320984,0.5759999752044678,pair_et_lgbm,93.69082441106377,93.69082441106377
0.019999999552965164,0.34200000762939453,0.6380000114440918,local_fine_around_best,93.69155450657662,93.69155450657662
0.019999999552965164,0.3400000035762787,0.6399999856948853,three_way_lgbm_focused_coarse,93.69164953588931,93.69164953588931
0.019999999552965164,0.3440000116825104,0.6359999775886536,local_fine_around_best,93.69179444485937,93.69179444485937
0.019999999552965164,0.33799999952316284,0.6420000195503235,local_fine_around_best,93.69207547388446,93.69207547388446
0.019999999552965164,0.3460000157356262,0.6340000033378601,local_fine_around_best,93.69236513544354,93.69236513544354
0.019999999552965164,0.335999995470047,0.6439999938011169,local_fine_around_best,93.69283639711044,93.69283639711044
0.0,0.2879999876022339,0.7120000123977661,pair_et_lgbm,93.69296436603706,93.69296436603706
0.014000000432133675,0.3840000033378601,0.6019999980926514,local_fine_around_best,93.69301978995885,93.69301978995885
0.019999999552965164,0.34800001978874207,0.6319999694824219,local_fine_around_best,93.69327112880575,93.69327112880575
0.009999999776482582,0.30000001192092896,0.6899999976158142,three_way_lgbm_focused_coarse,93.69355807209935,93.69355807209935
0.01600000075995922,0.3760000169277191,0.6079999804496765,local_fine_around_best,93.69357720774926,93.69357720774926
0.017999999225139618,0.3659999966621399,0.6159999966621399,local_fine_around_best,93.69381032046792,93.69381032046792
0.017999999225139618,0.3199999928474426,0.6620000004768372,local_fine_around_best,93.69391472126472,93.69391472126472
0.019999999552965164,0.33399999141693115,0.6459999680519104,local_fine_around_best,93.69393037124792,93.69393037124792
0.019999999552965164,0.3499999940395355,0.6299999952316284,three_way_lgbm_focused_coarse,93.69450861158343,93.69450861158343
0.019999999552965164,0.3320000171661377,0.6480000019073486,local_fine_around_best,93.69535397290724,93.69535397290724
0.019999999552965164,0.35199999809265137,0.628000020980835,local_fine_around_best,93.69607822409083,93.69607822409083
0.012000000104308128,0.3920000195503235,0.5960000157356262,local_fine_around_best,93.69612786376425,93.69612786376425
0.0,0.42500001192092896,0.574999988079071,pair_et_lgbm,93.69650890953623,93.69650890953623
0.019999999552965164,0.33000001311302185,0.6499999761581421,three_way_lgbm_focused_coarse,93.69711385953724,93.69711385953724
0.017999999225139618,0.36800000071525574,0.6140000224113464,local_fine_around_best,93.6977998717361,93.6977998717361
0.017999999225139618,0.31800001859664917,0.6639999747276306,local_fine_around_best,93.69791436356185,93.69791436356185
0.019999999552965164,0.3540000021457672,0.6259999871253967,local_fine_around_best,93.69798315052904,93.69798315052904
0.0,0.28700000047683716,0.7129999995231628,pair_et_lgbm,93.69868143277364,93.69868143277364
0.01600000075995922,0.37800002098083496,0.6060000061988831,local_fine_around_best,93.69898796972178,93.69898796972178
0.019999999552965164,0.328000009059906,0.6520000100135803,local_fine_around_best,93.69920423529945,93.69920423529945
0.014000000432133675,0.38600000739097595,0.5999999642372131,local_fine_around_best,93.69952109216376,93.69952109216376
0.019999999552965164,0.35600000619888306,0.6240000128746033,local_fine_around_best,93.70021830139216,93.70021830139216
0.019999999552965164,0.32600000500679016,0.6539999842643738,local_fine_around_best,93.70162999158863,93.70162999158863
0.017999999225139618,0.3700000047683716,0.6119999885559082,local_fine_around_best,93.7021244308085,93.7021244308085
0.017999999225139618,0.3160000145435333,0.6660000085830688,local_fine_around_best,93.70224611338949,93.70224611338949
0.0,0.4259999990463257,0.5740000009536743,pair_et_lgbm,93.7022778624737,93.7022778624737
0.019999999552965164,0.3580000102519989,0.621999979019165,local_fine_around_best,93.70278902492514,93.70278902492514
0.012000000104308128,0.39399999380111694,0.593999981880188,local_fine_around_best,93.70371869283376,93.70371869283376
0.019999999552965164,0.3240000009536743,0.656000018119812,local_fine_around_best,93.70438642437018,93.70438642437018
0.0,0.28600001335144043,0.7139999866485596,pair_et_lgbm,93.704481908018,93.704481908018
0.01600000075995922,0.3799999952316284,0.6039999723434448,local_fine_around_best,93.70473483199528,93.70473483199528
0.019999999552965164,0.36000001430511475,0.6200000047683716,three_way_lgbm_focused_coarse,93.70569005593663,93.70569005593663
0.014000000432133675,0.3880000114440918,0.5979999899864197,local_fine_around_best,93.70635318090461,93.70635318090461
0.017999999225139618,0.3720000088214874,0.6100000143051147,local_fine_around_best,93.70678011709238,93.70678011709238
0.019999999552965164,0.32199999690055847,0.6579999923706055,local_fine_around_best,93.7074778428948,93.7074778428948
0.0,0.4269999861717224,0.5730000138282776,pair_et_lgbm,93.70813015732467,93.70813015732467
0.019999999552965164,0.3620000183582306,0.6179999709129333,local_fine_around_best,93.7089267703549,93.7089267703549
0.0,0.2849999964237213,0.7149999737739563,pair_et_lgbm,93.7103668587621,93.7103668587621
0.01600000075995922,0.38199999928474426,0.6019999980926514,local_fine_around_best,93.71081155765408,93.71081155765408
0.019999999552965164,0.3199999928474426,0.6600000262260437,three_way_lgbm_focused_coarse,93.71090003782469,93.71090003782469
0.02199999988079071,0.3400000035762787,0.6380000114440918,local_fine_around_best,93.71135655747096,93.71135655747096
0.02199999988079071,0.34200000762939453,0.6359999775886536,local_fine_around_best,93.71150714750026,93.71150714750026
0.02199999988079071,0.33799999952316284,0.6399999856948853,local_fine_around_best,93.71154108710729,93.71154108710729
0.012000000104308128,0.3959999978542328,0.5920000076293945,local_fine_around_best,93.71163912825322,93.71163912825322
0.017999999225139618,0.37400001287460327,0.6079999804496765,local_fine_around_best,93.71177064351976,93.71177064351976
0.02199999988079071,0.3440000116825104,0.6340000033378601,local_fine_around_best,93.71198825565908,93.71198825565908
0.02199999988079071,0.335999995470047,0.6420000195503235,local_fine_around_best,93.71205666536359,93.71205666536359
0.019999999552965164,0.36399999260902405,0.6159999966621399,local_fine_around_best,93.71249504804321,93.71249504804321
0.02199999988079071,0.3460000157356262,0.6319999694824219,local_fine_around_best,93.71280479867103,93.71280479867103
0.02199999988079071,0.33399999141693115,0.6439999938011169,local_fine_around_best,93.71290713067962,93.71290713067962
0.014000000432133675,0.39000001549720764,0.5960000157356262,local_fine_around_best,93.71351796773241,93.71351796773241
0.02199999988079071,0.34800001978874207,0.6299999952316284,local_fine_around_best,93.71395170917202,93.71395170917202
0.0,0.42800000309944153,0.5720000267028809,pair_et_lgbm,93.71406446849747,93.71406446849747
0.02199999988079071,0.3320000171661377,0.6459999680519104,local_fine_around_best,93.71408932800573,93.71408932800573
0.019999999552965164,0.31800001859664917,0.6620000004768372,local_fine_around_best,93.71465646653732,93.71465646653732
0.02199999988079071,0.3499999940395355,0.628000020980835,local_fine_around_best,93.71543277919524,93.71543277919524
0.02199999988079071,0.33000001311302185,0.6480000019073486,local_fine_around_best,93.71560339040708,93.71560339040708
0.0,0.2840000092983246,0.7160000205039978,pair_et_lgbm,93.71633165013942,93.71633165013942
0.019999999552965164,0.3659999966621399,0.6140000224113464,local_fine_around_best,93.71639482403346,93.71639482403346
0.017999999225139618,0.3760000169277191,0.6060000061988831,local_fine_around_best,93.71709194993747,93.71709194993747
0.01600000075995922,0.3840000033378601,0.5999999642372131,local_fine_around_best,93.71722337923772,93.71722337923772
0.02199999988079071,0.35199999809265137,0.6259999871253967,local_fine_around_best,93.71724806011395,93.71724806011395
0.02199999988079071,0.328000009059906,0.6499999761581421,local_fine_around_best,93.7174529468165,93.7174529468165
0.019999999552965164,0.3160000145435333,0.6639999747276306,local_fine_around_best,93.71874668214434,93.71874668214434
0.02199999988079071,0.3540000021457672,0.6240000128746033,local_fine_around_best,93.71939414013806,93.71939414013806
0.02199999988079071,0.32600000500679016,0.6520000100135803,local_fine_around_best,93.7196327782181,93.7196327782181
0.0,0.42899999022483826,0.5709999799728394,pair_et_lgbm,93.7200854728995,93.7200854728995
0.019999999552965164,0.36800000071525574,0.6119999885559082,local_fine_around_best,93.72063018608073,93.72063018608073
0.014000000432133675,0.3920000195503235,0.593999981880188,local_fine_around_best,93.72101824536341,93.72101824536341
0.02199999988079071,0.35600000619888306,0.621999979019165,local_fine_around_best,93.72187500992008,93.72187500992008
0.02199999988079071,0.3240000009536743,0.6539999842643738,local_fine_around_best,93.72214795230319,93.72214795230319
0.0,0.28299999237060547,0.7170000076293945,pair_et_lgbm,93.72238268538148,93.72238268538148
0.017999999225139618,0.37800002098083496,0.6039999723434448,local_fine_around_best,93.7227482657147,93.7227482657147
0.01600000075995922,0.38600000739097595,0.5979999899864197,local_fine_around_best,93.72396590210236,93.72396590210236
0.02199999988079071,0.3580000102519989,0.6200000047683716,local_fine_around_best,93.72468685759591,93.72468685759591
0.02199999988079071,0.32199999690055847,0.656000018119812,local_fine_around_best,93.72499394885138,93.72499394885138
0.019999999552965164,0.3700000047683716,0.6100000143051147,three_way_lgbm_focused_coarse,93.72519612816352,93.72519612816352
0.0,0.4300000071525574,0.5699999928474426,pair_et_lgbm,93.72618625871327,93.72618625871327
0.02199999988079071,0.36000001430511475,0.6179999709129333,local_fine_around_best,93.72783396762688,93.72783396762688
0.02199999988079071,0.3199999928474426,0.6579999923706055,local_fine_around_best,93.72817480573046,93.72817480573046
0.0,0.28200000524520874,0.7179999947547913,pair_et_lgbm,93.72851601120105,93.72851601120105
0.017999999225139618,0.3799999952316284,0.6019999980926514,local_fine_around_best,93.72873666079823,93.72873666079823
0.014000000432133675,0.39399999380111694,0.5920000076293945,local_fine_around_best,93.72885016689806,93.72885016689806
0.019999999552965164,0.3720000088214874,0.6079999804496765,local_fine_around_best,93.73009732700939,93.73009732700939
0.01600000075995922,0.3880000114440918,0.5960000157356262,local_fine_around_best,93.73104147106207,93.73104147106207
0.024000000208616257,0.33799999952316284,0.6380000114440918,local_fine_around_best,93.73129187086428,93.73129187086428
0.02199999988079071,0.3620000183582306,0.6159999966621399,local_fine_around_best,93.73131156243329,93.73131156243329
0.024000000208616257,0.3400000035762787,0.6359999775886536,local_fine_around_best,93.73135287727146,93.73135287727146
0.024000000208616257,0.335999995470047,0.6399999856948853,local_fine_around_best,93.7315659047545,93.7315659047545
0.02199999988079071,0.31800001859664917,0.6599999666213989,local_fine_around_best,93.73168775376749,93.73168775376749
0.024000000208616257,0.34200000762939453,0.6340000033378601,local_fine_around_best,93.73174470488638,93.73174470488638
0.024000000208616257,0.33399999141693115,0.6420000195503235,local_fine_around_best,93.73217102445338,93.73217102445338
0.0,0.4309999942779541,0.5690000057220459,pair_et_lgbm,93.73237152498692,93.73237152498692
0.024000000208616257,0.3440000116825104,0.6319999694824219,local_fine_around_best,93.73247160334469,93.73247160334469
0.019999999552965164,0.3100000023841858,0.6700000166893005,three_way_lgbm_focused_coarse,93.73301099682426,93.73301099682426
0.024000000208616257,0.3320000171661377,0.6439999938011169,local_fine_around_best,93.73310964946356,93.73310964946356
0.024000000208616257,0.3460000157356262,0.6299999952316284,local_fine_around_best,93.7335291033985,93.7335291033985
0.024000000208616257,0.33000001311302185,0.6459999680519104,local_fine_around_best,93.7343823547211,93.7343823547211
0.0,0.2809999883174896,0.718999981880188,pair_et_lgbm,93.73473400650973,93.73473400650973
0.024000000208616257,0.34800001978874207,0.628000020980835,local_fine_around_best,93.73491950386347,93.73491950386347
0.017999999225139618,0.38199999928474426,0.5999999642372131,local_fine_around_best,93.73505885549433,93.73505885549433
0.02199999988079071,0.36399999260902405,0.6140000224113464,local_fine_around_best,93.73512317918909,93.73512317918909
0.019999999552965164,0.37400001287460327,0.6060000061988831,local_fine_around_best,93.73532889271081,93.73532889271081
0.02199999988079071,0.3160000145435333,0.6620000004768372,local_fine_around_best,93.73553243850081,93.73553243850081
0.024000000208616257,0.328000009059906,0.6480000019073486,local_fine_around_best,93.73598624498538,93.73598624498538
0.024000000208616257,0.3499999940395355,0.6259999871253967,local_fine_around_best,93.73664673798412,93.73664673798412
0.014000000432133675,0.3959999978542328,0.5899999737739563,local_fine_around_best,93.7370162161396,93.7370162161396
0.024000000208616257,0.32600000500679016,0.6499999761581421,local_fine_around_best,93.73792500701165,93.73792500701165
0.009999999776482582,0.28999999165534973,0.699999988079071,three_way_lgbm_focused_coarse,93.73840263426786,93.73840263426786
0.01600000075995922,0.39000001549720764,0.593999981880188,local_fine_around_best,93.73845206371205,93.73845206371205
0.0,0.4320000112056732,0.5680000185966492,pair_et_lgbm,93.73863850627785,93.73863850627785
0.024000000208616257,0.35199999809265137,0.6240000128746033,local_fine_around_best,93.73870309416527,93.73870309416527
0.02199999988079071,0.3659999966621399,0.6119999885559082,local_fine_around_best,93.73926877602487,93.73926877602487
0.024000000208616257,0.3240000009536743,0.6520000100135803,local_fine_around_best,93.74019457417731,93.74019457417731
0.019999999552965164,0.3760000169277191,0.6039999723434448,local_fine_around_best,93.7408958947089,93.7408958947089
0.0,0.2800000011920929,0.7200000286102295,pair_et_lgbm,93.7410317603502,93.7410317603502
0.024000000208616257,0.3540000021457672,0.621999979019165,local_fine_around_best,93.74109469782357,93.74109469782357
0.017999999225139618,0.3840000033378601,0.5979999899864197,local_fine_around_best,93.74171182944492,93.74171182944492
0.024000000208616257,0.32199999690055847,0.6539999842643738,local_fine_around_best,93.7427991514893,93.7427991514893
0.02199999988079071,0.36800000071525574,0.6100000143051147,local_fine_around_best,93.74374536952841,93.74374536952841
0.024000000208616257,0.35600000619888306,0.6200000047683716,local_fine_around_best,93.74381683360508,93.74381683360508
0.0,0.43299999833106995,0.5669999718666077,pair_et_lgbm,93.744992466429,93.744992466429
0.024000000208616257,0.3199999928474426,0.656000018119812,local_fine_around_best,93.74573450569139,93.74573450569139
0.01600000075995922,0.3920000195503235,0.5920000076293945,local_fine_around_best,93.74619330096432,93.74619330096432
0.019999999552965164,0.37800002098083496,0.6019999980926514,local_fine_around_best,93.74679355781284,93.74679355781284
0.024000000208616257,0.3580000102519989,0.6179999709129333,local_fine_around_best,93.74687427539749,93.74687427539749
0.0,0.27900001406669617,0.7210000157356262,pair_et_lgbm,93.74741457617965,93.74741457617965
0.02199999988079071,0.3700000047683716,0.6079999804496765,local_fine_around_best,93.74855722908053,93.74855722908053
0.017999999225139618,0.38600000739097595,0.5960000157356262,local_fine_around_best,93.74869782101132,93.74869782101132
0.024000000208616257,0.31800001859664917,0.6579999923706055,local_fine_around_best,93.74900396206047,93.74900396206047
0.024000000208616257,0.36000001430511475,0.6159999966621399,local_fine_around_best,93.75026244204952,93.75026244204952
0.026000000536441803,0.33799999952316284,0.6359999775886536,local_fine_around_best,93.75133189704074,93.75133189704074
0.026000000536441803,0.335999995470047,0.6380000114440918,local_fine_around_best,93.75136038269683,93.75136038269683
0.0,0.4339999854564667,0.5659999847412109,pair_et_lgbm,93.75142735877729,93.75142735877729
0.026000000536441803,0.3400000035762787,0.6340000033378601,local_fine_around_best,93.75163439707184,93.75163439707184
0.026000000536441803,0.33399999141693115,0.6399999856948853,local_fine_around_best,93.75172413975484,93.75172413975484
0.026000000536441803,0.34200000762939453,0.6319999694824219,local_fine_around_best,93.75227179425467,93.75227179425467
0.026000000536441803,0.3320000171661377,0.6420000195503235,local_fine_around_best,93.75241739112994,93.75241739112994
0.024000000208616257,0.3160000145435333,0.6599999666213989,local_fine_around_best,93.75260750616633,93.75260750616633
0.019999999552965164,0.3799999952316284,0.6000000238418579,three_way_lgbm_focused_coarse,93.75302519584521,93.75302519584521
0.026000000536441803,0.3440000116825104,0.6299999952316284,local_fine_around_best,93.75323984528437,93.75323984528437
0.026000000536441803,0.33000001311302185,0.6439999938011169,local_fine_around_best,93.75344672571025,93.75344672571025
0.02199999988079071,0.3720000088214874,0.6060000061988831,local_fine_around_best,93.75369944778755,93.75369944778755
0.0,0.27799999713897705,0.722000002861023,pair_et_lgbm,93.75388199350263,93.75388199350263
0.024000000208616257,0.3620000183582306,0.6140000224113464,local_fine_around_best,93.75398361395398,93.75398361395398
0.01600000075995922,0.39399999380111694,0.5899999737739563,local_fine_around_best,93.75427096093203,93.75427096093203
0.026000000536441803,0.3460000157356262,0.628000020980835,local_fine_around_best,93.75454086022017,93.75454086022017
0.026000000536441803,0.328000009059906,0.6459999680519104,local_fine_around_best,93.75480904538571,93.75480904538571
0.017999999225139618,0.3880000114440918,0.593999981880188,local_fine_around_best,93.75601884782904,93.75601884782904
0.026000000536441803,0.34800001978874207,0.6259999871253967,local_fine_around_best,93.75617702860984,93.75617702860984
0.026000000536441803,0.32600000500679016,0.6480000019073486,local_fine_around_best,93.75650216169576,93.75650216169576
0.0,0.4350000023841858,0.5649999976158142,pair_et_lgbm,93.75794426362849,93.75794426362849
0.024000000208616257,0.36399999260902405,0.6119999885559082,local_fine_around_best,93.75804082442886,93.75804082442886
0.026000000536441803,0.3499999940395355,0.6240000128746033,local_fine_around_best,93.7581452299474,93.7581452299474
0.026000000536441803,0.3240000009536743,0.6499999761581421,local_fine_around_best,93.75853054150639,93.75853054150639
0.02199999988079071,0.37400001287460327,0.6039999723434448,local_fine_around_best,93.75917682020811,93.75917682020811
0.019999999552965164,0.38199999928474426,0.5979999899864197,local_fine_around_best,93.75959108208826,93.75959108208826
0.0,0.2770000100135803,0.7229999899864197,pair_et_lgbm,93.76043140510595,93.76043140510595
0.026000000536441803,0.35199999809265137,0.621999979019165,local_fine_around_best,93.76044718631019,93.76044718631019
0.026000000536441803,0.32199999690055847,0.6520000100135803,local_fine_around_best,93.76088946503432,93.76088946503432
0.024000000208616257,0.3659999966621399,0.6100000143051147,local_fine_around_best,93.7624279264292,93.7624279264292
0.01600000075995922,0.3959999978542328,0.5879999995231628,local_fine_around_best,93.7626780539369,93.7626780539369
0.026000000536441803,0.3540000021457672,0.6200000047683716,local_fine_around_best,93.76307983682807,93.76307983682807
0.019999999552965164,0.30000001192092896,0.6800000071525574,three_way_lgbm_focused_coarse,93.76344512144111,93.76344512144111
0.026000000536441803,0.3199999928474426,0.6539999842643738,local_fine_around_best,93.7635836203747,93.7635836203747
0.017999999225139618,0.39000001549720764,0.5920000076293945,local_fine_around_best,93.76367085498653,93.76367085498653
0.0,0.4359999895095825,0.5640000104904175,pair_et_lgbm,93.76454548640145,93.76454548640145
0.02199999988079071,0.3760000169277191,0.6019999980926514,local_fine_around_best,93.76498499370516,93.76498499370516
0.026000000536441803,0.35600000619888306,0.6179999709129333,local_fine_around_best,93.76604822140587,93.76604822140587
0.019999999552965164,0.3840000033378601,0.5960000157356262,local_fine_around_best,93.7664873169823,93.7664873169823
0.026000000536441803,0.31800001859664917,0.656000018119812,local_fine_around_best,93.76660743261112,93.76660743261112
0.0,0.2759999930858612,0.7239999771118164,pair_et_lgbm,93.76706545832995,93.76706545832995
0.024000000208616257,0.36800000071525574,0.6079999804496765,local_fine_around_best,93.76715009776898,93.76715009776898
0.026000000536441803,0.3580000102519989,0.6159999966621399,local_fine_around_best,93.76934669959515,93.76934669959515
0.026000000536441803,0.3160000145435333,0.6579999923706055,local_fine_around_best,93.76996731005082,93.76996731005082
0.02199999988079071,0.37800002098083496,0.5999999642372131,local_fine_around_best,93.77112835592244,93.77112835592244
0.0,0.43700000643730164,0.5630000233650208,pair_et_lgbm,93.77122888333331,93.77122888333331
0.02800000086426735,0.335999995470047,0.6359999775886536,local_fine_around_best,93.77144429445359,93.77144429445359
0.02800000086426735,0.33399999141693115,0.6380000114440918,local_fine_around_best,93.7715620879192,93.7715620879192
0.02800000086426735,0.33799999952316284,0.6340000033378601,local_fine_around_best,93.77165700485457,93.77165700485457
0.017999999225139618,0.3920000195503235,0.5899999737739563,local_fine_around_best,93.77165783693519,93.77165783693519
0.02800000086426735,0.3320000171661377,0.6399999856948853,local_fine_around_best,93.77201394068953,93.77201394068953
0.024000000208616257,0.3700000047683716,0.6060000061988831,local_fine_around_best,93.77220285522361,93.77220285522361
0.02800000086426735,0.3400000035762787,0.6319999694824219,local_fine_around_best,93.77220499201829,93.77220499201829
0.02800000086426735,0.33000001311302185,0.6420000195503235,local_fine_around_best,93.77279794254378,93.77279794254378
0.026000000536441803,0.36000001430511475,0.6140000224113464,local_fine_around_best,93.77297827058842,93.77297827058842
0.02800000086426735,0.34200000762939453,0.6299999952316284,local_fine_around_best,93.77308354826481,93.77308354826481
0.019999999552965164,0.38600000739097595,0.593999981880188,local_fine_around_best,93.77371926475259,93.77371926475259
0.0,0.2750000059604645,0.7250000238418579,pair_et_lgbm,93.77377943167345,93.77377943167345
0.02800000086426735,0.328000009059906,0.6439999938011169,local_fine_around_best,93.77391688243304,93.77391688243304
0.02800000086426735,0.3440000116825104,0.628000020980835,local_fine_around_best,93.77429510869189,93.77429510869189
0.02800000086426735,0.32600000500679016,0.6459999680519104,local_fine_around_best,93.7753687644404,93.7753687644404
0.02800000086426735,0.3460000157356262,0.6259999871253967,local_fine_around_best,93.77584186166632,93.77584186166632
0.026000000536441803,0.3620000183582306,0.6119999885559082,local_fine_around_best,93.77694496742888,93.77694496742888
0.02800000086426735,0.3240000009536743,0.6480000019073486,local_fine_around_best,93.77715147654118,93.77715147654118
0.024000000208616257,0.3720000088214874,0.6039999723434448,local_fine_around_best,93.77759097160302,93.77759097160302
0.02199999988079071,0.3799999952316284,0.5979999899864197,local_fine_around_best,93.77760333832511,93.77760333832511
0.02800000086426735,0.34800001978874207,0.6240000128746033,local_fine_around_best,93.77771921295074,93.77771921295074
0.0,0.43799999356269836,0.5619999766349792,pair_et_lgbm,93.77799907010215,93.77799907010215
0.02800000086426735,0.32199999690055847,0.6499999761581421,local_fine_around_best,93.77926925424133,93.77926925424133
0.02800000086426735,0.3499999940395355,0.621999979019165,local_fine_around_best,93.77993302589037,93.77993302589037
0.017999999225139618,0.39399999380111694,0.5879999995231628,local_fine_around_best,93.77997665841293,93.77997665841293
0.0,0.27399998903274536,0.7260000109672546,pair_et_lgbm,93.78058008893652,93.78058008893652
0.026000000536441803,0.36399999260902405,0.6100000143051147,local_fine_around_best,93.78124355542454,93.78124355542454
0.019999999552965164,0.3880000114440918,0.5920000076293945,local_fine_around_best,93.78128160479997,93.78128160479997
0.02800000086426735,0.3199999928474426,0.6520000100135803,local_fine_around_best,93.78171762189373,93.78171762189373
0.02800000086426735,0.35199999809265137,0.6200000047683716,local_fine_around_best,93.78247624983156,93.78247624983156
0.024000000208616257,0.37400001287460327,0.6019999980926514,local_fine_around_best,93.78330948341683,93.78330948341683
0.02199999988079071,0.38199999928474426,0.5960000157356262,local_fine_around_best,93.78441028954336,93.78441028954336
0.02800000086426735,0.31800001859664917,0.6539999842643738,local_fine_around_best,93.78450020596232,93.78450020596232
0.0,0.4390000104904175,0.5609999895095825,pair_et_lgbm,93.78484892863445,93.78484892863445
0.02800000086426735,0.3540000021457672,0.6179999709129333,local_fine_around_best,93.78535495499445,93.78535495499445
0.026000000536441803,0.3659999966621399,0.6079999804496765,local_fine_around_best,93.78587623553993,93.78587623553993
0.0,0.27300000190734863,0.7269999980926514,pair_et_lgbm,93.78746230313757,93.78746230313757
0.02800000086426735,0.3160000145435333,0.656000018119812,local_fine_around_best,93.7876145566356,93.7876145566356
0.02800000086426735,0.35600000619888306,0.6159999966621399,local_fine_around_best,93.78856400096566,93.78856400096566
0.017999999225139618,0.3959999978542328,0.5859999656677246,local_fine_around_best,93.78862955199592,93.78862955199592
0.019999999552965164,0.39000001549720764,0.5899999737739563,local_fine_around_best,93.78917934036544,93.78917934036544
0.024000000208616257,0.3760000169277191,0.5999999642372131,local_fine_around_best,93.78936342085194,93.78936342085194
0.026000000536441803,0.36800000071525574,0.6060000061988831,local_fine_around_best,93.79083962164981,93.79083962164981
0.02199999988079071,0.3840000033378601,0.593999981880188,local_fine_around_best,93.79155260980899,93.79155260980899
0.009999999776482582,0.2800000011920929,0.7099999785423279,three_way_lgbm_focused_coarse,93.79156981836913,93.79156981836913
0.029999999329447746,0.33399999141693115,0.6359999775886536,local_fine_around_best,93.79168973296356,93.79168973296356
0.0,0.4399999976158142,0.5600000023841858,pair_et_lgbm,93.79178330734024,93.79178330734024
0.029999999329447746,0.335999995470047,0.6340000033378601,local_fine_around_best,93.79181316411317,93.79181316411317
0.029999999329447746,0.3320000171661377,0.6380000114440918,local_fine_around_best,93.79189609041606,93.79189609041606
0.02800000086426735,0.3580000102519989,0.6140000224113464,local_fine_around_best,93.79210618581554,93.79210618581554
0.029999999329447746,0.33799999952316284,0.6319999694824219,local_fine_around_best,93.79227163413726,93.79227163413726
0.029999999329447746,0.33000001311302185,0.6399999856948853,three_way_lgbm_focused_coarse,93.79243867399936,93.79243867399936
0.029999999329447746,0.3400000035762787,0.6299999952316284,three_way_lgbm_focused_coarse,93.79306057532722,93.79306057532722
0.029999999329447746,0.328000009059906,0.6420000195503235,local_fine_around_best,93.79331191497548,93.79331191497548
0.029999999329447746,0.34200000762939453,0.628000020980835,local_fine_around_best,93.79418285659746,93.79418285659746
0.0,0.2720000147819519,0.7279999852180481,pair_et_lgbm,93.79442789028955,93.79442789028955
0.029999999329447746,0.32600000500679016,0.6439999938011169,local_fine_around_best,93.79452044686454,93.79452044686454
0.029999999329447746,0.3440000116825104,0.6259999871253967,local_fine_around_best,93.79563991238749,93.79563991238749
0.024000000208616257,0.37800002098083496,0.5979999899864197,local_fine_around_best,93.79574801031782,93.79574801031782
0.02800000086426735,0.36000001430511475,0.6119999885559082,local_fine_around_best,93.79598324502818,93.79598324502818
0.029999999329447746,0.3240000009536743,0.6459999680519104,local_fine_around_best,93.79606173722178,93.79606173722178
0.026000000536441803,0.3700000047683716,0.6039999723434448,local_fine_around_best,93.79613812969428,93.79613812969428
0.019999999552965164,0.3920000195503235,0.5879999995231628,local_fine_around_best,93.79740716800038,93.79740716800038
0.029999999329447746,0.3460000157356262,0.6240000128746033,local_fine_around_best,93.79742800621935,93.79742800621935
0.029999999329447746,0.32199999690055847,0.6480000019073486,local_fine_around_best,93.79793402495325,93.79793402495325
0.0,0.4410000145435333,0.5590000152587891,pair_et_lgbm,93.79879966849785,93.79879966849785
0.02199999988079071,0.38600000739097595,0.5920000076293945,local_fine_around_best,93.79902549131685,93.79902549131685
0.029999999329447746,0.34800001978874207,0.621999979019165,local_fine_around_best,93.79955123914695,93.79955123914695
0.029999999329447746,0.3199999928474426,0.6499999761581421,three_way_lgbm_focused_coarse,93.80014109057254,93.80014109057254
0.02800000086426735,0.3620000183582306,0.6100000143051147,local_fine_around_best,93.8001914064713,93.8001914064713
0.0,0.2709999978542328,0.7289999723434448,pair_et_lgbm,93.80147799362028,93.80147799362028
0.026000000536441803,0.3720000088214874,0.6019999980926514,local_fine_around_best,93.80176743004999,93.80176743004999
0.029999999329447746,0.3499999940395355,0.6200000047683716,three_way_lgbm_focused_coarse,93.80200587089503,93.80200587089503
0.019999999552965164,0.28999999165534973,0.6899999976158142,three_way_lgbm_focused_coarse,93.80220415786897,93.80220415786897
0.024000000208616257,0.3799999952316284,0.5960000157356262,local_fine_around_best,93.80246651555103,93.80246651555103
0.029999999329447746,0.31800001859664917,0.6520000100135803,local_fine_around_best,93.8026777957296,93.8026777957296
0.02800000086426735,0.36399999260902405,0.6079999804496765,local_fine_around_best,93.80473566658,93.80473566658
0.029999999329447746,0.35199999809265137,0.6179999709129333,local_fine_around_best,93.80479502592158,93.80479502592158
0.029999999329447746,0.3160000145435333,0.6539999842643738,local_fine_around_best,93.8055510117307,93.8055510117307
0.0,0.44200000166893005,0.5580000281333923,pair_et_lgbm,93.80590015419834,93.80590015419834
0.019999999552965164,0.39399999380111694,0.5859999656677246,local_fine_around_best,93.80597159669306,93.80597159669306
0.02199999988079071,0.3880000114440918,0.5899999737739563,local_fine_around_best,93.80683362445438,93.80683362445438
0.026000000536441803,0.37400001287460327,0.5999999642372131,local_fine_around_best,93.80773183159587,93.80773183159587
0.029999999329447746,0.3540000021457672,0.6159999966621399,local_fine_around_best,93.80791472259419,93.80791472259419
0.0,0.27000001072883606,0.7300000190734863,pair_et_lgbm,93.80860810951442,93.80860810951442
0.024000000208616257,0.38199999928474426,0.593999981880188,local_fine_around_best,93.80951901419998,93.80951901419998
0.02800000086426735,0.3659999966621399,0.6060000061988831,local_fine_around_best,93.80960941767317,93.80960941767317
0.029999999329447746,0.35600000619888306,0.6140000224113464,local_fine_around_best,93.81136721131524,93.81136721131524
0.03200000151991844,0.3320000171661377,0.6359999775886536,local_fine_around_best,93.81206728902093,93.81206728902093
0.03200000151991844,0.33399999141693115,0.6340000033378601,local_fine_around_best,93.81210216079256,93.81210216079256
0.03200000151991844,0.33000001311302185,0.6380000114440918,local_fine_around_best,93.812363955476,93.812363955476
0.03200000151991844,0.335999995470047,0.6319999694824219,local_fine_around_best,93.81247099943725,93.81247099943725
0.03200000151991844,0.328000009059906,0.6399999856948853,local_fine_around_best,93.81299628857437,93.81299628857437
0.0,0.4429999887943268,0.5569999814033508,pair_et_lgbm,93.81308654419298,93.81308654419298
0.03200000151991844,0.33799999952316284,0.6299999952316284,local_fine_around_best,93.81317077419102,93.81317077419102
0.03200000151991844,0.32600000500679016,0.6420000195503235,local_fine_around_best,93.81395885958081,93.8139588595808
0.026000000536441803,0.3760000169277191,0.5979999899864197,local_fine_around_best,93.81402670679898,93.81402670679898
0.03200000151991844,0.3400000035762787,0.628000020980835,local_fine_around_best,93.8142032288107,93.8142032288107
0.02800000086426735,0.36800000071525574,0.6039999723434448,local_fine_around_best,93.81481858197675,93.81481858197675
0.019999999552965164,0.3959999978542328,0.5839999914169312,local_fine_around_best,93.81486579493601,93.81486579493601
0.02199999988079071,0.39000001549720764,0.5879999995231628,local_fine_around_best,93.81497209333162,93.81497209333162
0.029999999329447746,0.3580000102519989,0.6119999885559082,local_fine_around_best,93.81515491055065,93.81515491055065
0.03200000151991844,0.3240000009536743,0.6439999938011169,local_fine_around_best,93.81525687296705,93.81525687296705
0.03200000151991844,0.34200000762939453,0.6259999871253967,local_fine_around_best,93.81557133652976,93.81557133652976
0.0,0.26899999380111694,0.7310000061988831,pair_et_lgbm,93.8158247195519,93.8158247195519
0.029999999329447746,0.3100000023841858,0.6600000262260437,three_way_lgbm_focused_coarse,93.81616348687366,93.81616348687366
0.03200000151991844,0.32199999690055847,0.6459999680519104,local_fine_around_best,93.81688788605855,93.81688788605855
0.024000000208616257,0.3840000033378601,0.5920000076293945,local_fine_around_best,93.81690261098653,93.81690261098653
0.03200000151991844,0.3440000116825104,0.6240000128746033,local_fine_around_best,93.81726961698325,93.81726961698325
0.03200000151991844,0.3199999928474426,0.6480000019073486,local_fine_around_best,93.81884953616928,93.81884953616928
0.029999999329447746,0.36000001430511475,0.6100000143051147,three_way_lgbm_focused_coarse,93.8192736140689,93.8192736140689
0.03200000151991844,0.3460000157356262,0.621999979019165,local_fine_around_best,93.81930326023794,93.81930326023794
0.0,0.4440000057220459,0.5559999942779541,pair_et_lgbm,93.82035270736972,93.82035270736972
0.02800000086426735,0.3700000047683716,0.6019999980926514,local_fine_around_best,93.82035810766385,93.82035810766385
0.026000000536441803,0.37800002098083496,0.5960000157356262,local_fine_around_best,93.82065462190324,93.82065462190324
0.03200000151991844,0.31800001859664917,0.6499999761581421,local_fine_around_best,93.82114495459109,93.82114495459109
0.03200000151991844,0.34800001978874207,0.6200000047683716,local_fine_around_best,93.82166743547717,93.82166743547717
0.0,0.2680000066757202,0.7319999933242798,pair_et_lgbm,93.82312323024611,93.82312323024611
0.02199999988079071,0.3920000195503235,0.5859999656677246,local_fine_around_best,93.82344607464385,93.82344607464385
0.029999999329447746,0.3620000183582306,0.6079999804496765,local_fine_around_best,93.82372732955507,93.82372732955507
0.03200000151991844,0.3160000145435333,0.6520000100135803,local_fine_around_best,93.82377241121004,93.82377241121004
0.03200000151991844,0.3499999940395355,0.6179999709129333,local_fine_around_best,93.82436813550856,93.82436813550856
0.024000000208616257,0.38600000739097595,0.5899999737739563,local_fine_around_best,93.82462129632077,93.82462129632077
0.02800000086426735,0.3720000088214874,0.5999999642372131,local_fine_around_best,93.82623320487832,93.82623320487832
0.03200000151991844,0.35199999809265137,0.6159999966621399,local_fine_around_best,93.82739822206604,93.82739822206604
0.026000000536441803,0.3799999952316284,0.593999981880188,local_fine_around_best,93.82761906534327,93.82761906534327
0.0,0.4449999928474426,0.5550000071525574,pair_et_lgbm,93.8277031162629,93.8277031162629
0.029999999329447746,0.36399999260902405,0.6060000061988831,local_fine_around_best,93.82851263358889,93.82851263358889
0.0,0.2669999897480011,0.7329999804496765,pair_et_lgbm,93.83050625451519,93.83050625451519
0.03200000151991844,0.3540000021457672,0.6140000224113464,local_fine_around_best,93.83076139609929,93.83076139609929
0.02199999988079071,0.39399999380111694,0.5839999914169312,local_fine_around_best,93.83225184585136,93.83225184585136
0.02800000086426735,0.37400001287460327,0.5979999899864197,local_fine_around_best,93.83243874838911,93.83243874838911
0.03400000184774399,0.3320000171661377,0.6340000033378601,local_fine_around_best,93.83252347874185,93.83252347874185
0.03400000184774399,0.33000001311302185,0.6359999775886536,local_fine_around_best,93.83257922658063,93.83257922658063
0.024000000208616257,0.3880000114440918,0.5879999995231628,local_fine_around_best,93.83267030102526,93.83267030102526
0.03400000184774399,0.33399999141693115,0.6319999694824219,local_fine_around_best,93.83280408213537,93.83280408213537
0.03400000184774399,0.328000009059906,0.6380000114440918,local_fine_around_best,93.83296543393128,93.83296543393128
0.03400000184774399,0.335999995470047,0.6299999952316284,local_fine_around_best,93.83341413327227,93.83341413327227
0.029999999329447746,0.3659999966621399,0.6039999723434448,local_fine_around_best,93.833632324392,93.833632324392
0.03400000184774399,0.32600000500679016,0.6399999856948853,local_fine_around_best,93.83368691203256,93.83368691203256
0.03400000184774399,0.33799999952316284,0.628000020980835,local_fine_around_best,93.83435714479155,93.83435714479155
0.03200000151991844,0.35600000619888306,0.6119999885559082,local_fine_around_best,93.8344598209412,93.8344598209412
0.03400000184774399,0.3240000009536743,0.6420000195503235,local_fine_around_best,93.83473928313164,93.83473928313164
0.026000000536441803,0.38199999928474426,0.5920000076293945,local_fine_around_best,93.83491298883997,93.83491298883997
0.0,0.44600000977516174,0.5540000200271606,pair_et_lgbm,93.83513551106255,93.83513551106255
0.03400000184774399,0.3400000035762787,0.6259999871253967,local_fine_around_best,93.83563538243844,93.83563538243844
0.03400000184774399,0.32199999690055847,0.6439999938011169,local_fine_around_best,93.83612670702722,93.83612670702722
0.03400000184774399,0.34200000762939453,0.6240000128746033,local_fine_around_best,93.83724448766127,93.83724448766127
0.03400000184774399,0.3199999928474426,0.6459999680519104,local_fine_around_best,93.8378470462975,93.8378470462975
0.0,0.26600000262260437,0.734000027179718,pair_et_lgbm,93.83796950067111,93.83796950067111
0.03200000151991844,0.3580000102519989,0.6100000143051147,local_fine_around_best,93.83848882035124,93.83848882035124
0.02800000086426735,0.3760000169277191,0.5960000157356262,local_fine_around_best,93.838977143874,93.838977143874
0.029999999329447746,0.36800000071525574,0.6019999980926514,local_fine_around_best,93.83908244159254,93.83908244159254
0.03400000184774399,0.3440000116825104,0.621999979019165,local_fine_around_best,93.83918849204247,93.83918849204247
0.03400000184774399,0.31800001859664917,0.6480000019073486,local_fine_around_best,93.8398970061296,93.8398970061296
0.029999999329447746,0.30000001192092896,0.6700000166893005,three_way_lgbm_focused_coarse,93.84051168955438,93.84051168955438
0.024000000208616257,0.39000001549720764,0.5859999656677246,local_fine_around_best,93.84105471181965,93.84105471181965
0.02199999988079071,0.3959999978542328,0.5820000171661377,local_fine_around_best,93.84138943089269,93.84138943089269
0.03400000184774399,0.3460000157356262,0.6200000047683716,local_fine_around_best,93.84146339378472,93.84146339378472
0.03400000184774399,0.3160000145435333,0.6499999761581421,local_fine_around_best,93.84228329320129,93.84228329320129
0.026000000536441803,0.3840000033378601,0.5899999737739563,local_fine_around_best,93.84254207064383,93.84254207064383
0.0,0.44699999690055847,0.5529999732971191,pair_et_lgbm,93.84265487703307,93.84265487703307
0.03200000151991844,0.36000001430511475,0.6079999804496765,local_fine_around_best,93.8428531398153,93.8428531398153
0.03400000184774399,0.34800001978874207,0.6179999709129333,local_fine_around_best,93.84407350923357,93.84407350923357
0.029999999329447746,0.3700000047683716,0.6000000238418579,three_way_lgbm_focused_coarse,93.84486552184755,93.84486552184755
0.0,0.26499998569488525,0.7350000143051147,pair_et_lgbm,93.84551878186384,93.84551878186384
0.02800000086426735,0.37800002098083496,0.593999981880188,local_fine_around_best,93.84585096339741,93.84585096339741
0.03400000184774399,0.3499999940395355,0.6159999966621399,local_fine_around_best,93.84701511983346,93.84701511983346
0.03200000151991844,0.3620000183582306,0.6060000061988831,local_fine_around_best,93.84754775948737,93.84754775948737
0.019999999552965164,0.2800000011920929,0.699999988079071,three_way_lgbm_focused_coarse,93.84928502906561,93.84928502906561
0.024000000208616257,0.3920000195503235,0.5839999914169312,local_fine_around_best,93.84976980309929,93.84976980309929
0.0,0.4480000138282776,0.5519999861717224,pair_et_lgbm,93.8502537290117,93.8502537290117
0.03400000184774399,0.35199999809265137,0.6140000224113464,local_fine_around_best,93.8502888972517,93.8502888972517
0.026000000536441803,0.38600000739097595,0.5879999995231628,local_fine_around_best,93.85050158447795,93.85050158447795
0.029999999329447746,0.3720000088214874,0.5979999899864197,local_fine_around_best,93.85098411414599,93.85098411414599
0.03200000151991844,0.36399999260902405,0.6039999723434448,local_fine_around_best,93.85257910052063,93.85257910052063
0.02800000086426735,0.3799999952316284,0.5920000076293945,local_fine_around_best,93.85305634358343,93.85305634358343
0.009999999776482582,0.27000001072883606,0.7200000286102295,three_way_lgbm_focused_coarse,93.85305810912475,93.85305810912475
0.035999998450279236,0.33000001311302185,0.6340000033378601,local_fine_around_best,93.85307904185923,93.85307904185923
0.0,0.2639999985694885,0.7360000014305115,pair_et_lgbm,93.8531504577136,93.8531504577136
0.035999998450279236,0.328000009059906,0.6359999775886536,local_fine_around_best,93.85322433037796,93.85322433037796
0.035999998450279236,0.3320000171661377,0.6319999694824219,local_fine_around_best,93.85326915896967,93.85326915896967
0.035999998450279236,0.32600000500679016,0.6380000114440918,local_fine_around_best,93.85370011728295,93.85370011728295
0.035999998450279236,0.33399999141693115,0.6299999952316284,local_fine_around_best,93.85379089849246,93.85379089849246
0.03400000184774399,0.3540000021457672,0.6119999885559082,local_fine_around_best,93.85389771025544,93.85389771025544
0.035999998450279236,0.3240000009536743,0.6399999856948853,local_fine_around_best,93.85451114101161,93.85451114101161
0.035999998450279236,0.335999995470047,0.628000020980835,local_fine_around_best,93.85464449916074,93.85464449916074
0.035999998450279236,0.32199999690055847,0.6420000195503235,local_fine_around_best,93.85565298745368,93.85565298745368
0.035999998450279236,0.33799999952316284,0.6259999871253967,local_fine_around_best,93.85583323077095,93.85583323077095
0.035999998450279236,0.3199999928474426,0.6439999938011169,local_fine_around_best,93.8571297849554,93.8571297849554
0.035999998450279236,0.3400000035762787,0.6240000128746033,local_fine_around_best,93.85735267834926,93.85735267834926
0.029999999329447746,0.37400001287460327,0.5960000157356262,local_fine_around_best,93.8574329320697,93.8574329320697
0.03400000184774399,0.35600000619888306,0.6100000143051147,local_fine_around_best,93.85783736073796,93.85783736073796
0.0,0.4490000009536743,0.5509999990463257,pair_et_lgbm,93.85793703780729,93.85793703780729
0.03200000151991844,0.3659999966621399,0.6019999980926514,local_fine_around_best,93.857939758154,93.857939758154
0.026000000536441803,0.3880000114440918,0.5859999656677246,local_fine_around_best,93.85879660555486,93.85879660555486
0.024000000208616257,0.39399999380111694,0.5820000171661377,local_fine_around_best,93.85881892846754,93.85881892846754
0.035999998450279236,0.31800001859664917,0.6459999680519104,local_fine_around_best,93.85893852394024,93.85893852394024
0.035999998450279236,0.34200000762939453,0.621999979019165,local_fine_around_best,93.85920750624327,93.85920750624327
0.02800000086426735,0.38199999928474426,0.5899999737739563,local_fine_around_best,93.86059613194054,93.86059613194054
0.0,0.2630000114440918,0.7369999885559082,pair_et_lgbm,93.8608652318656,93.8608652318656
0.035999998450279236,0.3160000145435333,0.6480000019073486,local_fine_around_best,93.86107923760113,93.86107923760113
0.035999998450279236,0.3440000116825104,0.6200000047683716,local_fine_around_best,93.86139261136906,93.86139261136906
0.03400000184774399,0.3580000102519989,0.6079999804496765,local_fine_around_best,93.86211197046588,93.86211197046588
0.03200000151991844,0.36800000071525574,0.5999999642372131,local_fine_around_best,93.86363568909483,93.86363568909483
0.035999998450279236,0.3460000157356262,0.6179999709129333,local_fine_around_best,93.86391330626473,93.86391330626473
0.029999999329447746,0.3760000169277191,0.593999981880188,local_fine_around_best,93.8642170034446,93.8642170034446
0.0,0.44999998807907104,0.550000011920929,pair_et_lgbm,93.86570356387485,93.86570356387485
0.03400000184774399,0.36000001430511475,0.6060000061988831,local_fine_around_best,93.86671746070195,93.86671746070195
0.035999998450279236,0.34800001978874207,0.6159999966621399,local_fine_around_best,93.86676462711762,93.86676462711762
0.026000000536441803,0.39000001549720764,0.5839999914169312,local_fine_around_best,93.86742214440855,93.86742214440855
0.024000000208616257,0.3959999978542328,0.5799999833106995,local_fine_around_best,93.86820231580032,93.86820231580032
0.02800000086426735,0.3840000033378601,0.5879999995231628,local_fine_around_best,93.86846608605248,93.86846608605248
0.0,0.2619999945163727,0.7379999756813049,pair_et_lgbm,93.86866428884836,93.86866428884836
0.03200000151991844,0.3700000047683716,0.5979999899864197,local_fine_around_best,93.8696622021737,93.8696622021737
0.035999998450279236,0.3499999940395355,0.6140000224113464,local_fine_around_best,93.86994965060421,93.86994965060421
0.029999999329447746,0.37800002098083496,0.5920000076293945,local_fine_around_best,93.87133214362188,93.87133214362188
0.03400000184774399,0.3620000183582306,0.6039999723434448,local_fine_around_best,93.87165794210532,93.87165794210532
0.029999999329447746,0.28999999165534973,0.6800000071525574,three_way_lgbm_focused_coarse,93.8731842872356,93.8731842872356
0.035999998450279236,0.35199999809265137,0.6119999885559082,local_fine_around_best,93.87346900779634,93.87346900779634
0.0,0.45100000500679016,0.5490000247955322,pair_et_lgbm,93.87355229416457,93.87355229416457
0.03799999877810478,0.328000009059906,0.6340000033378601,local_fine_around_best,93.87376778591913,93.87376778591913
0.03799999877810478,0.33000001311302185,0.6319999694824219,local_fine_around_best,93.8738684768811,93.8738684768811
0.03799999877810478,0.32600000500679016,0.6359999775886536,local_fine_around_best,93.87400257608684,93.87400257608684
0.03799999877810478,0.3320000171661377,0.6299999952316284,local_fine_around_best,93.87429948721633,93.87429948721633
0.03799999877810478,0.3240000009536743,0.6380000114440918,local_fine_around_best,93.87456784579315,93.87456784579315
0.03799999877810478,0.33399999141693115,0.628000020980835,local_fine_around_best,93.87506489642928,93.87506489642928
0.03799999877810478,0.32199999690055847,0.6399999856948853,local_fine_around_best,93.87546858778198,93.87546858778198
0.03200000151991844,0.3720000088214874,0.5960000157356262,local_fine_around_best,93.8760217797957,93.8760217797957
0.03799999877810478,0.335999995470047,0.6259999871253967,local_fine_around_best,93.87616420448309,93.87616420448309
0.026000000536441803,0.3920000195503235,0.5820000171661377,local_fine_around_best,93.87638075191634,93.87638075191634
0.0,0.26100000739097595,0.7390000224113464,pair_et_lgbm,93.87654388040751,93.87654388040751
0.02800000086426735,0.38600000739097595,0.5859999656677246,local_fine_around_best,93.87667175278844,93.87667175278844
0.03799999877810478,0.3199999928474426,0.6420000195503235,local_fine_around_best,93.87669979267393,93.87669979267393
0.03400000184774399,0.36399999260902405,0.6019999980926514,local_fine_around_best,93.87693021910223,93.87693021910223
0.035999998450279236,0.3540000021457672,0.6100000143051147,local_fine_around_best,93.87731919626131,93.87731919626131
0.03799999877810478,0.33799999952316284,0.6240000128746033,local_fine_around_best,93.87759403764753,93.87759403764753
0.03799999877810478,0.31800001859664917,0.6439999938011169,local_fine_around_best,93.87826491811401,93.87826491811401
0.029999999329447746,0.3799999952316284,0.5899999737739563,local_fine_around_best,93.87878345380516,93.87878345380516
0.03799999877810478,0.3400000035762787,0.621999979019165,local_fine_around_best,93.87935931809128,93.87935931809128
0.03799999877810478,0.3160000145435333,0.6459999680519104,local_fine_around_best,93.88016416609788,93.88016416609788
0.03799999877810478,0.34200000762939453,0.6200000047683716,local_fine_around_best,93.88145516440088,93.88145516440088
0.0,0.4519999921321869,0.5479999780654907,pair_et_lgbm,93.88148775830668,93.88148775830668
0.035999998450279236,0.35600000619888306,0.6079999804496765,local_fine_around_best,93.88150453429564,93.88150453429564
0.03400000184774399,0.3659999966621399,0.5999999642372131,local_fine_around_best,93.88253668584929,93.88253668584929
0.03200000151991844,0.37400001287460327,0.593999981880188,local_fine_around_best,93.8827165689907,93.8827165689907
0.03799999877810478,0.3440000116825104,0.6179999709129333,local_fine_around_best,93.8838861597144,93.8838861597144
0.0,0.25999999046325684,0.7400000095367432,pair_et_lgbm,93.88450939625065,93.88450939625065
0.02800000086426735,0.3880000114440918,0.5839999914169312,local_fine_around_best,93.88520782033517,93.88520782033517
0.026000000536441803,0.39399999380111694,0.5799999833106995,local_fine_around_best,93.88567571303088,93.88567571303088
0.035999998450279236,0.3580000102519989,0.6060000061988831,local_fine_around_best,93.88602009561572,93.88602009561572
0.029999999329447746,0.38199999928474426,0.5879999995231628,local_fine_around_best,93.88656395393818,93.88656395393818
0.03799999877810478,0.3460000157356262,0.6159999966621399,local_fine_around_best,93.88664793701716,93.88664793701716
0.03400000184774399,0.36800000071525574,0.5979999899864197,local_fine_around_best,93.88847388338664,93.88847388338664
0.0,0.453000009059906,0.546999990940094,pair_et_lgbm,93.8895026637486,93.8895026637486
0.03200000151991844,0.3760000169277191,0.5920000076293945,local_fine_around_best,93.88974204399506,93.88974204399506
0.03799999877810478,0.34800001978874207,0.6140000224113464,local_fine_around_best,93.88974259876414,93.88974259876414
0.035999998450279236,0.36000001430511475,0.6039999723434448,local_fine_around_best,93.89087133152871,93.89087133152871
0.0,0.2590000033378601,0.7409999966621399,pair_et_lgbm,93.89255697085166,93.89255697085166
0.03799999877810478,0.3499999940395355,0.6119999885559082,local_fine_around_best,93.89317343969759,93.89317343969759
0.02800000086426735,0.39000001549720764,0.5820000171661377,local_fine_around_best,93.89407679510335,93.89407679510335
0.03999999910593033,0.32600000500679016,0.6340000033378601,local_fine_around_best,93.89458967729749,93.89458967729749
0.03999999910593033,0.328000009059906,0.6319999694824219,local_fine_around_best,93.89460071855136,93.89460071855136
0.029999999329447746,0.3840000033378601,0.5859999656677246,local_fine_around_best,93.89467995323213,93.89467995323213
0.03400000184774399,0.3700000047683716,0.5960000157356262,local_fine_around_best,93.89474359181243,93.89474359181243
0.03999999910593033,0.3240000009536743,0.6359999775886536,local_fine_around_best,93.89491405835506,93.89491405835506
0.03999999910593033,0.33000001311302185,0.6299999952316284,three_way_lgbm_focused_coarse,93.89494243029354,93.89494243029354
0.026000000536441803,0.3959999978542328,0.578000009059906,local_fine_around_best,93.8952999066952,93.8952999066952
0.03999999910593033,0.32199999690055847,0.6380000114440918,local_fine_around_best,93.89556886114093,93.89556886114093
0.03999999910593033,0.3320000171661377,0.628000020980835,local_fine_around_best,93.8956171324786,93.8956171324786
0.035999998450279236,0.3620000183582306,0.6019999980926514,local_fine_around_best,93.89605305100743,93.89605305100743
0.03999999910593033,0.3199999928474426,0.6399999856948853,three_way_lgbm_focused_coarse,93.8965589144314,93.8965589144314
0.03999999910593033,0.33399999141693115,0.6259999871253967,local_fine_around_best,93.89662796855748,93.89662796855748
0.03799999877810478,0.35199999809265137,0.6100000143051147,local_fine_around_best,93.89693411490988,93.89693411490988
0.03200000151991844,0.37800002098083496,0.5899999737739563,local_fine_around_best,93.8971026032117,93.8971026032117
0.0,0.45399999618530273,0.5460000038146973,pair_et_lgbm,93.89760251748073,93.89760251748073
0.03999999910593033,0.31800001859664917,0.6420000195503235,local_fine_around_best,93.89787841822017,93.89787841822017
0.03999999910593033,0.335999995470047,0.6240000128746033,local_fine_around_best,93.89796846899138,93.89796846899138
0.03999999910593033,0.3160000145435333,0.6439999938011169,local_fine_around_best,93.89953455516894,93.89953455516894
0.03999999910593033,0.33799999952316284,0.621999979019165,local_fine_around_best,93.89964434114405,93.89964434114405
0.0,0.257999986410141,0.7419999837875366,pair_et_lgbm,93.90068913544444,93.90068913544444
0.03799999877810478,0.3540000021457672,0.6079999804496765,local_fine_around_best,93.90102987033583,93.90102987033583
0.03400000184774399,0.3720000088214874,0.593999981880188,local_fine_around_best,93.90134895734026,93.90134895734026
0.035999998450279236,0.36399999260902405,0.5999999642372131,local_fine_around_best,93.9015711605805,93.9015711605805
0.03999999910593033,0.3400000035762787,0.6200000047683716,three_way_lgbm_focused_coarse,93.90165064039067,93.90165064039067
0.029999999329447746,0.38600000739097595,0.5839999914169312,local_fine_around_best,93.90312671627873,93.90312671627873
0.02800000086426735,0.3920000195503235,0.5799999833106995,local_fine_around_best,93.90328108557448,93.90328108557448
0.03999999910593033,0.34200000762939453,0.6179999709129333,local_fine_around_best,93.90399232734484,93.90399232734484
0.019999999552965164,0.27000001072883606,0.7099999785423279,three_way_lgbm_focused_coarse,93.90468908123836,93.90468908123836
0.03200000151991844,0.3799999952316284,0.5879999995231628,local_fine_around_best,93.9047949050079,93.9047949050079
0.03799999877810478,0.35600000619888306,0.6060000061988831,local_fine_around_best,93.90545620476755,93.90545620476755
0.0,0.45500001311302185,0.5450000166893005,pair_et_lgbm,93.90578386998793,93.90578386998793
0.03999999910593033,0.3100000023841858,0.6499999761581421,three_way_lgbm_focused_coarse,93.90649746764794,93.90649746764794
0.03999999910593033,0.3440000116825104,0.6159999966621399,local_fine_around_best,93.90666440534771,93.90666440534771
0.035999998450279236,0.3659999966621399,0.5979999899864197,local_fine_around_best,93.90741866347321,93.90741866347321
0.03400000184774399,0.37400001287460327,0.5920000076293945,local_fine_around_best,93.90828516728139,93.90828516728139
0.0,0.25699999928474426,0.7429999709129333,pair_et_lgbm,93.908903064451,93.908903064451
0.03999999910593033,0.3460000157356262,0.6140000224113464,local_fine_around_best,93.9096696003799,93.9096696003799
0.03799999877810478,0.3580000102519989,0.6039999723434448,local_fine_around_best,93.91021784996016,93.91021784996016
0.029999999329447746,0.3880000114440918,0.5820000171661377,local_fine_around_best,93.9119061776219,93.9119061776219
0.02800000086426735,0.39399999380111694,0.578000009059906,local_fine_around_best,93.91281702855633,93.91281702855633
0.03200000151991844,0.38199999928474426,0.5859999656677246,local_fine_around_best,93.91282131474343,93.91282131474343
0.03999999910593033,0.34800001978874207,0.6119999885559082,local_fine_around_best,93.91300987045504,93.91300987045504
0.035999998450279236,0.36800000071525574,0.5960000157356262,local_fine_around_best,93.91359916698619,93.91359916698619
0.0,0.4560000002384186,0.5440000295639038,pair_et_lgbm,93.9140498248447,93.9140498248447
0.029999999329447746,0.2800000011920929,0.6899999976158142,three_way_lgbm_focused_coarse,93.91417906090183,93.91417906090183
0.03799999877810478,0.36000001430511475,0.6019999980926514,local_fine_around_best,93.91530999753567,93.91530999753567
0.03400000184774399,0.3760000169277191,0.5899999737739563,local_fine_around_best,93.9155563409471,93.9155563409471
0.03999999910593033,0.3499999940395355,0.6100000143051147,three_way_lgbm_focused_coarse,93.91668211788213,93.91668211788213
0.0,0.25600001215934753,0.7440000176429749,pair_et_lgbm,93.91719881539285,93.91719881539285
0.035999998450279236,0.3700000047683716,0.593999981880188,local_fine_around_best,93.92011504734465,93.92011504734465
0.03999999910593033,0.35199999809265137,0.6079999804496765,local_fine_around_best,93.92068843625741,93.92068843625741
0.03799999877810478,0.3620000183582306,0.5999999642372131,local_fine_around_best,93.92073753420243,93.92073753420243
0.029999999329447746,0.39000001549720764,0.5799999833106995,local_fine_around_best,93.92102098480852,93.92102098480852
0.03200000151991844,0.3840000033378601,0.5839999914169312,local_fine_around_best,93.92117849289568,93.92117849289568
0.0,0.4569999873638153,0.5429999828338623,pair_et_lgbm,93.92240140790581,93.92240140790581
0.02800000086426735,0.3959999978542328,0.5759999752044678,local_fine_around_best,93.92268727322724,93.92268727322724
0.009999999776482582,0.25999999046325684,0.7300000190734863,three_way_lgbm_focused_coarse,93.92287324853837,93.92287324853837
0.03400000184774399,0.37800002098083496,0.5879999995231628,local_fine_around_best,93.92315798848198,93.92315798848198
0.03999999910593033,0.30000001192092896,0.6600000262260437,three_way_lgbm_focused_coarse,93.9247569571071,93.9247569571071
0.03999999910593033,0.3540000021457672,0.6060000061988831,local_fine_around_best,93.9250254238114,93.9250254238114
0.0,0.2549999952316284,0.7450000047683716,pair_et_lgbm,93.92558057370037,93.92558057370037
0.03799999877810478,0.36399999260902405,0.5979999899864197,local_fine_around_best,93.92649698760566,93.92649698760566
0.035999998450279236,0.3720000088214874,0.5920000076293945,local_fine_around_best,93.92696156669392,93.92696156669392
0.03999999910593033,0.35600000619888306,0.6039999723434448,local_fine_around_best,93.92969750476777,93.92969750476777
0.03200000151991844,0.38600000739097595,0.5820000171661377,local_fine_around_best,93.9298685015555,93.9298685015555
0.029999999329447746,0.3920000195503235,0.578000009059906,local_fine_around_best,93.93046632751492,93.93046632751492
0.0,0.4580000042915344,0.5419999957084656,pair_et_lgbm,93.93083277968861,93.93083277968861
0.03400000184774399,0.3799999952316284,0.5859999656677246,local_fine_around_best,93.93109599134115,93.93109599134115
0.03799999877810478,0.3659999966621399,0.5960000157356262,local_fine_around_best,93.93258776470869,93.93258776470869
0.0,0.2540000081062317,0.7459999918937683,pair_et_lgbm,93.93404430538833,93.93404430538833
0.035999998450279236,0.37400001287460327,0.5899999737739563,local_fine_around_best,93.93414325486634,93.93414325486634
0.03999999910593033,0.3580000102519989,0.6019999980926514,local_fine_around_best,93.93470022622662,93.93470022622662
0.03200000151991844,0.3880000114440918,0.5799999833106995,local_fine_around_best,93.9388941739624,93.9388941739624
0.03799999877810478,0.36800000071525574,0.593999981880188,local_fine_around_best,93.93901414020792,93.93901414020792
0.0,0.45899999141693115,0.5410000085830688,pair_et_lgbm,93.93934845813716,93.93934845813716
0.03400000184774399,0.38199999928474426,0.5839999914169312,local_fine_around_best,93.9393637392027,93.9393637392027
0.03999999910593033,0.36000001430511475,0.6000000238418579,three_way_lgbm_focused_coarse,93.9400357723934,93.9400357723934
0.029999999329447746,0.39399999380111694,0.5759999752044678,local_fine_around_best,93.94024819522387,93.94024819522387
0.035999998450279236,0.3760000169277191,0.5879999995231628,local_fine_around_best,93.9416553714736,93.9416553714736
0.0,0.2529999911785126,0.746999979019165,pair_et_lgbm,93.94259263429127,93.94259263429127
0.03999999910593033,0.3620000183582306,0.5979999899864197,local_fine_around_best,93.94570684508672,93.94570684508672
0.03799999877810478,0.3700000047683716,0.5920000076293945,local_fine_around_best,93.94577099391157,93.94577099391157
0.0,0.46000000834465027,0.5400000214576721,pair_et_lgbm,93.94794613410687,93.94794613410687
0.03400000184774399,0.3840000033378601,0.5820000171661377,local_fine_around_best,93.94796417183532,93.94796417183532
0.03200000151991844,0.39000001549720764,0.578000009059906,local_fine_around_best,93.94824967004953,93.94824967004953
0.035999998450279236,0.37800002098083496,0.5859999656677246,local_fine_around_best,93.94950297363813,93.94950297363813
0.029999999329447746,0.3959999978542328,0.5740000009536743,local_fine_around_best,93.95035924509263,93.95035924509263
0.0,0.25200000405311584,0.7480000257492065,pair_et_lgbm,93.95122117146722,93.95122117146722
0.03999999910593033,0.28999999165534973,0.6700000166893005,three_way_lgbm_focused_coarse,93.95134369710686,93.95134369710686
0.03999999910593033,0.36399999260902405,0.5960000157356262,local_fine_around_best,93.95170944309888,93.95170944309888
0.03799999877810478,0.3720000088214874,0.5899999737739563,local_fine_around_best,93.95286325625801,93.95286325625801
0.0,0.460999995470047,0.5389999747276306,pair_et_lgbm,93.95663088876582,93.95663088876582
0.03400000184774399,0.38600000739097595,0.5799999833106995,local_fine_around_best,93.95690010376627,93.95690010376627
0.035999998450279236,0.3799999952316284,0.5839999914169312,local_fine_around_best,93.95768209802272,93.95768209802272
0.03200000151991844,0.3920000195503235,0.5759999752044678,local_fine_around_best,93.95794086991076,93.95794086991076
0.03999999910593033,0.3659999966621399,0.593999981880188,local_fine_around_best,93.95804636094952,93.95804636094952
0.0,0.25099998712539673,0.7490000128746033,pair_et_lgbm,93.95993582701989,93.95993582701989
0.03799999877810478,0.37400001287460327,0.5879999995231628,local_fine_around_best,93.96028595233888,93.96028595233888
0.029999999329447746,0.27000001072883606,0.699999988079071,three_way_lgbm_focused_coarse,93.96349699714192,93.96349699714192
0.03999999910593033,0.36800000071525574,0.5920000076293945,local_fine_around_best,93.96471381648614,93.96471381648614
0.0,0.4620000123977661,0.5379999876022339,pair_et_lgbm,93.96539522768167,93.96539522768167
0.03400000184774399,0.3880000114440918,0.578000009059906,local_fine_around_best,93.96616637187861,93.96616637187861
0.035999998450279236,0.38199999928474426,0.5820000171661377,local_fine_around_best,93.96619309409554,93.96619309409554
0.03200000151991844,0.39399999380111694,0.5740000009536743,local_fine_around_best,93.96796368855969,93.96796368855969
0.03799999877810478,0.3760000169277191,0.5859999656677246,local_fine_around_best,93.9680438328705,93.9680438328705
0.019999999552965164,0.25999999046325684,0.7200000286102295,three_way_lgbm_focused_coarse,93.96841593779129,93.96841593779129
0.0,0.25,0.75,pair_et_lgbm,93.96873242195808,93.96873242195808
0.03999999910593033,0.3700000047683716,0.5899999737739563,local_fine_around_best,93.97171651077267,93.97171651077267
0.0,0.46299999952316284,0.5370000004768372,pair_et_lgbm,93.97424360751464,93.97424360751464
0.035999998450279236,0.3840000033378601,0.5799999833106995,local_fine_around_best,93.9750395735792,93.9750395735792
0.03400000184774399,0.39000001549720764,0.5759999752044678,local_fine_around_best,93.97576819269928,93.97576819269928
0.03799999877810478,0.37800002098083496,0.5839999914169312,local_fine_around_best,93.97613255266535,93.97613255266535
0.0,0.24899999797344208,0.7509999871253967,pair_et_lgbm,93.97761318182334,93.97761318182334
0.03200000151991844,0.3959999978542328,0.5719999670982361,local_fine_around_best,93.97832080220128,93.97832080220128
0.03999999910593033,0.3720000088214874,0.5879999995231628,local_fine_around_best,93.9790497663634,93.9790497663634
0.0,0.46399998664855957,0.5360000133514404,pair_et_lgbm,93.98317543961919,93.98317543961919
0.035999998450279236,0.38600000739097595,0.578000009059906,local_fine_around_best,93.98421638426555,93.98421638426555
0.03799999877810478,0.3799999952316284,0.5820000171661377,local_fine_around_best,93.98455525269785,93.98455525269785
0.03400000184774399,0.3920000195503235,0.5740000009536743,local_fine_around_best,93.98570027850295,93.98570027850295
0.03999999910593033,0.2800000011920929,0.6800000071525574,three_way_lgbm_focused_coarse,93.98625207941325,93.98625207941325
0.0,0.24799999594688416,0.7519999742507935,pair_et_lgbm,93.9865771916575,93.9865771916575
0.03999999910593033,0.37400001287460327,0.5859999656677246,local_fine_around_best,93.98671822765614,93.98671822765614
0.0,0.4650000035762787,0.5350000262260437,pair_et_lgbm,93.99218942923255,93.99218942923255
0.03799999877810478,0.38199999928474426,0.5799999833106995,local_fine_around_best,93.9933120440409,93.9933120440409
0.035999998450279236,0.3880000114440918,0.5759999752044678,local_fine_around_best,93.99372891453288,93.99372891453288
0.03999999910593033,0.3760000169277191,0.5839999914169312,local_fine_around_best,93.99471739044814,93.99471739044814
0.0,0.24699999392032623,0.753000020980835,pair_et_lgbm,93.99562213091598,93.99562213091598
0.03400000184774399,0.39399999380111694,0.5719999670982361,local_fine_around_best,93.99596930718256,93.99596930718256
0.05000000074505806,0.3199999928474426,0.6299999952316284,three_way_lgbm_focused_coarse,94.00015569242316,94.00015569242316
0.009999999776482582,0.25,0.7400000095367432,three_way_lgbm_focused_coarse,94.00101026071366,94.00101026071366
0.0,0.4659999907016754,0.5339999794960022,pair_et_lgbm,94.00128986870273,94.00128986870273
0.03799999877810478,0.3840000033378601,0.578000009059906,local_fine_around_best,94.00239947824105,94.00239947824105
0.03999999910593033,0.37800002098083496,0.5820000171661377,local_fine_around_best,94.00304956821006,94.00304956821006
0.035999998450279236,0.39000001549720764,0.5740000009536743,local_fine_around_best,94.00357129754028,94.00357129754028
0.05000000074505806,0.3100000023841858,0.6399999856948853,three_way_lgbm_focused_coarse,94.00400812194123,94.00400812194123
0.05000000074505806,0.33000001311302185,0.6200000047683716,three_way_lgbm_focused_coarse,94.00462530638688,94.00462530638688
0.0,0.2460000067949295,0.7540000081062317,pair_et_lgbm,94.00475192161959,94.00475192161959
0.03400000184774399,0.3959999978542328,0.5699999928474426,local_fine_around_best,94.00656727249792,94.00656727249792
0.0,0.46700000762939453,0.5329999923706055,pair_et_lgbm,94.01047075100529,94.01047075100529
0.03999999910593033,0.3799999952316284,0.5799999833106995,local_fine_around_best,94.01171807847797,94.01171807847797
0.03799999877810478,0.38600000739097595,0.5759999752044678,local_fine_around_best,94.01182227957517,94.01182227957517
0.035999998450279236,0.3920000195503235,0.5719999670982361,local_fine_around_best,94.01374982483306,94.01374982483306
0.0,0.24500000476837158,0.7549999952316284,pair_et_lgbm,94.01396543257067,94.01396543257067
0.05000000074505806,0.30000001192092896,0.6499999761581421,three_way_lgbm_focused_coarse,94.01618370510809,94.01618370510809
0.05000000074505806,0.3400000035762787,0.6100000143051147,three_way_lgbm_focused_coarse,94.0174197060664,94.0174197060664
0.0,0.46799999475479126,0.5320000052452087,pair_et_lgbm,94.01973536256081,94.01973536256081
0.03999999910593033,0.38199999928474426,0.578000009059906,local_fine_around_best,94.0207159657701,94.0207159657701
0.029999999329447746,0.25999999046325684,0.7099999785423279,three_way_lgbm_focused_coarse,94.0211397478587,94.0211397478587
0.03799999877810478,0.3880000114440918,0.5740000009536743,local_fine_around_best,94.02157564269172,94.02157564269172
0.0,0.24400000274181366,0.7559999823570251,pair_et_lgbm,94.02326228917622,94.02326228917622
0.035999998450279236,0.39399999380111694,0.5699999928474426,local_fine_around_best,94.02425943240013,94.02425943240013
0.0,0.4690000116825104,0.531000018119812,pair_et_lgbm,94.02908213477055,94.02908213477055
0.03999999910593033,0.27000001072883606,0.6899999976158142,three_way_lgbm_focused_coarse,94.02948419697734,94.02948419697734
0.03999999910593033,0.3840000033378601,0.5759999752044678,local_fine_around_best,94.03004917021339,94.03004917021339
0.03799999877810478,0.39000001549720764,0.5719999670982361,local_fine_around_best,94.03166434877643,94.03166434877643
0.0,0.24300000071525574,0.7570000290870667,pair_et_lgbm,94.03264065606153,94.03264065606153
0.035999998450279236,0.3959999978542328,0.5680000185966492,local_fine_around_best,94.03510077031781,94.03510077031781
0.05000000074505806,0.28999999165534973,0.6600000262260437,three_way_lgbm_focused_coarse,94.0366817062584,94.0366817062584
0.0,0.4699999988079071,0.5299999713897705,pair_et_lgbm,94.03851596440853,94.03851596440853
0.05000000074505806,0.3499999940395355,0.6000000238418579,three_way_lgbm_focused_coarse,94.0385372636396,94.0385372636396
0.03999999910593033,0.38600000739097595,0.5740000009536743,local_fine_around_best,94.03971281249473,94.03971281249473
0.019999999552965164,0.25,0.7300000190734863,three_way_lgbm_focused_coarse,94.04046693736399,94.04046693736399
0.03799999877810478,0.3920000195503235,0.5699999928474426,local_fine_around_best,94.04208348350946,94.04208348350946
0.0,0.24199999868869781,0.7580000162124634,pair_et_lgbm,94.0421037087702,94.0421037087702
0.0,0.47099998593330383,0.5289999842643738,pair_et_lgbm,94.04803025844886,94.04803025844886
0.03999999910593033,0.3880000114440918,0.5719999670982361,local_fine_around_best,94.04971212780252,94.04971212780252
0.0,0.2409999966621399,0.7590000033378601,pair_et_lgbm,94.05164996278342,94.05164996278342
0.03799999877810478,0.39399999380111694,0.5680000185966492,local_fine_around_best,94.0528364019382,94.0528364019382
0.0,0.47200000286102295,0.527999997138977,pair_et_lgbm,94.0576267635175,94.0576267635175
0.03999999910593033,0.39000001549720764,0.5699999928474426,local_fine_around_best,94.0600417926804,94.0600417926804
0.0,0.23999999463558197,0.7599999904632568,pair_et_lgbm,94.06128000622029,94.06128000622029
0.03799999877810478,0.3959999978542328,0.5659999847412109,local_fine_around_best,94.06392401865193,94.06392401865193
0.05000000074505806,0.2800000011920929,0.6700000166893005,three_way_lgbm_focused_coarse,94.06550421368478,94.06550421368478
0.0,0.4729999899864197,0.5270000100135803,pair_et_lgbm,94.06730762233262,94.06730762233262
0.03999999910593033,0.3920000195503235,0.5680000185966492,local_fine_around_best,94.07070436535197,94.07070436535197
0.0,0.23899999260902405,0.7609999775886536,pair_et_lgbm,94.0709925686007,94.0709925686007
0.0,0.4740000069141388,0.5260000228881836,pair_et_lgbm,94.07707085933339,94.07707085933339
0.0,0.23800000548362732,0.7620000243186951,pair_et_lgbm,94.08078640937113,94.08078640884465
0.03999999910593033,0.25999999046325684,0.699999988079071,three_way_lgbm_focused_coarse,94.08104063463864,94.08104063463864
0.03999999910593033,0.39399999380111694,0.5659999847412109,local_fine_around_best,94.08170334371246,94.08170334371246
0.0,0.4749999940395355,0.5249999761581421,pair_et_lgbm,94.0869207212449,94.0869207212449
0.029999999329447746,0.25,0.7200000286102295,three_way_lgbm_focused_coarse,94.08710241043082,94.08710241043082
0.009999999776482582,0.23999999463558197,0.75,three_way_lgbm_focused_coarse,94.08747116912598,94.08747116912598
0.0,0.2370000034570694,0.7630000114440918,pair_et_lgbm,94.09066590748925,94.09066590748925
0.03999999910593033,0.3959999978542328,0.5640000104904175,local_fine_around_best,94.09303183878454,94.09303183878454
0.0,0.47600001096725464,0.5239999890327454,pair_et_lgbm,94.0968502698861,94.0968502698861
0.0,0.23600000143051147,0.7639999985694885,pair_et_lgbm,94.10062858650493,94.10062858650493
0.05000000074505806,0.27000001072883606,0.6800000071525574,three_way_lgbm_focused_coarse,94.10264999185532,94.10264999185532
0.0,0.47699999809265137,0.5230000019073486,pair_et_lgbm,94.1068638092343,94.1068638092343
0.05999999865889549,0.3100000023841858,0.6299999952316284,three_way_lgbm_focused_coarse,94.10869781298913,94.10869781298913
0.0,0.23499999940395355,0.7649999856948853,pair_et_lgbm,94.11067420722406,94.11067420722406
0.05999999865889549,0.3199999928474426,0.6200000047683716,three_way_lgbm_focused_coarse,94.11093142346647,94.11093142346647
0.05999999865889549,0.30000001192092896,0.6399999856948853,three_way_lgbm_focused_coarse,94.11478723835192,94.11478723835192
0.0,0.4779999852180481,0.5220000147819519,pair_et_lgbm,94.11696081601107,94.11696081601107
0.0,0.23399999737739563,0.765999972820282,pair_et_lgbm,94.12080342989483,94.12080342989483
0.019999999552965164,0.23999999463558197,0.7400000095367432,three_way_lgbm_focused_coarse,94.12084192560832,94.12084192560832
0.05999999865889549,0.33000001311302185,0.6100000143051147,three_way_lgbm_focused_coarse,94.12148737032238,94.12148737032238
0.0,0.4790000021457672,0.5210000276565552,pair_et_lgbm,94.12714029838085,94.12714029838085
0.05999999865889549,0.28999999165534973,0.6499999761581421,three_way_lgbm_focused_coarse,94.12920157295646,94.12920157295646
0.0,0.2329999953508377,0.7670000195503235,pair_et_lgbm,94.1310138856075,94.1310138856075
0.0,0.47999998927116394,0.5199999809265137,pair_et_lgbm,94.13740640226872,94.13740640226872
0.05999999865889549,0.3400000035762787,0.6000000238418579,three_way_lgbm_focused_coarse,94.14036775388142,94.14036775388142
0.03999999910593033,0.25,0.7099999785423279,three_way_lgbm_focused_coarse,94.14091922586758,94.14091922586758
0.0,0.23199999332427979,0.7680000066757202,pair_et_lgbm,94.14130952062563,94.14130952062563
0.0,0.48100000619888306,0.5189999938011169,pair_et_lgbm,94.14775196369307,94.14775196369307
0.05000000074505806,0.25999999046325684,0.6899999976158142,three_way_lgbm_focused_coarse,94.14812063210411,94.14812063210411
0.0,0.23100000619888306,0.7689999938011169,pair_et_lgbm,94.15168763216629,94.15168763216629
0.05999999865889549,0.2800000011920929,0.6600000262260437,three_way_lgbm_focused_coarse,94.1519353737418,94.1519353737418
0.0,0.4819999933242798,0.5180000066757202,pair_et_lgbm,94.1581819609881,94.1581819609881
0.029999999329447746,0.23999999463558197,0.7300000190734863,three_way_lgbm_focused_coarse,94.16139134693762,94.16139134693762
0.0,0.23000000417232513,0.7699999809265137,pair_et_lgbm,94.1621496517535,94.1621496517535
0.0,0.4830000102519989,0.5170000195503235,pair_et_lgbm,94.16869405073184,94.16869405073184
0.0,0.2290000021457672,0.7710000276565552,pair_et_lgbm,94.17269342694881,94.17269342642234
0.0,0.48399999737739563,0.515999972820282,pair_et_lgbm,94.17929304814783,94.17929304814783
0.009999999776482582,0.23000000417232513,0.7599999904632568,three_way_lgbm_focused_coarse,94.18225495861317,94.18225495861317
0.05999999865889549,0.27000001072883606,0.6700000166893005,three_way_lgbm_focused_coarse,94.1829952664793,94.1829952664793
0.0,0.2280000001192093,0.7720000147819519,pair_et_lgbm,94.18332185689746,94.18332185689746
0.0,0.48500001430511475,0.5149999856948853,pair_et_lgbm,94.18997171570086,94.18997171570086
0.0,0.22699999809265137,0.7730000019073486,pair_et_lgbm,94.19403342131164,94.19403342131164
0.0,0.4860000014305115,0.5139999985694885,pair_et_lgbm,94.20073455487153,94.20073455487153
0.05000000074505806,0.25,0.699999988079071,three_way_lgbm_focused_coarse,94.20191296439991,94.20191296439991
0.0,0.22599999606609344,0.7739999890327454,pair_et_lgbm,94.20482845314511,94.20482845314511
0.03999999910593033,0.23999999463558197,0.7200000286102295,three_way_lgbm_focused_coarse,94.20911985822325,94.20911985822325
0.019999999552965164,0.23000000417232513,0.75,three_way_lgbm_focused_coarse,94.20953923871326,94.20953923871326
0.0,0.4869999885559082,0.5130000114440918,pair_et_lgbm,94.21158076818625,94.21158076818625
0.0,0.22499999403953552,0.7749999761581421,pair_et_lgbm,94.21570649298603,94.21570649298603
0.07000000029802322,0.3100000023841858,0.6200000047683716,three_way_lgbm_focused_coarse,94.22056630326634,94.22056630326634
0.07000000029802322,0.30000001192092896,0.6299999952316284,three_way_lgbm_focused_coarse,94.22056982267091,94.22056982267091
0.05999999865889549,0.25999999046325684,0.6800000071525574,three_way_lgbm_focused_coarse,94.22237969256108,94.22237969256108
0.0,0.4880000054836273,0.5120000243186951,pair_et_lgbm,94.22250894106944,94.22250894106944
0.0,0.2240000069141388,0.7760000228881836,pair_et_lgbm,94.22666560970615,94.22666560917966
0.07000000029802322,0.3199999928474426,0.6100000143051147,three_way_lgbm_focused_coarse,94.22888616298414,94.22888616298414
0.07000000029802322,0.28999999165534973,0.6399999856948853,three_way_lgbm_focused_coarse,94.22889794125173,94.22889794125173
0.0,0.48899999260902405,0.5109999775886536,pair_et_lgbm,94.23352422116515,94.23352422116515
0.0,0.22300000488758087,0.7770000100135803,pair_et_lgbm,94.2377102099021,94.23771020937563
0.029999999329447746,0.23000000417232513,0.7400000095367432,three_way_lgbm_focused_coarse,94.24400284680527,94.24400284680527
0.0,0.49000000953674316,0.5099999904632568,pair_et_lgbm,94.24461896100489,94.24461896100489
0.07000000029802322,0.33000001311302185,0.6000000238418579,three_way_lgbm_focused_coarse,94.2455282786744,94.2455282786744
0.07000000029802322,0.2800000011920929,0.6499999761581421,three_way_lgbm_focused_coarse,94.24554810214507,94.24554810214507
0.0,0.22200000286102295,0.777999997138977,pair_et_lgbm,94.24883828575288,94.24883828575288
0.0,0.4909999966621399,0.5090000033378601,pair_et_lgbm,94.25579820772163,94.25579820772163
0.0,0.22100000083446503,0.7789999842643738,pair_et_lgbm,94.26004930592414,94.26004930592414
0.05000000074505806,0.23999999463558197,0.7099999785423279,three_way_lgbm_focused_coarse,94.26402942524942,94.26402942524942
0.0,0.492000013589859,0.5080000162124634,pair_et_lgbm,94.2670592013493,94.2670592013493
0.05999999865889549,0.25,0.6899999976158142,three_way_lgbm_focused_coarse,94.27008561675694,94.27008561675694
0.07000000029802322,0.27000001072883606,0.6600000262260437,three_way_lgbm_focused_coarse,94.27051914748665,94.27051914748665
0.0,0.2199999988079071,0.7799999713897705,pair_et_lgbm,94.27134362362766,94.27134362362766
0.0,0.49300000071525574,0.5070000290870667,pair_et_lgbm,94.27840478504282,94.27840478504282
0.0,0.21899999678134918,0.781000018119812,pair_et_lgbm,94.28271945989786,94.28271945989786
0.009999999776482582,0.2199999988079071,0.7699999809265137,three_way_lgbm_focused_coarse,94.28536270317268,94.28536270317268
0.03999999910593033,0.23000000417232513,0.7300000190734863,three_way_lgbm_focused_coarse,94.28564527719887,94.28564527719887
0.0,0.49399998784065247,0.5059999823570251,pair_et_lgbm,94.28983615451568,94.28983615451568
0.0,0.21799999475479126,0.7820000052452087,pair_et_lgbm,94.29418026107861,94.29418026107861
0.0,0.4950000047683716,0.5049999952316284,pair_et_lgbm,94.30134713437587,94.30134713437587
0.07000000029802322,0.25999999046325684,0.6700000166893005,three_way_lgbm_focused_coarse,94.30381734459522,94.30381734459522
0.0,0.21699999272823334,0.7829999923706055,pair_et_lgbm,94.30572443484695,94.30572443484695
0.019999999552965164,0.2199999988079071,0.7599999904632568,three_way_lgbm_focused_coarse,94.30656102657468,94.30656102657468
0.0,0.4959999918937683,0.5040000081062317,pair_et_lgbm,94.31294247940055,94.31294247940055
0.0,0.2160000056028366,0.7839999794960022,pair_et_lgbm,94.31735109800842,94.31735109800842
0.0,0.4970000088214874,0.503000020980835,pair_et_lgbm,94.32461966214935,94.32461966214935
0.05999999865889549,0.23999999463558197,0.699999988079071,three_way_lgbm_focused_coarse,94.32611602349758,94.32611602349758
0.0,0.2150000035762787,0.7850000262260437,pair_et_lgbm,94.32905974109028,94.32905974109028
0.07999999821186066,0.30000001192092896,0.6200000047683716,three_way_lgbm_focused_coarse,94.33353144155274,94.33353144155274
0.05000000074505806,0.23000000417232513,0.7200000286102295,three_way_lgbm_focused_coarse,94.33446649911788,94.33446649911788
0.029999999329447746,0.2199999988079071,0.75,three_way_lgbm_focused_coarse,94.33493822056306,94.33493822056306
0.07999999821186066,0.28999999165534973,0.6299999952316284,three_way_lgbm_focused_coarse,94.33577338412138,94.33577338412138
0.0,0.49799999594688416,0.5019999742507935,pair_et_lgbm,94.3363843896588,94.3363843896588
0.07999999821186066,0.3100000023841858,0.6100000143051147,three_way_lgbm_focused_coarse,94.3396141997329,94.3396141997329
0.0,0.21400000154972076,0.7860000133514404,pair_et_lgbm,94.34085327891029,94.34085327891029
0.07000000029802322,0.25,0.6800000071525574,three_way_lgbm_focused_coarse,94.34543754551756,94.34543754551756
0.07999999821186066,0.2800000011920929,0.6399999856948853,three_way_lgbm_focused_coarse,94.34633742553306,94.34633742553306
0.0,0.49900001287460327,0.5009999871253967,pair_et_lgbm,94.34822793644325,94.34822793644325
0.0,0.21299999952316284,0.7870000004768372,pair_et_lgbm,94.3527302713754,94.3527302713754
0.07999999821186066,0.3199999928474426,0.6000000238418579,three_way_lgbm_focused_coarse,94.35402009252276,94.35402009252276
0.0,0.5,0.5,pair_et_lgbm,94.36015603327957,94.36015603327957
0.0,0.21199999749660492,0.7879999876022339,pair_et_lgbm,94.36469051083674,94.36469051083674
0.07999999821186066,0.27000001072883606,0.6499999761581421,three_way_lgbm_focused_coarse,94.36522462869189,94.36522462869189
0.03999999910593033,0.2199999988079071,0.7400000095367432,three_way_lgbm_focused_coarse,94.37049461305521,94.37049461305521
0.0,0.5009999871253967,0.49900001287460327,pair_et_lgbm,94.372167447724,94.372167447724
0.0,0.210999995470047,0.7889999747276306,pair_et_lgbm,94.3767339045116,94.3767339045116
0.0,0.5019999742507935,0.49799999594688416,pair_et_lgbm,94.38426338738863,94.38426338738863
0.0,0.20999999344348907,0.7900000214576721,pair_et_lgbm,94.38885905682349,94.38885905682349
0.05999999865889549,0.23000000417232513,0.7099999785423279,three_way_lgbm_focused_coarse,94.39046920023354,94.39046920023354
0.07999999821186066,0.25999999046325684,0.6600000262260437,three_way_lgbm_focused_coarse,94.39243432702749,94.39243432702749
0.07000000029802322,0.23999999463558197,0.6899999976158142,three_way_lgbm_focused_coarse,94.3953818110198,94.3953818110198
0.0,0.503000020980835,0.4970000088214874,pair_et_lgbm,94.39643916951913,94.39643916951913
0.009999999776482582,0.20999999344348907,0.7799999713897705,three_way_lgbm_focused_coarse,94.39679384926397,94.39679384926397
0.0,0.20900000631809235,0.7910000085830688,pair_et_lgbm,94.40106833956445,94.40106833956445
0.0,0.5040000081062317,0.4959999918937683,pair_et_lgbm,94.40870174896902,94.40870174896902
0.019999999552965164,0.20999999344348907,0.7699999809265137,three_way_lgbm_focused_coarse,94.41190593513616,94.41190593513616
0.05000000074505806,0.2199999988079071,0.7300000190734863,three_way_lgbm_focused_coarse,94.4132296533179,94.4132296533179
0.0,0.20800000429153442,0.7919999957084656,pair_et_lgbm,94.41336138986215,94.41336138986215
0.0,0.5049999952316284,0.4950000047683716,pair_et_lgbm,94.42104597035738,94.42104597035738
0.0,0.2070000022649765,0.7929999828338623,pair_et_lgbm,94.42573770184318,94.42573770184318
0.07999999821186066,0.25,0.6700000166893005,three_way_lgbm_focused_coarse,94.4279683033069,94.4279683033069
0.0,0.5059999823570251,0.49399998784065247,pair_et_lgbm,94.43347468733744,94.43347468733744
0.029999999329447746,0.20999999344348907,0.7599999904632568,three_way_lgbm_focused_coarse,94.43419723498025,94.43419723498025
0.0,0.20600000023841858,0.7940000295639038,pair_et_lgbm,94.43819585368267,94.43819585368267
0.0,0.5070000290870667,0.49300000071525574,pair_et_lgbm,94.4459835319553,94.4459835319553
0.09000000357627869,0.28999999165534973,0.6200000047683716,three_way_lgbm_focused_coarse,94.44982765830251,94.44982765830251
0.0,0.20499999821186066,0.7950000166893005,pair_et_lgbm,94.45073869898644,94.45073869898644
0.07000000029802322,0.23000000417232513,0.699999988079071,three_way_lgbm_focused_coarse,94.45364853549633,94.45364853549633
0.09000000357627869,0.30000001192092896,0.6100000143051147,three_way_lgbm_focused_coarse,94.45367173420875,94.45367173420875
0.09000000357627869,0.2800000011920929,0.6299999952316284,three_way_lgbm_focused_coarse,94.45430553274213,94.45430553274213
0.0,0.5080000162124634,0.492000013589859,pair_et_lgbm,94.45857747631793,94.45857747631793
0.05999999865889549,0.2199999988079071,0.7200000286102295,three_way_lgbm_focused_coarse,94.46314413660258,94.46314413660258
0.0,0.20399999618530273,0.7960000038146973,pair_et_lgbm,94.46336486062022,94.46336486062022
0.03999999910593033,0.20999999344348907,0.75,three_way_lgbm_focused_coarse,94.46366705915132,94.46366705915132
0.09000000357627869,0.3100000023841858,0.6000000238418579,three_way_lgbm_focused_coarse,94.46584074829542,94.46584074829542
0.09000000357627869,0.27000001072883606,0.6399999856948853,three_way_lgbm_focused_coarse,94.46710670938755,94.46710670938755
0.0,0.5090000033378601,0.4909999966621399,pair_et_lgbm,94.47125606663921,94.47125606663921
0.07999999821186066,0.23999999463558197,0.6800000071525574,three_way_lgbm_focused_coarse,94.47182643305847,94.47182643305847
0.0,0.2029999941587448,0.796999990940094,pair_et_lgbm,94.4760737839906,94.4760737839906
0.0,0.5099999904632568,0.49000000953674316,pair_et_lgbm,94.48401643795597,94.48401643795597
0.09000000357627869,0.25999999046325684,0.6499999761581421,three_way_lgbm_focused_coarse,94.48823251613474,94.48823251613474
0.0,0.20200000703334808,0.7979999780654907,pair_et_lgbm,94.48886592654276,94.48886592654276
0.0,0.5109999775886536,0.48899999260902405,pair_et_lgbm,94.49686166199636,94.49686166199636
0.05000000074505806,0.20999999344348907,0.7400000095367432,three_way_lgbm_focused_coarse,94.50031622992066,94.50031622992066
0.0,0.20100000500679016,0.7990000247955322,pair_et_lgbm,94.50174004271774,94.50174004271774
0.0,0.5120000243186951,0.4880000054836273,pair_et_lgbm,94.50978666788177,94.50978666788177
0.0,0.20000000298023224,0.800000011920929,pair_et_lgbm,94.51469888657857,94.51469888657857
0.009999999776482582,0.20000000298023224,0.7900000214576721,three_way_lgbm_focused_coarse,94.5165459268821,94.5165459268821
0.09000000357627869,0.25,0.6600000262260437,three_way_lgbm_focused_coarse,94.51767796430828,94.51767796430828
0.07000000029802322,0.2199999988079071,0.7099999785423279,three_way_lgbm_focused_coarse,94.52023947385979,94.52023947385979
0.0,0.5130000114440918,0.4869999885559082,pair_et_lgbm,94.52279800739821,94.52279800739821
0.07999999821186066,0.23000000417232513,0.6899999976158142,three_way_lgbm_focused_coarse,94.52400726153788,94.52400726153788
0.019999999552965164,0.20000000298023224,0.7799999713897705,three_way_lgbm_focused_coarse,94.5255735471848,94.5255735471848
0.0,0.19900000095367432,0.8009999990463257,pair_et_lgbm,94.52774116312399,94.52774116312399
0.0,0.5139999985694885,0.4860000014305115,pair_et_lgbm,94.53589130599791,94.53589130599791
0.0,0.1979999989271164,0.8019999861717224,pair_et_lgbm,94.54086679165243,94.54086679165243
0.029999999329447746,0.20000000298023224,0.7699999809265137,three_way_lgbm_focused_coarse,94.54177851995226,94.54177851995226
0.05999999865889549,0.20999999344348907,0.7300000190734863,three_way_lgbm_focused_coarse,94.54414455834407,94.54414455834407
0.0,0.5149999856948853,0.48500001430511475,pair_et_lgbm,94.5490681431525,94.5490681431525
0.0,0.19699999690055847,0.8029999732971191,pair_et_lgbm,94.55407551456236,94.55407551456236
0.09000000357627869,0.23999999463558197,0.6700000166893005,three_way_lgbm_focused_coarse,94.55545006914949,94.55545006914949
0.0,0.515999972820282,0.48399999737739563,pair_et_lgbm,94.5623290147961,94.5623290147961
0.03999999910593033,0.20000000298023224,0.7599999904632568,three_way_lgbm_focused_coarse,94.56516260419986,94.56516260419986
0.0,0.19599999487400055,0.8040000200271606,pair_et_lgbm,94.56736577129355,94.56736577129355
0.10000000149011612,0.2800000011920929,0.6200000047683716,three_way_lgbm_focused_coarse,94.569452575895,94.569452575895
0.10000000149011612,0.28999999165534973,0.6100000143051147,three_way_lgbm_focused_coarse,94.57106125236511,94.57106125236511
0.0,0.5170000195503235,0.4830000102519989,pair_et_lgbm,94.57567034323863,94.57567034323863
0.10000000149011612,0.27000001072883606,0.6299999952316284,three_way_lgbm_focused_coarse,94.57616778306513,94.57616778306513
0.0,0.19499999284744263,0.8050000071525574,pair_et_lgbm,94.58074086693391,94.58074086693391
0.10000000149011612,0.30000001192092896,0.6000000238418579,three_way_lgbm_focused_coarse,94.58099133939902,94.58099133939902
0.07999999821186066,0.2199999988079071,0.699999988079071,three_way_lgbm_focused_coarse,94.58451168888665,94.58451168888665
0.0,0.5180000066757202,0.4819999933242798,pair_et_lgbm,94.58909816786151,94.58909816786151
0.10000000149011612,0.25999999046325684,0.6399999856948853,three_way_lgbm_focused_coarse,94.59120754487924,94.59120754487924
0.0,0.1940000057220459,0.8059999942779541,pair_et_lgbm,94.59419878688473,94.59419878688473
0.07000000029802322,0.20999999344348907,0.7200000286102295,three_way_lgbm_focused_coarse,94.59515159465857,94.59515159465857
0.05000000074505806,0.20000000298023224,0.75,three_way_lgbm_focused_coarse,94.59572521807131,94.59572521807131
0.09000000357627869,0.23000000417232513,0.6800000071525574,three_way_lgbm_focused_coarse,94.60154459889786,94.60154459889786
0.0,0.5189999938011169,0.48100000619888306,pair_et_lgbm,94.60260730779174,94.60260730779174
0.0,0.19300000369548798,0.8069999814033508,pair_et_lgbm,94.60774021344564,94.60774021344564
0.10000000149011612,0.25,0.6499999761581421,three_way_lgbm_focused_coarse,94.61456926840286,94.61456926840286
0.0,0.5199999809265137,0.47999998927116394,pair_et_lgbm,94.61620181840026,94.61620181840026
0.0,0.19200000166893005,0.8080000281333923,pair_et_lgbm,94.62136374675028,94.62136374675028
0.0,0.5210000276565552,0.4790000021457672,pair_et_lgbm,94.62987576533057,94.62987576533057
0.05999999865889549,0.20000000298023224,0.7400000095367432,three_way_lgbm_focused_coarse,94.63346760826744,94.63346760826744
0.0,0.19099999964237213,0.8090000152587891,pair_et_lgbm,94.63507187742105,94.63507187742105
0.0,0.5220000147819519,0.4779999852180481,pair_et_lgbm,94.64363636765701,94.64363636765701
0.009999999776482582,0.1899999976158142,0.800000011920929,three_way_lgbm_focused_coarse,94.64462377347661,94.64462377347661
0.10000000149011612,0.23999999463558197,0.6600000262260437,three_way_lgbm_focused_coarse,94.64625255058834,94.64625255058834
0.019999999552965164,0.1899999976158142,0.7900000214576721,three_way_lgbm_focused_coarse,94.64756355211736,94.64756355211736
0.0,0.1899999976158142,0.8100000023841858,pair_et_lgbm,94.64886308270458,94.64886308270458
0.07999999821186066,0.20999999344348907,0.7099999785423279,three_way_lgbm_focused_coarse,94.65333992532294,94.65333992532294
0.09000000357627869,0.2199999988079071,0.6899999976158142,three_way_lgbm_focused_coarse,94.65596322055114,94.65596322055114
0.0,0.5230000019073486,0.47699999809265137,pair_et_lgbm,94.6574787756718,94.6574787756718
0.029999999329447746,0.1899999976158142,0.7799999713897705,three_way_lgbm_focused_coarse,94.65768398487769,94.65768398487769
0.0,0.1889999955892563,0.8109999895095825,pair_et_lgbm,94.66273755079749,94.66273755079749
0.0,0.5239999890327454,0.47600001096725464,pair_et_lgbm,94.67140446375684,94.67140446375684
0.03999999910593033,0.1899999976158142,0.7699999809265137,three_way_lgbm_focused_coarse,94.674981857151,94.674981857151
0.0,0.18799999356269836,0.8119999766349792,pair_et_lgbm,94.67669529325417,94.67669529325417
0.07000000029802322,0.20000000298023224,0.7300000190734863,three_way_lgbm_focused_coarse,94.6783888292539,94.6783888292539
0.0,0.5249999761581421,0.4749999940395355,pair_et_lgbm,94.6854147211119,94.6854147211119
0.10000000149011612,0.23000000417232513,0.6700000166893005,three_way_lgbm_focused_coarse,94.68626109762617,94.68626109762617
0.0,0.18700000643730164,0.8130000233650208,pair_et_lgbm,94.69073441760966,94.69073441760966
0.10999999940395355,0.2800000011920929,0.6100000143051147,three_way_lgbm_focused_coarse,94.69177924436313,94.69177924436313
0.10999999940395355,0.27000001072883606,0.6200000047683716,three_way_lgbm_focused_coarse,94.69240811067895,94.69240811067895
0.05000000074505806,0.1899999976158142,0.7599999904632568,three_way_lgbm_focused_coarse,94.69945862027437,94.69945862027437
0.10999999940395355,0.28999999165534973,0.6000000238418579,three_way_lgbm_focused_coarse,94.69947360724412,94.69947360724412
0.0,0.5260000228881836,0.4740000069141388,pair_et_lgbm,94.69950492168816,94.69950492168816
0.10999999940395355,0.25999999046325684,0.6299999952316284,three_way_lgbm_focused_coarse,94.70136157086026,94.70136157086026
0.0,0.1860000044107437,0.8140000104904175,pair_et_lgbm,94.70485855580266,94.70485855580266
0.0,0.5270000100135803,0.4729999899864197,pair_et_lgbm,94.71368176636946,94.71368176636946
0.10999999940395355,0.25,0.6399999856948853,three_way_lgbm_focused_coarse,94.71863725164114,94.71863725164114
0.09000000357627869,0.20999999344348907,0.699999988079071,three_way_lgbm_focused_coarse,94.71870488362055,94.71870488362055
0.0,0.1850000023841858,0.8149999976158142,pair_et_lgbm,94.71906580666352,94.71906580666352
0.0,0.527999997138977,0.47200000286102295,pair_et_lgbm,94.72794043640168,94.72794043640168
0.07999999821186066,0.20000000298023224,0.7200000286102295,three_way_lgbm_focused_coarse,94.73048858396457,94.73048858396457
0.05999999865889549,0.1899999976158142,0.75,three_way_lgbm_focused_coarse,94.73111469901433,94.73111469901433
0.0,0.18400000035762787,0.8159999847412109,pair_et_lgbm,94.7333565943059,94.7333565943059
0.10000000149011612,0.2199999988079071,0.6800000071525574,three_way_lgbm_focused_coarse,94.73459347093048,94.73459347093048
0.0,0.5289999842643738,0.47099998593330383,pair_et_lgbm,94.74228373165198,94.74228373165198
0.10999999940395355,0.23999999463558197,0.6499999761581421,three_way_lgbm_focused_coarse,94.7442368975835,94.7442368975835
0.0,0.18299999833106995,0.8169999718666077,pair_et_lgbm,94.74773048389228,94.74773048389228
0.0,0.5299999713897705,0.4699999988079071,pair_et_lgbm,94.75670893394779,94.75670893394779
0.0,0.18199999630451202,0.8180000185966492,pair_et_lgbm,94.76218633919983,94.76218633919983
0.07000000029802322,0.1899999976158142,0.7400000095367432,three_way_lgbm_focused_coarse,94.76994959542317,94.76994959542317
0.0,0.531000018119812,0.4690000116825104,pair_et_lgbm,94.77121520109722,94.77121520109722
0.0,0.1809999942779541,0.8190000057220459,pair_et_lgbm,94.77672662854641,94.77672662854641
0.019999999552965164,0.18000000715255737,0.800000011920929,three_way_lgbm_focused_coarse,94.77787776932023,94.77787776932023
0.10999999940395355,0.23000000417232513,0.6600000262260437,three_way_lgbm_focused_coarse,94.77815674970275,94.77815674970275
0.009999999776482582,0.18000000715255737,0.8100000023841858,three_way_lgbm_focused_coarse,94.78102440242786,94.78102440242786
0.029999999329447746,0.18000000715255737,0.7900000214576721,three_way_lgbm_focused_coarse,94.78191066536618,94.78191066536618
0.0,0.5320000052452087,0.46799999475479126,pair_et_lgbm,94.78580817554068,94.78580817554068
0.09000000357627869,0.20000000298023224,0.7099999785423279,three_way_lgbm_focused_coarse,94.78976980888555,94.78976980888555
0.10000000149011612,0.20999999344348907,0.6899999976158142,three_way_lgbm_focused_coarse,94.79124943026603,94.79124943026603
0.0,0.18000000715255737,0.8199999928474426,pair_et_lgbm,94.79134969466205,94.79134969466205
0.03999999910593033,0.18000000715255737,0.7799999713897705,three_way_lgbm_focused_coarse,94.7931238974719,94.7931238974719
0.0,0.5329999923706055,0.46700000762939453,pair_et_lgbm,94.80048292532135,94.80048292532135
0.0,0.17900000512599945,0.8209999799728394,pair_et_lgbm,94.80605661341014,94.80605661341014
0.05000000074505806,0.18000000715255737,0.7699999809265137,three_way_lgbm_focused_coarse,94.81151468104584,94.81151468104584
0.0,0.5339999794960022,0.4659999907016754,pair_et_lgbm,94.81524236276282,94.81524236276282
0.11999999731779099,0.27000001072883606,0.6100000143051147,three_way_lgbm_focused_coarse,94.81582736617143,94.81582736617143
0.07999999821186066,0.1899999976158142,0.7300000190734863,three_way_lgbm_focused_coarse,94.8159634422938,94.8159634422938
0.11999999731779099,0.25999999046325684,0.6200000047683716,three_way_lgbm_focused_coarse,94.81869475975144,94.81869475975144
0.10999999940395355,0.2199999988079071,0.6700000166893005,three_way_lgbm_focused_coarse,94.82040320463723,94.82040320463723
0.0,0.17800000309944153,0.8220000267028809,pair_et_lgbm,94.82084523894642,94.82084523841992
0.11999999731779099,0.2800000011920929,0.6000000238418579,three_way_lgbm_focused_coarse,94.82128451135006,94.82128451135006
0.11999999731779099,0.25,0.6299999952316284,three_way_lgbm_focused_coarse,94.82988417399797,94.82988417399797
0.0,0.5350000262260437,0.4650000035762787,pair_et_lgbm,94.83008150394531,94.83008150394531
0.0,0.1770000010728836,0.8230000138282776,pair_et_lgbm,94.83571852090436,94.83571852090436
0.05999999865889549,0.18000000715255737,0.7599999904632568,three_way_lgbm_focused_coarse,94.83708436729981,94.83708436729981
0.0,0.5360000133514404,0.46399998664855957,pair_et_lgbm,94.8450076668231,94.8450076668231
0.11999999731779099,0.23999999463558197,0.6399999856948853,three_way_lgbm_focused_coarse,94.8493976757114,94.8493976757114
0.0,0.17599999904632568,0.8240000009536743,pair_et_lgbm,94.85067522622641,94.85067522622641
0.10000000149011612,0.20000000298023224,0.699999988079071,three_way_lgbm_focused_coarse,94.85622776477432,94.85622776477432
0.0,0.5370000004768372,0.46299999952316284,pair_et_lgbm,94.86001540954679,94.86001540954679
0.0,0.17499999701976776,0.824999988079071,pair_et_lgbm,94.86571483239034,94.86571483239034
0.09000000357627869,0.1899999976158142,0.7200000286102295,three_way_lgbm_focused_coarse,94.86915625194641,94.86915625194641
0.07000000029802322,0.18000000715255737,0.75,three_way_lgbm_focused_coarse,94.8698331006249,94.8698331006249
0.10999999940395355,0.20999999344348907,0.6800000071525574,three_way_lgbm_focused_coarse,94.87097264992053,94.87097264992053
0.0,0.5379999876022339,0.4620000123977661,pair_et_lgbm,94.87510618412783,94.87510618412783
0.11999999731779099,0.23000000417232513,0.6499999761581421,three_way_lgbm_focused_coarse,94.87723371094376,94.87723371094376
0.0,0.17399999499320984,0.8259999752044678,pair_et_lgbm,94.88083785757507,94.88083785757507
0.0,0.5389999747276306,0.460999995470047,pair_et_lgbm,94.8902818110881,94.8902818110881
0.0,0.17299999296665192,0.8270000219345093,pair_et_lgbm,94.89604277376935,94.89604277376935
0.0,0.5400000214576721,0.46000000834465027,pair_et_lgbm,94.90553737623577,94.90553737623577
0.07999999821186066,0.18000000715255737,0.7400000095367432,three_way_lgbm_focused_coarse,94.90976096394525,94.90976096394525
0.0,0.1720000058412552,0.828000009059906,pair_et_lgbm,94.91133159035545,94.91133159035545
0.11999999731779099,0.2199999988079071,0.6600000262260437,three_way_lgbm_focused_coarse,94.91339148816596,94.91339148816596
0.029999999329447746,0.17000000178813934,0.800000011920929,three_way_lgbm_focused_coarse,94.91446248950471,94.91446248950471
0.019999999552965164,0.17000000178813934,0.8100000023841858,three_way_lgbm_focused_coarse,94.9165163836119,94.9165163836119
0.03999999910593033,0.17000000178813934,0.7900000214576721,three_way_lgbm_focused_coarse,94.91958824209811,94.91958824209811
0.0,0.5410000085830688,0.45899999141693115,pair_et_lgbm,94.92087925338035,94.92087925338035
0.009999999776482582,0.17000000178813934,0.8199999928474426,three_way_lgbm_focused_coarse,94.9257488271736,94.9257488271736
0.0,0.17100000381469727,0.8289999961853027,pair_et_lgbm,94.92670443326446,94.92670443326446
0.10000000149011612,0.1899999976158142,0.7099999785423279,three_way_lgbm_focused_coarse,94.92953043635983,94.92953043635983
0.10999999940395355,0.20000000298023224,0.6899999976158142,three_way_lgbm_focused_coarse,94.92986502121613,94.92986502121613
0.05000000074505806,0.17000000178813934,0.7799999713897705,three_way_lgbm_focused_coarse,94.93189444602162,94.93189444602162
0.0,0.5419999957084656,0.4580000042915344,pair_et_lgbm,94.93630345631776,94.93630345631776
0.0,0.17000000178813934,0.8299999833106995,pair_et_lgbm,94.9421603382471,94.9421603382471
0.12999999523162842,0.25999999046325684,0.6100000143051147,three_way_lgbm_focused_coarse,94.94320692844606,94.94320692844606
0.12999999523162842,0.27000001072883606,0.6000000238418579,three_way_lgbm_focused_coarse,94.94642562898139,94.94642562898139
0.12999999523162842,0.25,0.6200000047683716,three_way_lgbm_focused_coarse,94.94831015627457,94.94831015627457
0.05999999865889549,0.17000000178813934,0.7699999809265137,three_way_lgbm_focused_coarse,94.95137822692547,94.95137822692547
0.0,0.5429999828338623,0.4569999873638153,pair_et_lgbm,94.95181179551102,94.95181179551102
0.09000000357627869,0.18000000715255737,0.7300000190734863,three_way_lgbm_focused_coarse,94.9568674382592,94.9568674382592
0.0,0.16899999976158142,0.8309999704360962,pair_et_lgbm,94.9576994173654,94.9576994173654
0.11999999731779099,0.20999999344348907,0.6700000166893005,three_way_lgbm_focused_coarse,94.9578750823058,94.9578750823058
0.12999999523162842,0.23999999463558197,0.6299999952316284,three_way_lgbm_focused_coarse,94.96173745563937,94.96173745563937
0.0,0.5440000295639038,0.4560000002384186,pair_et_lgbm,94.96740005633632,94.96740005633632
0.0,0.1679999977350235,0.8320000171661377,pair_et_lgbm,94.97332052516967,94.97332052516967
0.07000000029802322,0.17000000178813934,0.7599999904632568,three_way_lgbm_focused_coarse,94.97804064789187,94.97804064789187
0.0,0.5450000166893005,0.45500001311302185,pair_et_lgbm,94.98307377445256,94.98307377445256
0.12999999523162842,0.23000000417232513,0.6399999856948853,three_way_lgbm_focused_coarse,94.98348756976466,94.98348756976466
0.0,0.16699999570846558,0.8330000042915344,pair_et_lgbm,94.98902629965872,94.98902629965872
0.10999999940395355,0.1899999976158142,0.699999988079071,three_way_lgbm_focused_coarse,94.99708150194628,94.99708150194628
0.0,0.5460000038146973,0.45399999618530273,pair_et_lgbm,94.99883206989664,94.99883206989664
0.0,0.16599999368190765,0.8339999914169312,pair_et_lgbm,95.0048151909154,95.0048151909154
0.11999999731779099,0.20000000298023224,0.6800000071525574,three_way_lgbm_focused_coarse,95.01068119348842,95.01068119348842
0.10000000149011612,0.18000000715255737,0.7200000286102295,three_way_lgbm_focused_coarse,95.01115327108299,95.01115327108299
0.07999999821186066,0.17000000178813934,0.75,three_way_lgbm_focused_coarse,95.01188246643189,95.01188246643189
0.12999999523162842,0.2199999988079071,0.6499999761581421,three_way_lgbm_focused_coarse,95.01356155217411,95.01356155217411
0.0,0.546999990940094,0.453000009059906,pair_et_lgbm,95.01467232933051,95.01467232933051
0.0,0.16500000655651093,0.8349999785423279,pair_et_lgbm,95.02068669907575,95.02068669907575
0.0,0.5479999780654907,0.4519999921321869,pair_et_lgbm,95.03059696264398,95.03059696264398
0.0,0.164000004529953,0.8360000252723694,pair_et_lgbm,95.03664059973867,95.03664059921218
0.0,0.5490000247955322,0.45100000500679016,pair_et_lgbm,95.04660140706635,95.04660140706635
0.12999999523162842,0.20999999344348907,0.6600000262260437,three_way_lgbm_focused_coarse,95.05195648546405,95.05195648546405
0.0,0.16300000250339508,0.8370000123977661,pair_et_lgbm,95.05267925760766,95.05267925708118
0.09000000357627869,0.17000000178813934,0.7400000095367432,three_way_lgbm_focused_coarse,95.0529028681888,95.0529028681888
0.03999999910593033,0.1599999964237213,0.800000011920929,three_way_lgbm_focused_coarse,95.05437750822293,95.05437750822293
0.029999999329447746,0.1599999964237213,0.8100000023841858,three_way_lgbm_focused_coarse,95.05533846705772,95.05533846705772
0.05000000074505806,0.1599999964237213,0.7900000214576721,three_way_lgbm_focused_coarse,95.06059597196217,95.06059597196217
0.0,0.550000011920929,0.44999998807907104,pair_et_lgbm,95.06269257901452,95.06269257901452
0.019999999552965164,0.1599999964237213,0.8199999928474426,three_way_lgbm_focused_coarse,95.06347776871972,95.06347776871972
0.0,0.16200000047683716,0.8379999995231628,pair_et_lgbm,95.06880095252562,95.06880095252562
0.11999999731779099,0.1899999976158142,0.6899999976158142,three_way_lgbm_focused_coarse,95.07181159225112,95.07181159225112
0.10999999940395355,0.18000000715255737,0.7099999785423279,three_way_lgbm_focused_coarse,95.07262050082643,95.07262050082643
0.14000000059604645,0.25,0.6100000143051147,three_way_lgbm_focused_coarse,95.0739149254371,95.0739149254371
0.05999999865889549,0.1599999964237213,0.7799999713897705,three_way_lgbm_focused_coarse,95.07399528625204,95.07399528625204
0.14000000059604645,0.25999999046325684,0.6000000238418579,three_way_lgbm_focused_coarse,95.07489792716689,95.07489792716689
0.009999999776482582,0.1599999964237213,0.8299999833106995,three_way_lgbm_focused_coarse,95.07879656361577,95.07879656361577
0.0,0.5509999990463257,0.4490000009536743,pair_et_lgbm,95.07886564805558,95.07886564805558
0.14000000059604645,0.23999999463558197,0.6200000047683716,three_way_lgbm_focused_coarse,95.08125632401958,95.08125632401958
0.0,0.16099999845027924,0.8389999866485596,pair_et_lgbm,95.08500604077653,95.08500604077653
0.07000000029802322,0.1599999964237213,0.7699999809265137,three_way_lgbm_focused_coarse,95.09457176815204,95.09457176815204
0.0,0.5519999861717224,0.4480000138282776,pair_et_lgbm,95.09512201040634,95.09512201040634
0.14000000059604645,0.23000000417232513,0.6299999952316284,three_way_lgbm_focused_coarse,95.0969198183513,95.0969198183513
0.12999999523162842,0.20000000298023224,0.6700000166893005,three_way_lgbm_focused_coarse,95.09867646120905,95.09867646120905
0.10000000149011612,0.17000000178813934,0.7300000190734863,three_way_lgbm_focused_coarse,95.1011026886766,95.1011026886766
0.0,0.1599999964237213,0.8399999737739563,pair_et_lgbm,95.10129430735083,95.10129430735083
0.0,0.5529999732971191,0.44699999690055847,pair_et_lgbm,95.11146268162922,95.11146268162922
0.0,0.1589999943971634,0.8410000205039978,pair_et_lgbm,95.11766428034493,95.11766428034493
0.14000000059604645,0.2199999988079071,0.6399999856948853,three_way_lgbm_focused_coarse,95.12090780586713,95.12090780586713
0.07999999821186066,0.1599999964237213,0.7599999904632568,three_way_lgbm_focused_coarse,95.12232715745297,95.12232715745297
0.0,0.5540000200271606,0.44600000977516174,pair_et_lgbm,95.12788328631888,95.12788328631888
0.0,0.15800000727176666,0.8420000076293945,pair_et_lgbm,95.1341184821094,95.1341184821094
0.11999999731779099,0.18000000715255737,0.699999988079071,three_way_lgbm_focused_coarse,95.14126430125816,95.14126430125816
0.0,0.5550000071525574,0.4449999928474426,pair_et_lgbm,95.14439072822172,95.14439072822172
0.0,0.15700000524520874,0.8429999947547913,pair_et_lgbm,95.15065638107276,95.15065638107276
0.14000000059604645,0.20999999344348907,0.6499999761581421,three_way_lgbm_focused_coarse,95.1532190471193,95.1532190471193
0.12999999523162842,0.1899999976158142,0.6800000071525574,three_way_lgbm_focused_coarse,95.15372062498645,95.15372062498645
0.10999999940395355,0.17000000178813934,0.7200000286102295,three_way_lgbm_focused_coarse,95.15648134930329,95.15648134930329
0.09000000357627869,0.1599999964237213,0.75,three_way_lgbm_focused_coarse,95.1572616120144,95.1572616120144
0.0,0.5559999942779541,0.4440000057220459,pair_et_lgbm,95.160980036152,95.160980036152
0.0,0.15600000321865082,0.843999981880188,pair_et_lgbm,95.16727763662558,95.16727763662558
0.0,0.5569999814033508,0.4429999887943268,pair_et_lgbm,95.17765366369072,95.17765366369072
0.0,0.1550000011920929,0.8450000286102295,pair_et_lgbm,95.18398058945878,95.18398058945878
0.14000000059604645,0.20000000298023224,0.6600000262260437,three_way_lgbm_focused_coarse,95.19385037167334,95.19385037167334
0.0,0.5580000281333923,0.44200000166893005,pair_et_lgbm,95.19440745500003,95.19440745500003
0.03999999910593033,0.15000000596046448,0.8100000023841858,three_way_lgbm_focused_coarse,95.19748971692302,95.19748971692302
0.05000000074505806,0.15000000596046448,0.800000011920929,three_way_lgbm_focused_coarse,95.19762180931671,95.19762180931671
0.10000000149011612,0.1599999964237213,0.7400000095367432,three_way_lgbm_focused_coarse,95.19937513343154,95.19937513343154
0.0,0.15399999916553497,0.8460000157356262,pair_et_lgbm,95.20076848461618,95.20076848461618
0.029999999329447746,0.15000000596046448,0.8199999928474426,three_way_lgbm_focused_coarse,95.20453653325123,95.20453653325123
0.05999999865889549,0.15000000596046448,0.7900000214576721,three_way_lgbm_focused_coarse,95.20493319484228,95.20493319484228
0.15000000596046448,0.25,0.6000000238418579,three_way_lgbm_focused_coarse,95.20669870829008,95.20669870829008
0.15000000596046448,0.23999999463558197,0.6100000143051147,three_way_lgbm_focused_coarse,95.20795396121952,95.20795396121952
0.0,0.5590000152587891,0.4410000145435333,pair_et_lgbm,95.21124630416652,95.21124630416652
0.12999999523162842,0.18000000715255737,0.6899999976158142,three_way_lgbm_focused_coarse,95.21708749909098,95.21708749909098
0.15000000596046448,0.23000000417232513,0.6200000047683716,three_way_lgbm_focused_coarse,95.21753147902909,95.21753147902909
0.0,0.15299999713897705,0.847000002861023,pair_et_lgbm,95.21763927872182,95.21763927872182
0.019999999552965164,0.15000000596046448,0.8299999833106995,three_way_lgbm_focused_coarse,95.21876228900759,95.21876228900759
0.11999999731779099,0.17000000178813934,0.7099999785423279,three_way_lgbm_focused_coarse,95.21904126605119,95.21904126605119
0.07000000029802322,0.15000000596046448,0.7799999713897705,three_way_lgbm_focused_coarse,95.21942526863467,95.21942526863467
0.0,0.5600000023841858,0.4399999976158142,pair_et_lgbm,95.22816982662815,95.22816982662815
0.0,0.15199999511241913,0.8479999899864197,pair_et_lgbm,95.23459339264687,95.23459339264687
0.15000000596046448,0.2199999988079071,0.6299999952316284,three_way_lgbm_focused_coarse,95.23543328260976,95.23543328260976
0.009999999776482582,0.15000000596046448,0.8399999737739563,three_way_lgbm_focused_coarse,95.24016718659053,95.24016718659053
0.07999999821186066,0.15000000596046448,0.7699999809265137,three_way_lgbm_focused_coarse,95.24109481369061,95.24109481369061
0.14000000059604645,0.1899999976158142,0.6700000166893005,three_way_lgbm_focused_coarse,95.24280866409472,95.24280866409472
0.0,0.5609999895095825,0.4390000104904175,pair_et_lgbm,95.24517505301839,95.24517505301839
0.10999999940395355,0.1599999964237213,0.7300000190734863,three_way_lgbm_focused_coarse,95.24866790696565,95.24866790696565
0.0,0.1509999930858612,0.8489999771118164,pair_et_lgbm,95.25163064597959,95.25163064597959
0.15000000596046448,0.20999999344348907,0.6399999856948853,three_way_lgbm_focused_coarse,95.26165836479309,95.26165836479309
0.0,0.5619999766349792,0.43799999356269836,pair_et_lgbm,95.26226540920517,95.26226540920517
0.0,0.15000000596046448,0.8500000238418579,pair_et_lgbm,95.26874959750516,95.26874959750516
0.09000000357627869,0.15000000596046448,0.7599999904632568,three_way_lgbm_focused_coarse,95.26994293132229,95.26994293132229
0.0,0.5630000233650208,0.43700000643730164,pair_et_lgbm,95.2794348891219,95.2794348891219
0.0,0.14900000393390656,0.8510000109672546,pair_et_lgbm,95.28595346826387,95.28595346826387
0.12999999523162842,0.17000000178813934,0.699999988079071,three_way_lgbm_focused_coarse,95.28877818723544,95.28877818723544
0.15000000596046448,0.20000000298023224,0.6499999761581421,three_way_lgbm_focused_coarse,95.29620609107559,95.29620609107559
0.0,0.5640000104904175,0.4359999895095825,pair_et_lgbm,95.29669141163443,95.29669141163443
0.14000000059604645,0.18000000715255737,0.6800000071525574,three_way_lgbm_focused_coarse,95.30008908296227,95.30008908296227
0.0,0.14800000190734863,0.8519999980926514,pair_et_lgbm,95.30324044561964,95.30324044561964
0.11999999731779099,0.1599999964237213,0.7200000286102295,three_way_lgbm_focused_coarse,95.30513908636078,95.30513908636078
0.10000000149011612,0.15000000596046448,0.75,three_way_lgbm_focused_coarse,95.30597017844009,95.30597017844009
0.0,0.5649999976158142,0.4350000023841858,pair_et_lgbm,95.31402959443801,95.31402959443801
0.0,0.1469999998807907,0.8529999852180481,pair_et_lgbm,95.32061054023113,95.32061054023113
0.0,0.5659999847412109,0.4339999854564667,pair_et_lgbm,95.33145270148336,95.33145270148336
0.0,0.1459999978542328,0.8539999723434448,pair_et_lgbm,95.33806425621165,95.33806425621165
0.15000000596046448,0.1899999976158142,0.6600000262260437,three_way_lgbm_focused_coarse,95.3390753150939,95.3390753150939
0.1599999964237213,0.23999999463558197,0.6000000238418579,three_way_lgbm_focused_coarse,95.34183105574283,95.34183105574283
0.05000000074505806,0.14000000059604645,0.8100000023841858,three_way_lgbm_focused_coarse,95.34297195015154,95.34297195015154
0.05999999865889549,0.14000000059604645,0.800000011920929,three_way_lgbm_focused_coarse,95.3441969810056,95.3441969810056
0.1599999964237213,0.23000000417232513,0.6100000143051147,three_way_lgbm_focused_coarse,95.3453224141523,95.3453224141523
0.03999999910593033,0.14000000059604645,0.8199999928474426,three_way_lgbm_focused_coarse,95.34892587476614,95.34892587476614
0.0,0.5669999718666077,0.43299999833106995,pair_et_lgbm,95.34895748859252,95.34895748859252
0.10999999940395355,0.15000000596046448,0.7400000095367432,three_way_lgbm_focused_coarse,95.34917672819428,95.34917672819428
0.07000000029802322,0.14000000059604645,0.7900000214576721,three_way_lgbm_focused_coarse,95.35260105064906,95.35260105064906
0.0,0.14499999582767487,0.8550000190734863,pair_et_lgbm,95.35559963855833,95.35559963855833
0.1599999964237213,0.2199999988079071,0.6200000047683716,three_way_lgbm_focused_coarse,95.35713809597247,95.35713809597247
0.029999999329447746,0.14000000059604645,0.8299999833106995,three_way_lgbm_focused_coarse,95.36205880433778,95.36205880433778
0.14000000059604645,0.17000000178813934,0.6899999976158142,three_way_lgbm_focused_coarse,95.36569381593398,95.36569381593398
0.0,0.5680000185966492,0.4320000112056732,pair_et_lgbm,95.36654330969768,95.36654330969768
0.07999999821186066,0.14000000059604645,0.7799999713897705,three_way_lgbm_focused_coarse,95.36818628561221,95.36818628561221
0.12999999523162842,0.1599999964237213,0.7099999785423279,three_way_lgbm_focused_coarse,95.36879212440707,95.36879212440707
0.0,0.14399999380111694,0.8560000061988831,pair_et_lgbm,95.37321981305813,95.37321981305813
0.1599999964237213,0.20999999344348907,0.6299999952316284,three_way_lgbm_focused_coarse,95.37727702595356,95.37727702595356
0.019999999552965164,0.14000000059604645,0.8399999737739563,three_way_lgbm_focused_coarse,95.38237087599245,95.38237087599245
0.0,0.5690000057220459,0.4309999942779541,pair_et_lgbm,95.38421593294814,95.38421593294814
0.15000000596046448,0.18000000715255737,0.6700000166893005,three_way_lgbm_focused_coarse,95.39026994123375,95.39026994123375
0.0,0.14300000667572021,0.8569999933242798,pair_et_lgbm,95.39092261217124,95.39092261217124
0.09000000357627869,0.14000000059604645,0.7699999809265137,three_way_lgbm_focused_coarse,95.39094831182163,95.39094831182163
0.11999999731779099,0.15000000596046448,0.7300000190734863,three_way_lgbm_focused_coarse,95.39956224360269,95.39956224360269
0.0,0.5699999928474426,0.4300000071525574,pair_et_lgbm,95.40197041638014,95.40197041638014
0.1599999964237213,0.20000000298023224,0.6399999856948853,three_way_lgbm_focused_coarse,95.40573868197917,95.40573868197917
0.0,0.1420000046491623,0.8579999804496765,pair_et_lgbm,95.40870878856603,95.40870878856603
0.009999999776482582,0.14000000059604645,0.8500000238418579,three_way_lgbm_focused_coarse,95.40986011997725,95.40986011997725
0.0,0.5709999799728394,0.42899999022483826,pair_et_lgbm,95.41980956213972,95.41980956213972
0.10000000149011612,0.14000000059604645,0.7599999904632568,three_way_lgbm_focused_coarse,95.42088961260689,95.42088961260689
0.0,0.14100000262260437,0.859000027179718,pair_et_lgbm,95.42657727052284,95.42657727052284
0.0,0.5720000267028809,0.42800000309944153,pair_et_lgbm,95.43772830821094,95.43772830821094
0.14000000059604645,0.1599999964237213,0.699999988079071,three_way_lgbm_focused_coarse,95.43962160850236,95.43962160850236
0.1599999964237213,0.1899999976158142,0.6499999761581421,three_way_lgbm_focused_coarse,95.44252437574085,95.44252437574085
0.0,0.14000000059604645,0.8600000143051147,pair_et_lgbm,95.44453017038593,95.44453017038593
0.15000000596046448,0.17000000178813934,0.6800000071525574,three_way_lgbm_focused_coarse,95.44978840591668,95.44978840591668
0.0,0.5730000138282776,0.4269999861717224,pair_et_lgbm,95.45573415808067,95.45573415808067
0.12999999523162842,0.15000000596046448,0.7200000286102295,three_way_lgbm_focused_coarse,95.45712661958947,95.45712661958947
0.10999999940395355,0.14000000059604645,0.75,three_way_lgbm_focused_coarse,95.45800995187521,95.45800995187521
0.0,0.13899999856948853,0.8610000014305115,pair_et_lgbm,95.46256627887347,95.46256627887347
0.0,0.5740000009536743,0.4259999990463257,pair_et_lgbm,95.47382121783335,95.47382121783335
0.17000000178813934,0.23000000417232513,0.6000000238418579,three_way_lgbm_focused_coarse,95.48029203346069,95.48029203346069
0.0,0.1379999965429306,0.8619999885559082,pair_et_lgbm,95.48068569141411,95.48068569141411
0.17000000178813934,0.2199999988079071,0.6100000143051147,three_way_lgbm_focused_coarse,95.486021505279,95.486021505279
0.1599999964237213,0.18000000715255737,0.6600000262260437,three_way_lgbm_focused_coarse,95.48762983650906,95.48762983650906
0.05999999865889549,0.12999999523162842,0.8100000023841858,three_way_lgbm_focused_coarse,95.49178440717989,95.49178440717989
0.0,0.574999988079071,0.42500001192092896,pair_et_lgbm,95.4919918539842,95.4919918539842
0.07000000029802322,0.12999999523162842,0.800000011920929,three_way_lgbm_focused_coarse,95.49410218779931,95.49410218779931
0.05000000074505806,0.12999999523162842,0.8199999928474426,three_way_lgbm_focused_coarse,95.4966452051933,95.4966452051933
0.0,0.13699999451637268,0.8629999756813049,pair_et_lgbm,95.4988883336432,95.4988883336432
0.17000000178813934,0.20999999344348907,0.6200000047683716,three_way_lgbm_focused_coarse,95.5000741741971,95.5000741741971
0.11999999731779099,0.14000000059604645,0.7400000095367432,three_way_lgbm_focused_coarse,95.50230929483752,95.50230929483752
0.07999999821186066,0.12999999523162842,0.7900000214576721,three_way_lgbm_focused_coarse,95.50359930984918,95.50359930984918
0.03999999910593033,0.12999999523162842,0.8299999833106995,three_way_lgbm_focused_coarse,95.50868535229223,95.50868535229223
0.0,0.5759999752044678,0.42399999499320984,pair_et_lgbm,95.51024728843538,95.51024728843538
0.0,0.13600000739097595,0.8640000224113464,pair_et_lgbm,95.51717245524624,95.51717245524624
0.15000000596046448,0.1599999964237213,0.6899999976158142,three_way_lgbm_focused_coarse,95.5176302530459,95.5176302530459
0.09000000357627869,0.12999999523162842,0.7799999713897705,three_way_lgbm_focused_coarse,95.5202771732042,95.5202771732042
0.14000000059604645,0.15000000596046448,0.7099999785423279,three_way_lgbm_focused_coarse,95.52187228641564,95.52187228641564
0.17000000178813934,0.20000000298023224,0.6299999952316284,three_way_lgbm_focused_coarse,95.52244971200682,95.52244971200682
0.029999999329447746,0.12999999523162842,0.8399999737739563,three_way_lgbm_focused_coarse,95.52790446867543,95.52790446867543
0.0,0.5770000219345093,0.4230000078678131,pair_et_lgbm,95.52858234292736,95.52858234292736
0.0,0.13500000536441803,0.8650000095367432,pair_et_lgbm,95.53554143883756,95.53554143883756
0.1599999964237213,0.17000000178813934,0.6700000166893005,three_way_lgbm_focused_coarse,95.54106242283564,95.54106242283564
0.10000000149011612,0.12999999523162842,0.7699999809265137,three_way_lgbm_focused_coarse,95.54413229794349,95.54413229794349
0.0,0.578000009059906,0.421999990940094,pair_et_lgbm,95.54700397142915,95.54700397142915
0.17000000178813934,0.1899999976158142,0.6399999856948853,three_way_lgbm_focused_coarse,95.55314931520985,95.55314931520985
0.12999999523162842,0.14000000059604645,0.7300000190734863,three_way_lgbm_focused_coarse,95.55378771986138,95.55378771986138
0.0,0.1340000033378601,0.8659999966621399,pair_et_lgbm,95.55399401226515,95.55399401226515
0.019999999552965164,0.12999999523162842,0.8500000238418579,three_way_lgbm_focused_coarse,95.55430089190632,95.55430089190632
0.0,0.5789999961853027,0.42100000381469727,pair_et_lgbm,95.5655075915853,95.5655075915853
0.0,0.13300000131130219,0.8669999837875366,pair_et_lgbm,95.57252945553527,95.57252945553527
0.10999999940395355,0.12999999523162842,0.7599999904632568,three_way_lgbm_focused_coarse,95.57516656326413,95.57516656326413
0.0,0.5799999833106995,0.41999998688697815,pair_et_lgbm,95.5840955562785,95.5840955562785
0.009999999776482582,0.12999999523162842,0.8600000143051147,three_way_lgbm_focused_coarse,95.58787827310981,95.58787827310981
0.0,0.13199999928474426,0.8679999709129333,pair_et_lgbm,95.59114828353145,95.59114828353145
0.17000000178813934,0.18000000715255737,0.6499999761581421,three_way_lgbm_focused_coarse,95.5921713405667,95.5921713405667
0.15000000596046448,0.15000000596046448,0.699999988079071,three_way_lgbm_focused_coarse,95.59379465918214,95.59379465918214
0.0,0.5809999704360962,0.4189999997615814,pair_et_lgbm,95.60276575588546,95.60276575588546
0.1599999964237213,0.1599999964237213,0.6800000071525574,three_way_lgbm_focused_coarse,95.60281804167911,95.60281804167911
0.0,0.13099999725818634,0.8690000176429749,pair_et_lgbm,95.60984900163025,95.60984900163025
0.14000000059604645,0.14000000059604645,0.7200000286102295,three_way_lgbm_focused_coarse,95.61244467754581,95.61244467754581
0.11999999731779099,0.12999999523162842,0.75,three_way_lgbm_focused_coarse,95.61337953245052,95.61337953245052
0.0,0.5820000171661377,0.4180000126361847,pair_et_lgbm,95.62151679027504,95.62151679027504
0.18000000715255737,0.2199999988079071,0.6000000238418579,three_way_lgbm_focused_coarse,95.62208383122984,95.62208383122984
0.0,0.12999999523162842,0.8700000047683716,pair_et_lgbm,95.62863411092434,95.62863411092434
0.18000000715255737,0.20999999344348907,0.6100000143051147,three_way_lgbm_focused_coarse,95.63005059512894,95.63005059512894
0.17000000178813934,0.17000000178813934,0.6600000262260437,three_way_lgbm_focused_coarse,95.63951511710985,95.63951511710985
0.0,0.5830000042915344,0.4169999957084656,pair_et_lgbm,95.64035482475867,95.64035482475867
0.07000000029802322,0.11999999731779099,0.8100000023841858,three_way_lgbm_focused_coarse,95.6439265835811,95.6439265835811
0.18000000715255737,0.20000000298023224,0.6200000047683716,three_way_lgbm_focused_coarse,95.64633989674549,95.64633989674549
0.07999999821186066,0.11999999731779099,0.800000011920929,three_way_lgbm_focused_coarse,95.64733703133004,95.64733703133004
0.0,0.1289999932050705,0.8709999918937683,pair_et_lgbm,95.64750275762395,95.64750275762395
0.05999999865889549,0.11999999731779099,0.8199999928474426,three_way_lgbm_focused_coarse,95.64769461570604,95.64769461570604
0.09000000357627869,0.11999999731779099,0.7900000214576721,three_way_lgbm_focused_coarse,95.65792697178185,95.65792697178185
0.05000000074505806,0.11999999731779099,0.8299999833106995,three_way_lgbm_focused_coarse,95.65864171225223,95.65864171225223
0.12999999523162842,0.12999999523162842,0.7400000095367432,three_way_lgbm_focused_coarse,95.6587718185373,95.6587718185373
0.0,0.5839999914169312,0.41600000858306885,pair_et_lgbm,95.65927457318207,95.65927457318207
0.0,0.12800000607967377,0.871999979019165,pair_et_lgbm,95.66645387591504,95.66645387591504
0.18000000715255737,0.1899999976158142,0.6299999952316284,three_way_lgbm_focused_coarse,95.67095311525154,95.67095311525154
0.1599999964237213,0.15000000596046448,0.6899999976158142,three_way_lgbm_focused_coarse,95.672896459624,95.672896459624
0.10000000149011612,0.11999999731779099,0.7799999713897705,three_way_lgbm_focused_coarse,95.67569781021977,95.67569781021977
0.03999999910593033,0.11999999731779099,0.8399999737739563,three_way_lgbm_focused_coarse,95.67676789598728,95.67676789598728
0.0,0.5849999785423279,0.41499999165534973,pair_et_lgbm,95.67827883290713,95.67827883290713
0.15000000596046448,0.14000000059604645,0.7099999785423279,three_way_lgbm_focused_coarse,95.67828316003722,95.67828316003722
0.0,0.12700000405311584,0.8730000257492065,pair_et_lgbm,95.6854875473997,95.6854875473997
0.17000000178813934,0.1599999964237213,0.6700000166893005,three_way_lgbm_focused_coarse,95.69518470436618,95.69518470436618
0.0,0.5860000252723694,0.414000004529953,pair_et_lgbm,95.69736305005566,95.69736305005566
0.10999999940395355,0.11999999731779099,0.7699999809265137,three_way_lgbm_focused_coarse,95.70064592319326,95.70064592319326
0.029999999329447746,0.11999999731779099,0.8500000238418579,three_way_lgbm_focused_coarse,95.7020713368464,95.7020713368464
0.18000000715255737,0.18000000715255737,0.6399999856948853,three_way_lgbm_focused_coarse,95.70388925538218,95.70388925538218
0.0,0.12600000202655792,0.8740000128746033,pair_et_lgbm,95.7046058165757,95.7046058165757
0.14000000059604645,0.12999999523162842,0.7300000190734863,three_way_lgbm_focused_coarse,95.71134279791093,95.71134279791093
0.0,0.5870000123977661,0.4129999876022339,pair_et_lgbm,95.7165338815809,95.7165338815809
0.0,0.125,0.875,pair_et_lgbm,95.72380719217173,95.72380719217173
0.11999999731779099,0.11999999731779099,0.7599999904632568,three_way_lgbm_focused_coarse,95.73277280942592,95.73277280942592
0.019999999552965164,0.11999999731779099,0.8600000143051147,three_way_lgbm_focused_coarse,95.73455593896203,95.73455593896203
0.0,0.5879999995231628,0.41200000047683716,pair_et_lgbm,95.73578646130437,95.73578646130437
0.0,0.12399999797344208,0.8759999871253967,pair_et_lgbm,95.74309167596473,95.74309167596473
0.18000000715255737,0.17000000178813934,0.6499999761581421,three_way_lgbm_focused_coarse,95.74514918632883,95.74514918632883
0.1599999964237213,0.14000000059604645,0.699999988079071,three_way_lgbm_focused_coarse,95.75129861472524,95.75129861472524
0.0,0.5889999866485596,0.41100001335144043,pair_et_lgbm,95.75512232359381,95.75512232359381
0.17000000178813934,0.15000000596046448,0.6800000071525574,three_way_lgbm_focused_coarse,95.75917685149108,95.75917685149108
0.0,0.12300000339746475,0.8769999742507935,pair_et_lgbm,95.76245952291673,95.76245952291673
0.1899999976158142,0.20999999344348907,0.6000000238418579,three_way_lgbm_focused_coarse,95.76720628317182,95.76720628317182
0.15000000596046448,0.12999999523162842,0.7200000286102295,three_way_lgbm_focused_coarse,95.77109277004791,95.77109277004791
0.12999999523162842,0.11999999731779099,0.75,three_way_lgbm_focused_coarse,95.77207910911342,95.77207910911342
0.009999999776482582,0.11999999731779099,0.8700000047683716,three_way_lgbm_focused_coarse,95.7742188351321,95.7742188351321
0.0,0.5899999737739563,0.4099999964237213,pair_et_lgbm,95.77454294029128,95.77454294029128
0.1899999976158142,0.20000000298023224,0.6100000143051147,three_way_lgbm_focused_coarse,95.77740940814934,95.77740940814934
0.0,0.12200000137090683,0.878000020980835,pair_et_lgbm,95.7819095583337,95.7819095583337
0.0,0.5910000205039978,0.4090000092983246,pair_et_lgbm,95.7940433331166,95.7940433331166
0.18000000715255737,0.1599999964237213,0.6600000262260437,three_way_lgbm_focused_coarse,95.7947299207924,95.7947299207924
0.1899999976158142,0.1899999976158142,0.6200000047683716,three_way_lgbm_focused_coarse,95.79593655627194,95.79593655627194
0.07999999821186066,0.10999999940395355,0.8100000023841858,three_way_lgbm_focused_coarse,95.79939863470659,95.79939863470659
0.0,0.12099999934434891,0.8790000081062317,pair_et_lgbm,95.80144392273866,95.80144392273866
0.07000000029802322,0.10999999940395355,0.8199999928474426,three_way_lgbm_focused_coarse,95.80207371502128,95.80207371502128
0.09000000357627869,0.10999999940395355,0.800000011920929,three_way_lgbm_focused_coarse,95.80390197604774,95.80390197604774
0.05999999865889549,0.10999999940395355,0.8299999833106995,three_way_lgbm_focused_coarse,95.81192794829876,95.81192794829876
0.0,0.5920000076293945,0.40799999237060547,pair_et_lgbm,95.81363027909609,95.81363027909609
0.10000000149011612,0.10999999940395355,0.7900000214576721,three_way_lgbm_focused_coarse,95.81558494171774,95.81558494171774
0.14000000059604645,0.11999999731779099,0.7400000095367432,three_way_lgbm_focused_coarse,95.8185638559382,95.8185638559382
0.0,0.11999999731779099,0.8799999952316284,pair_et_lgbm,95.82106127844906,95.82106127844906
0.1899999976158142,0.18000000715255737,0.6299999952316284,three_way_lgbm_focused_coarse,95.82278644066739,95.82278644066739
0.05000000074505806,0.10999999940395355,0.8399999737739563,three_way_lgbm_focused_coarse,95.82896152272328,95.82896152272328
0.17000000178813934,0.14000000059604645,0.6899999976158142,three_way_lgbm_focused_coarse,95.83149301104758,95.83149301104758
0.0,0.5929999947547913,0.40700000524520874,pair_et_lgbm,95.8332990899804,95.8332990899804
0.10999999940395355,0.10999999940395355,0.7799999713897705,three_way_lgbm_focused_coarse,95.83444865727839,95.83444865727839
0.1599999964237213,0.12999999523162842,0.7099999785423279,three_way_lgbm_focused_coarse,95.83802464827188,95.83802464827188
0.0,0.11900000274181366,0.8809999823570251,pair_et_lgbm,95.84076196916105,95.84076196916105
0.18000000715255737,0.15000000596046448,0.6700000166893005,three_way_lgbm_focused_coarse,95.85263610420513,95.85263610420513
0.0,0.593999981880188,0.4059999883174896,pair_et_lgbm,95.85305262677176,95.85305262677176
0.03999999910593033,0.10999999940395355,0.8500000238418579,three_way_lgbm_focused_coarse,95.85317217219502,95.85317217219502
0.1899999976158142,0.17000000178813934,0.6399999856948853,three_way_lgbm_focused_coarse,95.85796043118756,95.85796043118756
0.11999999731779099,0.10999999940395355,0.7699999809265137,three_way_lgbm_focused_coarse,95.86048965578877,95.86048965578877
0.0,0.11800000071525574,0.8820000290870667,pair_et_lgbm,95.86054481770059,95.8605448171741
0.15000000596046448,0.11999999731779099,0.7300000190734863,three_way_lgbm_focused_coarse,95.87222773211215,95.87222773211215
0.0,0.5950000286102295,0.4050000011920929,pair_et_lgbm,95.87288613568474,95.87288613568474
0.0,0.11699999868869781,0.8830000162124634,pair_et_lgbm,95.88041195388165,95.88041195388165
0.029999999329447746,0.10999999940395355,0.8600000143051147,three_way_lgbm_focused_coarse,95.8845636353435,95.8845636353435
0.0,0.5960000157356262,0.40400001406669617,pair_et_lgbm,95.89280428251645,95.89280428251645
0.12999999523162842,0.10999999940395355,0.7599999904632568,three_way_lgbm_focused_coarse,95.89370955709146,95.89370955709146
0.0,0.11599999666213989,0.8840000033378601,pair_et_lgbm,95.90036251955522,95.90036251955522
0.1899999976158142,0.1599999964237213,0.6499999761581421,three_way_lgbm_focused_coarse,95.9014575472186,95.9014575472186
0.17000000178813934,0.12999999523162842,0.699999988079071,three_way_lgbm_focused_coarse,95.91213237385858,95.91213237385858
0.0,0.597000002861023,0.40299999713897705,pair_et_lgbm,95.91280750863186,95.91280750863186
0.20000000298023224,0.20000000298023224,0.6000000238418579,three_way_lgbm_focused_coarse,95.91565755451809,95.91565755451809
0.18000000715255737,0.14000000059604645,0.6800000071525574,three_way_lgbm_focused_coarse,95.91886630523373,95.91886630523373
0.0,0.11500000208616257,0.8849999904632568,pair_et_lgbm,95.9203959962367,95.9203959962367
0.019999999552965164,0.10999999940395355,0.8700000047683716,three_way_lgbm_focused_coarse,95.92313371921213,95.92313371921213
0.20000000298023224,0.1899999976158142,0.6100000143051147,three_way_lgbm_focused_coarse,95.92809853409237,95.92809853409237
0.0,0.5979999899864197,0.4020000100135803,pair_et_lgbm,95.93289249843737,95.93289249843737
0.1599999964237213,0.11999999731779099,0.7200000286102295,three_way_lgbm_focused_coarse,95.933070862562,95.933070862562
0.14000000059604645,0.10999999940395355,0.75,three_way_lgbm_focused_coarse,95.93410814041331,95.93410814041331
0.0,0.11400000005960464,0.8859999775886536,pair_et_lgbm,95.9405129706209,95.9405129706209
0.20000000298023224,0.18000000715255737,0.6200000047683716,three_way_lgbm_focused_coarse,95.94886227179812,95.94886227179812
0.0,0.5989999771118164,0.4009999930858612,pair_et_lgbm,95.95306199415582,95.95306199415582
0.1899999976158142,0.15000000596046448,0.6600000262260437,three_way_lgbm_focused_coarse,95.95327479552697,95.95327479552697
0.09000000357627869,0.10000000149011612,0.8100000023841858,three_way_lgbm_focused_coarse,95.95820077695015,95.95820077695015
0.07999999821186066,0.10000000149011612,0.8199999928474426,three_way_lgbm_focused_coarse,95.95978306784635,95.95978306784635
0.0,0.11299999803304672,0.8870000243186951,pair_et_lgbm,95.96071174255036,95.96071174202386
0.10000000149011612,0.10000000149011612,0.800000011920929,three_way_lgbm_focused_coarse,95.96379716417047,95.96379716417047
0.07000000029802322,0.10000000149011612,0.8299999833106995,three_way_lgbm_focused_coarse,95.96854454864001,95.96854454864001
0.009999999776482582,0.10999999940395355,0.8799999952316284,three_way_lgbm_focused_coarse,95.9688835094308,95.9688835094308
0.0,0.6000000238418579,0.4000000059604645,pair_et_lgbm,95.97331149150698,95.97331149150698
0.10999999940395355,0.10000000149011612,0.7900000214576721,three_way_lgbm_focused_coarse,95.97657280632183,95.97657280632183
0.20000000298023224,0.17000000178813934,0.6299999952316284,three_way_lgbm_focused_coarse,95.97795016615724,95.97795016615724
0.0,0.1120000034570694,0.8880000114440918,pair_et_lgbm,95.98099527014357,95.98099527014357
0.15000000596046448,0.10999999940395355,0.7400000095367432,three_way_lgbm_focused_coarse,95.98168600133809,95.98168600133809
0.05999999865889549,0.10000000149011612,0.8399999737739563,three_way_lgbm_focused_coarse,95.9844849634812,95.9844849634812
0.18000000715255737,0.12999999523162842,0.6899999976158142,three_way_lgbm_focused_coarse,95.99341986488855,95.99341986488855
0.0,0.6010000109672546,0.39899998903274536,pair_et_lgbm,95.99364783246727,95.99364783246727
0.11999999731779099,0.10000000149011612,0.7799999713897705,three_way_lgbm_focused_coarse,95.99652964246403,95.99652964246403
0.17000000178813934,0.11999999731779099,0.7099999785423279,three_way_lgbm_focused_coarse,96.00109527310332,96.00109527310332
0.0,0.11100000143051147,0.8889999985694885,pair_et_lgbm,96.0013620443572,96.0013620443572
0.05000000074505806,0.10000000149011612,0.8500000238418579,three_way_lgbm_focused_coarse,96.00760276420354,96.00760276420354
0.1899999976158142,0.14000000059604645,0.6700000166893005,three_way_lgbm_focused_coarse,96.01341906819808,96.01341906819808
0.0,0.6019999980926514,0.39800000190734863,pair_et_lgbm,96.01406578075249,96.01406578075249
0.20000000298023224,0.1599999964237213,0.6399999856948853,three_way_lgbm_focused_coarse,96.01536112386452,96.01536112386452
0.0,0.10999999940395355,0.8899999856948853,pair_et_lgbm,96.02181166602983,96.02181166602983
0.12999999523162842,0.10000000149011612,0.7699999809265137,three_way_lgbm_focused_coarse,96.02366336943389,96.02366336943389
0.0,0.6029999852180481,0.3970000147819519,pair_et_lgbm,96.03456669546294,96.03456669546294
0.1599999964237213,0.10999999940395355,0.7300000190734863,three_way_lgbm_focused_coarse,96.0364432420909,96.0364432420909
0.03999999910593033,0.10000000149011612,0.8600000143051147,three_way_lgbm_focused_coarse,96.03790140617353,96.03790140617353
0.0,0.10899999737739563,0.890999972820282,pair_et_lgbm,96.04234490300367,96.04234490300367
0.0,0.6039999723434448,0.3959999978542328,pair_et_lgbm,96.05515246839632,96.05515246839632
0.14000000059604645,0.10000000149011612,0.7599999904632568,three_way_lgbm_focused_coarse,96.05797592057431,96.05797592057431
0.20000000298023224,0.15000000596046448,0.6499999761581421,three_way_lgbm_focused_coarse,96.06109502907809,96.06109502907809
0.0,0.1080000028014183,0.8920000195503235,pair_et_lgbm,96.06296007345388,96.06296007292738
0.20999999344348907,0.1899999976158142,0.6000000238418579,three_way_lgbm_focused_coarse,96.06744011895861,96.06744011895861
0.029999999329447746,0.10000000149011612,0.8700000047683716,three_way_lgbm_focused_coarse,96.07537872978259,96.07537872978259
0.0,0.6050000190734863,0.39500001072883606,pair_et_lgbm,96.0758182804444,96.0758182804444
0.18000000715255737,0.11999999731779099,0.699999988079071,three_way_lgbm_focused_coarse,96.0762962232606,96.0762962232606
0.1899999976158142,0.12999999523162842,0.6800000071525574,three_way_lgbm_focused_coarse,96.0818863886565,96.0818863886565
0.20999999344348907,0.18000000715255737,0.6100000143051147,three_way_lgbm_focused_coarse,96.08211767579728,96.08211767579728
0.0,0.10700000077486038,0.8930000066757202,pair_et_lgbm,96.0836594901956,96.0836594901956
0.0,0.6060000061988831,0.39399999380111694,pair_et_lgbm,96.096570577381,96.096570577381
0.17000000178813934,0.10999999940395355,0.7200000286102295,three_way_lgbm_focused_coarse,96.09837873426432,96.09837873426432
0.15000000596046448,0.10000000149011612,0.75,three_way_lgbm_focused_coarse,96.09946740253766,96.09946740253766
0.0,0.10599999874830246,0.8939999938011169,pair_et_lgbm,96.10444235073439,96.10444235073439
0.20999999344348907,0.17000000178813934,0.6200000047683716,three_way_lgbm_focused_coarse,96.10511948514251,96.10511948514251
0.20000000298023224,0.14000000059604645,0.6600000262260437,three_way_lgbm_focused_coarse,96.11515002607857,96.11515002607857
0.0,0.6069999933242798,0.3930000066757202,pair_et_lgbm,96.11740450084557,96.11740450084557
0.019999999552965164,0.10000000149011612,0.8799999952316284,three_way_lgbm_focused_coarse,96.12003531720133,96.12003531720133
0.10000000149011612,0.09000000357627869,0.8100000023841858,three_way_lgbm_focused_coarse,96.12033294784995,96.12033294784995
0.09000000357627869,0.09000000357627869,0.8199999928474426,three_way_lgbm_focused_coarse,96.12082245016121,96.12082245016121
0.0,0.10499999672174454,0.8949999809265137,pair_et_lgbm,96.12530829157232,96.12530829157232
0.10999999940395355,0.09000000357627869,0.800000011920929,three_way_lgbm_focused_coarse,96.12702211658474,96.12702211658474
0.07999999821186066,0.09000000357627869,0.8299999833106995,three_way_lgbm_focused_coarse,96.12849100484398,96.12849100484398
0.20999999344348907,0.1599999964237213,0.6299999952316284,three_way_lgbm_focused_coarse,96.13644438604278,96.13644438604278
0.0,0.6079999804496765,0.3919999897480011,pair_et_lgbm,96.13832329973587,96.13832329973587
0.11999999731779099,0.09000000357627869,0.7900000214576721,three_way_lgbm_focused_coarse,96.14089099701478,96.14089099701478
0.07000000029802322,0.09000000357627869,0.8399999737739563,three_way_lgbm_focused_coarse,96.1433385641611,96.1433385641611
0.0,0.10400000214576721,0.8960000276565552,pair_et_lgbm,96.14625636202449,96.14625636149799
0.1599999964237213,0.10000000149011612,0.7400000095367432,three_way_lgbm_focused_coarse,96.14813853767497,96.14813853767497
0.1899999976158142,0.11999999731779099,0.6899999976158142,three_way_lgbm_focused_coarse,96.15867668697142,96.15867668697142
0.0,0.609000027179718,0.39100000262260437,pair_et_lgbm,96.1593219913279,96.1593219913279
0.12999999523162842,0.09000000357627869,0.7799999713897705,three_way_lgbm_focused_coarse,96.16194058176457,96.16194058176457
0.05999999865889549,0.09000000357627869,0.8500000238418579,three_way_lgbm_focused_coarse,96.1653636245876,96.1653636245876
0.0,0.10300000011920929,0.8970000147819519,pair_et_lgbm,96.16728863902115,96.16728863849465
0.18000000715255737,0.10999999940395355,0.7099999785423279,three_way_lgbm_focused_coarse,96.16749591534443,96.16749591534443
0.009999999776482582,0.10000000149011612,0.8899999856948853,three_way_lgbm_focused_coarse,96.17187084754546,96.17187084754546
0.20999999344348907,0.15000000596046448,0.6399999856948853,three_way_lgbm_focused_coarse,96.17609192160586,96.17609192160586
0.20000000298023224,0.12999999523162842,0.6700000166893005,three_way_lgbm_focused_coarse,96.17753156439313,96.17753156439313
0.0,0.6100000143051147,0.38999998569488525,pair_et_lgbm,96.18040699585191,96.18040699585191
0.0,0.10199999809265137,0.8980000019073486,pair_et_lgbm,96.18840465684643,96.18840465684643
0.14000000059604645,0.09000000357627869,0.7699999809265137,three_way_lgbm_focused_coarse,96.19016692045821,96.19016692045821
0.05000000074505806,0.09000000357627869,0.8600000143051147,three_way_lgbm_focused_coarse,96.19456921763232,96.19456921763232
0.0,0.6110000014305115,0.3889999985694885,pair_et_lgbm,96.20157405668888,96.20157405668888
0.17000000178813934,0.10000000149011612,0.7300000190734863,three_way_lgbm_focused_coarse,96.20398828462244,96.20398828462244
0.0,0.10100000351667404,0.8989999890327454,pair_et_lgbm,96.20960334732999,96.20960334732999
0.2199999988079071,0.18000000715255737,0.6000000238418579,three_way_lgbm_focused_coarse,96.22255151033599,96.22255151033599
0.0,0.6119999885559082,0.3880000114440918,pair_et_lgbm,96.22282416394735,96.22282416394735
0.20999999344348907,0.14000000059604645,0.6499999761581421,three_way_lgbm_focused_coarse,96.22406371951905,96.22406371951905
0.15000000596046448,0.09000000357627869,0.7599999904632568,three_way_lgbm_focused_coarse,96.2255725119129,96.2255725119129
0.0,0.10000000149011612,0.8999999761581421,pair_et_lgbm,96.23088565056523,96.23088565056523
0.03999999910593033,0.09000000357627869,0.8700000047683716,three_way_lgbm_focused_coarse,96.23095383988392,96.23095383988392
0.2199999988079071,0.17000000178813934,0.6100000143051147,three_way_lgbm_focused_coarse,96.23946716628099,96.23946716628099
0.1899999976158142,0.10999999940395355,0.699999988079071,three_way_lgbm_focused_coarse,96.24379005929684,96.24379005929684
0.0,0.6129999756813049,0.3869999945163727,pair_et_lgbm,96.24415917436086,96.24415917436086
0.20000000298023224,0.11999999731779099,0.6800000071525574,three_way_lgbm_focused_coarse,96.24823564585634,96.24823564585634
0.0,0.0989999994635582,0.9010000228881836,pair_et_lgbm,96.25224986939608,96.25224986886958
0.2199999988079071,0.1599999964237213,0.6200000047683716,three_way_lgbm_focused_coarse,96.26470590312196,96.26470590312196
0.0,0.6140000224113464,0.38600000739097595,pair_et_lgbm,96.26557369625867,96.26557369625867
0.18000000715255737,0.10000000149011612,0.7200000286102295,three_way_lgbm_focused_coarse,96.2670168833533,96.2670168833533
0.1599999964237213,0.09000000357627869,0.75,three_way_lgbm_focused_coarse,96.26815736382538,96.26815736382538
0.0,0.09799999743700027,0.9020000100135803,pair_et_lgbm,96.27369869249674,96.27369869197024
0.029999999329447746,0.09000000357627869,0.8799999952316284,three_way_lgbm_focused_coarse,96.27451753018786,96.27451753018786
0.20999999344348907,0.12999999523162842,0.6600000262260437,three_way_lgbm_focused_coarse,96.28035608150027,96.28035608150027
0.10000000149011612,0.07999999821186066,0.8199999928474426,three_way_lgbm_focused_coarse,96.28519213368435,96.28519213368435
0.10999999940395355,0.07999999821186066,0.8100000023841858,three_way_lgbm_focused_coarse,96.28579569507512,96.28579569507512
0.0,0.6150000095367432,0.38499999046325684,pair_et_lgbm,96.28707524959191,96.28707524959191
0.09000000357627869,0.07999999821186066,0.8299999833106995,three_way_lgbm_focused_coarse,96.2917678259509,96.2917678259509
0.11999999731779099,0.07999999821186066,0.800000011920929,three_way_lgbm_focused_coarse,96.29357788871935,96.29357788871935
0.0,0.09700000286102295,0.902999997138977,pair_et_lgbm,96.29523019541801,96.29523019541801
0.2199999988079071,0.15000000596046448,0.6299999952316284,three_way_lgbm_focused_coarse,96.29826727773312,96.29826727773312
0.07999999821186066,0.07999999821186066,0.8399999737739563,three_way_lgbm_focused_coarse,96.30552268037835,96.30552268037835
0.12999999523162842,0.07999999821186066,0.7900000214576721,three_way_lgbm_focused_coarse,96.30853959804,96.30853959804
0.0,0.6159999966621399,0.3840000033378601,pair_et_lgbm,96.30865839397367,96.30865839397367
0.0,0.09600000083446503,0.9039999842643738,pair_et_lgbm,96.31684527832503,96.31684527832503
0.17000000178813934,0.09000000357627869,0.7400000095367432,three_way_lgbm_focused_coarse,96.3179207120777,96.3179207120777
0.019999999552965164,0.09000000357627869,0.8899999856948853,three_way_lgbm_focused_coarse,96.32526039719825,96.32526039719825
0.07000000029802322,0.07999999821186066,0.8500000238418579,three_way_lgbm_focused_coarse,96.32645458495786,96.32645458495786
0.20000000298023224,0.10999999940395355,0.6899999976158142,three_way_lgbm_focused_coarse,96.32726317021434,96.32726317021434
0.0,0.6169999837875366,0.382999986410141,pair_et_lgbm,96.3303262835872,96.3303262835872
0.14000000059604645,0.07999999821186066,0.7799999713897705,three_way_lgbm_focused_coarse,96.3306818201428,96.3306818201428
0.1899999976158142,0.10000000149011612,0.7099999785423279,three_way_lgbm_focused_coarse,96.33722735130476,96.33722735130476
0.0,0.0949999988079071,0.9049999713897705,pair_et_lgbm,96.33854382219276,96.33854382219276
0.2199999988079071,0.14000000059604645,0.6399999856948853,three_way_lgbm_focused_coarse,96.34015296952167,96.34015296952167
0.20999999344348907,0.11999999731779099,0.6700000166893005,three_way_lgbm_focused_coarse,96.34497433102929,96.34497433102929
0.0,0.6179999709129333,0.38199999928474426,pair_et_lgbm,96.35207601822727,96.35207601822727
0.05999999865889549,0.07999999821186066,0.8600000143051147,three_way_lgbm_focused_coarse,96.3545675887141,96.3545675887141
0.15000000596046448,0.07999999821186066,0.7699999809265137,three_way_lgbm_focused_coarse,96.36000094782578,96.36000094782578
0.0,0.09399999678134918,0.906000018119812,pair_et_lgbm,96.36032428271623,96.36032428271623
0.0,0.6190000176429749,0.38100001215934753,pair_et_lgbm,96.37390680549093,96.37390680549093
0.18000000715255737,0.09000000357627869,0.7300000190734863,three_way_lgbm_focused_coarse,96.37486336919987,96.37486336919987
0.23000000417232513,0.17000000178813934,0.6000000238418579,three_way_lgbm_focused_coarse,96.38099384327526,96.38099384327526
0.0,0.09300000220537186,0.9070000052452087,pair_et_lgbm,96.38218880935479,96.38218880935479
0.009999999776482582,0.09000000357627869,0.8999999761581421,three_way_lgbm_focused_coarse,96.38318198594278,96.38318198594278
0.05000000074505806,0.07999999821186066,0.8700000047683716,three_way_lgbm_focused_coarse,96.38985914199444,96.38985914199444
0.2199999988079071,0.12999999523162842,0.6499999761581421,three_way_lgbm_focused_coarse,96.39036185522612,96.39036185522612
0.0,0.6200000047683716,0.3799999952316284,pair_et_lgbm,96.39582432226611,96.39582432226611
0.1599999964237213,0.07999999821186066,0.7599999904632568,three_way_lgbm_focused_coarse,96.3964997481748,96.3964997481748
0.23000000417232513,0.1599999964237213,0.6100000143051147,three_way_lgbm_focused_coarse,96.40014659423709,96.40014659423709
0.0,0.09200000017881393,0.9079999923706055,pair_et_lgbm,96.40413687316656,96.40413687316656
0.20000000298023224,0.10000000149011612,0.699999988079071,three_way_lgbm_focused_coarse,96.41461375173094,96.41461375173094
0.0,0.6209999918937683,0.3790000081062317,pair_et_lgbm,96.41782367135168,96.41782367135168
0.20999999344348907,0.10999999940395355,0.6800000071525574,three_way_lgbm_focused_coarse,96.41791536141102,96.41791536141102
0.0,0.09099999815225601,0.9089999794960022,pair_et_lgbm,96.42616851737552,96.42616851737552
0.23000000417232513,0.15000000596046448,0.6200000047683716,three_way_lgbm_focused_coarse,96.42762183738195,96.42762183738195
0.03999999910593033,0.07999999821186066,0.8799999952316284,three_way_lgbm_focused_coarse,96.43233006327424,96.43233006327424
0.1899999976158142,0.09000000357627869,0.7200000286102295,three_way_lgbm_focused_coarse,96.43898507246612,96.43898507246612
0.0,0.621999979019165,0.3779999911785126,pair_et_lgbm,96.43990773918156,96.43990773918156
0.17000000178813934,0.07999999821186066,0.75,three_way_lgbm_focused_coarse,96.44017702956698,96.44017702956698
0.0,0.09000000357627869,0.9100000262260437,pair_et_lgbm,96.44828136962263,96.44828136962263
0.2199999988079071,0.11999999731779099,0.6600000262260437,three_way_lgbm_focused_coarse,96.44889081816866,96.44889081816866
0.10999999940395355,0.07000000029802322,0.8199999928474426,three_way_lgbm_focused_coarse,96.4528918466321,96.4528918466321
0.11999999731779099,0.07000000029802322,0.8100000023841858,three_way_lgbm_focused_coarse,96.45458820368141,96.45458820368141
0.10000000149011612,0.07000000029802322,0.8299999833106995,three_way_lgbm_focused_coarse,96.4583745819548,96.4583745819548
0.0,0.6230000257492065,0.37700000405311584,pair_et_lgbm,96.4620714003559,96.4620714003559
0.23000000417232513,0.14000000059604645,0.6299999952316284,three_way_lgbm_focused_coarse,96.46342126497349,96.46342126497349
0.12999999523162842,0.07000000029802322,0.800000011920929,three_way_lgbm_focused_coarse,96.46346322713305,96.46346322713305
0.0,0.08900000154972076,0.9110000133514404,pair_et_lgbm,96.47047902803914,96.47047902803914
0.09000000357627869,0.07000000029802322,0.8399999737739563,three_way_lgbm_focused_coarse,96.47103648061146,96.47103648061146
0.14000000059604645,0.07000000029802322,0.7900000214576721,three_way_lgbm_focused_coarse,96.47951763322679,96.47951763322679
0.029999999329447746,0.07999999821186066,0.8899999856948853,three_way_lgbm_focused_coarse,96.48197997174903,96.48197997174903
0.0,0.6240000128746033,0.37599998712539673,pair_et_lgbm,96.48432204784054,96.48432204784054
0.07999999821186066,0.07000000029802322,0.8500000238418579,three_way_lgbm_focused_coarse,96.49087558423327,96.49087558423327
0.18000000715255737,0.07999999821186066,0.7400000095367432,three_way_lgbm_focused_coarse,96.49103364464597,96.49103364464597
0.0,0.08799999952316284,0.9120000004768372,pair_et_lgbm,96.4927600749461,96.4927600749461
0.20999999344348907,0.10000000149011612,0.6899999976158142,three_way_lgbm_focused_coarse,96.4991801460679,96.4991801460679
0.15000000596046448,0.07000000029802322,0.7799999713897705,three_way_lgbm_focused_coarse,96.50275277640715,96.50275277640715
0.0,0.625,0.375,pair_et_lgbm,96.50665409705273,96.50665409705273
0.23000000417232513,0.12999999523162842,0.6399999856948853,three_way_lgbm_focused_coarse,96.50754408062129,96.50754408062129
0.20000000298023224,0.09000000357627869,0.7099999785423279,three_way_lgbm_focused_coarse,96.5102882080566,96.5102882080566
0.0,0.08699999749660492,0.9129999876022339,pair_et_lgbm,96.51512446853741,96.51512446853741
0.2199999988079071,0.10999999940395355,0.6700000166893005,three_way_lgbm_focused_coarse,96.51574650156009,96.51574650156009
0.07000000029802322,0.07000000029802322,0.8600000143051147,three_way_lgbm_focused_coarse,96.51789556479027,96.51789556479027
0.0,0.6259999871253967,0.37400001287460327,pair_et_lgbm,96.5290697899175,96.5290697899175
0.1599999964237213,0.07000000029802322,0.7699999809265137,three_way_lgbm_focused_coarse,96.53316534232322,96.53316534232322
0.0,0.0860000029206276,0.9139999747276306,pair_et_lgbm,96.53757149301153,96.53757149301153
0.019999999552965164,0.07999999821186066,0.8999999761581421,three_way_lgbm_focused_coarse,96.53880874248463,96.53880874248463
0.23999999463558197,0.1599999964237213,0.6000000238418579,three_way_lgbm_focused_coarse,96.54276674609994,96.54276674609994
0.1899999976158142,0.07999999821186066,0.7300000190734863,three_way_lgbm_focused_coarse,96.54906929835745,96.54906929835745
0.0,0.6269999742507935,0.37299999594688416,pair_et_lgbm,96.55156996774201,96.55156996774201
0.05999999865889549,0.07000000029802322,0.8700000047683716,three_way_lgbm_focused_coarse,96.55209441024789,96.55209441024789
0.23000000417232513,0.11999999731779099,0.6499999761581421,three_way_lgbm_focused_coarse,96.55998965340162,96.55998965340162
0.0,0.08500000089406967,0.9150000214576721,pair_et_lgbm,96.56010131159147,96.56010131159147
0.23999999463558197,0.15000000596046448,0.6100000143051147,three_way_lgbm_focused_coarse,96.56415591870513,96.56415591870513
0.17000000178813934,0.07000000029802322,0.7599999904632568,three_way_lgbm_focused_coarse,96.5707563578378,96.5707563578378
0.0,0.628000020980835,0.3720000088214874,pair_et_lgbm,96.57414984776732,96.57414984776732
0.0,0.08399999886751175,0.9160000085830688,pair_et_lgbm,96.58271521850006,96.58271521850006
0.20999999344348907,0.09000000357627869,0.699999988079071,three_way_lgbm_focused_coarse,96.58876797785523,96.58876797785523
0.2199999988079071,0.10000000149011612,0.6800000071525574,three_way_lgbm_focused_coarse,96.5909249170042,96.5909249170042
0.05000000074505806,0.07000000029802322,0.8799999952316284,three_way_lgbm_focused_coarse,96.59347237238045,96.59347237238045
0.23999999463558197,0.14000000059604645,0.6200000047683716,three_way_lgbm_focused_coarse,96.59386936351929,96.59386936351929
0.0,0.6290000081062317,0.3709999918937683,pair_et_lgbm,96.59681671596567,96.59681671596567
0.009999999776482582,0.07999999821186066,0.9100000262260437,three_way_lgbm_focused_coarse,96.60281503992162,96.60281503992162
0.0,0.08299999684095383,0.9169999957084656,pair_et_lgbm,96.60541255760626,96.60541255760626
0.20000000298023224,0.07999999821186066,0.7200000286102295,three_way_lgbm_focused_coarse,96.61428349686159,96.61428349686159
0.18000000715255737,0.07000000029802322,0.75,three_way_lgbm_focused_coarse,96.61552664598031,96.61552664598031
0.0,0.6299999952316284,0.3700000047683716,pair_et_lgbm,96.61956522423334,96.61956522423334
0.23000000417232513,0.10999999940395355,0.6600000262260437,three_way_lgbm_focused_coarse,96.62075588435141,96.62075588435141
0.11999999731779099,0.05999999865889549,0.8199999928474426,three_way_lgbm_focused_coarse,96.62392171304734,96.62392171304734
0.12999999523162842,0.05999999865889549,0.8100000023841858,three_way_lgbm_focused_coarse,96.62671087392377,96.62671087392377
0.0,0.0820000022649765,0.9179999828338623,pair_et_lgbm,96.62819254328953,96.62819254328953
0.10999999940395355,0.05999999865889549,0.8299999833106995,three_way_lgbm_focused_coarse,96.62831141209772,96.62831141209772
0.23999999463558197,0.12999999523162842,0.6299999952316284,three_way_lgbm_focused_coarse,96.63190560066509,96.63190560066509
0.14000000059604645,0.05999999865889549,0.800000011920929,three_way_lgbm_focused_coarse,96.63667863399094,96.63667863399094
0.10000000149011612,0.05999999865889549,0.8399999737739563,three_way_lgbm_focused_coarse,96.63988056299291,96.63988056299291
0.03999999910593033,0.07000000029802322,0.8899999856948853,three_way_lgbm_focused_coarse,96.64202923327109,96.64202923327109
0.0,0.6309999823570251,0.36899998784065247,pair_et_lgbm,96.64239827013783,96.64239827013783
0.0,0.08100000023841858,0.9190000295639038,pair_et_lgbm,96.65105528585812,96.65105528585812
0.15000000596046448,0.05999999865889549,0.7900000214576721,three_way_lgbm_focused_coarse,96.65382569789588,96.65382569789588
0.09000000357627869,0.05999999865889549,0.8500000238418579,three_way_lgbm_focused_coarse,96.65862674275084,96.65862674275084
0.0,0.6320000290870667,0.36800000071525574,pair_et_lgbm,96.66531113710879,96.66531113710879
0.1899999976158142,0.07000000029802322,0.7400000095367432,three_way_lgbm_focused_coarse,96.66747633031031,96.66747633031031
0.0,0.07999999821186066,0.9200000166893005,pair_et_lgbm,96.67400212468402,96.67400212468402
0.2199999988079071,0.09000000357627869,0.6899999976158142,three_way_lgbm_focused_coarse,96.67442684069506,96.67442684069506
0.1599999964237213,0.05999999865889549,0.7799999713897705,three_way_lgbm_focused_coarse,96.67815449739378,96.67815449739378
0.23999999463558197,0.11999999731779099,0.6399999856948853,three_way_lgbm_focused_coarse,96.67826526686262,96.67826526686262
0.07999999821186066,0.05999999865889549,0.8600000143051147,three_way_lgbm_focused_coarse,96.68455410882932,96.68455410882932
0.20999999344348907,0.07999999821186066,0.7099999785423279,three_way_lgbm_focused_coarse,96.68668013604923,96.68668013604923
0.0,0.6330000162124634,0.367000013589859,pair_et_lgbm,96.68830918585992,96.68830918585992
0.23000000417232513,0.10000000149011612,0.6700000166893005,three_way_lgbm_focused_coarse,96.68984866913044,96.68984866913044
0.0,0.07900000363588333,0.9210000038146973,pair_et_lgbm,96.69703188211629,96.69703188211629
0.029999999329447746,0.07000000029802322,0.8999999761581421,three_way_lgbm_focused_coarse,96.69776526777999,96.69776526777999
0.25,0.15000000596046448,0.6000000238418579,three_way_lgbm_focused_coarse,96.70786820431552,96.70786820431552
0.17000000178813934,0.05999999865889549,0.7699999809265137,three_way_lgbm_focused_coarse,96.70965922867568,96.70965922867568
0.0,0.6340000033378601,0.3659999966621399,pair_et_lgbm,96.71139195328625,96.71139195328625
0.07000000029802322,0.05999999865889549,0.8700000047683716,three_way_lgbm_focused_coarse,96.71765977649113,96.71765977649113
0.0,0.07800000160932541,0.921999990940094,pair_et_lgbm,96.72014524134373,96.72014524134373
0.20000000298023224,0.07000000029802322,0.7300000190734863,three_way_lgbm_focused_coarse,96.72660445953522,96.72660445953522
0.25,0.14000000059604645,0.6100000143051147,three_way_lgbm_focused_coarse,96.7314956464398,96.7314956464398
0.23999999463558197,0.10999999940395355,0.6499999761581421,three_way_lgbm_focused_coarse,96.73294834763873,96.73294834763873
0.0,0.6349999904632568,0.36500000953674316,pair_et_lgbm,96.7345565940529,96.7345565940529
0.0,0.07699999958276749,0.9229999780654907,pair_et_lgbm,96.74334209397767,96.74334209397767
0.18000000715255737,0.05999999865889549,0.7599999904632568,three_way_lgbm_focused_coarse,96.74834337583987,96.74834337583987
0.0,0.6359999775886536,0.36399999260902405,pair_et_lgbm,96.75780602760078,96.75780602760078
0.05999999865889549,0.05999999865889549,0.8799999952316284,three_way_lgbm_focused_coarse,96.75794492112782,96.75794492112782
0.019999999552965164,0.07000000029802322,0.9100000262260437,three_way_lgbm_focused_coarse,96.76067864636667,96.76067864636667
0.25,0.12999999523162842,0.6200000047683716,three_way_lgbm_focused_coarse,96.76344620659513,96.76344620659513
0.2199999988079071,0.07999999821186066,0.699999988079071,three_way_lgbm_focused_coarse,96.76625232815721,96.76625232815721
0.0,0.07599999755620956,0.9240000247955322,pair_et_lgbm,96.76662070448572,96.76662070448572
0.23000000417232513,0.09000000357627869,0.6800000071525574,three_way_lgbm_focused_coarse,96.76726433232908,96.76726433232908
0.0,0.6370000243186951,0.3630000054836273,pair_et_lgbm,96.78113500265842,96.78113500265842
0.0,0.07500000298023224,0.925000011920929,pair_et_lgbm,96.78998341551335,96.78998341551335
0.20999999344348907,0.07000000029802322,0.7200000286102295,three_way_lgbm_focused_coarse,96.79291224502282,96.79291224502282
0.1899999976158142,0.05999999865889549,0.75,three_way_lgbm_focused_coarse,96.79420693774796,96.79420693774796
0.23999999463558197,0.10000000149011612,0.6600000262260437,three_way_lgbm_focused_coarse,96.79595154794275,96.79595154794275
0.12999999523162842,0.05000000074505806,0.8199999928474426,three_way_lgbm_focused_coarse,96.79828166732895,96.79828166732895
0.11999999731779099,0.05000000074505806,0.8299999833106995,three_way_lgbm_focused_coarse,96.80157858770956,96.80157858770956
0.14000000059604645,0.05000000074505806,0.8100000023841858,three_way_lgbm_focused_coarse,96.80216354327625,96.80216354327625
0.25,0.11999999731779099,0.6299999952316284,three_way_lgbm_focused_coarse,96.80371936581562,96.80371936581562
0.0,0.6380000114440918,0.3619999885559082,pair_et_lgbm,96.80455092172069,96.80455092172069
0.05000000074505806,0.05999999865889549,0.8899999856948853,three_way_lgbm_focused_coarse,96.80540903780134,96.80540903780134
0.10999999940395355,0.05000000074505806,0.8399999737739563,three_way_lgbm_focused_coarse,96.81205459794528,96.81205459794528
0.15000000596046448,0.05000000074505806,0.800000011920929,three_way_lgbm_focused_coarse,96.81322392929495,96.81322392929495
0.0,0.07400000095367432,0.9259999990463257,pair_et_lgbm,96.81342973762489,96.81342973762489
0.0,0.6389999985694885,0.3610000014305115,pair_et_lgbm,96.8280483306343,96.8280483306343
0.10000000149011612,0.05000000074505806,0.8500000238418579,three_way_lgbm_focused_coarse,96.82970782243417,96.82970782243417
0.009999999776482582,0.07000000029802322,0.9200000166893005,three_way_lgbm_focused_coarse,96.83077292921556,96.83077292921556
0.1599999964237213,0.05000000074505806,0.7900000214576721,three_way_lgbm_focused_coarse,96.83146432039896,96.83146432039896
0.0,0.0729999989271164,0.9269999861717224,pair_et_lgbm,96.83695946095143,96.83695946095143
0.20000000298023224,0.05999999865889549,0.7400000095367432,three_way_lgbm_focused_coarse,96.84724898074698,96.84724898074698
0.0,0.6399999856948853,0.36000001430511475,pair_et_lgbm,96.85162885005975,96.85162885005975
0.25,0.10999999940395355,0.6399999856948853,three_way_lgbm_focused_coarse,96.8523162302171,96.8523162302171
0.23000000417232513,0.07999999821186066,0.6899999976158142,three_way_lgbm_focused_coarse,96.8530038535571,96.8530038535571
0.09000000357627869,0.05000000074505806,0.8600000143051147,three_way_lgbm_focused_coarse,96.8545420287331,96.8545420287331
0.17000000178813934,0.05000000074505806,0.7799999713897705,three_way_lgbm_focused_coarse,96.85688530317225,96.85688530317225
0.03999999910593033,0.05999999865889549,0.8999999761581421,three_way_lgbm_focused_coarse,96.86005223290061,96.86005223290061
0.0,0.07199999690055847,0.9279999732971191,pair_et_lgbm,96.86057202648465,96.86057202648465
0.2199999988079071,0.07000000029802322,0.7099999785423279,three_way_lgbm_focused_coarse,96.86640101753102,96.86640101753102
0.23999999463558197,0.09000000357627869,0.6700000166893005,three_way_lgbm_focused_coarse,96.86728162472039,96.86728162472039
0.0,0.640999972820282,0.35899999737739563,pair_et_lgbm,96.87529440479115,96.87529440479115
0.25999999046325684,0.14000000059604645,0.6000000238418579,three_way_lgbm_focused_coarse,96.87630143880773,96.87630143880773
0.0,0.07100000232458115,0.9290000200271606,pair_et_lgbm,96.8842666856547,96.8842666856547
0.07999999821186066,0.05000000074505806,0.8700000047683716,three_way_lgbm_focused_coarse,96.88655504785889,96.88655504785889
0.18000000715255737,0.05000000074505806,0.7699999809265137,three_way_lgbm_focused_coarse,96.88948328499771,96.88948328499771
0.0,0.6420000195503235,0.3580000102519989,pair_et_lgbm,96.89903982882427,96.89903982882427
0.25999999046325684,0.12999999523162842,0.6100000143051147,three_way_lgbm_focused_coarse,96.9021658164151,96.9021658164151
0.20999999344348907,0.05999999865889549,0.7300000190734863,three_way_lgbm_focused_coarse,96.90747068369484,96.90747068369484
0.0,0.07000000029802322,0.9300000071525574,pair_et_lgbm,96.9080458961712,96.9080458961712
0.25,0.10000000149011612,0.6499999761581421,three_way_lgbm_focused_coarse,96.90923632542065,96.90923632542065
0.029999999329447746,0.05999999865889549,0.9100000262260437,three_way_lgbm_focused_coarse,96.92187268776667,96.92187268776667
0.0,0.6430000066757202,0.3569999933242798,pair_et_lgbm,96.9228716767615,96.9228716767615
0.07000000029802322,0.05000000074505806,0.8799999952316284,three_way_lgbm_focused_coarse,96.92574722844175,96.92574722844175
0.1899999976158142,0.05000000074505806,0.7599999904632568,three_way_lgbm_focused_coarse,96.92926050500016,96.92926050500016
0.0,0.0689999982714653,0.9309999942779541,pair_et_lgbm,96.93190837297666,96.93190837297666
0.25999999046325684,0.11999999731779099,0.6200000047683716,three_way_lgbm_focused_coarse,96.93635290975816,96.93635290975816
0.0,0.6439999938011169,0.35600000619888306,pair_et_lgbm,96.94678521179223,96.94678521179223
0.23999999463558197,0.07999999821186066,0.6800000071525574,three_way_lgbm_focused_coarse,96.94693480164895,96.94693480164895
0.23000000417232513,0.07000000029802322,0.699999988079071,three_way_lgbm_focused_coarse,96.94706630328959,96.94706630328959
0.0,0.06800000369548798,0.9319999814033508,pair_et_lgbm,96.95585377164527,96.95585377164527
0.0,0.6449999809265137,0.35499998927116394,pair_et_lgbm,96.97078384866967,96.97078384866967
0.05999999865889549,0.05000000074505806,0.8899999856948853,three_way_lgbm_focused_coarse,96.97211854954156,96.97211854954156
0.25,0.09000000357627869,0.6600000262260437,three_way_lgbm_focused_coarse,96.9744769711095,96.9744769711095
0.2199999988079071,0.05999999865889549,0.7200000286102295,three_way_lgbm_focused_coarse,96.97487068648898,96.97487068648898
0.14000000059604645,0.03999999910593033,0.8199999928474426,three_way_lgbm_focused_coarse,96.9759713794765,96.9759713794765
0.20000000298023224,0.05000000074505806,0.75,three_way_lgbm_focused_coarse,96.97621665615472,96.97621665615472
0.12999999523162842,0.03999999910593033,0.8299999833106995,three_way_lgbm_focused_coarse,96.97817567710837,96.97817567710837
0.25999999046325684,0.10999999940395355,0.6299999952316284,three_way_lgbm_focused_coarse,96.97886366849188,96.97886366849188
0.0,0.06700000166893005,0.9330000281333923,pair_et_lgbm,96.97988156442308,96.97988156442308
0.15000000596046448,0.03999999910593033,0.8100000023841858,three_way_lgbm_focused_coarse,96.98094613191779,96.98094613191779
0.11999999731779099,0.03999999910593033,0.8399999737739563,three_way_lgbm_focused_coarse,96.98755871684888,96.98755871684888
0.019999999552965164,0.05999999865889549,0.9200000166893005,three_way_lgbm_focused_coarse,96.99087399212898,96.99087399212898
0.1599999964237213,0.03999999910593033,0.800000011920929,three_way_lgbm_focused_coarse,96.99309982637146,96.99309982637146
0.0,0.6460000276565552,0.3540000021457672,pair_et_lgbm,96.99486195061,96.99486195008352
0.0,0.06599999964237213,0.9340000152587891,pair_et_lgbm,97.00399387931935,97.00399387931935
0.10999999940395355,0.03999999910593033,0.8500000238418579,three_way_lgbm_focused_coarse,97.00411915523382,97.00411915523382
0.17000000178813934,0.03999999910593033,0.7900000214576721,three_way_lgbm_focused_coarse,97.01243281305246,97.01243281305246
0.0,0.6470000147819519,0.3529999852180481,pair_et_lgbm,97.01902711285796,97.01902711285796
0.05000000074505806,0.05000000074505806,0.8999999761581421,three_way_lgbm_focused_coarse,97.02566876330626,97.02566876330626
0.10000000149011612,0.03999999910593033,0.8600000143051147,three_way_lgbm_focused_coarse,97.02786044624257,97.02786044624257
0.0,0.06499999761581421,0.9350000023841858,pair_et_lgbm,97.02818925770086,97.02818925770086
0.25999999046325684,0.10000000149011612,0.6399999856948853,three_way_lgbm_focused_coarse,97.0296976540854,97.0296976540854
0.20999999344348907,0.05000000074505806,0.7400000095367432,three_way_lgbm_focused_coarse,97.03035201438823,97.03035201438823
0.23999999463558197,0.07000000029802322,0.6899999976158142,three_way_lgbm_focused_coarse,97.03491125121789,97.03491125121789
0.18000000715255737,0.03999999910593033,0.7799999713897705,three_way_lgbm_focused_coarse,97.0389467692814,97.0389467692814
0.0,0.6480000019073486,0.35199999809265137,pair_et_lgbm,97.04327333500432,97.04327333500432
0.25,0.07999999821186066,0.6700000166893005,three_way_lgbm_focused_coarse,97.04804435392211,97.04804435392211
0.27000001072883606,0.12999999523162842,0.6000000238418579,three_way_lgbm_focused_coarse,97.04806334186462,97.04806334186462
0.23000000417232513,0.05999999865889549,0.7099999785423279,three_way_lgbm_focused_coarse,97.04945240063772,97.04945240063772
0.0,0.06400000303983688,0.9359999895095825,pair_et_lgbm,97.05246756133823,97.05246756133823
0.09000000357627869,0.03999999910593033,0.8700000047683716,three_way_lgbm_focused_coarse,97.05878068183785,97.05878068183785
0.009999999776482582,0.05999999865889549,0.9300000071525574,three_way_lgbm_focused_coarse,97.06705409583674,97.06705409583674
0.0,0.6489999890327454,0.35100001096725464,pair_et_lgbm,97.06760311550707,97.06760311550707
0.1899999976158142,0.03999999910593033,0.7699999809265137,three_way_lgbm_focused_coarse,97.07263782240639,97.07263782240639
0.27000001072883606,0.11999999731779099,0.6100000143051147,three_way_lgbm_focused_coarse,97.07616469007726,97.07616469007726
0.0,0.06300000101327896,0.9369999766349792,pair_et_lgbm,97.07682948324884,97.07682948324884
0.03999999910593033,0.05000000074505806,0.9100000262260437,three_way_lgbm_focused_coarse,97.08639654620788,97.08639654620788
0.25999999046325684,0.09000000357627869,0.6499999761581421,three_way_lgbm_focused_coarse,97.0888550943954,97.0888550943954
0.2199999988079071,0.05000000074505806,0.7300000190734863,three_way_lgbm_focused_coarse,97.09166606346274,97.09166606346274
0.0,0.6499999761581421,0.3499999940395355,pair_et_lgbm,97.09201790659051,97.09201790659051
0.07999999821186066,0.03999999910593033,0.8799999952316284,three_way_lgbm_focused_coarse,97.09688003855628,97.09688003855628
0.0,0.06199999898672104,0.9380000233650208,pair_et_lgbm,97.1012735403533,97.1012735403533
0.27000001072883606,0.10999999940395355,0.6200000047683716,three_way_lgbm_focused_coarse,97.11258912379036,97.11258912379036
0.20000000298023224,0.03999999910593033,0.7599999904632568,three_way_lgbm_focused_coarse,97.11350779108223,97.11350779108223
0.0,0.6510000228881836,0.3490000069141388,pair_et_lgbm,97.11651221690566,97.11651221637916
0.0,0.061000000685453415,0.9390000104904175,pair_et_lgbm,97.12580170072091,97.12580170072091
0.25,0.07000000029802322,0.6800000071525574,three_way_lgbm_focused_coarse,97.12993431179272,97.12993431179272
0.23999999463558197,0.05999999865889549,0.699999988079071,three_way_lgbm_focused_coarse,97.13121086762366,97.13121086762366
0.0,0.6520000100135803,0.3479999899864197,pair_et_lgbm,97.14109331743083,97.14109331743083
0.07000000029802322,0.03999999910593033,0.8899999856948853,three_way_lgbm_focused_coarse,97.14215834905704,97.14215834905704
0.0,0.05999999865889549,0.9399999976158142,pair_et_lgbm,97.15041334464432,97.15041334464432
0.029999999329447746,0.05000000074505806,0.9200000166893005,three_way_lgbm_focused_coarse,97.15430475126007,97.15430475126007
0.25999999046325684,0.07999999821186066,0.6600000262260437,three_way_lgbm_focused_coarse,97.15633316793676,97.15633316793676
0.15000000596046448,0.029999999329447746,0.8199999928474426,three_way_lgbm_focused_coarse,97.15699100020063,97.15699100020063
0.27000001072883606,0.10000000149011612,0.6299999952316284,three_way_lgbm_focused_coarse,97.15733707637453,97.15733707637453
0.14000000059604645,0.029999999329447746,0.8299999833106995,three_way_lgbm_focused_coarse,97.15810252677232,97.15810252677232
0.23000000417232513,0.05000000074505806,0.7200000286102295,three_way_lgbm_focused_coarse,97.16015887705112,97.16015887705112
0.20999999344348907,0.03999999910593033,0.75,three_way_lgbm_focused_coarse,97.16155707249841,97.16155707249841
0.1599999964237213,0.029999999329447746,0.8100000023841858,three_way_lgbm_focused_coarse,97.16305916178847,97.16305916178847
0.0,0.652999997138977,0.34700000286102295,pair_et_lgbm,97.16575600062548,97.16575600062548
0.12999999523162842,0.029999999329447746,0.8399999737739563,three_way_lgbm_focused_coarse,97.1663932583648,97.1663932583648
0.0,0.05900000035762787,0.9409999847412109,pair_et_lgbm,97.17510788211935,97.17510788211935
0.17000000178813934,0.029999999329447746,0.800000011920929,three_way_lgbm_focused_coarse,97.17630556102674,97.17630556102674
0.11999999731779099,0.029999999329447746,0.8500000238418579,three_way_lgbm_focused_coarse,97.18186044961095,97.18186044961095
0.0,0.6539999842643738,0.34599998593330383,pair_et_lgbm,97.19050357713108,97.19050357713108
0.05999999865889549,0.03999999910593033,0.8999999761581421,three_way_lgbm_focused_coarse,97.19461603371057,97.19461603371057
0.18000000715255737,0.029999999329447746,0.7900000214576721,three_way_lgbm_focused_coarse,97.19673139341691,97.19673139341691
0.0,0.057999998331069946,0.9419999718666077,pair_et_lgbm,97.19988597139367,97.19988597139367
0.10999999940395355,0.029999999329447746,0.8600000143051147,three_way_lgbm_focused_coarse,97.20450883363911,97.20450883363911
0.27000001072883606,0.09000000357627869,0.6399999856948853,three_way_lgbm_focused_coarse,97.2104080396944,97.2104080396944
0.0,0.6549999713897705,0.3449999988079071,pair_et_lgbm,97.2153328837214,97.2153328837214
0.2199999988079071,0.03999999910593033,0.7400000095367432,three_way_lgbm_focused_coarse,97.2167849642722,97.2167849642722
0.25,0.05999999865889549,0.6899999976158142,three_way_lgbm_focused_coarse,97.220148196156,97.220148196156
0.2800000011920929,0.11999999731779099,0.6000000238418579,three_way_lgbm_focused_coarse,97.22315609432574,97.22315609432574
0.1899999976158142,0.029999999329447746,0.7799999713897705,three_way_lgbm_focused_coarse,97.22433823197122,97.22433823197122
0.0,0.05700000002980232,0.9430000185966492,pair_et_lgbm,97.2247460812464,97.2247460812464
0.019999999552965164,0.05000000074505806,0.9300000071525574,three_way_lgbm_focused_coarse,97.22939211677632,97.22939211677632
0.25999999046325684,0.07000000029802322,0.6700000166893005,three_way_lgbm_focused_coarse,97.232137420361,97.232137420361
0.10000000149011612,0.029999999329447746,0.8700000047683716,three_way_lgbm_focused_coarse,97.2343361770987,97.2343361770987
0.23999999463558197,0.05000000074505806,0.7099999785423279,three_way_lgbm_focused_coarse,97.23583391766182,97.23583391766182
0.0,0.656000018119812,0.3440000116825104,pair_et_lgbm,97.24024330387445,97.24024330387445
0.0,0.0560000017285347,0.9440000057220459,pair_et_lgbm,97.24969041205084,97.24969041205084
0.2800000011920929,0.10999999940395355,0.6100000143051147,three_way_lgbm_focused_coarse,97.2534948138513,97.2534948138513
0.05000000074505806,0.03999999910593033,0.9100000262260437,three_way_lgbm_focused_coarse,97.2542505778212,97.2542505778212
0.20000000298023224,0.029999999329447746,0.7699999809265137,three_way_lgbm_focused_coarse,97.25912213058156,97.25912213058156
0.0,0.6570000052452087,0.34299999475479126,pair_et_lgbm,97.2652405798023,97.2652405798023
0.09000000357627869,0.029999999329447746,0.8799999952316284,three_way_lgbm_focused_coarse,97.27134257126737,97.27134257126737
0.27000001072883606,0.07999999821186066,0.6499999761581421,three_way_lgbm_focused_coarse,97.27180300385339,97.27180300385339
0.0,0.054999999701976776,0.9449999928474426,pair_et_lgbm,97.27471834259467,97.27471834259467
0.23000000417232513,0.03999999910593033,0.7300000190734863,three_way_lgbm_focused_coarse,97.27919178719071,97.27919178719071
0.0,0.6579999923706055,0.34200000762939453,pair_et_lgbm,97.29031947367258,97.29031947367258
0.2800000011920929,0.10000000149011612,0.6200000047683716,three_way_lgbm_focused_coarse,97.2921562982389,97.2921562982389
0.0,0.05400000140070915,0.9459999799728394,pair_et_lgbm,97.29982909943969,97.29982909943969
0.20999999344348907,0.029999999329447746,0.7599999904632568,three_way_lgbm_focused_coarse,97.30108519038545,97.30108519038545
0.009999999776482582,0.05000000074505806,0.9399999976158142,three_way_lgbm_focused_coarse,97.31165864051768,97.31165864051768
0.0,0.6589999794960022,0.3409999907016754,pair_et_lgbm,97.31548318679592,97.31548318679592
0.07999999821186066,0.029999999329447746,0.8899999856948853,three_way_lgbm_focused_coarse,97.31552834036965,97.31552834036965
0.25999999046325684,0.05999999865889549,0.6800000071525574,three_way_lgbm_focused_coarse,97.31626502106096,97.31626502106096
0.25,0.05000000074505806,0.699999988079071,three_way_lgbm_focused_coarse,97.31868479363325,97.31868479363325
0.03999999910593033,0.03999999910593033,0.9200000166893005,three_way_lgbm_focused_coarse,97.32106606446017,97.32106606446017
0.0,0.05299999937415123,0.9470000267028809,pair_et_lgbm,97.32502209877218,97.32502209824568
0.2800000011920929,0.09000000357627869,0.6299999952316284,three_way_lgbm_focused_coarse,97.3391412800382,97.3391412800382
0.0,0.6600000262260437,0.3400000035762787,pair_et_lgbm,97.340726644906,97.340726644906
0.1599999964237213,0.019999999552965164,0.8199999928474426,three_way_lgbm_focused_coarse,97.34134152202948,97.34134152202948
0.15000000596046448,0.019999999552965164,0.8299999833106995,three_way_lgbm_focused_coarse,97.3413595225105,97.3413595225105
0.27000001072883606,0.07000000029802322,0.6600000262260437,three_way_lgbm_focused_coarse,97.3415180797614,97.3415180797614
0.17000000178813934,0.019999999552965164,0.8100000023841858,three_way_lgbm_focused_coarse,97.34850194015661,97.34850194015661
0.14000000059604645,0.019999999552965164,0.8399999737739563,three_way_lgbm_focused_coarse,97.34855739562661,97.34855739562661
0.23999999463558197,0.03999999910593033,0.7200000286102295,three_way_lgbm_focused_coarse,97.34877810653859,97.34877810653859
0.2199999988079071,0.029999999329447746,0.75,three_way_lgbm_focused_coarse,97.35022696811605,97.35022696811605
0.0,0.052000001072883606,0.9480000138282776,pair_et_lgbm,97.35029956351096,97.35029956351096
0.18000000715255737,0.019999999552965164,0.800000011920929,three_way_lgbm_focused_coarse,97.36284109399574,97.36284109399574
0.12999999523162842,0.019999999552965164,0.8500000238418579,three_way_lgbm_focused_coarse,97.36293189332129,97.36293189332129
0.0,0.6610000133514404,0.33899998664855957,pair_et_lgbm,97.36605679496206,97.36605679496206
0.07000000029802322,0.029999999329447746,0.8999999761581421,three_way_lgbm_focused_coarse,97.36689262608897,97.36689262608897
0.0,0.050999999046325684,0.9490000009536743,pair_et_lgbm,97.37565993315441,97.37565993315441
0.1899999976158142,0.019999999552965164,0.7900000214576721,three_way_lgbm_focused_coarse,97.38436001501844,97.38436001501844
0.11999999731779099,0.019999999552965164,0.8600000143051147,three_way_lgbm_focused_coarse,97.38448754428686,97.38448754428686
0.0,0.6620000004768372,0.33799999952316284,pair_et_lgbm,97.39146869516645,97.39146869516645
0.2800000011920929,0.07999999821186066,0.6399999856948853,three_way_lgbm_focused_coarse,97.39445008984504,97.39445008984504
0.029999999329447746,0.03999999910593033,0.9300000071525574,three_way_lgbm_focused_coarse,97.39506042713369,97.39506042713369
0.0,0.05000000074505806,0.949999988079071,pair_et_lgbm,97.40110386089636,97.40110386089636
0.28999999165534973,0.10999999940395355,0.6000000238418579,three_way_lgbm_focused_coarse,97.4015790670329,97.4015790670329
0.23000000417232513,0.029999999329447746,0.7400000095367432,three_way_lgbm_focused_coarse,97.40654792566465,97.40654792566465
0.25999999046325684,0.05000000074505806,0.6899999976158142,three_way_lgbm_focused_coarse,97.40871572535909,97.40871572535909
0.20000000298023224,0.019999999552965164,0.7799999713897705,three_way_lgbm_focused_coarse,97.41305991344642,97.41305991344642
0.10999999940395355,0.019999999552965164,0.8700000047683716,three_way_lgbm_focused_coarse,97.41322189532109,97.41322189532109
0.0,0.6629999876022339,0.3370000123977661,pair_et_lgbm,97.41696359598764,97.41696359598764
0.27000001072883606,0.05999999865889549,0.6700000166893005,three_way_lgbm_focused_coarse,97.41955961266613,97.41955961266613
0.05999999865889549,0.029999999329447746,0.9100000262260437,three_way_lgbm_focused_coarse,97.42543458568792,97.42543458568792
0.25,0.03999999910593033,0.7099999785423279,three_way_lgbm_focused_coarse,97.42554545649733,97.42554545649733
0.0,0.04899999871850014,0.9509999752044678,pair_et_lgbm,97.42663097632362,97.42663097632362
0.28999999165534973,0.10000000149011612,0.6100000143051147,three_way_lgbm_focused_coarse,97.43415473958706,97.43415473958706
0.0,0.6639999747276306,0.335999995470047,pair_et_lgbm,97.44254372793357,97.44254372793357
0.20999999344348907,0.019999999552965164,0.7699999809265137,three_way_lgbm_focused_coarse,97.4489369159658,97.4489369159658
0.10000000149011612,0.019999999552965164,0.8799999952316284,three_way_lgbm_focused_coarse,97.44913542623377,97.44913542623377
0.0,0.04800000041723251,0.9520000219345093,pair_et_lgbm,97.45224022082573,97.45224022029926
0.2800000011920929,0.07000000029802322,0.6499999761581421,three_way_lgbm_focused_coarse,97.45808193015097,97.45808193015097
0.0,0.6650000214576721,0.33500000834465027,pair_et_lgbm,97.46820344105174,97.46820344105174
0.23999999463558197,0.029999999329447746,0.7300000190734863,three_way_lgbm_focused_coarse,97.47004787807478,97.47004787807478
0.28999999165534973,0.09000000357627869,0.6200000047683716,three_way_lgbm_focused_coarse,97.47505350165262,97.47505350165262
0.019999999552965164,0.03999999910593033,0.9399999976158142,three_way_lgbm_focused_coarse,97.47623396885105,97.47623396885105
0.0,0.04699999839067459,0.953000009059906,pair_et_lgbm,97.4779339013056,97.4779339013056
0.05000000074505806,0.029999999329447746,0.9200000166893005,three_way_lgbm_focused_coarse,97.49115704407205,97.49115704407205
0.2199999988079071,0.019999999552965164,0.7599999904632568,three_way_lgbm_focused_coarse,97.49199236619229,97.49199236619229
0.09000000357627869,0.019999999552965164,0.8899999856948853,three_way_lgbm_focused_coarse,97.49222784242922,97.49222784242922
0.0,0.6660000085830688,0.33399999141693115,pair_et_lgbm,97.49394981439161,97.49394981439161
0.0,0.04600000008940697,0.9539999961853027,pair_et_lgbm,97.50371062161692,97.50371062161692
0.27000001072883606,0.05000000074505806,0.6800000071525574,three_way_lgbm_focused_coarse,97.50592409723868,97.50592409723868
0.25999999046325684,0.03999999910593033,0.699999988079071,three_way_lgbm_focused_coarse,97.50948987917866,97.50948987917866
0.0,0.6669999957084656,0.3330000042915344,pair_et_lgbm,97.51977747149567,97.51977747149567
0.28999999165534973,0.07999999821186066,0.6299999952316284,three_way_lgbm_focused_coarse,97.52427628254634,97.52427628254634
0.1599999964237213,0.009999999776482582,0.8299999833106995,three_way_lgbm_focused_coarse,97.52794707240191,97.52794707240191
0.17000000178813934,0.009999999776482582,0.8199999928474426,three_way_lgbm_focused_coarse,97.52902145351788,97.52902145351788
0.0,0.04500000178813934,0.9549999833106995,pair_et_lgbm,97.52957029196506,97.52957029196506
0.2800000011920929,0.05999999865889549,0.6600000262260437,three_way_lgbm_focused_coarse,97.53003431621386,97.53003431621386
0.15000000596046448,0.009999999776482582,0.8399999737739563,three_way_lgbm_focused_coarse,97.53405148230176,97.53405148230176
0.18000000715255737,0.009999999776482582,0.8100000023841858,three_way_lgbm_focused_coarse,97.53727489064653,97.53727489064653
0.25,0.029999999329447746,0.7200000286102295,three_way_lgbm_focused_coarse,97.54072657040176,97.54072657040176
0.23000000417232513,0.019999999552965164,0.75,three_way_lgbm_focused_coarse,97.54222697862272,97.54222697862272
0.07999999821186066,0.019999999552965164,0.8999999761581421,three_way_lgbm_focused_coarse,97.54249985891458,97.54249985891458
0.0,0.6679999828338623,0.3319999873638153,pair_et_lgbm,97.5456903615869,97.5456903615869
0.14000000059604645,0.009999999776482582,0.8500000238418579,three_way_lgbm_focused_coarse,97.54733341900415,97.54733341900415
0.1899999976158142,0.009999999776482582,0.800000011920929,three_way_lgbm_focused_coarse,97.55270732246498,97.55270732246498
0.0,0.04399999976158142,0.9559999704360962,pair_et_lgbm,97.5555136669147,97.5555136669147
0.03999999910593033,0.029999999329447746,0.9300000071525574,three_way_lgbm_focused_coarse,97.56405877910942,97.56405877910942
0.009999999776482582,0.03999999910593033,0.949999988079071,three_way_lgbm_focused_coarse,97.5645864757478,97.5645864757478
0.12999999523162842,0.009999999776482582,0.8600000143051147,three_way_lgbm_focused_coarse,97.56779625856059,97.56779625856059
0.0,0.6690000295639038,0.3310000002384186,pair_et_lgbm,97.57168305010497,97.57168305010497
0.20000000298023224,0.009999999776482582,0.7900000214576721,three_way_lgbm_focused_coarse,97.57531873766604,97.57531873766604
0.0,0.0430000014603138,0.9570000171661377,pair_et_lgbm,97.58153900840405,97.58153900787757
0.28999999165534973,0.07000000029802322,0.6399999856948853,three_way_lgbm_focused_coarse,97.58182183912184,97.58182183912184
0.30000001192092896,0.10000000149011612,0.6000000238418579,three_way_lgbm_focused_coarse,97.58333105631722,97.58333105631722
0.11999999731779099,0.009999999776482582,0.8700000047683716,three_way_lgbm_focused_coarse,97.59543771017326,97.59543771017326
0.0,0.6700000166893005,0.33000001311302185,pair_et_lgbm,97.59776056822312,97.59776056822312
0.23999999463558197,0.019999999552965164,0.7400000095367432,three_way_lgbm_focused_coarse,97.59964108656702,97.59964108656702
0.07000000029802322,0.019999999552965164,0.9100000262260437,three_way_lgbm_focused_coarse,97.59994877014425,97.59994877014425
0.27000001072883606,0.03999999910593033,0.6899999976158142,three_way_lgbm_focused_coarse,97.60061237563663,97.60061237563663
0.20999999344348907,0.009999999776482582,0.7799999713897705,three_way_lgbm_focused_coarse,97.60511177244393,97.60511177244393
0.0,0.041999999433755875,0.9580000042915344,pair_et_lgbm,97.60764889309117,97.60764889309117
0.2800000011920929,0.05000000074505806,0.6700000166893005,three_way_lgbm_focused_coarse,97.61031287788387,97.61031287788387
0.30000001192092896,0.09000000357627869,0.6100000143051147,three_way_lgbm_focused_coarse,97.61814370644423,97.61814370644423
0.25999999046325684,0.029999999329447746,0.7099999785423279,three_way_lgbm_focused_coarse,97.61858741399209,97.61858741399209
0.0,0.6710000038146973,0.32899999618530273,pair_et_lgbm,97.6239231063395,97.6239231063395
0.10999999940395355,0.009999999776482582,0.8799999952316284,three_way_lgbm_focused_coarse,97.63025837591958,97.63025837591958
0.0,0.04100000113248825,0.9589999914169312,pair_et_lgbm,97.63384167649203,97.63384167649203
0.2199999988079071,0.009999999776482582,0.7699999809265137,three_way_lgbm_focused_coarse,97.64208118363,97.64208118363
0.029999999329447746,0.029999999329447746,0.9399999976158142,three_way_lgbm_focused_coarse,97.64413933940766,97.64413933940766
0.28999999165534973,0.05999999865889549,0.6499999761581421,three_way_lgbm_focused_coarse,97.64769100209583,97.64769100209583
0.0,0.671999990940094,0.328000009059906,pair_et_lgbm,97.65016749874474,97.65016749874474
0.0,0.03999999910593033,0.9599999785423279,pair_et_lgbm,97.66011782483955,97.66011782483955
0.30000001192092896,0.07999999821186066,0.6200000047683716,three_way_lgbm_focused_coarse,97.66128040027718,97.66128040027718
0.25,0.019999999552965164,0.7300000190734863,three_way_lgbm_focused_coarse,97.66423380190062,97.66423380190062
0.05999999865889549,0.019999999552965164,0.9200000166893005,three_way_lgbm_focused_coarse,97.6645785538345,97.6645785538345
0.10000000149011612,0.009999999776482582,0.8899999856948853,three_way_lgbm_focused_coarse,97.67225804466267,97.67225804466267
0.0,0.6729999780654907,0.3269999921321869,pair_et_lgbm,97.67649626900196,97.67649626900196
0.23000000417232513,0.009999999776482582,0.7599999904632568,three_way_lgbm_focused_coarse,97.68622969368307,97.68622969368307
0.0,0.039000000804662704,0.9610000252723694,pair_et_lgbm,97.68647600577879,97.68647600525232
0.2800000011920929,0.03999999910593033,0.6800000071525574,three_way_lgbm_focused_coarse,97.69891489319969,97.69891489319969
0.0,0.6740000247955322,0.32600000500679016,pair_et_lgbm,97.70290503297801,97.70290503297801
0.27000001072883606,0.029999999329447746,0.699999988079071,three_way_lgbm_focused_coarse,97.70362349281153,97.70362349281153
0.30000001192092896,0.07000000029802322,0.6299999952316284,three_way_lgbm_focused_coarse,97.71273981881778,97.71273981881778
0.0,0.03799999877810478,0.9620000123977661,pair_et_lgbm,97.71291893485392,97.71291893432743
0.1720000058412552,0.0,0.828000009059906,pair_rf_lgbm,97.71772245084637,97.71772245084637
0.17100000381469727,0.0,0.8289999961853027,pair_rf_lgbm,97.7177577446561,97.7177577446561
0.17299999296665192,0.0,0.8270000219345093,pair_rf_lgbm,97.71775996202214,97.71775996202214
0.17000000178813934,0.0,0.8299999833106995,pair_rf_lgbm,97.71786429494787,97.71786429494787
0.17399999499320984,0.0,0.8259999752044678,pair_rf_lgbm,97.71787027018034,97.71787027018034
0.16899999976158142,0.0,0.8309999704360962,pair_rf_lgbm,97.7180428207579,97.7180428207579
0.17499999701976776,0.0,0.824999988079071,pair_rf_lgbm,97.71805063792583,97.71805063792583
0.1679999977350235,0.0,0.8320000171661377,pair_rf_lgbm,97.71829142770112,97.71829142770112
0.17599999904632568,0.0,0.8240000009536743,pair_rf_lgbm,97.71830300761884,97.71830300761884
0.16699999570846558,0.0,0.8330000042915344,pair_rf_lgbm,97.7186135306129,97.7186135306129
0.1770000010728836,0.0,0.8230000138282776,pair_rf_lgbm,97.71862698142728,97.71862698142728
0.16599999368190765,0.0,0.8339999914169312,pair_rf_lgbm,97.71900747683637,97.71900747683637
0.17800000309944153,0.0,0.8220000267028809,pair_rf_lgbm,97.71902250117148,97.71902250117148
0.16500000655651093,0.0,0.8349999785423279,pair_rf_lgbm,97.71947262823237,97.71947262823237
0.17900000512599945,0.0,0.8209999799728394,pair_rf_lgbm,97.71949214679611,97.71949214679611
0.164000004529953,0.0,0.8360000252723694,pair_rf_lgbm,97.72000832010335,97.72000832010335
0.18000000715255737,0.0,0.8199999928474426,pair_rf_lgbm,97.7200314026337,97.7200314026337
0.16300000250339508,0.0,0.8370000123977661,pair_rf_lgbm,97.72061764358031,97.72061764358031
0.1809999942779541,0.0,0.8190000057220459,pair_rf_lgbm,97.72064314217344,97.72064314217344
0.16200000047683716,0.0,0.8379999995231628,pair_rf_lgbm,97.72129871456688,97.72129871456688
0.18199999630451202,0.0,0.8180000185966492,pair_rf_lgbm,97.72132600794379,97.72132600794379
0.09000000357627869,0.009999999776482582,0.8999999761581421,three_way_lgbm_focused_coarse,97.7214367194828,97.7214367194828
0.28999999165534973,0.05000000074505806,0.6600000262260437,three_way_lgbm_focused_coarse,97.72188024620299,97.72188024620299
0.16099999845027924,0.0,0.8389999866485596,pair_rf_lgbm,97.72205147851092,97.72205147851092
0.18299999833106995,0.0,0.8169999718666077,pair_rf_lgbm,97.72208267816121,97.72208267816121
0.1599999964237213,0.0,0.8399999737739563,pair_rf_lgbm,97.7228761376953,97.7228761376953
0.18400000035762787,0.0,0.8159999847412109,pair_rf_lgbm,97.72290894489176,97.72290894489176
0.1589999943971634,0.0,0.8410000205039978,pair_rf_lgbm,97.72377057913548,97.72377057913548
0.1850000023841858,0.0,0.8149999976158142,pair_rf_lgbm,97.72380739042853,97.72380739042853
0.15800000727176666,0.0,0.8420000076293945,pair_rf_lgbm,97.72473853228115,97.72473853228115
0.1860000044107437,0.0,0.8140000104904175,pair_rf_lgbm,97.72477744870932,97.72477744870932
0.15700000524520874,0.0,0.8429999947547913,pair_rf_lgbm,97.72577843429855,97.72577843429855
0.18700000643730164,0.0,0.8130000233650208,pair_rf_lgbm,97.72581930163636,97.72581930163636
0.15600000321865082,0.0,0.843999981880188,pair_rf_lgbm,97.72689028181235,97.72689028181235
0.18799999356269836,0.0,0.8119999766349792,pair_rf_lgbm,97.7269354255634,97.7269354255634
0.1550000011920929,0.0,0.8450000286102295,pair_rf_lgbm,97.72807203526897,97.72807203526897
0.1889999955892563,0.0,0.8109999895095825,pair_rf_lgbm,97.72812089736738,97.72812089736738
0.15399999916553497,0.0,0.8460000157356262,pair_rf_lgbm,97.72932754615829,97.72932754615829
0.1899999976158142,0.0,0.8100000023841858,pair_rf_lgbm,97.7293781087211,97.7293781087211
0.0,0.675000011920929,0.32499998807907104,pair_et_lgbm,97.72940063019014,97.72940063019014
0.15299999713897705,0.0,0.847000002861023,pair_rf_lgbm,97.73065465013146,97.73065465013146
0.19099999964237213,0.0,0.8090000152587891,pair_rf_lgbm,97.73070726496837,97.73070726496837
0.019999999552965164,0.029999999329447746,0.949999988079071,three_way_lgbm_focused_coarse,97.73139910524421,97.73139910524421
0.15199999511241913,0.0,0.8479999899864197,pair_rf_lgbm,97.7320536211069,97.7320536211069
0.19200000166893005,0.0,0.8080000281333923,pair_rf_lgbm,97.73210795958009,97.73210795958009
0.1509999930858612,0.0,0.8489999771118164,pair_rf_lgbm,97.73352416162355,97.73352416162355
0.19300000369548798,0.0,0.8069999814033508,pair_rf_lgbm,97.73358242869854,97.73358242869854
0.15000000596046448,0.0,0.8500000238418579,pair_rf_lgbm,97.73506484173676,97.73506484173676
0.1940000057220459,0.0,0.8059999942779541,pair_rf_lgbm,97.73512681555962,97.73512681555962
0.25999999046325684,0.019999999552965164,0.7200000286102295,three_way_lgbm_focused_coarse,97.73600587129286,97.73600587129286
0.05000000074505806,0.019999999552965164,0.9300000071525574,three_way_lgbm_focused_coarse,97.73638706836118,97.73638706836118
0.14900000393390656,0.0,0.8510000109672546,pair_rf_lgbm,97.73667911731253,97.73667911731253
0.19499999284744263,0.0,0.8050000071525574,pair_rf_lgbm,97.73674341965065,97.73674341965065
0.23999999463558197,0.009999999776482582,0.75,three_way_lgbm_focused_coarse,97.7375575377335,97.7375575377335
0.14800000190734863,0.0,0.8519999980926514,pair_rf_lgbm,97.73836527395291,97.73836527395291
0.19599999487400055,0.0,0.8040000200271606,pair_rf_lgbm,97.7384314752059,97.7384314752059
0.0,0.03700000047683716,0.9629999995231628,pair_et_lgbm,97.73944498294547,97.73944498294547
0.1469999998807907,0.0,0.8529999852180481,pair_rf_lgbm,97.74012305375165,97.74012305375165
0.19699999690055847,0.0,0.8029999732971191,pair_rf_lgbm,97.74019322770997,97.74019322770997
0.1459999978542328,0.0,0.8539999723434448,pair_rf_lgbm,97.74195264486775,97.74195264486775
0.1979999989271164,0.0,0.8019999861717224,pair_rf_lgbm,97.74202497698867,97.74202497698867
0.14499999582767487,0.0,0.8550000190734863,pair_rf_lgbm,97.74385258377288,97.74385258377288
0.19900000095367432,0.0,0.8009999990463257,pair_rf_lgbm,97.74392813241771,97.74392813241771
0.14399999380111694,0.0,0.8560000061988831,pair_rf_lgbm,97.74582577383009,97.74582577383009
0.20000000298023224,0.0,0.800000011920929,pair_rf_lgbm,97.7459030505648,97.7459030505648
0.14300000667572021,0.0,0.8569999933242798,pair_rf_lgbm,97.74787057474619,97.74787057474619
0.20100000500679016,0.0,0.7990000247955322,pair_rf_lgbm,97.74795008246231,97.74795008246231
0.1420000046491623,0.0,0.8579999804496765,pair_rf_lgbm,97.74998741811554,97.74998741811554
0.20200000703334808,0.0,0.7979999780654907,pair_rf_lgbm,97.75007101450497,97.75007101450497
0.14100000262260437,0.0,0.859000027179718,pair_rf_lgbm,97.7521741459219,97.7521741459219
0.2029999941587448,0.0,0.796999990940094,pair_rf_lgbm,97.75226187499852,97.75226187499852
0.14000000059604645,0.0,0.8600000143051147,pair_rf_lgbm,97.7544348118096,97.7544348118096
0.20399999618530273,0.0,0.7960000038146973,pair_rf_lgbm,97.75452439034183,97.75452439034183
0.0,0.6759999990463257,0.3240000009536743,pair_et_lgbm,97.75597753578273,97.75597753578273
0.13899999856948853,0.0,0.8610000014305115,pair_rf_lgbm,97.7567666682502,97.7567666682502
0.20499999821186066,0.0,0.7950000166893005,pair_rf_lgbm,97.75685821787533,97.75685821787533
0.1379999965429306,0.0,0.8619999885559082,pair_rf_lgbm,97.75917066854306,97.75917066854306
0.20600000023841858,0.0,0.7940000295639038,pair_rf_lgbm,97.75926400560554,97.75926400560554
0.13699999451637268,0.0,0.8629999756813049,pair_rf_lgbm,97.76164644646656,97.76164644646656
0.2070000022649765,0.0,0.7929999828338623,pair_rf_lgbm,97.76174359061125,97.76174359061125
0.13600000739097595,0.0,0.8640000224113464,pair_rf_lgbm,97.76419222050282,97.76419222050282
0.20800000429153442,0.0,0.7919999957084656,pair_rf_lgbm,97.7642930776494,97.7642930776494
0.0,0.035999998450279236,0.9639999866485596,pair_et_lgbm,97.76605394674614,97.76605394674614
0.13500000536441803,0.0,0.8650000095367432,pair_rf_lgbm,97.76681141170498,97.76681141170498
0.20900000631809235,0.0,0.7910000085830688,pair_rf_lgbm,97.76691455820342,97.76691455820342
0.3100000023841858,0.09000000357627869,0.6000000238418579,three_way_lgbm_focused_coarse,97.76841399102946,97.76841399102946
0.1340000033378601,0.0,0.8659999966621399,pair_rf_lgbm,97.76950269068605,97.76950269068605
0.20999999344348907,0.0,0.7900000214576721,pair_rf_lgbm,97.76960778982938,97.76960778982938
0.13300000131130219,0.0,0.8669999837875366,pair_rf_lgbm,97.77226583163592,97.77226583163592
0.210999995470047,0.0,0.7889999747276306,pair_rf_lgbm,97.77237497731149,97.77237497731149
0.30000001192092896,0.05999999865889549,0.6399999856948853,three_way_lgbm_focused_coarse,97.77252291571831,97.77252291571831
0.13199999928474426,0.0,0.8679999709129333,pair_rf_lgbm,97.77510032020332,97.77510032020332
0.21199999749660492,0.0,0.7879999876022339,pair_rf_lgbm,97.77521143850059,97.77521143850059
0.07999999821186066,0.009999999776482582,0.9100000262260437,three_way_lgbm_focused_coarse,97.77779307861378,97.77779307861378
0.13099999725818634,0.0,0.8690000176429749,pair_rf_lgbm,97.77800515894853,97.77800515894853
0.21299999952316284,0.0,0.7870000004768372,pair_rf_lgbm,97.77811992862478,97.77811992862478
0.12999999523162842,0.0,0.8700000047683716,pair_rf_lgbm,97.78098346805045,97.78098346805045
0.21400000154972076,0.0,0.7860000133514404,pair_rf_lgbm,97.78109989247004,97.78109989247004
0.0,0.6769999861717224,0.3230000138282776,pair_et_lgbm,97.78263782870228,97.78263782870228
0.1289999932050705,0.0,0.8709999918937683,pair_rf_lgbm,97.78403361817537,97.78403361817537
0.2150000035762787,0.0,0.7850000262260437,pair_rf_lgbm,97.78415205289137,97.78415205289137
0.12800000607967377,0.0,0.871999979019165,pair_rf_lgbm,97.78715523520988,97.78715523520988
0.2160000056028366,0.0,0.7839999794960022,pair_rf_lgbm,97.78727793836997,97.78727793836997
0.12700000405311584,0.0,0.8730000257492065,pair_rf_lgbm,97.79034718349644,97.79034718349644
0.21699999272823334,0.0,0.7829999923706055,pair_rf_lgbm,97.79047386618974,97.79047386618974
0.0,0.03500000014901161,0.9649999737739563,pair_et_lgbm,97.79274606217518,97.79274606217518
0.12600000202655792,0.0,0.8740000128746033,pair_rf_lgbm,97.7936128095179,97.7936128095179
0.21799999475479126,0.0,0.7820000052452087,pair_rf_lgbm,97.7937412133717,97.7937412133717
0.2800000011920929,0.029999999329447746,0.6899999976158142,three_way_lgbm_focused_coarse,97.79584022082898,97.79584022082898
0.25,0.009999999776482582,0.7400000095367432,three_way_lgbm_focused_coarse,97.79606403675045,97.79606403675045
0.125,0.0,0.875,pair_rf_lgbm,97.79694999794933,97.79694999794933
0.21899999678134918,0.0,0.781000018119812,pair_rf_lgbm,97.79708009738651,97.79708009738651
0.12399999797344208,0.0,0.8759999871253967,pair_rf_lgbm,97.80035902752245,97.80035902752245
0.2199999988079071,0.0,0.7799999713897705,pair_rf_lgbm,97.8004932994866,97.8004932994866
0.12300000339746475,0.0,0.8769999742507935,pair_rf_lgbm,97.80383973200064,97.80383973200064
0.22100000083446503,0.0,0.7789999842643738,pair_rf_lgbm,97.8039760510944,97.8039760510944
0.28999999165534973,0.03999999910593033,0.6700000166893005,three_way_lgbm_focused_coarse,97.8043963061182,97.8043963061182
0.3100000023841858,0.07999999821186066,0.6100000143051147,three_way_lgbm_focused_coarse,97.80546447444276,97.80546447444276
0.12200000137090683,0.0,0.878000020980835,pair_rf_lgbm,97.80739073158983,97.80739073158983
0.22200000286102295,0.0,0.777999997138977,pair_rf_lgbm,97.8075306407904,97.8075306407904
0.0,0.6779999732971191,0.32199999690055847,pair_et_lgbm,97.8093830946524,97.8093830946524
0.12099999934434891,0.0,0.8790000081062317,pair_rf_lgbm,97.81101525405771,97.81101525405771
0.22300000488758087,0.0,0.7770000100135803,pair_rf_lgbm,97.81115680702692,97.81115680702692
0.11999999731779099,0.0,0.8799999952316284,pair_rf_lgbm,97.81471131057499,97.81471131057499
0.2240000069141388,0.0,0.7760000228881836,pair_rf_lgbm,97.81485494140176,97.81485494140175
0.27000001072883606,0.019999999552965164,0.7099999785423279,three_way_lgbm_focused_coarse,97.81495849072842,97.81495849072842
0.03999999910593033,0.019999999552965164,0.9399999976158142,three_way_lgbm_focused_coarse,97.81537504814159,97.81537504814159
0.11900000274181366,0.0,0.8809999823570251,pair_rf_lgbm,97.8184792859555,97.8184792859555
0.22499999403953552,0.0,0.7749999761581421,pair_rf_lgbm,97.81862739446017,97.81862739446017
0.0,0.03400000184774399,0.9660000205039978,pair_et_lgbm,97.81952021669662,97.81952021669662
0.11800000071525574,0.0,0.8820000290870667,pair_rf_lgbm,97.82231749109677,97.82231749109675
0.22599999606609344,0.0,0.7739999890327454,pair_rf_lgbm,97.82246906967956,97.82246906967956
0.009999999776482582,0.029999999329447746,0.9599999785423279,three_way_lgbm_focused_coarse,97.82583782919252,97.82583782919252
0.11699999868869781,0.0,0.8830000162124634,pair_rf_lgbm,97.82622888872937,97.82622888872937
0.22699999809265137,0.0,0.7730000019073486,pair_rf_lgbm,97.82638252112073,97.82638252112073
0.11599999666213989,0.0,0.8840000033378601,pair_rf_lgbm,97.83021231003636,97.83021231003636
0.2280000001192093,0.0,0.7720000147819519,pair_rf_lgbm,97.83036777762375,97.83036777762375
0.11500000208616257,0.0,0.8849999904632568,pair_rf_lgbm,97.83426735193878,97.83426735193878
0.2290000021457672,0.0,0.7710000276565552,pair_rf_lgbm,97.83442451561375,97.83442451561375
0.0,0.6790000200271606,0.32100000977516174,pair_et_lgbm,97.83620813577568,97.83620813577568
0.11400000005960464,0.0,0.8859999775886536,pair_rf_lgbm,97.83839427758002,97.83839427758002
0.23000000417232513,0.0,0.7699999809265137,pair_rf_lgbm,97.83855567782999,97.83855567782999
0.30000001192092896,0.05000000074505806,0.6499999761581421,three_way_lgbm_focused_coarse,97.84062881378824,97.84062881378824
0.07000000029802322,0.009999999776482582,0.9200000166893005,three_way_lgbm_focused_coarse,97.84132979551318,97.84132979551318
0.11299999803304672,0.0,0.8870000243186951,pair_rf_lgbm,97.84259148279472,97.84259148279472
0.23100000619888306,0.0,0.7689999938011169,pair_rf_lgbm,97.84275607970245,97.84275607970245
0.0,0.032999999821186066,0.9670000076293945,pair_et_lgbm,97.84637903674428,97.84637903674428
0.1120000034570694,0.0,0.8880000114440918,pair_rf_lgbm,97.84686201033685,97.84686201033685
0.23199999332427979,0.0,0.7680000066757202,pair_rf_lgbm,97.84702906548068,97.84702906548068
0.3100000023841858,0.07000000029802322,0.6200000047683716,three_way_lgbm_focused_coarse,97.85083784238324,97.85083784238324
0.11100000143051147,0.0,0.8889999985694885,pair_rf_lgbm,97.85120424150013,97.85120424150013
0.2329999953508377,0.0,0.7670000195503235,pair_rf_lgbm,97.85137315152971,97.85137315152971
0.10999999940395355,0.0,0.8899999856948853,pair_rf_lgbm,97.85561803782055,97.85561803782055
0.23399999737739563,0.0,0.765999972820282,pair_rf_lgbm,97.85579161325033,97.85579161325033
0.10899999737739563,0.0,0.890999972820282,pair_rf_lgbm,97.86010392523444,97.86010392523444
0.23499999940395355,0.0,0.7649999856948853,pair_rf_lgbm,97.86027929786847,97.86027929786847
0.25999999046325684,0.009999999776482582,0.7300000190734863,three_way_lgbm_focused_coarse,97.86175006330348,97.86175006330348
0.0,0.6800000071525574,0.3199999928474426,pair_et_lgbm,97.8631195669505,97.8631195669505
0.1080000028014183,0.0,0.8920000195503235,pair_rf_lgbm,97.8646599727664,97.8646599727664
0.23600000143051147,0.0,0.7639999985694885,pair_rf_lgbm,97.86483876860235,97.86483876860235
0.10700000077486038,0.0,0.8930000066757202,pair_rf_lgbm,97.8692895561331,97.8692895561331
0.2370000034570694,0.0,0.7630000114440918,pair_rf_lgbm,97.86946982342778,97.86946982342778
0.0,0.03200000151991844,0.9679999947547913,pair_et_lgbm,97.87332125036205,97.87332125036205
0.10599999874830246,0.0,0.8939999938011169,pair_rf_lgbm,97.87399074000467,97.87399074000467
0.23800000548362732,0.0,0.7620000243186951,pair_rf_lgbm,97.87417329540457,97.87417329540455
0.10499999672174454,0.0,0.8949999809265137,pair_rf_lgbm,97.87876373363493,97.87876373363493
0.23899999260902405,0.0,0.7609999775886536,pair_rf_lgbm,97.8789509677481,97.8789509677481
0.10400000214576721,0.0,0.8960000276565552,pair_rf_lgbm,97.88360709563725,97.88360709563725
0.23999999463558197,0.0,0.7599999904632568,pair_rf_lgbm,97.88379745270258,97.88379745270258
0.10300000011920929,0.0,0.8970000147819519,pair_rf_lgbm,97.88852360167012,97.88852360167012
0.2409999966621399,0.0,0.7590000033378601,pair_rf_lgbm,97.88871577471016,97.88871577471016
0.0,0.6809999942779541,0.3190000057220459,pair_et_lgbm,97.89011294419183,97.89011294419183
0.10199999809265137,0.0,0.8980000019073486,pair_rf_lgbm,97.89351199131748,97.89351199131748
0.24199999868869781,0.0,0.7580000162124634,pair_rf_lgbm,97.89370625231703,97.89370625231703
0.28999999165534973,0.029999999329447746,0.6800000071525574,three_way_lgbm_focused_coarse,97.89523539681865,97.89523539681865
0.10100000351667404,0.0,0.8989999890327454,pair_rf_lgbm,97.89857190136303,97.89857190136303
0.24300000071525574,0.0,0.7570000290870667,pair_rf_lgbm,97.89876839045522,97.89876839045522
0.0,0.03099999949336052,0.968999981880188,pair_et_lgbm,97.90034707995608,97.90034707995608
0.2800000011920929,0.019999999552965164,0.699999988079071,three_way_lgbm_focused_coarse,97.90108847736123,97.90108847736123
0.029999999329447746,0.019999999552965164,0.949999988079071,three_way_lgbm_focused_coarse,97.90154159687297,97.90154159687297
0.10000000149011612,0.0,0.8999999761581421,pair_rf_lgbm,97.90370402219395,97.90370402219395
0.24400000274181366,0.0,0.7559999823570251,pair_rf_lgbm,97.90390444306865,97.90390444306865
0.3100000023841858,0.05999999865889549,0.6299999952316284,three_way_lgbm_focused_coarse,97.90453458503397,97.90453458503397
0.0989999994635582,0.0,0.9010000228881836,pair_rf_lgbm,97.90890626679378,97.90890626679378
0.24500000476837158,0.0,0.7549999952316284,pair_rf_lgbm,97.90911002274314,97.90911002274314
0.05999999865889549,0.009999999776482582,0.9300000071525574,three_way_lgbm_focused_coarse,97.91204557656944,97.91204557656944
0.09799999743700027,0.0,0.9020000100135803,pair_rf_lgbm,97.9141818254285,97.9141818254285
0.2460000067949295,0.0,0.7540000081062317,pair_rf_lgbm,97.91438735565151,97.91438735565151
0.30000001192092896,0.03999999910593033,0.6600000262260437,three_way_lgbm_focused_coarse,97.9170556305487,97.9170556305487
0.0,0.6819999814033508,0.3179999887943268,pair_et_lgbm,97.91719103221325,97.91719103221325
0.09700000286102295,0.0,0.902999997138977,pair_rf_lgbm,97.91952901250191,97.91952901250191
0.24699999392032623,0.0,0.753000020980835,pair_rf_lgbm,97.91973717095476,97.91973717095476
0.09600000083446503,0.0,0.9039999842643738,pair_rf_lgbm,97.92494814232525,97.92494814232525
0.24799999594688416,0.0,0.7519999742507935,pair_rf_lgbm,97.92516043302962,97.92516043302962
0.0,0.029999999329447746,0.9700000286102295,pair_et_lgbm,97.92745409081486,97.92745409081486
0.0949999988079071,0.0,0.9049999713897705,pair_rf_lgbm,97.93043896508358,97.93043896508358
0.24899999797344208,0.0,0.7509999871253967,pair_rf_lgbm,97.93065321277314,97.93065321277314
0.27000001072883606,0.009999999776482582,0.7200000286102295,three_way_lgbm_focused_coarse,97.93461386537042,97.93461386537042
0.09399999678134918,0.0,0.906000018119812,pair_rf_lgbm,97.93600030129389,97.93600030129389
0.25,0.0,0.75,pair_rf_lgbm,97.9362176756156,97.9362176756156
0.09300000220537186,0.0,0.9070000052452087,pair_rf_lgbm,97.94163457302211,97.94163457302211
0.25099998712539673,0.0,0.7490000128746033,pair_rf_lgbm,97.94185467076825,97.94185467076825
0.0,0.6830000281333923,0.31700000166893005,pair_et_lgbm,97.94434899553337,97.94434899553337
0.09200000017881393,0.0,0.9079999923706055,pair_rf_lgbm,97.94734087313354,97.94734087313354
0.25200000405311584,0.0,0.7480000257492065,pair_rf_lgbm,97.94756219718785,97.94756219718785
0.09099999815225601,0.0,0.9089999794960022,pair_rf_lgbm,97.95311931689741,97.95311931689741
0.2529999911785126,0.0,0.746999979019165,pair_rf_lgbm,97.95334509110508,97.95334509110508
0.0,0.028999999165534973,0.9710000157356262,pair_et_lgbm,97.95464582633794,97.95464582633794
0.3199999928474426,0.07999999821186066,0.6000000238418579,three_way_lgbm_focused_coarse,97.95682761205332,97.95682761205332
0.09000000357627869,0.0,0.9100000262260437,pair_rf_lgbm,97.95896708070609,97.95896708070609
0.2540000081062317,0.0,0.7459999918937683,pair_rf_lgbm,97.95919621472629,97.95919621472629
0.08900000154972076,0.0,0.9110000133514404,pair_rf_lgbm,97.96488880968947,97.96488880968947
0.2549999952316284,0.0,0.7450000047683716,pair_rf_lgbm,97.96512019109073,97.96512019109073
0.3100000023841858,0.05000000074505806,0.6399999856948853,three_way_lgbm_focused_coarse,97.9665544959421,97.9665544959421
0.08799999952316284,0.0,0.9120000004768372,pair_rf_lgbm,97.97088221736534,97.97088221736534
0.25600001215934753,0.0,0.7440000176429749,pair_rf_lgbm,97.97111510549311,97.97111510549311
0.0,0.6840000152587891,0.3160000145435333,pair_et_lgbm,97.97159174913259,97.97159174913259
0.08699999749660492,0.0,0.9129999876022339,pair_rf_lgbm,97.97694762390485,97.97694762390485
0.25699999928474426,0.0,0.7429999709129333,pair_rf_lgbm,97.9771849554972,97.9771849554972
0.0,0.02800000086426735,0.972000002861023,pair_et_lgbm,97.98192055028662,97.98192055028662
0.0860000029206276,0.0,0.9139999747276306,pair_rf_lgbm,97.98308414697634,97.98308414697634
0.257999986410141,0.0,0.7419999837875366,pair_rf_lgbm,97.98332455584209,97.98332455584209
0.08500000089406967,0.0,0.9150000214576721,pair_rf_lgbm,97.98929187828274,97.98929187828274
0.2590000033378601,0.0,0.7409999966621399,pair_rf_lgbm,97.98953474172133,97.98953474172133
0.05000000074505806,0.009999999776482582,0.9399999976158142,three_way_lgbm_focused_coarse,97.98994048377288,97.98994048377288
0.28999999165534973,0.019999999552965164,0.6899999976158142,three_way_lgbm_focused_coarse,97.99439788476826,97.99439788476826
0.019999999552965164,0.019999999552965164,0.9599999785423279,three_way_lgbm_focused_coarse,97.99488736702708,97.99488736702708
0.08399999886751175,0.0,0.9160000085830688,pair_rf_lgbm,97.9955724315749,97.9955724315749
0.25999999046325684,0.0,0.7400000095367432,pair_rf_lgbm,97.99581765119432,97.99581765119432
0.3199999928474426,0.07000000029802322,0.6100000143051147,three_way_lgbm_focused_coarse,97.99611484120372,97.99611484120372
0.0,0.6850000023841858,0.3149999976158142,pair_et_lgbm,97.99891970827237,97.99891970827237
0.30000001192092896,0.029999999329447746,0.6700000166893005,three_way_lgbm_focused_coarse,98.0018086830583,98.0018086830583
0.08299999684095383,0.0,0.9169999957084656,pair_rf_lgbm,98.00192481238682,98.00192481238682
0.26100000739097595,0.0,0.7390000224113464,pair_rf_lgbm,98.00217120929494,98.00217120929494
0.0820000022649765,0.0,0.9179999828338623,pair_rf_lgbm,98.00834872678735,98.00834872678735
0.2619999945163727,0.0,0.7379999756813049,pair_rf_lgbm,98.00860041662668,98.00860041662668
0.0,0.027000000700354576,0.9729999899864197,pair_et_lgbm,98.00927866327676,98.00927866327676
0.2800000011920929,0.009999999776482582,0.7099999785423279,three_way_lgbm_focused_coarse,98.01466055856707,98.01466055856707
0.08100000023841858,0.0,0.9190000295639038,pair_rf_lgbm,98.01484353371649,98.01484353371649
0.2630000114440918,0.0,0.7369999885559082,pair_rf_lgbm,98.01509764511714,98.01509764511714
0.07999999821186066,0.0,0.9200000166893005,pair_rf_lgbm,98.02141126853927,98.02141126853927
0.2639999985694885,0.0,0.7360000014305115,pair_rf_lgbm,98.02166772968492,98.02166772968492
0.0,0.6859999895095825,0.3140000104904175,pair_et_lgbm,98.0263289579516,98.0263289579516
0.07900000363588333,0.0,0.9210000038146973,pair_rf_lgbm,98.02805058480003,98.02805058480003
0.26499998569488525,0.0,0.7350000143051147,pair_rf_lgbm,98.02830956488155,98.02830956488155
0.07800000160932541,0.0,0.921999990940094,pair_rf_lgbm,98.03476193439036,98.03476193439036
0.26600000262260437,0.0,0.734000027179718,pair_rf_lgbm,98.03502237139669,98.03502237139669
0.0,0.026000000536441803,0.9739999771118164,pair_et_lgbm,98.03672007714164,98.03672007714164
0.3100000023841858,0.03999999910593033,0.6499999761581421,three_way_lgbm_focused_coarse,98.03689814509573,98.03689814509573
0.07699999958276749,0.0,0.9229999780654907,pair_rf_lgbm,98.04154501408138,98.04154501408138
0.2669999897480011,0.0,0.7329999804496765,pair_rf_lgbm,98.04181025624273,98.04181025624273
0.3199999928474426,0.05999999865889549,0.6200000047683716,three_way_lgbm_focused_coarse,98.04372544679796,98.04372544679796
0.07599999755620956,0.0,0.9240000247955322,pair_rf_lgbm,98.0483985846136,98.0483985846136
0.2680000066757202,0.0,0.7319999933242798,pair_rf_lgbm,98.04866646969191,98.04866646969191
0.0,0.6869999766349792,0.31299999356269836,pair_et_lgbm,98.05382331489533,98.05382331489533
0.07500000298023224,0.0,0.925000011920929,pair_rf_lgbm,98.0553251506748,98.0553251506748
0.26899999380111694,0.0,0.7310000061988831,pair_rf_lgbm,98.05559564281799,98.05559564281799
0.07400000095367432,0.0,0.9259999990463257,pair_rf_lgbm,98.06232363879643,98.06232363879643
0.27000001072883606,0.0,0.7300000190734863,pair_rf_lgbm,98.06259530778938,98.06259530778938
0.0,0.02500000037252903,0.9750000238418579,pair_et_lgbm,98.06424385443275,98.06424385443275
0.0729999989271164,0.0,0.9269999861717224,pair_rf_lgbm,98.0693941937681,98.0693941937681
0.2709999978542328,0.0,0.7289999723434448,pair_rf_lgbm,98.06967035927599,98.06967035927599
0.03999999910593033,0.009999999776482582,0.949999988079071,three_way_lgbm_focused_coarse,98.075014398649,98.075014398649
0.07199999690055847,0.0,0.9279999732971191,pair_rf_lgbm,98.07653594051722,98.07653594051722
0.2720000147819519,0.0,0.7279999852180481,pair_rf_lgbm,98.0768139658527,98.0768139658527
0.0,0.6880000233650208,0.31200000643730164,pair_et_lgbm,98.08139752773985,98.08139752773985
0.07100000232458115,0.0,0.9290000200271606,pair_rf_lgbm,98.08374847038912,98.08374847038912
0.27300000190734863,0.0,0.7269999980926514,pair_rf_lgbm,98.08403009133416,98.08403009133416
0.07000000029802322,0.0,0.9300000071525574,pair_rf_lgbm,98.09103389281499,98.09103389281499
0.27399998903274536,0.0,0.7260000109672546,pair_rf_lgbm,98.09131819761332,98.09131819761332
0.0,0.024000000208616257,0.9760000109672546,pair_et_lgbm,98.09185181434567,98.09185181434567
0.30000001192092896,0.019999999552965164,0.6800000071525574,three_way_lgbm_focused_coarse,98.09488503462154,98.09488503462154
0.009999999776482582,0.019999999552965164,0.9700000286102295,three_way_lgbm_focused_coarse,98.09541091959339,98.09541091959339
0.0689999982714653,0.0,0.9309999942779541,pair_rf_lgbm,98.0983914468756,98.0983914468756
0.2750000059604645,0.0,0.7250000238418579,pair_rf_lgbm,98.09867686978814,98.09867686978814
0.3199999928474426,0.05000000074505806,0.6299999952316284,three_way_lgbm_focused_coarse,98.09965910663931,98.09965910663931
0.28999999165534973,0.009999999776482582,0.699999988079071,three_way_lgbm_focused_coarse,98.10188357267275,98.10188357267275
0.06800000369548798,0.0,0.9319999814033508,pair_rf_lgbm,98.1058205473134,98.1058205473134
0.2759999930858612,0.0,0.7239999771118164,pair_rf_lgbm,98.10611106769035,98.10611106769035
0.0,0.6890000104904175,0.3109999895095825,pair_et_lgbm,98.10905789688809,98.10905789688809
0.06700000166893005,0.0,0.9330000281333923,pair_rf_lgbm,98.11332022159968,98.11332022159968
0.2770000100135803,0.0,0.7229999899864197,pair_rf_lgbm,98.11361341897914,98.11361341897914
0.3100000023841858,0.029999999329447746,0.6600000262260437,three_way_lgbm_focused_coarse,98.1155618866325,98.1155618866325
0.0,0.023000000044703484,0.9769999980926514,pair_et_lgbm,98.11954269642652,98.11954269642652
0.06599999964237213,0.0,0.9340000152587891,pair_rf_lgbm,98.12089308813188,98.12089308813188
0.27799999713897705,0.0,0.722000002861023,pair_rf_lgbm,98.12118856962192,98.12118856962192
0.06499999761581421,0.0,0.9350000023841858,pair_rf_lgbm,98.1285378470974,98.1285378470974
0.27900001406669617,0.0,0.7210000157356262,pair_rf_lgbm,98.12883434975961,98.12883434975961
0.06400000303983688,0.0,0.9359999895095825,pair_rf_lgbm,98.136254004054,98.136254004054
0.2800000011920929,0.0,0.7200000286102295,pair_rf_lgbm,98.13655325312082,98.13655325312082
0.0,0.6899999976158142,0.3100000023841858,pair_et_lgbm,98.13680048543891,98.13680048543891
0.06300000101327896,0.0,0.9369999766349792,pair_rf_lgbm,98.14404225542528,98.14404225542528
0.2809999883174896,0.0,0.718999981880188,pair_rf_lgbm,98.1443463207147,98.1443463207147
0.0,0.02199999988079071,0.9779999852180481,pair_et_lgbm,98.14731722700726,98.14731722700726
0.33000001311302185,0.07000000029802322,0.6000000238418579,three_way_lgbm_focused_coarse,98.14856973931883,98.14856973931883
0.06199999898672104,0.0,0.9380000233650208,pair_rf_lgbm,98.15190091563882,98.15190091563882
0.28200000524520874,0.0,0.7179999947547913,pair_rf_lgbm,98.15220757573246,98.15220757573246
0.061000000685453415,0.0,0.9390000104904175,pair_rf_lgbm,98.15983278403735,98.15983278403735
0.28299999237060547,0.0,0.7170000076293945,pair_rf_lgbm,98.16014167269724,98.16014167269724
0.3199999928474426,0.03999999910593033,0.6399999856948853,three_way_lgbm_focused_coarse,98.16391682410273,98.16391682410273
0.0,0.6909999847412109,0.3089999854564667,pair_et_lgbm,98.16462780418485,98.16462780418485
0.029999999329447746,0.009999999776482582,0.9599999785423279,three_way_lgbm_focused_coarse,98.16726718155134,98.16726718155134
0.05999999865889549,0.0,0.9399999976158142,pair_rf_lgbm,98.16783635214061,98.16783635214061
0.2840000092983246,0.0,0.7160000205039978,pair_rf_lgbm,98.16814651589509,98.16814651589509
0.0,0.020999999716877937,0.9789999723434448,pair_et_lgbm,98.17517456637104,98.17517456637104
0.05900000035762787,0.0,0.9409999847412109,pair_rf_lgbm,98.17591138026431,98.17591138026431
0.2849999964237213,0.0,0.7149999737739563,pair_rf_lgbm,98.17622688645703,98.17622688645703
0.057999998331069946,0.0,0.9419999718666077,pair_rf_lgbm,98.18405845273725,98.18405845273725
0.28600001335144043,0.0,0.7139999866485596,pair_rf_lgbm,98.18437528891832,98.18437528891832
0.33000001311302185,0.05999999865889549,0.6100000143051147,three_way_lgbm_focused_coarse,98.19009433324804,98.19009433324804
0.05700000002980232,0.0,0.9430000185966492,pair_rf_lgbm,98.19227616009773,98.19227616009773
0.0,0.6919999718666077,0.30799999833106995,pair_et_lgbm,98.19253646477998,98.19253646477998
0.28700000047683716,0.0,0.7129999995231628,pair_rf_lgbm,98.19259670333153,98.19259670333153
0.30000001192092896,0.009999999776482582,0.6899999976158142,three_way_lgbm_focused_coarse,98.19628473583961,98.19628473583961
0.0560000017285347,0.0,0.9440000057220459,pair_rf_lgbm,98.20056674885821,98.20056674885821
0.2879999876022339,0.0,0.7120000123977661,pair_rf_lgbm,98.20088961401169,98.20088961401169
0.3100000023841858,0.019999999552965164,0.6700000166893005,three_way_lgbm_focused_coarse,98.20255236288112,98.20255236288112
0.0,0.019999999552965164,0.9800000190734863,pair_et_lgbm,98.20311475411067,98.20311475411067
0.054999999701976776,0.0,0.9449999928474426,pair_rf_lgbm,98.20892929393784,98.20892929393784
0.289000004529953,0.0,0.7110000252723694,pair_rf_lgbm,98.20925345751678,98.20925345751678
0.05400000140070915,0.0,0.9459999799728394,pair_rf_lgbm,98.21736363531744,98.21736363531744
0.28999999165534973,0.0,0.7099999785423279,pair_rf_lgbm,98.21769275867909,98.21769275867909
0.0,0.6930000185966492,0.3070000112056732,pair_et_lgbm,98.22052660040204,98.22052660040204
0.05299999937415123,0.0,0.9470000267028809,pair_rf_lgbm,98.2258683486041,98.22586834860408
0.29100000858306885,0.0,0.7089999914169312,pair_rf_lgbm,98.22619999390143,98.22619999390143
0.0,0.01899999938905239,0.9810000061988831,pair_et_lgbm,98.23113883602642,98.23113883602642
0.052000001072883606,0.0,0.9480000138282776,pair_rf_lgbm,98.23444615522644,98.23444615522644
0.2919999957084656,0.0,0.7080000042915344,pair_rf_lgbm,98.23478036142092,98.23478036142092
0.3199999928474426,0.029999999329447746,0.6499999761581421,three_way_lgbm_focused_coarse,98.23649736756211,98.23649736756211
0.33000001311302185,0.05000000074505806,0.6200000047683716,three_way_lgbm_focused_coarse,98.23994190363207,98.23994190363207
0.050999999046325684,0.0,0.9490000009536743,pair_rf_lgbm,98.24309577897027,98.24309577897027
0.2930000126361847,0.0,0.7070000171661377,pair_rf_lgbm,98.24343107606396,98.24343107606396
0.0,0.6940000057220459,0.3059999942779541,pair_et_lgbm,98.24860354526042,98.24860354526042
0.05000000074505806,0.0,0.949999988079071,pair_rf_lgbm,98.25181706533321,98.25181706533321
0.2939999997615814,0.0,0.7059999704360962,pair_rf_lgbm,98.2521577628335,98.2521577628335
0.0,0.017999999225139618,0.9819999933242798,pair_et_lgbm,98.25924596291735,98.25924596291735
0.04899999871850014,0.0,0.9509999752044678,pair_rf_lgbm,98.2606102559448,98.2606102559448
0.29499998688697815,0.0,0.7049999833106995,pair_rf_lgbm,98.26095339922281,98.26095339922281
0.019999999552965164,0.009999999776482582,0.9700000286102295,three_way_lgbm_focused_coarse,98.26669777255783,98.26669777255783
0.04800000041723251,0.0,0.9520000219345093,pair_rf_lgbm,98.26947410185524,98.26947410185524
0.29600000381469727,0.0,0.7039999961853027,pair_rf_lgbm,98.26981952583161,98.26981952583161
0.0,0.6949999928474426,0.3050000071525574,pair_et_lgbm,98.27676194187664,98.27676194187664
0.04699999839067459,0.0,0.953000009059906,pair_rf_lgbm,98.27841095571617,98.27841095571617
0.296999990940094,0.0,0.703000009059906,pair_rf_lgbm,98.27875887913741,98.27875887913741
0.04600000008940697,0.0,0.9539999961853027,pair_rf_lgbm,98.28741954043713,98.28741954043713
0.0,0.017000000923871994,0.9829999804496765,pair_et_lgbm,98.28743646395418,98.28743646395418
0.2980000078678131,0.0,0.7020000219345093,pair_rf_lgbm,98.2877687302803,98.28776873028029
0.04500000178813934,0.0,0.9549999833106995,pair_rf_lgbm,98.29649973507036,98.29649973507036
0.29899999499320984,0.0,0.7009999752044678,pair_rf_lgbm,98.29685412091693,98.29685412091693
0.3100000023841858,0.009999999776482582,0.6800000071525574,three_way_lgbm_focused_coarse,98.29786577083038,98.29786577083038
0.33000001311302185,0.03999999910593033,0.6299999952316284,three_way_lgbm_focused_coarse,98.29811320127203,98.29811320127203
0.0,0.6959999799728394,0.30399999022483826,pair_et_lgbm,98.30500534475658,98.30500534475658
0.04399999976158142,0.0,0.9559999704360962,pair_rf_lgbm,98.30565179561715,98.30565179561715
0.30000001192092896,0.0,0.699999988079071,pair_rf_lgbm,98.30600761001226,98.30600761001226
0.0430000014603138,0.0,0.9570000171661377,pair_rf_lgbm,98.31487464734164,98.31487464734164
0.3009999990463257,0.0,0.6990000009536743,pair_rf_lgbm,98.31523414529627,98.31523414529627
0.0,0.01600000075995922,0.984000027179718,pair_et_lgbm,98.3157093191308,98.3157093191308
0.3199999928474426,0.019999999552965164,0.6600000262260437,three_way_lgbm_focused_coarse,98.31739833511386,98.31739833511386
0.041999999433755875,0.0,0.9580000042915344,pair_rf_lgbm,98.3241702841882,98.3241702841882
0.3019999861717224,0.0,0.6980000138282776,pair_rf_lgbm,98.32453195745143,98.32453195745143
0.0,0.6970000267028809,0.30300000309944153,pair_et_lgbm,98.33332858211075,98.33332858158427
0.04100000113248825,0.0,0.9589999914169312,pair_rf_lgbm,98.3335378565641,98.3335378565641
0.30300000309944153,0.0,0.6970000267028809,pair_rf_lgbm,98.33390083707728,98.33390083707728
0.03999999910593033,0.0,0.9599999785423279,pair_rf_lgbm,98.34297720812182,98.34297720812182
0.30399999022483826,0.0,0.6959999799728394,pair_rf_lgbm,98.34334519763235,98.34334519763235
0.3400000035762787,0.05999999865889549,0.6000000238418579,three_way_lgbm_focused_coarse,98.3436430163835,98.3436430163835
0.0,0.014999999664723873,0.9850000143051147,pair_et_lgbm,98.34406630310193,98.34406630310193
0.039000000804662704,0.0,0.9610000252723694,pair_rf_lgbm,98.35248689106241,98.35248689106241
0.3050000071525574,0.0,0.6949999928474426,pair_rf_lgbm,98.35285773919536,98.35285773919536
0.0,0.6980000138282776,0.3019999861717224,pair_et_lgbm,98.36173849364658,98.36173849364658
0.03799999877810478,0.0,0.9620000123977661,pair_rf_lgbm,98.36206986500811,98.36206986500811
0.3059999942779541,0.0,0.6940000057220459,pair_rf_lgbm,98.36244296473413,98.36244296473413
0.33000001311302185,0.029999999329447746,0.6399999856948853,three_way_lgbm_focused_coarse,98.36460774642033,98.36460774642033
0.03700000047683716,0.0,0.9629999995231628,pair_rf_lgbm,98.37172461605515,98.37172461605515
0.3070000112056732,0.0,0.6930000185966492,pair_rf_lgbm,98.37209881694874,98.37209881694874
0.0,0.014000000432133675,0.9860000014305115,pair_et_lgbm,98.37250644282642,98.37250644282642
0.009999999776482582,0.009999999776482582,0.9800000190734863,three_way_lgbm_focused_coarse,98.37330869222181,98.37330869222181
0.035999998450279236,0.0,0.9639999866485596,pair_rf_lgbm,98.38145117308252,98.38145117308252
0.30799999833106995,0.0,0.6919999718666077,pair_rf_lgbm,98.3818307360325,98.3818307360325
0.3400000035762787,0.05000000074505806,0.6100000143051147,three_way_lgbm_focused_coarse,98.38740469607568,98.38740469607568
0.0,0.6990000009536743,0.3009999990463257,pair_et_lgbm,98.3902297753923,98.3902297753923
0.03500000014901161,0.0,0.9649999737739563,pair_rf_lgbm,98.39124919706171,98.39124919706171
0.3089999854564667,0.0,0.6909999847412109,pair_rf_lgbm,98.39163118911088,98.39163118911088
0.0,0.013000000268220901,0.9869999885559082,pair_et_lgbm,98.40102991367934,98.40102991367934
0.03400000184774399,0.0,0.9660000205039978,pair_rf_lgbm,98.4011178464164,98.4011178464164
0.3100000023841858,0.0,0.6899999976158142,pair_rf_lgbm,98.40150256210579,98.40150256210579
0.3199999928474426,0.009999999776482582,0.6700000166893005,three_way_lgbm_focused_coarse,98.40662588622689,98.40662588622689
0.032999999821186066,0.0,0.9670000076293945,pair_rf_lgbm,98.41105949784874,98.41105949784874
0.3109999895095825,0.0,0.6890000104904175,pair_rf_lgbm,98.41144668686394,98.41144668686394
0.0,0.699999988079071,0.30000001192092896,pair_et_lgbm,98.41880439128286,98.41880439128286
0.03200000151991844,0.0,0.9679999947547913,pair_rf_lgbm,98.42107329308696,98.42107329308696
0.31200000643730164,0.0,0.6880000233650208,pair_rf_lgbm,98.42146191939992,98.42146191939992
0.0,0.012000000104308128,0.9879999756813049,pair_et_lgbm,98.42963661903036,98.42963661903036
0.03099999949336052,0.0,0.968999981880188,pair_rf_lgbm,98.43115905364012,98.43115905364012
0.31299999356269836,0.0,0.6869999766349792,pair_rf_lgbm,98.43155224374516,98.43155224374516
0.33000001311302185,0.019999999552965164,0.6499999761581421,three_way_lgbm_focused_coarse,98.43942566515025,98.43942566515025
0.3400000035762787,0.03999999910593033,0.6200000047683716,three_way_lgbm_focused_coarse,98.4394899927442,98.4394899927442
0.029999999329447746,0.0,0.9700000286102295,pair_rf_lgbm,98.44131480371776,98.44131480371776
0.3140000104904175,0.0,0.6859999895095825,pair_rf_lgbm,98.44171080621622,98.44171080621622
0.0,0.7009999752044678,0.29899999499320984,pair_et_lgbm,98.44746393643604,98.44746393643604
0.028999999165534973,0.0,0.9710000157356262,pair_rf_lgbm,98.45154392053183,98.45154392053183
0.3149999976158142,0.0,0.6850000023841858,pair_rf_lgbm,98.45194206742352,98.45194206742352
0.0,0.010999999940395355,0.9890000224113464,pair_et_lgbm,98.45832574258898,98.45832574258898
0.02800000086426735,0.0,0.972000002861023,pair_rf_lgbm,98.46184436928579,98.46184436928579
0.3160000145435333,0.0,0.6840000152587891,pair_rf_lgbm,98.46224411814678,98.46224411814678
0.027000000700354576,0.0,0.9729999899864197,pair_rf_lgbm,98.47221697306112,98.47221697306112
0.31700000166893005,0.0,0.6830000281333923,pair_rf_lgbm,98.47261929414813,98.47261929414813
0.0,0.7020000219345093,0.2980000078678131,pair_et_lgbm,98.4762032653017,98.47620326477521
0.026000000536441803,0.0,0.9739999771118164,pair_rf_lgbm,98.48266123306644,98.48266123306644
0.3179999887943268,0.0,0.6819999814033508,pair_rf_lgbm,98.4830687928217,98.4830687928217
0.0,0.009999999776482582,0.9900000095367432,pair_et_lgbm,98.48709871310082,98.48709871310082
0.02500000037252903,0.0,0.9750000238418579,pair_rf_lgbm,98.49317653212294,98.49317653212294
0.3190000057220459,0.0,0.6809999942779541,pair_rf_lgbm,98.49358604928207,98.49358604928207
0.3400000035762787,0.029999999329447746,0.6299999952316284,three_way_lgbm_focused_coarse,98.49989830282273,98.49989830282273
0.024000000208616257,0.0,0.9760000109672546,pair_rf_lgbm,98.50376421284567,98.50376421284567
0.3199999928474426,0.0,0.6800000071525574,pair_rf_lgbm,98.50417662801898,98.50417662801898
0.0,0.703000009059906,0.296999990940094,pair_et_lgbm,98.50502941006532,98.50502941006532
0.023000000044703484,0.0,0.9769999980926514,pair_rf_lgbm,98.51442386508738,98.51442386508738
0.32100000977516174,0.0,0.6790000200271606,pair_rf_lgbm,98.51483758714099,98.51483758714099
0.0,0.008999999612569809,0.9909999966621399,pair_et_lgbm,98.51595513184529,98.51595513184529
0.33000001311302185,0.009999999776482582,0.6600000262260437,three_way_lgbm_focused_coarse,98.52256367707639,98.52256367707639
0.02199999988079071,0.0,0.9779999852180481,pair_rf_lgbm,98.52515559887729,98.52515559887729
0.32199999690055847,0.0,0.6779999732971191,pair_rf_lgbm,98.525574278402,98.525574278402
0.0,0.7039999961853027,0.29600000381469727,pair_et_lgbm,98.53393697759554,98.53393697759554
0.020999999716877937,0.0,0.9789999723434448,pair_rf_lgbm,98.53595880587287,98.53595880587287
0.3230000138282776,0.0,0.6769999861717224,pair_rf_lgbm,98.53637877383144,98.53637877383144
0.3499999940395355,0.05000000074505806,0.6000000238418579,three_way_lgbm_focused_coarse,98.5420463573507,98.5420463573507
0.0,0.00800000037997961,0.9919999837875366,pair_et_lgbm,98.54489468983168,98.54489468983168
0.019999999552965164,0.0,0.9800000190734863,pair_rf_lgbm,98.54683294435574,98.54683294435574
0.3240000009536743,0.0,0.6759999990463257,pair_rf_lgbm,98.54725640463973,98.54725640463973
0.01899999938905239,0.0,0.9810000061988831,pair_rf_lgbm,98.55777988499196,98.55777988499196
0.32499998807907104,0.0,0.675000011920929,pair_rf_lgbm,98.55820567018253,98.55820567018253
0.0,0.7049999833106995,0.29499998688697815,pair_et_lgbm,98.56292955248817,98.56292955248817
0.3400000035762787,0.019999999552965164,0.6399999856948853,three_way_lgbm_focused_coarse,98.5686299710833,98.5686299710833
0.017999999225139618,0.0,0.9819999933242798,pair_rf_lgbm,98.56879843522943,98.56879843522943
0.32600000500679016,0.0,0.6740000247955322,pair_rf_lgbm,98.56922559453764,98.56922559453764
0.0,0.007000000216066837,0.9929999709129333,pair_et_lgbm,98.57391752732457,98.57391752732457
0.017000000923871994,0.0,0.9829999804496765,pair_rf_lgbm,98.57988874928493,98.57988874928493
0.3269999921321869,0.0,0.6729999780654907,pair_rf_lgbm,98.58032148293248,98.58032148293248
0.3499999940395355,0.03999999910593033,0.6100000143051147,three_way_lgbm_focused_coarse,98.58804548130007,98.58804548130007
0.01600000075995922,0.0,0.984000027179718,pair_rf_lgbm,98.59105016611184,98.59105016611184
0.328000009059906,0.0,0.671999990940094,pair_rf_lgbm,98.59148487477007,98.59148487477007
0.0,0.7059999704360962,0.2939999997615814,pair_et_lgbm,98.59200336832772,98.59200336832772
0.014999999664723873,0.0,0.9850000143051147,pair_rf_lgbm,98.60228414274533,98.60228414274533
0.32899999618530273,0.0,0.6710000038146973,pair_rf_lgbm,98.60272139243264,98.60272139243264
0.0,0.006000000052154064,0.9940000176429749,pair_et_lgbm,98.60302275264286,98.60302275264286
0.014000000432133675,0.0,0.9860000014305115,pair_rf_lgbm,98.61358972987499,98.61358972987499
0.33000001311302185,0.0,0.6700000166893005,pair_rf_lgbm,98.61402839096397,98.61402839096397
0.0,0.7070000171661377,0.2930000126361847,pair_et_lgbm,98.62115892726,98.6211589267335
0.013000000268220901,0.0,0.9869999885559082,pair_rf_lgbm,98.6249674710345,98.6249674710345
0.3310000002384186,0.0,0.6690000295639038,pair_rf_lgbm,98.62540848827835,98.62540848827835
0.0,0.004999999888241291,0.9950000047683716,pair_et_lgbm,98.63221187605485,98.63221187605485
0.012000000104308128,0.0,0.9879999756813049,pair_rf_lgbm,98.6364167760511,98.6364167760511
0.3319999873638153,0.0,0.6679999828338623,pair_rf_lgbm,98.63686315791304,98.63686315791304
0.3499999940395355,0.029999999329447746,0.6200000047683716,three_way_lgbm_focused_coarse,98.64236776739071,98.64236776739071
0.3400000035762787,0.009999999776482582,0.6499999761581421,three_way_lgbm_focused_coarse,98.64568505865059,98.64568505865059
0.010999999940395355,0.0,0.9890000224113464,pair_rf_lgbm,98.64793714306192,98.64793714306192
0.3330000042915344,0.0,0.6669999957084656,pair_rf_lgbm,98.64838563547478,98.64838563547478
0.0,0.7080000042915344,0.2919999957084656,pair_et_lgbm,98.65040127310566,98.65040127310566
0.009999999776482582,0.0,0.9900000095367432,pair_rf_lgbm,98.65953004400426,98.65953004400426
0.33399999141693115,0.0,0.6660000085830688,pair_rf_lgbm,98.6599810302535,98.6599810302535
0.0,0.004000000189989805,0.9959999918937683,pair_et_lgbm,98.66148471602773,98.66148471602773
0.008999999612569809,0.0,0.9909999966621399,pair_rf_lgbm,98.67119488127257,98.67119488127257
0.33500000834465027,0.0,0.6650000214576721,pair_rf_lgbm,98.67164713860362,98.67164713860362
0.0,0.7089999914169312,0.29100000858306885,pair_et_lgbm,98.67972486755318,98.67972486755318
0.00800000037997961,0.0,0.9919999837875366,pair_rf_lgbm,98.68293129865518,98.68293129865518
0.335999995470047,0.0,0.6639999747276306,pair_rf_lgbm,98.68338877868635,98.68338877868635
0.0,0.003000000026077032,0.996999979019165,pair_et_lgbm,98.69084021713113,98.69084021713113
0.007000000216066837,0.0,0.9929999709129333,pair_rf_lgbm,98.6947396305259,98.6947396305259
0.3370000123977661,0.0,0.6629999876022339,pair_rf_lgbm,98.69519856664029,98.69519856664029
0.3499999940395355,0.019999999552965164,0.6299999952316284,three_way_lgbm_focused_coarse,98.70501330127554,98.70501330127554
0.006000000052154064,0.0,0.9940000176429749,pair_rf_lgbm,98.70661882423607,98.70661882423607
0.33799999952316284,0.0,0.6620000004768372,pair_rf_lgbm,98.70708116140487,98.70708116140487
0.0,0.7099999785423279,0.28999999165534973,pair_et_lgbm,98.70913373343978,98.70913373343978
0.004999999888241291,0.0,0.9950000047683716,pair_rf_lgbm,98.71857072825026,98.71857072825026
0.33899998664855957,0.0,0.6610000133514404,pair_rf_lgbm,98.71903543237755,98.71903543237755
0.0,0.0020000000949949026,0.9980000257492065,pair_et_lgbm,98.72027831896027,98.72027831896027
0.004000000189989805,0.0,0.9959999918937683,pair_rf_lgbm,98.73059434263996,98.73059434263996
0.3400000035762787,0.0,0.6600000262260437,pair_rf_lgbm,98.73106036963294,98.73106036963294
0.0,0.7110000252723694,0.289000004529953,pair_et_lgbm,98.7386219563037,98.73862195577722
0.003000000026077032,0.0,0.996999979019165,pair_rf_lgbm,98.74268985429181,98.74268985429181
0.3409999907016754,0.0,0.6589999794960022,pair_rf_lgbm,98.74316135862344,98.74316135862344
0.36000001430511475,0.03999999910593033,0.6000000238418579,three_way_lgbm_focused_coarse,98.74377909845508,98.74377909845508
0.0,0.0010000000474974513,0.9990000128746033,pair_et_lgbm,98.74980076501775,98.74980076501775
0.0020000000949949026,0.0,0.9980000257492065,pair_rf_lgbm,98.75485612250176,98.75485612250176
0.34200000762939453,0.0,0.6579999923706055,pair_rf_lgbm,98.75532985347341,98.75532985347341
0.0010000000474974513,0.0,0.9990000128746033,pair_rf_lgbm,98.76709535896326,98.76709535896326
0.34299999475479126,0.0,0.6570000052452087,pair_rf_lgbm,98.7675716067619,98.7675716067619
0.0,0.7120000123977661,0.2879999876022339,pair_et_lgbm,98.76819711343649,98.76819711343649
0.3499999940395355,0.009999999776482582,0.6399999856948853,three_way_lgbm_focused_coarse,98.77598211090768,98.77598211090768
0.0,0.0,1.0,pure_lgbm,98.7794061018534,98.7794061018534
0.3440000116825104,0.0,0.656000018119812,pair_rf_lgbm,98.77988359731036,98.77988359731036
0.36000001430511475,0.029999999329447746,0.6100000143051147,three_way_lgbm_focused_coarse,98.79201528599505,98.79201528599505
0.3449999988079071,0.0,0.6549999713897705,pair_rf_lgbm,98.79227163859619,98.79227163859619
0.0,0.7129999995231628,0.28700000047683716,pair_et_lgbm,98.797853763465,98.797853763465
0.34599998593330383,0.0,0.6539999842643738,pair_rf_lgbm,98.80472845934659,98.80472845934659
0.34700000286102295,0.0,0.652999997138977,pair_rf_lgbm,98.81725583626537,98.81725583626537
0.0,0.7139999866485596,0.28600001335144043,pair_et_lgbm,98.82759381299395,98.82759381299395
0.3479999899864197,0.0,0.6520000100135803,pair_rf_lgbm,98.8298562714327,98.8298562714327
0.3490000069141388,0.0,0.6510000228881836,pair_rf_lgbm,98.84252755012353,98.84252755012353
0.36000001430511475,0.019999999552965164,0.6200000047683716,three_way_lgbm_focused_coarse,98.84857462724956,98.84857462724956
0.3499999940395355,0.0,0.6499999761581421,pair_rf_lgbm,98.85527456610261,98.85527456610261
0.0,0.7149999737739563,0.2849999964237213,pair_et_lgbm,98.85741861381268,98.85741861381268
0.35100001096725464,0.0,0.6489999890327454,pair_rf_lgbm,98.86808923199578,98.86808923199578
0.35199999809265137,0.0,0.6480000019073486,pair_rf_lgbm,98.88097672190301,98.88097672190301
0.0,0.7160000205039978,0.2840000092983246,pair_et_lgbm,98.88732300031793,98.88732300031793
0.3529999852180481,0.0,0.6470000147819519,pair_rf_lgbm,98.89393599189324,98.89393599189324
0.3540000021457672,0.0,0.6460000276565552,pair_rf_lgbm,98.90696603034523,98.90696603034523
0.36000001430511475,0.009999999776482582,0.6299999952316284,three_way_lgbm_focused_coarse,98.91345731075376,98.91345731075376
0.0,0.7170000076293945,0.28299999237060547,pair_et_lgbm,98.91731432466025,98.91731432466025
0.35499998927116394,0.0,0.6449999809265137,pair_rf_lgbm,98.92007223123917,98.92007223123917
0.35600000619888306,0.0,0.6439999938011169,pair_rf_lgbm,98.93324588352962,98.93324588352962
0.3569999933242798,0.0,0.6430000066757202,pair_rf_lgbm,98.94649229300529,98.94649229300529
0.0,0.7179999947547913,0.28200000524520874,pair_et_lgbm,98.94738721382149,98.94738721382149
0.3700000047683716,0.029999999329447746,0.6000000238418579,three_way_lgbm_focused_coarse,98.94884265012037,98.94884265012037
0.3580000102519989,0.0,0.6420000195503235,pair_rf_lgbm,98.9598096772109,98.9598096772109
0.35899999737739563,0.0,0.640999972820282,pair_rf_lgbm,98.97320244895559,98.97320244895559
0.0,0.718999981880188,0.2809999883174896,pair_et_lgbm,98.97754512826133,98.97754512826133
0.36000001430511475,0.0,0.6399999856948853,pair_rf_lgbm,98.98666359956184,98.98666359956184
0.3700000047683716,0.019999999552965164,0.6100000143051147,three_way_lgbm_focused_coarse,98.99931599274676,98.99931599274676
0.3610000014305115,0.0,0.6389999985694885,pair_rf_lgbm,99.00019725956984,99.00019725956984
0.0,0.7200000286102295,0.2800000011920929,pair_et_lgbm,99.00778252571992,99.00778252571992
0.3619999885559082,0.0,0.6380000114440918,pair_rf_lgbm,99.01380258066102,99.01380258066102
0.3630000054836273,0.0,0.6370000243186951,pair_rf_lgbm,99.02747884093465,99.02747884093465
0.0,0.7210000157356262,0.27900001406669617,pair_et_lgbm,99.03810507610436,99.03810507610436
0.36399999260902405,0.0,0.6359999775886536,pair_rf_lgbm,99.04123084775132,99.04123084775132
0.36500000953674316,0.0,0.6349999904632568,pair_rf_lgbm,99.05505061502234,99.05505061502234
0.3700000047683716,0.009999999776482582,0.6200000047683716,three_way_lgbm_focused_coarse,99.05811265504519,99.05811265504519
0.0,0.722000002861023,0.27799999713897705,pair_et_lgbm,99.06851267025576,99.06851267025576
0.3659999966621399,0.0,0.6340000033378601,pair_rf_lgbm,99.06894322934463,99.06894322934463
0.367000013589859,0.0,0.6330000162124634,pair_rf_lgbm,99.08290669073281,99.08290669073281
0.36800000071525574,0.0,0.6320000290870667,pair_rf_lgbm,99.09694296827827,99.09694296827827
0.0,0.7229999899864197,0.2770000100135803,pair_et_lgbm,99.09900161797547,99.09900161797547
0.36899998784065247,0.0,0.6309999823570251,pair_rf_lgbm,99.1110539584163,99.1110539584163
0.3700000047683716,0.0,0.6299999952316284,pair_rf_lgbm,99.12523277244443,99.12523277244443
0.0,0.7239999771118164,0.2759999930858612,pair_et_lgbm,99.12957541566449,99.12957541566449
0.3709999918937683,0.0,0.6290000081062317,pair_rf_lgbm,99.13948399336475,99.13948399336475
0.3720000088214874,0.0,0.628000020980835,pair_rf_lgbm,99.15380630717823,99.15380630717823
0.3799999952316284,0.019999999552965164,0.6000000238418579,three_way_lgbm_focused_coarse,99.15723629506925,99.15723629506925
0.0,0.7250000238418579,0.2750000059604645,pair_et_lgbm,99.16022919174857,99.16022919174857
0.37299999594688416,0.0,0.6269999742507935,pair_rf_lgbm,99.16820476864497,99.16820476864497
0.37400001287460327,0.0,0.6259999871253967,pair_rf_lgbm,99.18267060653977,99.18267060653977
0.0,0.7260000109672546,0.27399998903274536,pair_et_lgbm,99.19096948289814,99.19096948289814
0.375,0.0,0.625,pair_rf_lgbm,99.19720930808546,99.19720930808546
0.3799999952316284,0.009999999776482582,0.6100000143051147,three_way_lgbm_focused_coarse,99.20994696999459,99.20994696999459
0.37599998712539673,0.0,0.6240000128746033,pair_rf_lgbm,99.21181976592207,99.21181976592207
0.0,0.7269999980926514,0.27300000190734863,pair_et_lgbm,99.22179144316792,99.22179144316792
0.37700000405311584,0.0,0.6230000257492065,pair_rf_lgbm,99.22650112499038,99.22650112499038
0.3779999911785126,0.0,0.621999979019165,pair_rf_lgbm,99.24125833679436,99.24125833679436
0.0,0.7279999852180481,0.2720000147819519,pair_et_lgbm,99.25269658881948,99.25269658881948
0.3790000081062317,0.0,0.6209999918937683,pair_rf_lgbm,99.25608287832038,99.25608287832038
0.3799999952316284,0.0,0.6200000047683716,pair_rf_lgbm,99.27098075130574,99.27098075130574
0.0,0.7289999723434448,0.2709999978542328,pair_et_lgbm,99.28368702543247,99.28368702543247
0.38100001215934753,0.0,0.6190000176429749,pair_rf_lgbm,99.28594899335621,99.28594899335621
0.38199999928474426,0.0,0.6179999709129333,pair_rf_lgbm,99.30099365101456,99.30099365101456
0.0,0.7300000190734863,0.27000001072883606,pair_et_lgbm,99.31475665551959,99.31475665551959
0.382999986410141,0.0,0.6169999837875366,pair_rf_lgbm,99.31610671559504,99.31610671559504
0.3840000033378601,0.0,0.6159999966621399,pair_rf_lgbm,99.33129045394675,99.33129045394675
0.0,0.7310000061988831,0.26899999380111694,pair_et_lgbm,99.345913232688,99.345913232688
0.38499999046325684,0.0,0.6150000095367432,pair_rf_lgbm,99.34654667994785,99.34654667994785
0.38600000739097595,0.0,0.6140000224113464,pair_rf_lgbm,99.36187406650853,99.36187406650853
0.38999998569488525,0.009999999776482582,0.6000000238418579,three_way_lgbm_focused_coarse,99.36895993162165,99.36895993162165
0.0,0.7319999933242798,0.2680000066757202,pair_et_lgbm,99.3771513085907,99.3771513085907
0.3869999945163727,0.0,0.6129999756813049,pair_rf_lgbm,99.37727761354157,99.37727761354157
0.3880000114440918,0.0,0.6119999885559082,pair_rf_lgbm,99.39274849520245,99.39274849520245
0.3889999985694885,0.0,0.6110000014305115,pair_rf_lgbm,99.40829235947949,99.40829235947949
0.0,0.7329999804496765,0.2669999897480011,pair_et_lgbm,99.40847430781022,99.40847430781022
0.38999998569488525,0.0,0.6100000143051147,pair_rf_lgbm,99.42390808346627,99.42390808346627
0.39100000262260437,0.0,0.609000027179718,pair_rf_lgbm,99.4395940267519,99.4395940267519
0.0,0.734000027179718,0.26600000262260437,pair_et_lgbm,99.43987725309613,99.43987725309613
0.3919999897480011,0.0,0.6079999804496765,pair_rf_lgbm,99.45535654558896,99.45535654558896
0.3930000066757202,0.0,0.6069999933242798,pair_rf_lgbm,99.47118626367158,99.47118626367158
0.0,0.7350000143051147,0.26499998569488525,pair_et_lgbm,99.47136667905175,99.47136667905175
0.39399999380111694,0.0,0.6060000061988831,pair_rf_lgbm,99.487088854237,99.487088854237
0.0,0.7360000014305115,0.2639999985694885,pair_et_lgbm,99.50293767243213,99.50293767243213
0.39500001072883606,0.0,0.6050000190734863,pair_rf_lgbm,99.50306250092956,99.50306250092956
0.3959999978542328,0.0,0.6039999723434448,pair_rf_lgbm,99.51911198471188,99.51911198471188
0.0,0.7369999885559082,0.2630000114440918,pair_et_lgbm,99.53459173939181,99.53459173939181
0.3970000147819519,0.0,0.6029999852180481,pair_rf_lgbm,99.53522894614255,99.53522894614255
0.39800000190734863,0.0,0.6019999980926514,pair_rf_lgbm,99.55141879041084,99.55141879041084
0.0,0.7379999756813049,0.2619999945163727,pair_et_lgbm,99.56633135288595,99.56633135288595
0.39899998903274536,0.0,0.6010000109672546,pair_rf_lgbm,99.5676805490325,99.5676805490325
0.4000000059604645,0.0,0.6000000238418579,pair_rf_lgbm,99.58401271475857,99.58401271475857
0.0,0.7390000224113464,0.26100000739097595,pair_et_lgbm,99.59815029210635,99.59815029210635
0.4009999930858612,0.0,0.5989999771118164,pair_rf_lgbm,99.60042162780458,99.60042162780458
0.4020000100135803,0.0,0.5979999899864197,pair_rf_lgbm,99.61689741044418,99.61689741044418
0.0,0.7400000095367432,0.25999999046325684,pair_et_lgbm,99.63005578003401,99.63005578003401
0.40299999713897705,0.0,0.597000002861023,pair_rf_lgbm,99.633446174523,99.633446174523
0.40400001406669617,0.0,0.5960000157356262,pair_rf_lgbm,99.6500657434267,99.6500657434267
0.0,0.7409999966621399,0.2590000033378601,pair_et_lgbm,99.66204314851907,99.66204314851907
0.4050000011920929,0.0,0.5950000286102295,pair_rf_lgbm,99.6667581274766,99.6667581274766
0.4059999883174896,0.0,0.593999981880188,pair_rf_lgbm,99.68352543463446,99.68352543463446
0.0,0.7419999837875366,0.257999986410141,pair_et_lgbm,99.69411521004442,99.69411521004442
0.40700000524520874,0.0,0.5929999947547913,pair_rf_lgbm,99.70036071062029,99.70036071062029
0.40799999237060547,0.0,0.5920000076293945,pair_rf_lgbm,99.71726839915492,99.71726839915492
0.0,0.7429999709129333,0.25699999928474426,pair_et_lgbm,99.72626863088273,99.72626863088273
0.4090000092983246,0.0,0.5910000205039978,pair_rf_lgbm,99.73424683779152,99.73424683779152
0.4099999964237213,0.0,0.5899999737739563,pair_rf_lgbm,99.75130149545296,99.75130149545296
0.0,0.7440000176429749,0.25600001215934753,pair_et_lgbm,99.75850399551206,99.75850399551206
0.41100001335144043,0.0,0.5889999866485596,pair_rf_lgbm,99.76842356151559,99.76842356151559
0.41200000047683716,0.0,0.5879999995231628,pair_rf_lgbm,99.78561831628244,99.78561831628244
0.0,0.7450000047683716,0.2549999952316284,pair_et_lgbm,99.7908258643142,99.7908258643142
0.4129999876022339,0.0,0.5870000123977661,pair_rf_lgbm,99.80288511784892,99.80288511784892
0.414000004529953,0.0,0.5860000252723694,pair_rf_lgbm,99.8202224363751,99.8202224363751
0.0,0.7459999918937683,0.2540000081062317,pair_et_lgbm,99.82322905096261,99.82322905096261
0.41499999165534973,0.0,0.5849999785423279,pair_rf_lgbm,99.83763616781174,99.83763616781174
0.41600000858306885,0.0,0.5839999914169312,pair_rf_lgbm,99.85511707944528,99.85511707944528
0.0,0.746999979019165,0.2529999911785126,pair_et_lgbm,99.85571756924477,99.85571756924477
0.4169999957084656,0.0,0.5830000042915344,pair_rf_lgbm,99.87267100792998,99.87267100792998
0.0,0.7480000257492065,0.25200000405311584,pair_et_lgbm,99.88828551760635,99.88828551760635
0.4180000126361847,0.0,0.5820000171661377,pair_rf_lgbm,99.89029573646232,99.89029573646232
0.4189999997615814,0.0,0.5809999704360962,pair_rf_lgbm,99.90799643176031,99.90799643176031
0.0,0.7490000128746033,0.25099998712539673,pair_et_lgbm,99.92094014532454,99.92094014532454
0.41999998688697815,0.0,0.5799999833106995,pair_rf_lgbm,99.92576596389915,99.92576596389915
0.42100000381469727,0.0,0.5789999961853027,pair_rf_lgbm,99.94360554719064,99.94360554719064
0.0,0.75,0.25,pair_et_lgbm,99.95367668595735,99.95367668595735
0.421999990940094,0.0,0.578000009059906,pair_rf_lgbm,99.96151869034081,99.96151869034081
0.4230000078678131,0.0,0.5770000219345093,pair_rf_lgbm,99.97950189265424,99.97950189265424
0.0,0.7509999871253967,0.24899999797344208,pair_et_lgbm,99.98649713337893,99.98649713337893
0.42399999499320984,0.0,0.5759999752044678,pair_rf_lgbm,99.99756164355742,99.99756164355742
0.42500001192092896,0.0,0.574999988079071,pair_rf_lgbm,100.01568895068343,100.01568895068343
0.0,0.7519999742507935,0.24799999594688416,pair_et_lgbm,100.01940074833658,100.01940074833658
0.4259999990463257,0.0,0.5740000009536743,pair_rf_lgbm,100.03388851882278,100.03388851882278
0.4269999861717224,0.0,0.5730000138282776,pair_rf_lgbm,100.05216060374687,100.05216060374687
0.0,0.753000020980835,0.24699999392032623,pair_et_lgbm,100.05238585776233,100.05238585776233
0.42800000309944153,0.0,0.5720000267028809,pair_rf_lgbm,100.0705030489115,100.0705030489115
0.0,0.7540000081062317,0.2460000067949295,pair_et_lgbm,100.08545501463337,100.08545501463337
0.42899999022483826,0.0,0.5709999799728394,pair_rf_lgbm,100.08892190576543,100.08892190576543
0.4300000071525574,0.0,0.5699999928474426,pair_rf_lgbm,100.10740784405372,100.10740784405372
0.0,0.7549999952316284,0.24500000476837158,pair_et_lgbm,100.1186081039248,100.1186081039248
0.4309999942779541,0.0,0.5690000057220459,pair_rf_lgbm,100.12596672945115,100.12596672945115
0.4320000112056732,0.0,0.5680000185966492,pair_rf_lgbm,100.14459619835158,100.14459619835158
0.0,0.7559999823570251,0.24400000274181366,pair_et_lgbm,100.15184489954402,100.15184489954402
0.43299999833106995,0.0,0.5669999718666077,pair_rf_lgbm,100.16330227787425,100.16330227787425
0.4339999854564667,0.0,0.5659999847412109,pair_rf_lgbm,100.1820767140292,100.1820767140292
0.0,0.7570000290870667,0.24300000071525574,pair_et_lgbm,100.18516300830328,100.18516300830328
0.4350000023841858,0.0,0.5649999976158142,pair_rf_lgbm,100.20092153735384,100.20092153735384
0.0,0.7580000162124634,0.24199999868869781,pair_et_lgbm,100.21856583782194,100.21856583782194
0.4359999895095825,0.0,0.5640000104904175,pair_rf_lgbm,100.21983953355013,100.21983953355013
0.43700000643730164,0.0,0.5630000233650208,pair_rf_lgbm,100.23882786634468,100.23882786634468
0.0,0.7590000033378601,0.2409999966621399,pair_et_lgbm,100.25205240891883,100.25205240891883
0.43799999356269836,0.0,0.5619999766349792,pair_rf_lgbm,100.25789296478777,100.25789296478777
0.4390000104904175,0.0,0.5609999895095825,pair_rf_lgbm,100.27702504232298,100.27702504232298
0.0,0.7599999904632568,0.23999999463558197,pair_et_lgbm,100.2856216551273,100.2856216551273
0.4399999976158142,0.0,0.5600000023841858,pair_rf_lgbm,100.29623018834563,100.29623018834563
0.4410000145435333,0.0,0.5590000152587891,pair_rf_lgbm,100.31550577409637,100.31550577409637
0.0,0.7609999775886536,0.23899999260902405,pair_et_lgbm,100.3192742242184,100.3192742242184
0.44200000166893005,0.0,0.5580000281333923,pair_rf_lgbm,100.33485438839739,100.33485438839739
0.0,0.7620000243186951,0.23800000548362732,pair_et_lgbm,100.35300766561694,100.35300766509047
0.4429999887943268,0.0,0.5569999814033508,pair_rf_lgbm,100.35427841269693,100.35427841269693
0.4440000057220459,0.0,0.5559999942779541,pair_rf_lgbm,100.37376927496445,100.37376927496445
0.0,0.7630000114440918,0.2370000034570694,pair_et_lgbm,100.38682702700561,100.38682702700561
0.4449999928474426,0.0,0.5550000071525574,pair_rf_lgbm,100.39333339494907,100.39333339494907
0.44600000977516174,0.0,0.5540000200271606,pair_rf_lgbm,100.41296798115306,100.41296798115306
0.0,0.7639999985694885,0.23600000143051147,pair_et_lgbm,100.42072921828617,100.42072921828617
0.44699999690055847,0.0,0.5529999732971191,pair_rf_lgbm,100.43267924322366,100.43267924322366
0.4480000138282776,0.0,0.5519999861717224,pair_rf_lgbm,100.45245726700793,100.45245726700793
0.0,0.7649999856948853,0.23499999940395355,pair_et_lgbm,100.45471498496002,100.45471498496002
0.4490000009536743,0.0,0.5509999990463257,pair_rf_lgbm,100.47230846628528,100.47230846628528
0.0,0.765999972820282,0.23399999737739563,pair_et_lgbm,100.4887839754106,100.4887839754106
0.44999998807907104,0.0,0.550000011920929,pair_rf_lgbm,100.49223139843909,100.49223139843909
0.45100000500679016,0.0,0.5490000247955322,pair_rf_lgbm,100.51222510809852,100.51222510809852
0.0,0.7670000195503235,0.2329999953508377,pair_et_lgbm,100.52293436697981,100.52293436697981
0.4519999921321869,0.0,0.5479999780654907,pair_rf_lgbm,100.53229517267845,100.53229517267845
0.453000009059906,0.0,0.546999990940094,pair_rf_lgbm,100.55243210082021,100.55243210082021
0.0,0.7680000066757202,0.23199999332427979,pair_et_lgbm,100.55716968880465,100.55716968880465
0.45399999618530273,0.0,0.5460000038146973,pair_rf_lgbm,100.57264243965729,100.57264243965729
0.0,0.7689999938011169,0.23100000619888306,pair_et_lgbm,100.59148734592743,100.59148734592743
0.45500001311302185,0.0,0.5450000166893005,pair_rf_lgbm,100.59292309481316,100.59292309481316
0.4560000002384186,0.0,0.5440000295639038,pair_rf_lgbm,100.61327658113518,100.61327658113518
0.0,0.7699999809265137,0.23000000417232513,pair_et_lgbm,100.62588902738321,100.62588902738321
0.4569999873638153,0.0,0.5429999828338623,pair_rf_lgbm,100.63370557472237,100.63370557472237
0.4580000042915344,0.0,0.5419999957084656,pair_rf_lgbm,100.6542017317505,100.6542017317505
0.0,0.7710000276565552,0.2290000021457672,pair_et_lgbm,100.66037267002649,100.6603726695
0.45899999141693115,0.0,0.5410000085830688,pair_rf_lgbm,100.67477094525994,100.67477094525994
0.0,0.7720000147819519,0.2280000001192093,pair_et_lgbm,100.69494080403273,100.69494080403273
0.46000000834465027,0.0,0.5400000214576721,pair_rf_lgbm,100.69541065269289,100.69541065269289
0.460999995470047,0.0,0.5389999747276306,pair_rf_lgbm,100.7161267723732,100.7161267723732
0.0,0.7730000019073486,0.22699999809265137,pair_et_lgbm,100.72959242106435,100.72959242106435
0.4620000123977661,0.0,0.5379999876022339,pair_rf_lgbm,100.73691016835953,100.73691016835953
0.46299999952316284,0.0,0.5370000004768372,pair_rf_lgbm,100.75776644685648,100.75776644685648
0.0,0.7739999890327454,0.22599999606609344,pair_et_lgbm,100.76432711762013,100.76432711762013
0.46399998664855957,0.0,0.5360000133514404,pair_rf_lgbm,100.77869421511787,100.77869421511787
0.0,0.7749999761581421,0.22499999403953552,pair_et_lgbm,100.79914518817796,100.79914518817796
0.4650000035762787,0.0,0.5350000262260437,pair_rf_lgbm,100.7996927652309,100.7996927652309
0.4659999907016754,0.0,0.5339999794960022,pair_rf_lgbm,100.82076817285575,100.82076817285575
0.0,0.7760000228881836,0.2240000069141388,pair_et_lgbm,100.83404370670033,100.83404370617386
0.46700000762939453,0.0,0.5329999923706055,pair_rf_lgbm,100.84191030495346,100.84191030495346
0.46799999475479126,0.0,0.5320000052452087,pair_rf_lgbm,100.86312548044788,100.86312548044788
0.0,0.7770000100135803,0.22300000488758087,pair_et_lgbm,100.86902808636746,100.86902808584097
0.4690000116825104,0.0,0.531000018119812,pair_rf_lgbm,100.88441131903647,100.88441131903647
0.0,0.777999997138977,0.22200000286102295,pair_et_lgbm,100.90409586000413,100.90409586000413
0.4699999988079071,0.0,0.5299999713897705,pair_rf_lgbm,100.90577364236431,100.90577364236431
0.47099998593330383,0.0,0.5289999842643738,pair_rf_lgbm,100.92720416902719,100.92720416902719
0.0,0.7789999842643738,0.22100000083446503,pair_et_lgbm,100.93924677267809,100.93924677267809
0.47200000286102295,0.0,0.527999997138977,pair_rf_lgbm,100.94870511933456,100.94870511933456
0.4729999899864197,0.0,0.5270000100135803,pair_rf_lgbm,100.9702791360717,100.9702791360717
0.0,0.7799999713897705,0.2199999988079071,pair_et_lgbm,100.97448091095637,100.97448091095637
0.4740000069141388,0.0,0.5260000228881836,pair_rf_lgbm,100.99192408016229,100.99192408016229
0.0,0.781000018119812,0.21899999678134918,pair_et_lgbm,101.00979649579308,101.00979649579308
0.4749999940395355,0.0,0.5249999761581421,pair_rf_lgbm,101.01364533563289,101.01364533563289
0.47600001096725464,0.0,0.5239999890327454,pair_rf_lgbm,101.03543390192634,101.03543390192634
0.0,0.7820000052452087,0.21799999475479126,pair_et_lgbm,101.04519719863437,101.04519719863437
0.47699999809265137,0.0,0.5230000019073486,pair_rf_lgbm,101.05729500500085,101.05729500500085
0.4779999852180481,0.0,0.5220000147819519,pair_rf_lgbm,101.07922799207968,101.07922799207968
0.0,0.7829999923706055,0.21699999272823334,pair_et_lgbm,101.08068139210877,101.08068139210877
0.4790000021457672,0.0,0.5210000276565552,pair_rf_lgbm,101.10123177542835,101.10123177542835
0.0,0.7839999794960022,0.2160000056028366,pair_et_lgbm,101.11624722025884,101.11624722025884
0.47999998927116394,0.0,0.5199999809265137,pair_rf_lgbm,101.1233120329803,101.1233120329803
0.48100000619888306,0.0,0.5189999938011169,pair_rf_lgbm,101.14545898445274,101.14545898445274
0.0,0.7850000262260437,0.2150000035762787,pair_et_lgbm,101.151895999659,101.151895999659
0.4819999933242798,0.0,0.5180000066757202,pair_rf_lgbm,101.16767953648873,101.16767953648873
0.0,0.7860000133514404,0.21400000154972076,pair_et_lgbm,101.18762948898843,101.18762948898843
0.4830000102519989,0.0,0.5170000195503235,pair_rf_lgbm,101.18997013693429,101.18997013693429
0.48399999737739563,0.0,0.515999972820282,pair_rf_lgbm,101.21233789605782,101.21233789605782
0.0,0.7870000004768372,0.21299999952316284,pair_et_lgbm,101.2234462900133,101.2234462900133
0.48500001430511475,0.0,0.5149999856948853,pair_rf_lgbm,101.23477211050064,101.23477211050064
0.4860000014305115,0.0,0.5139999985694885,pair_rf_lgbm,101.25727961524018,101.25727961524018
0.0,0.7879999876022339,0.21199999749660492,pair_et_lgbm,101.25934628706466,101.25934628706466
0.4869999885559082,0.0,0.5130000114440918,pair_rf_lgbm,101.2798585761037,101.2798585761037
0.0,0.7889999747276306,0.210999995470047,pair_et_lgbm,101.29532947345315,101.29532947345315
0.4880000054836273,0.0,0.5120000243186951,pair_rf_lgbm,101.30250825938795,101.30250825938795
0.48899999260902405,0.0,0.5109999775886536,pair_rf_lgbm,101.32523483070275,101.32523483070275
0.0,0.7900000214576721,0.20999999344348907,pair_et_lgbm,101.33139439002271,101.33139439002271
0.49000000953674316,0.0,0.5099999904632568,pair_rf_lgbm,101.34802817983419,101.34802817983419
0.0,0.7910000085830688,0.20900000631809235,pair_et_lgbm,101.36754309796063,101.36754309796063
0.4909999966621399,0.0,0.5090000033378601,pair_rf_lgbm,101.37089469018059,101.37089469018059
0.492000013589859,0.0,0.5080000162124634,pair_rf_lgbm,101.39383132396827,101.39383132396827
0.0,0.7919999957084656,0.20800000429153442,pair_et_lgbm,101.40377590802565,101.40377590802565
0.49300000071525574,0.0,0.5070000290870667,pair_rf_lgbm,101.41684134819192,101.41684134819192
0.49399998784065247,0.0,0.5059999823570251,pair_rf_lgbm,101.43992699716296,101.43992699716296
0.0,0.7929999828338623,0.2070000022649765,pair_et_lgbm,101.44009240015427,101.44009240015427
0.4950000047683716,0.0,0.5049999952316284,pair_rf_lgbm,101.4630789287112,101.4630789287112
0.0,0.7940000295639038,0.20600000023841858,pair_et_lgbm,101.47649007830269,101.47649007830269
0.4959999918937683,0.0,0.5040000081062317,pair_rf_lgbm,101.48630438318561,101.48630438318561
0.4970000088214874,0.0,0.503000020980835,pair_rf_lgbm,101.50960002362396,101.50960002362396
0.0,0.7950000166893005,0.20499999821186066,pair_et_lgbm,101.51297253969898,101.51297253969898
0.49799999594688416,0.0,0.5019999742507935,pair_rf_lgbm,101.53297290280463,101.53297290280463
0.0,0.7960000038146973,0.20399999618530273,pair_et_lgbm,101.549538482909,101.549538482909
0.49900001287460327,0.0,0.5009999871253967,pair_rf_lgbm,101.5564123135525,101.5564123135525
0.5,0.0,0.5,pair_rf_lgbm,101.57992451279243,101.57992451279243
0.0,0.796999990940094,0.2029999941587448,pair_et_lgbm,101.5861877751419,101.5861877751419
0.5009999871253967,0.0,0.49900001287460327,pair_rf_lgbm,101.60350877934957,101.60350877934957
0.0,0.7979999780654907,0.20200000703334808,pair_et_lgbm,101.62291922965501,101.62291922965501
0.5019999742507935,0.0,0.49799999594688416,pair_rf_lgbm,101.62716691822772,101.62716691822772
0.503000020980835,0.0,0.4970000088214874,pair_rf_lgbm,101.65089201433042,101.65089201433042
0.0,0.7990000247955322,0.20100000500679016,pair_et_lgbm,101.65973321289663,101.65973321289663
0.5040000081062317,0.0,0.4959999918937683,pair_rf_lgbm,101.6746937317615,101.6746937317615
0.0,0.800000011920929,0.20000000298023224,pair_et_lgbm,101.69663154665032,101.69663154665032
0.5049999952316284,0.0,0.4950000047683716,pair_rf_lgbm,101.69856518104011,101.69856518104011
0.5059999823570251,0.0,0.49399998784065247,pair_rf_lgbm,101.72251021704272,101.72251021704272
0.0,0.8009999990463257,0.19900000095367432,pair_et_lgbm,101.73361402612382,101.73361402612382
0.5070000290870667,0.0,0.49300000071525574,pair_rf_lgbm,101.74652242002169,101.74652242002169
0.5080000162124634,0.0,0.492000013589859,pair_rf_lgbm,101.77060928006901,101.77060928006901
0.0,0.8019999861717224,0.1979999989271164,pair_et_lgbm,101.77067911560002,101.77067911560002
0.5090000033378601,0.0,0.4909999966621399,pair_rf_lgbm,101.79476987670776,101.79476987670776
0.0,0.8029999732971191,0.19699999690055847,pair_et_lgbm,101.80782784266174,101.80782784266174
0.5099999904632568,0.0,0.49000000953674316,pair_rf_lgbm,101.81900005009231,101.81900005009231
0.5109999775886536,0.0,0.48899999260902405,pair_rf_lgbm,101.84330447851195,101.84330447851195
0.0,0.8040000200271606,0.19599999487400055,pair_et_lgbm,101.84505798991535,101.84505798991535
0.5120000243186951,0.0,0.4880000054836273,pair_rf_lgbm,101.86767563771119,101.86767563771119
0.0,0.8050000071525574,0.19499999284744263,pair_et_lgbm,101.88237276792366,101.88237276792366
0.5130000114440918,0.0,0.4869999885559082,pair_rf_lgbm,101.89212343876525,101.89212343876525
0.5139999985694885,0.0,0.4860000014305115,pair_rf_lgbm,101.91664077061448,101.91664077061448
0.0,0.8059999942779541,0.1940000057220459,pair_et_lgbm,101.91976998080531,101.91976998080531
0.5149999856948853,0.0,0.48500001430511475,pair_rf_lgbm,101.94123014564204,101.94123014564204
0.0,0.8069999814033508,0.19300000369548798,pair_et_lgbm,101.95725162585728,101.95725162585728
0.515999972820282,0.0,0.48399999737739563,pair_rf_lgbm,101.96589299794175,101.96589299794175
0.5170000195503235,0.0,0.4830000102519989,pair_rf_lgbm,101.9906233297589,101.9906233297589
0.0,0.8080000281333923,0.19200000166893005,pair_et_lgbm,101.99481465443145,101.99481465443145
0.5180000066757202,0.0,0.4819999933242798,pair_rf_lgbm,102.01543000415168,102.01543000415168
0.0,0.8090000152587891,0.19099999964237213,pair_et_lgbm,102.03246267911601,102.03246267911601
0.5189999938011169,0.0,0.48100000619888306,pair_rf_lgbm,102.04030636170928,102.04030636170928
0.5199999809265137,0.0,0.47999998927116394,pair_rf_lgbm,102.06525671913312,102.06525671913312
0.0,0.8100000023841858,0.1899999976158142,pair_et_lgbm,102.07019370698043,102.07019370698043
0.5210000276565552,0.0,0.4790000021457672,pair_rf_lgbm,102.09027400797616,102.09027400797616
0.0,0.8109999895095825,0.1889999955892563,pair_et_lgbm,102.10800804758995,102.10800804758995
0.5220000147819519,0.0,0.4779999852180481,pair_rf_lgbm,102.11536778358007,102.11536778358007
0.5230000019073486,0.0,0.47699999809265137,pair_rf_lgbm,102.14053156386743,102.14053156386743
0.0,0.8119999766349792,0.18799999356269836,pair_et_lgbm,102.14590603236685,102.14590603236685
0.5239999890327454,0.0,0.47600001096725464,pair_rf_lgbm,102.1657668120332,102.1657668120332
0.0,0.8130000233650208,0.18700000643730164,pair_et_lgbm,102.18388397998196,102.18388397998196
0.5249999761581421,0.0,0.4749999940395355,pair_rf_lgbm,102.19107604848189,102.19107604848189
0.5260000228881836,0.0,0.4740000069141388,pair_rf_lgbm,102.21645245705984,102.21645245705984
0.0,0.8140000104904175,0.1860000044107437,pair_et_lgbm,102.22194829348648,102.22194829348648
0.5270000100135803,0.0,0.4729999899864197,pair_rf_lgbm,102.24190520932885,102.24190520932885
0.0,0.8149999976158142,0.1850000023841858,pair_et_lgbm,102.26009546368172,102.26009546368172
0.527999997138977,0.0,0.47200000286102295,pair_rf_lgbm,102.26742786600538,102.26742786600538
0.5289999842643738,0.0,0.47099998593330383,pair_rf_lgbm,102.29302415061157,102.29302415061157
0.0,0.8159999847412109,0.18400000035762787,pair_et_lgbm,102.29832585742618,102.29832585742618
0.5299999713897705,0.0,0.4699999988079071,pair_rf_lgbm,102.318690211949,102.318690211949
0.0,0.8169999718666077,0.18299999833106995,pair_et_lgbm,102.33663982679471,102.33663982679471
0.531000018119812,0.0,0.4690000116825104,pair_rf_lgbm,102.34442535000541,102.34442535000541
0.5320000052452087,0.0,0.46799999475479126,pair_rf_lgbm,102.37023735071733,102.37023735071733
0.0,0.8180000185966492,0.18199999630451202,pair_et_lgbm,102.37503511117954,102.37503511117954
0.5329999923706055,0.0,0.46700000762939453,pair_rf_lgbm,102.39611880839642,102.39611880839642
0.0,0.8190000057220459,0.1809999942779541,pair_et_lgbm,102.41351535706225,102.41351535706225
0.5339999794960022,0.0,0.4659999907016754,pair_rf_lgbm,102.4220739718515,102.4220739718515
0.5350000262260437,0.0,0.4650000035762787,pair_rf_lgbm,102.44809644080753,102.44809644080753
0.0,0.8199999928474426,0.18000000715255737,pair_et_lgbm,102.4520778338339,102.4520778338339
0.5360000133514404,0.0,0.46399998664855957,pair_rf_lgbm,102.47419543036831,102.47419543036831
0.0,0.8209999799728394,0.17900000512599945,pair_et_lgbm,102.4907247369093,102.4907247369093
0.5370000004768372,0.0,0.46299999952316284,pair_rf_lgbm,102.5003639551109,102.5003639551109
0.5379999876022339,0.0,0.4620000123977661,pair_rf_lgbm,102.52660442041038,102.52660442041038
0.0,0.8220000267028809,0.17800000309944153,pair_et_lgbm,102.52945288527263,102.52945288474615
0.5389999747276306,0.0,0.460999995470047,pair_rf_lgbm,102.55291869238923,102.55291869238923
0.0,0.8230000138282776,0.1770000010728836,pair_et_lgbm,102.5682662799478,102.5682662799478
0.5400000214576721,0.0,0.46000000834465027,pair_rf_lgbm,102.57930016029358,102.57930016029358
0.5410000085830688,0.0,0.45899999141693115,pair_rf_lgbm,102.60575794600236,102.60575794600236
0.0,0.8240000009536743,0.17599999904632568,pair_et_lgbm,102.60716275703037,102.60716275703037
0.5419999957084656,0.0,0.4580000042915344,pair_rf_lgbm,102.6322857363486,102.6322857363486
0.0,0.824999988079071,0.17499999701976776,pair_et_lgbm,102.6461422355266,102.6461422355266
0.5429999828338623,0.0,0.4569999873638153,pair_rf_lgbm,102.65888698613499,102.65888698613499
0.0,0.8259999752044678,0.17399999499320984,pair_et_lgbm,102.68520496118789,102.68520496118789
0.5440000295639038,0.0,0.4560000002384186,pair_rf_lgbm,102.68555554071784,102.68555554071784
0.5450000166893005,0.0,0.45500001311302185,pair_rf_lgbm,102.71229851798891,102.71229851798891
0.0,0.8270000219345093,0.17299999296665192,pair_et_lgbm,102.72434973489801,102.72434973489801
0.5460000038146973,0.0,0.45399999618530273,pair_rf_lgbm,102.73911538892939,102.73911538892939
0.0,0.828000009059906,0.1720000058412552,pair_et_lgbm,102.76357789031833,102.76357789031833
0.546999990940094,0.0,0.453000009059906,pair_rf_lgbm,102.76600196545513,102.76600196545513
0.5479999780654907,0.0,0.4519999921321869,pair_rf_lgbm,102.79296207814782,102.79296207814782
0.0,0.8289999961853027,0.17100000381469727,pair_et_lgbm,102.80289081145065,102.80289081145065
0.5490000247955322,0.0,0.45100000500679016,pair_rf_lgbm,102.81998973717344,102.81998973717344
0.0,0.8299999833106995,0.17000000178813934,pair_et_lgbm,102.84228631285316,102.84228631285316
0.550000011920929,0.0,0.44999998807907104,pair_rf_lgbm,102.84709378865341,102.84709378865341
0.5509999990463257,0.0,0.4490000009536743,pair_rf_lgbm,102.87426727839545,102.87426727839545
0.0,0.8309999704360962,0.16899999976158142,pair_et_lgbm,102.88176555051928,102.88176555051928
0.5519999861717224,0.0,0.4480000138282776,pair_rf_lgbm,102.90151307171702,102.90151307171702
0.0,0.8320000171661377,0.1679999977350235,pair_et_lgbm,102.92132609419161,102.92132609419161
0.5529999732971191,0.0,0.44699999690055847,pair_rf_lgbm,102.92883253480787,102.92883253480787
0.5540000200271606,0.0,0.44600000977516174,pair_rf_lgbm,102.95621862733142,102.95621862733142
0.0,0.8330000042915344,0.16699999570846558,pair_et_lgbm,102.9609717425795,102.9609717425795
0.5550000071525574,0.0,0.4449999928474426,pair_rf_lgbm,102.98368165295211,102.98368165295211
0.0,0.8339999914169312,0.16599999368190765,pair_et_lgbm,103.00070053259607,103.00070053259607
0.5559999942779541,0.0,0.4440000057220459,pair_rf_lgbm,103.01121425988734,103.01121425988734
0.5569999814033508,0.0,0.4429999887943268,pair_rf_lgbm,103.03882086657758,103.03882086657758
0.0,0.8349999785423279,0.16500000655651093,pair_et_lgbm,103.04051164773726,103.04051164773726
0.5580000281333923,0.0,0.44200000166893005,pair_rf_lgbm,103.06649444307321,103.06649444307321
0.0,0.8360000252723694,0.164000004529953,pair_et_lgbm,103.08040497316058,103.0804049726341
0.5590000152587891,0.0,0.4410000145435333,pair_rf_lgbm,103.09424245453498,103.09424245453498
0.0,0.8370000123977661,0.16300000250339508,pair_et_lgbm,103.12038319848708,103.12038319796058
0.5600000023841858,0.0,0.4399999976158142,pair_rf_lgbm,103.12206439462648,103.12206439462648
0.5609999895095825,0.0,0.4390000104904175,pair_rf_lgbm,103.14995598210022,103.14995598210022
0.0,0.8379999995231628,0.16200000047683716,pair_et_lgbm,103.16044535155261,103.16044535155261
0.5619999766349792,0.0,0.43799999356269836,pair_rf_lgbm,103.1779213507786,103.1779213507786
0.0,0.8389999866485596,0.16099999845027924,pair_et_lgbm,103.20059039069749,103.20059039069749
0.5630000233650208,0.0,0.43700000643730164,pair_rf_lgbm,103.2059542005514,103.2059542005514
0.5640000104904175,0.0,0.4359999895095825,pair_rf_lgbm,103.23406314676461,103.23406314676461
0.0,0.8399999737739563,0.1599999964237213,pair_et_lgbm,103.24081832987929,103.24081832987929
0.5649999976158142,0.0,0.4350000023841858,pair_rf_lgbm,103.26224196969936,103.26224196969936
0.0,0.8410000205039978,0.1589999943971634,pair_et_lgbm,103.2811280309898,103.2811280309898
0.5659999847412109,0.0,0.4339999854564667,pair_rf_lgbm,103.29049458292782,103.29049458292782
0.5669999718666077,0.0,0.43299999833106995,pair_rf_lgbm,103.31881685914462,103.31881685914462
0.0,0.8420000076293945,0.15800000727176666,pair_et_lgbm,103.32152154454447,103.32152154454447
0.5680000185966492,0.0,0.4320000112056732,pair_rf_lgbm,103.34720841090902,103.34720841090902
0.0,0.8429999947547913,0.15700000524520874,pair_et_lgbm,103.36199970277828,103.36199970277828
0.5690000057220459,0.0,0.4309999942779541,pair_rf_lgbm,103.37567628219547,103.37567628219547
0.0,0.843999981880188,0.15600000321865082,pair_et_lgbm,103.40256073488172,103.40256073488172
0.5699999928474426,0.0,0.4300000071525574,pair_rf_lgbm,103.4042140720352,103.4042140720352
0.5709999799728394,0.0,0.42899999022483826,pair_rf_lgbm,103.43282591129041,103.43282591129041
0.0,0.8450000286102295,0.1550000011920929,pair_et_lgbm,103.44320339223628,103.44320339223628
0.5720000267028809,0.0,0.42800000309944153,pair_rf_lgbm,103.4615044212551,103.4615044212551
0.0,0.8460000157356262,0.15399999916553497,pair_et_lgbm,103.48393062782009,103.48393062782009
0.5730000138282776,0.0,0.4269999861717224,pair_rf_lgbm,103.49025946197722,103.49025946197722
0.5740000009536743,0.0,0.4259999990463257,pair_rf_lgbm,103.51908438038512,103.51908438038512
0.0,0.847000002861023,0.15299999713897705,pair_et_lgbm,103.52474188495702,103.52474188495702
0.574999988079071,0.0,0.42500001192092896,pair_rf_lgbm,103.54798106777727,103.54798106777727
0.0,0.8479999899864197,0.15199999511241913,pair_et_lgbm,103.56563598257195,103.56563598257195
0.5759999752044678,0.0,0.42399999499320984,pair_rf_lgbm,103.57695171296274,103.57695171296274
0.5770000219345093,0.0,0.4230000078678131,pair_rf_lgbm,103.60598917323682,103.60598917323682
0.0,0.8489999771118164,0.1509999930858612,pair_et_lgbm,103.60661327758976,103.60661327758976
0.578000009059906,0.0,0.421999990940094,pair_rf_lgbm,103.63510315398476,103.63510315398476
0.0,0.8500000238418579,0.15000000596046448,pair_et_lgbm,103.64767096943943,103.64767096943943
0.5789999961853027,0.0,0.42100000381469727,pair_rf_lgbm,103.66428739994352,103.66428739994352
0.0,0.8510000109672546,0.14900000393390656,pair_et_lgbm,103.68881451039668,103.68881451039668
0.5799999833106995,0.0,0.41999998688697815,pair_rf_lgbm,103.69354490283798,103.69354490283798
0.5809999704360962,0.0,0.4189999997615814,pair_rf_lgbm,103.72287212951626,103.72287212951626
0.0,0.8519999980926514,0.14800000190734863,pair_et_lgbm,103.73004161016004,103.73004161016004
0.5820000171661377,0.0,0.4180000126361847,pair_rf_lgbm,103.75226871205312,103.75226871205312
0.0,0.8529999852180481,0.1469999998807907,pair_et_lgbm,103.77135208559537,103.77135208559537
0.5830000042915344,0.0,0.4169999957084656,pair_rf_lgbm,103.78174197458623,103.78174197458623
0.5839999914169312,0.0,0.41600000858306885,pair_rf_lgbm,103.81128450747711,103.81128450747711
0.0,0.8539999723434448,0.1459999978542328,pair_et_lgbm,103.81274523294944,103.81274523294944
0.5849999785423279,0.0,0.41499999165534973,pair_rf_lgbm,103.84090129124756,103.84090129124756
0.0,0.8550000190734863,0.14499999582767487,pair_et_lgbm,103.85422046287711,103.85422046287711
0.5860000252723694,0.0,0.414000004529953,pair_rf_lgbm,103.87058487429064,103.87058487429064
0.0,0.8560000061988831,0.14399999380111694,pair_et_lgbm,103.89578025847538,103.89578025847538
0.5870000123977661,0.0,0.4129999876022339,pair_rf_lgbm,103.90034517451075,103.90034517451075
0.5879999995231628,0.0,0.41200000047683716,pair_rf_lgbm,103.9301753179327,103.9301753179327
0.0,0.8569999933242798,0.14300000667572021,pair_et_lgbm,103.93742227186603,103.93742227186603
0.5889999866485596,0.0,0.41100001335144043,pair_rf_lgbm,103.96007683031166,103.96007683031166
0.0,0.8579999804496765,0.1420000046491623,pair_et_lgbm,103.97914863369358,103.97914863369358
0.5899999737739563,0.0,0.4099999964237213,pair_rf_lgbm,103.99005270374134,103.99005270374134
0.5910000205039978,0.0,0.4090000092983246,pair_rf_lgbm,104.02009528790636,104.02009528790636
0.0,0.859000027179718,0.14100000262260437,pair_et_lgbm,104.02095697189888,104.02095697189888
0.5920000076293945,0.0,0.40799999237060547,pair_rf_lgbm,104.05021439730749,104.05021439730749
0.0,0.8600000143051147,0.14000000059604645,pair_et_lgbm,104.06284961403706,104.06284961403706
0.5929999947547913,0.0,0.40700000524520874,pair_rf_lgbm,104.08040315330462,104.08040315330462
0.0,0.8610000014305115,0.13899999856948853,pair_et_lgbm,104.10482566134351,104.10482566134351
0.593999981880188,0.0,0.4059999883174896,pair_rf_lgbm,104.1106663361731,104.1106663361731
0.5950000286102295,0.0,0.4050000011920929,pair_rf_lgbm,104.14099577541049,104.14099577541049
0.0,0.8619999885559082,0.1379999965429306,pair_et_lgbm,104.14688519450716,104.14688519450716
0.5960000157356262,0.0,0.40400001406669617,pair_rf_lgbm,104.17140000166486,104.17140000166486
0.0,0.8629999756813049,0.13699999451637268,pair_et_lgbm,104.18902771652601,104.18902771652601
0.597000002861023,0.0,0.40299999713897705,pair_rf_lgbm,104.20187852790998,104.20187852790998
0.0,0.8640000224113464,0.13600000739097595,pair_et_lgbm,104.23125069367295,104.23125069367295
0.5979999899864197,0.0,0.4020000100135803,pair_rf_lgbm,104.23242620632602,104.23242620632602
0.5989999771118164,0.0,0.4009999930858612,pair_rf_lgbm,104.26304796616076,104.26304796616076
0.0,0.8650000095367432,0.13500000536441803,pair_et_lgbm,104.2735596294749,104.2735596294749
0.6000000238418579,0.0,0.4000000059604645,pair_rf_lgbm,104.29373656279513,104.29373656279513
0.0,0.8659999966621399,0.1340000033378601,pair_et_lgbm,104.31595186275855,104.31595186275855
0.6010000109672546,0.0,0.39899998903274536,pair_rf_lgbm,104.32450196258957,104.32450196258957
0.6019999980926514,0.0,0.39800000190734863,pair_rf_lgbm,104.35533716195846,104.35533716195846
0.0,0.8669999837875366,0.13300000131130219,pair_et_lgbm,104.35842720212652,104.35842720212652
0.6029999852180481,0.0,0.3970000147819519,pair_rf_lgbm,104.38624374031227,104.38624374031227
0.0,0.8679999709129333,0.13199999928474426,pair_et_lgbm,104.40098607049691,104.40098607049691
0.6039999723434448,0.0,0.3959999978542328,pair_rf_lgbm,104.41722455025946,104.41722455025946
0.0,0.8690000176429749,0.13099999725818634,pair_et_lgbm,104.44362655962334,104.44362655962334
0.6050000190734863,0.0,0.39500001072883606,pair_rf_lgbm,104.4482720296474,104.4482720296474
0.6060000061988831,0.0,0.39399999380111694,pair_rf_lgbm,104.47939669596103,104.47939669596103
0.0,0.8700000047683716,0.12999999523162842,pair_et_lgbm,104.4863517134531,104.4863517134531
0.6069999933242798,0.0,0.3930000066757202,pair_rf_lgbm,104.51059048160734,104.51059048160734
0.0,0.8709999918937683,0.1289999932050705,pair_et_lgbm,104.52915988679881,104.52915988679881
0.6079999804496765,0.0,0.3919999897480011,pair_rf_lgbm,104.54185825789833,104.54185825789833
0.0,0.871999979019165,0.12800000607967377,pair_et_lgbm,104.57205047063782,104.57205047063782
0.609000027179718,0.0,0.39100000262260437,pair_rf_lgbm,104.57319311536111,104.57319311536111
0.6100000143051147,0.0,0.38999998569488525,pair_rf_lgbm,104.60460472100661,104.60460472100661
0.0,0.8730000257492065,0.12700000405311584,pair_et_lgbm,104.61502391383702,104.61502391383702
0.6110000014305115,0.0,0.3889999985694885,pair_rf_lgbm,104.63608547795306,104.63608547795306
0.0,0.8740000128746033,0.12600000202655792,pair_et_lgbm,104.65808199844854,104.65808199844854
0.6119999885559082,0.0,0.3880000114440918,pair_rf_lgbm,104.66763838477979,104.66763838477979
0.6129999756813049,0.0,0.3869999945163727,pair_rf_lgbm,104.69926553136293,104.69926553136293
0.0,0.875,0.125,pair_et_lgbm,104.70122317899147,104.70122317899147
0.6140000224113464,0.0,0.38600000739097595,pair_rf_lgbm,104.73095893855506,104.73095893855506
0.0,0.8759999871253967,0.12399999797344208,pair_et_lgbm,104.74444777921335,104.74444777921335
0.6150000095367432,0.0,0.38499999046325684,pair_rf_lgbm,104.76272972225598,104.76272972225598
0.0,0.8769999742507935,0.12300000339746475,pair_et_lgbm,104.78775495547553,104.78775495547553
0.6159999966621399,0.0,0.3840000033378601,pair_rf_lgbm,104.79456937405055,104.79456937405055
0.6169999837875366,0.0,0.382999986410141,pair_rf_lgbm,104.82648385131172,104.82648385131172
0.0,0.878000020980835,0.12200000137090683,pair_et_lgbm,104.83114485296758,104.83114485296758
0.6179999709129333,0.0,0.38199999928474426,pair_rf_lgbm,104.85846724955013,104.85846724955013
0.0,0.8790000081062317,0.12099999934434891,pair_et_lgbm,104.87461897531855,104.87461897531855
0.6190000176429749,0.0,0.38100001215934753,pair_rf_lgbm,104.89051997434696,104.89051997434696
0.0,0.8799999952316284,0.11999999731779099,pair_et_lgbm,104.9181765130758,104.9181765130758
0.6200000047683716,0.0,0.3799999952316284,pair_rf_lgbm,104.92264950836298,104.92264950836298
0.6209999918937683,0.0,0.3790000081062317,pair_rf_lgbm,104.95484815603075,104.95484815603075
0.0,0.8809999823570251,0.11900000274181366,pair_et_lgbm,104.96181648495586,104.96181648495586
0.621999979019165,0.0,0.3779999911785126,pair_rf_lgbm,104.98712158033787,104.98712158033787
0.0,0.8820000290870667,0.11800000071525574,pair_et_lgbm,105.0055390269411,105.00553902641458
0.6230000257492065,0.0,0.37700000405311584,pair_rf_lgbm,105.01946107040331,105.01946107040331
0.0,0.8830000162124634,0.11699999868869781,pair_et_lgbm,105.0493464450329,105.0493464450329
0.6240000128746033,0.0,0.37599998712539673,pair_rf_lgbm,105.05187773024001,105.05187773024001
0.625,0.0,0.375,pair_rf_lgbm,105.08436378682164,105.08436378682164
0.0,0.8840000033378601,0.11599999666213989,pair_et_lgbm,105.09323680030924,105.09323680030924
0.6259999871253967,0.0,0.37400001287460327,pair_rf_lgbm,105.1169217596043,105.1169217596043
0.0,0.8849999904632568,0.11500000208616257,pair_et_lgbm,105.13720973379736,105.13720973379736
0.6269999742507935,0.0,0.37299999594688416,pair_rf_lgbm,105.14955365746356,105.14955365746356
0.0,0.8859999775886536,0.11400000005960464,pair_et_lgbm,105.18126662853054,105.18126662853054
0.628000020980835,0.0,0.3720000088214874,pair_rf_lgbm,105.18225220164861,105.18225220164861
0.6290000081062317,0.0,0.3709999918937683,pair_rf_lgbm,105.2150281221285,105.2150281221285
0.0,0.8870000243186951,0.11299999803304672,pair_et_lgbm,105.22540506379492,105.22540506326843
0.6299999952316284,0.0,0.3700000047683716,pair_rf_lgbm,105.24787318448726,105.24787318448726
0.0,0.8880000114440918,0.1120000034570694,pair_et_lgbm,105.26962813411312,105.26962813411312
0.6309999823570251,0.0,0.36899998784065247,pair_rf_lgbm,105.28079268663964,105.28079268663964
0.6320000290870667,0.0,0.36800000071525574,pair_rf_lgbm,105.3137780827033,105.3137780827033
0.0,0.8889999985694885,0.11100000143051147,pair_et_lgbm,105.31393479463749,105.31393479463749
0.6330000162124634,0.0,0.367000013589859,pair_rf_lgbm,105.34683830722254,105.34683830722254
0.0,0.8899999856948853,0.10999999940395355,pair_et_lgbm,105.35832459719485,105.35832459719485
0.6340000033378601,0.0,0.3659999966621399,pair_rf_lgbm,105.37997323205677,105.37997323205677
0.0,0.890999972820282,0.10899999737739563,pair_et_lgbm,105.4027974898537,105.4027974898537
0.6349999904632568,0.0,0.36500000953674316,pair_rf_lgbm,105.41317728069433,105.41317728069433
0.6359999775886536,0.0,0.36399999260902405,pair_rf_lgbm,105.44645535689224,105.44645535689224
0.0,0.8920000195503235,0.1080000028014183,pair_et_lgbm,105.44735178679582,105.44735178626934
0.6370000243186951,0.0,0.3630000054836273,pair_rf_lgbm,105.47980024898105,105.47980024898105
0.0,0.8930000066757202,0.10700000077486038,pair_et_lgbm,105.49199151403005,105.49199151403005
0.6380000114440918,0.0,0.3619999885559082,pair_rf_lgbm,105.51322195457135,105.51322195457135
0.0,0.8939999938011169,0.10599999874830246,pair_et_lgbm,105.53671424155131,105.53671424155131
0.6389999985694885,0.0,0.3610000014305115,pair_rf_lgbm,105.54671282212561,105.54671282212561
0.6399999856948853,0.0,0.36000001430511475,pair_rf_lgbm,105.5802759200197,105.5802759200197
0.0,0.8949999809265137,0.10499999672174454,pair_et_lgbm,105.58152016787906,105.58152016787906
0.640999972820282,0.0,0.35899999737739563,pair_rf_lgbm,105.61391302630354,105.61391302630354
0.0,0.8960000276565552,0.10400000214576721,pair_et_lgbm,105.62640721252929,105.6264072120028
0.6420000195503235,0.0,0.3580000102519989,pair_rf_lgbm,105.64761705221291,105.64761705221291
0.0,0.8970000147819519,0.10300000011920929,pair_et_lgbm,105.67137971598605,105.67137971545958
0.6430000066757202,0.0,0.3569999933242798,pair_rf_lgbm,105.6813974309532,105.6813974309532
0.6439999938011169,0.0,0.35600000619888306,pair_rf_lgbm,105.71524751991015,105.71524751991015
0.0,0.8980000019073486,0.10199999809265137,pair_et_lgbm,105.7164357200314,105.7164357200314
0.6449999809265137,0.0,0.35499998927116394,pair_rf_lgbm,105.74917186555214,105.74917186555214
0.0,0.8989999890327454,0.10100000351667404,pair_et_lgbm,105.76157395209836,105.76157395209836
0.6460000276565552,0.0,0.3540000021457672,pair_rf_lgbm,105.78316245992134,105.78316245992134
0.0,0.8999999761581421,0.10000000149011612,pair_et_lgbm,105.80679615685754,105.80679615685754
0.6470000147819519,0.0,0.3529999852180481,pair_rf_lgbm,105.81723068232785,105.81723068232785
0.6480000019073486,0.0,0.35199999809265137,pair_rf_lgbm,105.85136785646698,105.85136785646698
0.0,0.9010000228881836,0.0989999994635582,pair_et_lgbm,105.85209979555569,105.85209979502918
0.6489999890327454,0.0,0.35100001096725464,pair_rf_lgbm,105.88557696862547,105.88557696862547
0.0,0.9020000100135803,0.09799999743700027,pair_et_lgbm,105.89748852628199,105.89748852575552
0.6499999761581421,0.0,0.3499999940395355,pair_rf_lgbm,105.91986019154768,105.91986019154768
0.0,0.902999997138977,0.09700000286102295,pair_et_lgbm,105.94295998802633,105.94295998802633
0.6510000228881836,0.0,0.3490000069141388,pair_rf_lgbm,105.95420999148658,105.95420999148658
0.0,0.9039999842643738,0.09600000083446503,pair_et_lgbm,105.98851499083699,105.98851499083699
0.6520000100135803,0.0,0.3479999899864197,pair_rf_lgbm,105.98863670861891,105.98863670861891
0.652999997138977,0.0,0.34700000286102295,pair_rf_lgbm,106.02313327640537,106.02313327640537
0.0,0.9049999713897705,0.0949999988079071,pair_et_lgbm,106.03415346877028,106.03415346877028
0.6539999842643738,0.0,0.34599998593330383,pair_rf_lgbm,106.05770355986706,106.05770355986706
0.0,0.906000018119812,0.09399999678134918,pair_et_lgbm,106.07987324570101,106.07987324570101
0.6549999713897705,0.0,0.3449999988079071,pair_rf_lgbm,106.09234323348329,106.09234323348329
0.0,0.9070000052452087,0.09300000220537186,pair_et_lgbm,106.12567747535384,106.12567747535384
0.656000018119812,0.0,0.3440000116825104,pair_rf_lgbm,106.12705200043311,106.12705200043311
0.6570000052452087,0.0,0.34299999475479126,pair_rf_lgbm,106.16183784488254,106.16183784488254
0.0,0.9079999923706055,0.09200000017881393,pair_et_lgbm,106.17156596917039,106.17156596917039
0.6579999923706055,0.0,0.34200000762939453,pair_rf_lgbm,106.196693025622,106.196693025622
0.0,0.9089999794960022,0.09099999815225601,pair_et_lgbm,106.21753698579663,106.21753698579663
0.6589999794960022,0.0,0.3409999907016754,pair_rf_lgbm,106.23162240774353,106.23162240774353
0.0,0.9100000262260437,0.09000000357627869,pair_et_lgbm,106.26358947931749,106.26358947931749
0.6600000262260437,0.0,0.3400000035762787,pair_rf_lgbm,106.26661828728452,106.26661828728452
0.6610000133514404,0.0,0.33899998664855957,pair_rf_lgbm,106.30169121032772,106.30169121032772
0.0,0.9110000133514404,0.08900000154972076,pair_et_lgbm,106.30972699268806,106.30972699268806
0.6620000004768372,0.0,0.33799999952316284,pair_rf_lgbm,106.33683353439088,106.33683353439088
0.0,0.9120000004768372,0.08799999952316284,pair_et_lgbm,106.35594792213442,106.35594792213442
0.6629999876022339,0.0,0.3370000123977661,pair_rf_lgbm,106.37204760265656,106.37204760265656
0.0,0.9129999876022339,0.08699999749660492,pair_et_lgbm,106.40225258863346,106.40225258863346
0.6639999747276306,0.0,0.335999995470047,pair_rf_lgbm,106.40733608378602,106.40733608378602
0.6650000214576721,0.0,0.33500000834465027,pair_rf_lgbm,106.44269079618913,106.44269079618913
0.0,0.9139999747276306,0.0860000029206276,pair_et_lgbm,106.44863935086521,106.44863935086521
0.6660000085830688,0.0,0.33399999141693115,pair_rf_lgbm,106.478122881736,106.478122881736
0.0,0.9150000214576721,0.08500000089406967,pair_et_lgbm,106.49510847227262,106.49510847227262
0.6669999957084656,0.0,0.3330000042915344,pair_rf_lgbm,106.5136241587608,106.5136241587608
0.0,0.9160000085830688,0.08399999886751175,pair_et_lgbm,106.54166220398407,106.54166220398407
0.6679999828338623,0.0,0.3319999873638153,pair_rf_lgbm,106.54919966208253,106.54919966208253
0.6690000295639038,0.0,0.3310000002384186,pair_rf_lgbm,106.58484156154289,106.58484156154289
0.0,0.9169999957084656,0.08299999684095383,pair_et_lgbm,106.58829935140692,106.58829935140692
0.6700000166893005,0.0,0.33000001311302185,pair_rf_lgbm,106.62055801297647,106.62055801297647
0.0,0.9179999828338623,0.0820000022649765,pair_et_lgbm,106.63501943920673,106.63501943920673
0.6710000038146973,0.0,0.32899999618530273,pair_rf_lgbm,106.65634870070764,106.65634870070764
0.0,0.9190000295639038,0.08100000023841858,pair_et_lgbm,106.68182134924444,106.68182134924444
0.671999990940094,0.0,0.328000009059906,pair_rf_lgbm,106.69220936631169,106.69220936631169
0.6729999780654907,0.0,0.3269999921321869,pair_rf_lgbm,106.7281435472747,106.7281435472747
0.0,0.9200000166893005,0.07999999821186066,pair_et_lgbm,106.72870806167916,106.72870806167916
0.6740000247955322,0.0,0.32600000500679016,pair_rf_lgbm,106.76414429546162,106.76414429546162
0.0,0.9210000038146973,0.07900000363588333,pair_et_lgbm,106.77567761116659,106.77567761116659
0.675000011920929,0.0,0.32499998807907104,pair_rf_lgbm,106.80022255475029,106.80022255475029
0.0,0.921999990940094,0.07800000160932541,pair_et_lgbm,106.82273087674545,106.82273087674545
0.6759999990463257,0.0,0.3240000009536743,pair_rf_lgbm,106.83636987278385,106.83636987278385
0.0,0.9229999780654907,0.07699999958276749,pair_et_lgbm,106.86986764217266,106.86986764217266
0.6769999861717224,0.0,0.3230000138282776,pair_rf_lgbm,106.87258912133665,106.87258912133665
0.6779999732971191,0.0,0.32199999690055847,pair_rf_lgbm,106.90888261153744,106.90888261153744
0.0,0.9240000247955322,0.07599999755620956,pair_et_lgbm,106.91708593122814,106.91708593122814
0.6790000200271606,0.0,0.32100000977516174,pair_rf_lgbm,106.94524261965658,106.94524261965658
0.0,0.925000011920929,0.07500000298023224,pair_et_lgbm,106.9643881235878,106.9643881235878
0.6800000071525574,0.0,0.3199999928474426,pair_rf_lgbm,106.98167930590591,106.98167930590591
0.0,0.9259999990463257,0.07400000095367432,pair_et_lgbm,107.01177449906717,107.01177449906717
0.6809999942779541,0.0,0.3190000057220459,pair_rf_lgbm,107.01818566998072,107.01818566998072
0.6819999814033508,0.0,0.3179999887943268,pair_rf_lgbm,107.05476654993343,107.05476654993343
0.0,0.9269999861717224,0.0729999989271164,pair_et_lgbm,107.0592437158621,107.0592437158621
0.6830000281333923,0.0,0.31700000166893005,pair_rf_lgbm,107.09141343318903,107.09141343318903
0.0,0.9279999732971191,0.07199999690055847,pair_et_lgbm,107.10679680213275,107.10679680213275
0.6840000152587891,0.0,0.3160000145435333,pair_rf_lgbm,107.12813505635089,107.12813505635089
0.0,0.9290000200271606,0.07100000232458115,pair_et_lgbm,107.15443084097836,107.15443084097836
0.6850000023841858,0.0,0.3149999976158142,pair_rf_lgbm,107.1649308838611,107.1649308838611
0.6859999895095825,0.0,0.3140000104904175,pair_rf_lgbm,107.20179625144837,107.20179625144837
0.0,0.9300000071525574,0.07000000029802322,pair_et_lgbm,107.20214974687168,107.20214974687168
0.6869999766349792,0.0,0.31299999356269836,pair_rf_lgbm,107.23873592566554,107.23873592566554
0.0,0.9309999942779541,0.0689999982714653,pair_et_lgbm,107.24995203812732,107.24995203812732
0.6880000233650208,0.0,0.31200000643730164,pair_rf_lgbm,107.27574190534115,107.27574190534115
0.0,0.9319999814033508,0.06800000369548798,pair_et_lgbm,107.29783707383885,107.29783707383885
0.6890000104904175,0.0,0.3109999895095825,pair_rf_lgbm,107.31282495965905,107.31282495965905
0.0,0.9330000281333923,0.06700000166893005,pair_et_lgbm,107.34580495313146,107.34580495313146
0.6899999976158142,0.0,0.3100000023841858,pair_rf_lgbm,107.3499775712352,107.3499775712352
0.6909999847412109,0.0,0.3089999854564667,pair_rf_lgbm,107.38720436573841,107.38720436573841
0.0,0.9340000152587891,0.06599999964237213,pair_et_lgbm,107.39385681612451,107.39385681612451
0.6919999718666077,0.0,0.30799999833106995,pair_rf_lgbm,107.42450015537277,107.42450015537277
0.0,0.9350000023841858,0.06499999761581421,pair_et_lgbm,107.44199208498877,107.44199208498877
0.6930000185966492,0.0,0.3070000112056732,pair_rf_lgbm,107.46186498969084,107.46186498969084
0.0,0.9359999895095825,0.06400000303983688,pair_et_lgbm,107.49021004655184,107.49021004655184
0.6940000057220459,0.0,0.3059999942779541,pair_rf_lgbm,107.49930716918406,107.49930716918406
0.6949999928474426,0.0,0.3050000071525574,pair_rf_lgbm,107.53681867301815,107.53681867301815
0.0,0.9369999766349792,0.06300000101327896,pair_et_lgbm,107.53851169854008,107.53851169854008
0.6959999799728394,0.0,0.30399999022483826,pair_rf_lgbm,107.57440415075223,107.57440415075223
0.0,0.9380000233650208,0.06199999898672104,pair_et_lgbm,107.58689557954841,107.58689557954841
0.6970000267028809,0.0,0.30300000309944153,pair_rf_lgbm,107.61205624704476,107.61205624704475
0.0,0.9390000104904175,0.061000000685453415,pair_et_lgbm,107.6353636158909,107.6353636158909
0.6980000138282776,0.0,0.3019999861717224,pair_rf_lgbm,107.64978564623651,107.64978564623651
0.0,0.9399999976158142,0.05999999865889549,pair_et_lgbm,107.68391483180514,107.68391483180514
0.6990000009536743,0.0,0.3009999990463257,pair_rf_lgbm,107.68758396795435,107.68758396795435
0.699999988079071,0.0,0.30000001192092896,pair_rf_lgbm,107.72545440928913,107.72545440928913
0.0,0.9409999847412109,0.05900000035762787,pair_et_lgbm,107.73254933018478,107.73254933018478
0.7009999752044678,0.0,0.29899999499320984,pair_rf_lgbm,107.76339913809284,107.76339913809284
0.0,0.9419999718666077,0.057999998331069946,pair_et_lgbm,107.78126698697574,107.78126698697574
0.7020000219345093,0.0,0.2980000078678131,pair_rf_lgbm,107.8014099253373,107.80140992533727
0.0,0.9430000185966492,0.05700000002980232,pair_et_lgbm,107.83006692839739,107.83006692839739
0.703000009059906,0.0,0.296999990940094,pair_rf_lgbm,107.83949839936433,107.83949839936433
0.7039999961853027,0.0,0.29600000381469727,pair_rf_lgbm,107.87765589364028,107.87765589364028
0.0,0.9440000057220459,0.0560000017285347,pair_et_lgbm,107.87895106107007,107.87895106107007
0.7049999833106995,0.0,0.29499998688697815,pair_rf_lgbm,107.91588765239233,107.91588765239233
0.0,0.9449999928474426,0.054999999701976776,pair_et_lgbm,107.9279185127572,107.9279185127572
0.7059999704360962,0.0,0.2939999997615814,pair_rf_lgbm,107.9541884604824,107.9541884604824
0.0,0.9459999799728394,0.05400000140070915,pair_et_lgbm,107.97696921712644,107.97696921712644
0.7070000171661377,0.0,0.2930000126361847,pair_rf_lgbm,107.99255849432312,107.99255849432312
0.0,0.9470000267028809,0.05299999937415123,pair_et_lgbm,108.02610169712273,108.02610169659624
0.7080000042915344,0.0,0.2919999957084656,pair_rf_lgbm,108.03100583219218,108.03100583219218
0.7089999914169312,0.0,0.29100000858306885,pair_rf_lgbm,108.0695222002076,108.0695222002076
0.0,0.9480000138282776,0.052000001072883606,pair_et_lgbm,108.0753194132368,108.0753194132368
0.7099999785423279,0.0,0.28999999165534973,pair_rf_lgbm,108.1081131786386,108.1081131786386
0.0,0.9490000009536743,0.050999999046325684,pair_et_lgbm,108.12461961595174,108.12461961595174
0.7110000252723694,0.0,0.289000004529953,pair_rf_lgbm,108.14677006793623,108.14677006793623
0.0,0.949999988079071,0.05000000074505806,pair_et_lgbm,108.17400321104942,108.17400321104942
0.7120000123977661,0.0,0.2879999876022339,pair_rf_lgbm,108.18550422255194,108.18550422255194
0.0,0.9509999752044678,0.04899999871850014,pair_et_lgbm,108.22347005204807,108.22347005204807
0.7129999995231628,0.0,0.28700000047683716,pair_rf_lgbm,108.22430811223906,108.22430811223906
0.7139999866485596,0.0,0.28600001335144043,pair_rf_lgbm,108.26318329361048,108.26318329361048
0.0,0.9520000219345093,0.04800000041723251,pair_et_lgbm,108.27301865104833,108.27301865052182
0.7149999737739563,0.0,0.2849999964237213,pair_rf_lgbm,108.3021332314501,108.3021332314501
0.0,0.953000009059906,0.04699999839067459,pair_et_lgbm,108.32265251671194,108.32265251671194
0.7160000205039978,0.0,0.2840000092983246,pair_rf_lgbm,108.34114910841156,108.34114910841156
0.0,0.9539999961853027,0.04600000008940697,pair_et_lgbm,108.37236907538768,108.37236907538768
0.7170000076293945,0.0,0.28299999237060547,pair_rf_lgbm,108.3802424869552,108.3802424869552
0.7179999947547913,0.0,0.28200000524520874,pair_rf_lgbm,108.41940483415927,108.41940483415927
0.0,0.9549999833106995,0.04500000178813934,pair_et_lgbm,108.42216845771945,108.42216845771945
0.718999981880188,0.0,0.2809999883174896,pair_rf_lgbm,108.45864190250937,108.45864190250937
0.0,0.9559999704360962,0.04399999976158142,pair_et_lgbm,108.47205165526859,108.47205165526859
0.7200000286102295,0.0,0.2800000011920929,pair_rf_lgbm,108.49794503862636,108.49794503862636
0.0,0.9570000171661377,0.0430000014603138,pair_et_lgbm,108.52201627224068,108.52201627171418
0.7210000157356262,0.0,0.27900001406669617,pair_rf_lgbm,108.53732269556848,108.53732269556848
0.0,0.9580000042915344,0.041999999433755875,pair_et_lgbm,108.57206648392584,108.57206648392584
0.722000002861023,0.0,0.27799999713897705,pair_rf_lgbm,108.57677532053835,108.57677532053835
0.7229999899864197,0.0,0.2770000100135803,pair_rf_lgbm,108.61629646665594,108.61629646665594
0.0,0.9589999914169312,0.04100000113248825,pair_et_lgbm,108.62219905173396,108.62219905173396
0.7239999771118164,0.0,0.2759999930858612,pair_rf_lgbm,108.65589263895815,108.65589263895815
0.0,0.9599999785423279,0.03999999910593033,pair_et_lgbm,108.67241516068526,108.67241516068526
0.7250000238418579,0.0,0.2750000059604645,pair_rf_lgbm,108.69555464969497,108.69555464969497
0.0,0.9610000252723694,0.039000000804662704,pair_et_lgbm,108.72271263074835,108.72271263022185
0.7260000109672546,0.0,0.27399998903274536,pair_rf_lgbm,108.73529393631078,108.73529393631078
0.0,0.9620000123977661,0.03799999877810478,pair_et_lgbm,108.77309529565233,108.77309529512581
0.7269999980926514,0.0,0.27300000190734863,pair_rf_lgbm,108.77510280978004,108.77510280978004
0.7279999852180481,0.0,0.2720000147819519,pair_rf_lgbm,108.8149832550978,108.8149832550978
0.0,0.9629999995231628,0.03700000047683716,pair_et_lgbm,108.82356101305096,108.82356101305096
0.7289999723434448,0.0,0.2709999978542328,pair_rf_lgbm,108.85493819985595,108.85493819985595
0.0,0.9639999866485596,0.035999998450279236,pair_et_lgbm,108.87411035341987,108.87411035341987
0.7300000190734863,0.0,0.27000001072883606,pair_rf_lgbm,108.89495901801463,108.89495901801463
0.0,0.9649999737739563,0.03500000014901161,pair_et_lgbm,108.92474222417287,108.92474222417287
0.7310000061988831,0.0,0.26899999380111694,pair_rf_lgbm,108.9350573812082,108.9350573812082
0.7319999933242798,0.0,0.2680000066757202,pair_rf_lgbm,108.97522478759791,108.97522478759791
0.0,0.9660000205039978,0.03400000184774399,pair_et_lgbm,108.9754558655592,108.9754558655592
0.7329999804496765,0.0,0.2669999897480011,pair_rf_lgbm,109.01546713601893,109.01546713601893
0.0,0.9670000076293945,0.032999999821186066,pair_et_lgbm,109.02625484108543,109.02625484108543
0.734000027179718,0.0,0.26600000262260437,pair_rf_lgbm,109.05577539515596,109.05577539515596
0.0,0.9679999947547913,0.03200000151991844,pair_et_lgbm,109.07713677031946,109.07713677031946
0.7350000143051147,0.0,0.26499998569488525,pair_rf_lgbm,109.09616062464666,109.09616062464666
0.0,0.968999981880188,0.03099999949336052,pair_et_lgbm,109.12810182908805,109.12810182908805
0.7360000014305115,0.0,0.2639999985694885,pair_rf_lgbm,109.13661552348259,109.13661552348259
0.7369999885559082,0.0,0.2630000114440918,pair_rf_lgbm,109.17714216367919,109.17714216367919
0.0,0.9700000286102295,0.029999999329447746,pair_et_lgbm,109.17914881102125,109.17914881102125
0.7379999756813049,0.0,0.2619999945163727,pair_rf_lgbm,109.21774323355822,109.21774323355822
0.0,0.9710000157356262,0.028999999165534973,pair_et_lgbm,109.23028033813506,109.23028033813506
0.7390000224113464,0.0,0.26100000739097595,pair_rf_lgbm,109.25841028928164,109.25841028928164
0.0,0.972000002861023,0.02800000086426735,pair_et_lgbm,109.28149477003812,109.28149477003812
0.7400000095367432,0.0,0.25999999046325684,pair_rf_lgbm,109.29915481743414,109.29915481743414
0.0,0.9729999899864197,0.027000000700354576,pair_et_lgbm,109.33279355102158,109.33279355102158
0.7409999966621399,0.0,0.2590000033378601,pair_rf_lgbm,109.33996841537564,109.33996841537564
0.7419999837875366,0.0,0.257999986410141,pair_rf_lgbm,109.38085657351377,109.38085657351377
0.0,0.9739999771118164,0.026000000536441803,pair_et_lgbm,109.3841746112502,109.3841746112502
0.7429999709129333,0.0,0.25699999928474426,pair_rf_lgbm,109.4218138435359,109.4218138435359
0.0,0.9750000238418579,0.02500000037252903,pair_et_lgbm,109.43563752996843,109.43563752996843
0.7440000176429749,0.0,0.25600001215934753,pair_rf_lgbm,109.4628401082878,109.4628401082878
0.0,0.9760000109672546,0.024000000208616257,pair_et_lgbm,109.48718505673108,109.48718505673108
0.7450000047683716,0.0,0.2549999952316284,pair_rf_lgbm,109.50394348794573,109.50394348794573
0.0,0.9769999980926514,0.023000000044703484,pair_et_lgbm,109.5388160354023,109.5388160354023
0.7459999918937683,0.0,0.2540000081062317,pair_rf_lgbm,109.54511591501335,109.54511591501335
0.746999979019165,0.0,0.2529999911785126,pair_rf_lgbm,109.58636316286432,109.58636316286432
0.0,0.9779999852180481,0.02199999988079071,pair_et_lgbm,109.5905305952811,109.5905305952811
0.7480000257492065,0.0,0.25200000405311584,pair_rf_lgbm,109.62767642694642,109.62767642694642
0.0,0.9789999723434448,0.020999999716877937,pair_et_lgbm,109.64232822136378,109.64232822136378
0.7490000128746033,0.0,0.25099998712539673,pair_rf_lgbm,109.66906707440172,109.66906707440172
0.0,0.9800000190734863,0.019999999552965164,pair_et_lgbm,109.69420714548924,109.69420714548924
0.75,0.0,0.25,pair_rf_lgbm,109.7105270676181,109.7105270676181
0.0,0.9810000061988831,0.01899999938905239,pair_et_lgbm,109.74617087126093,109.74617087126093
0.7509999871253967,0.0,0.24899999797344208,pair_rf_lgbm,109.75205989626599,109.75205989626599
0.7519999742507935,0.0,0.24799999594688416,pair_rf_lgbm,109.7936646740841,109.7936646740841
0.0,0.9819999933242798,0.017999999225139618,pair_et_lgbm,109.79821825355032,109.79821825355032
0.753000020980835,0.0,0.24699999392032623,pair_rf_lgbm,109.8353381108715,109.8353381108715
0.0,0.9829999804496765,0.017000000923871994,pair_et_lgbm,109.8503488083172,109.8503488083172
0.7540000081062317,0.0,0.2460000067949295,pair_rf_lgbm,109.87708513667624,109.87708513667624
0.0,0.984000027179718,0.01600000075995922,pair_et_lgbm,109.90256074849958,109.90256074849958
0.7549999952316284,0.0,0.24500000476837158,pair_rf_lgbm,109.91890500824222,109.91890500824222
0.0,0.9850000143051147,0.014999999664723873,pair_et_lgbm,109.9548576064781,109.9548576064781
0.7559999823570251,0.0,0.24400000274181366,pair_rf_lgbm,109.96079683136445,109.96079683136445
0.7570000290870667,0.0,0.24300000071525574,pair_rf_lgbm,110.00275771333624,110.00275771333624
0.0,0.9860000014305115,0.014000000432133675,pair_et_lgbm,110.00723770725698,110.00723770725698
0.7580000162124634,0.0,0.24199999868869781,pair_rf_lgbm,110.04479289295098,110.04479289295098
0.0,0.9869999885559082,0.013000000268220901,pair_et_lgbm,110.05970070682153,110.05970070682153
0.7590000033378601,0.0,0.2409999966621399,pair_rf_lgbm,110.08690031720035,110.08690031720035
0.0,0.9879999756813049,0.012000000104308128,pair_et_lgbm,110.11224795953783,110.11224795953783
0.7599999904632568,0.0,0.23999999463558197,pair_rf_lgbm,110.12907940972488,110.12907940972488
0.0,0.9890000224113464,0.010999999940395355,pair_et_lgbm,110.16487621910005,110.16487621910005
0.7609999775886536,0.0,0.23899999260902405,pair_rf_lgbm,110.17133030231545,110.17133030231545
0.7620000243186951,0.0,0.23800000548362732,pair_rf_lgbm,110.21364827817928,110.21364827817928
0.0,0.9900000095367432,0.009999999776482582,pair_et_lgbm,110.21758907206252,110.21758907206252
0.7630000114440918,0.0,0.2370000034570694,pair_rf_lgbm,110.25604293541707,110.25604293541707
0.0,0.9909999966621399,0.008999999612569809,pair_et_lgbm,110.2703852021826,110.2703852021826
0.7639999985694885,0.0,0.23600000143051147,pair_rf_lgbm,110.29850909756638,110.29850909756638
0.0,0.9919999837875366,0.00800000037997961,pair_et_lgbm,110.32326457974807,110.32326457974807
0.7649999856948853,0.0,0.23499999940395355,pair_rf_lgbm,110.34104732228563,110.34104732228563
0.15199999511241913,0.8479999899864197,0.0,pair_rf_et,110.36309239804133,110.36309239804133
0.15299999713897705,0.847000002861023,0.0,pair_rf_et,110.3630985914548,110.3630985914548
0.1509999930858612,0.8489999771118164,0.0,pair_rf_et,110.36311946811139,110.36311946811139
0.15399999916553497,0.8460000157356262,0.0,pair_rf_et,110.36313812855161,110.36313812855161
0.15000000596046448,0.8500000238418579,0.0,pair_rf_et,110.36317740204025,110.36317740204025
0.1550000011920929,0.8450000286102295,0.0,pair_rf_et,110.36321076623896,110.36321076623896
0.14900000393390656,0.8510000109672546,0.0,pair_rf_et,110.36327092576978,110.36327092576978
0.15600000321865082,0.843999981880188,0.0,pair_rf_et,110.36331868903474,110.36331868903474
0.14800000190734863,0.8519999980926514,0.0,pair_rf_et,110.36339806306793,110.36339806306793
0.15700000524520874,0.8429999947547913,0.0,pair_rf_et,110.36345840217034,110.36345840217034
0.1469999998807907,0.8529999852180481,0.0,pair_rf_et,110.36355842335703,110.36355842335703
0.15800000727176666,0.8420000076293945,0.0,pair_rf_et,110.36363084022258,110.36363084022258
0.1459999978542328,0.8539999723434448,0.0,pair_rf_et,110.36375203828977,110.36375203828977
0.1589999943971634,0.8410000205039978,0.0,pair_rf_et,110.3638377467303,110.3638377467303
0.14499999582767487,0.8550000190734863,0.0,pair_rf_et,110.36397680807671,110.36397680807671
0.1599999964237213,0.8399999737739563,0.0,pair_rf_et,110.36407898532538,110.36407898532538
0.14399999380111694,0.8560000061988831,0.0,pair_rf_et,110.36423711423224,110.36423711423224
0.16099999845027924,0.8389999866485596,0.0,pair_rf_et,110.36435149432697,110.36435149432697
0.14300000667572021,0.8569999933242798,0.0,pair_rf_et,110.3645300571318,110.3645300571318
0.16200000047683716,0.8379999995231628,0.0,pair_rf_et,110.36465764625373,110.36465764625373
0.1420000046491623,0.8579999804496765,0.0,pair_rf_et,110.36485705262822,110.36485705262822
0.16300000250339508,0.8370000123977661,0.0,pair_rf_et,110.36499668107562,110.36499668107562
0.14100000262260437,0.859000027179718,0.0,pair_rf_et,110.3652150832073,110.3652150832073
0.164000004529953,0.8360000252723694,0.0,pair_rf_et,110.36536912310656,110.36536912310656
0.14000000059604645,0.8600000143051147,0.0,pair_rf_et,110.36560849239247,110.36560849239247
0.16500000655651093,0.8349999785423279,0.0,pair_rf_et,110.36577703236681,110.36577703236681
0.13899999856948853,0.8610000014305115,0.0,pair_rf_et,110.36603513857929,110.36603513857929
0.16599999368190765,0.8339999914169312,0.0,pair_rf_et,110.36621656272762,110.36621656272762
0.1379999965429306,0.8619999885559082,0.0,pair_rf_et,110.36649519092487,110.36649519092487
0.16699999570846558,0.8330000042915344,0.0,pair_rf_et,110.36668905163046,110.36668905163046
0.13699999451637268,0.8629999756813049,0.0,pair_rf_et,110.366988434716,110.366988434716
0.1679999977350235,0.8320000171661377,0.0,pair_rf_et,110.36719461046789,110.36719461046789
0.13600000739097595,0.8640000224113464,0.0,pair_rf_et,110.36751259108568,110.36751259108568
0.16899999976158142,0.8309999704360962,0.0,pair_rf_et,110.36773581635639,110.36773581635639
0.13500000536441803,0.8650000095367432,0.0,pair_rf_et,110.36807240593103,110.36807240593103
0.17000000178813934,0.8299999833106995,0.0,pair_rf_et,110.3683081336854,110.3683081336854
0.1340000033378601,0.8659999966621399,0.0,pair_rf_et,110.36866587166116,110.36866587166116
0.17100000381469727,0.8289999961853027,0.0,pair_rf_et,110.36891395581871,110.36891395581871
0.13300000131130219,0.8669999837875366,0.0,pair_rf_et,110.36929210287245,110.36929210287245
0.1720000058412552,0.828000009059906,0.0,pair_rf_et,110.36955258188544,110.36955258188544
0.13199999928474426,0.8679999709129333,0.0,pair_rf_et,110.3699518979001,110.3699518979001
0.17299999296665192,0.8270000219345093,0.0,pair_rf_et,110.37022514204307,110.37022514204307
0.13099999725818634,0.8690000176429749,0.0,pair_rf_et,110.3706430893055,110.3706430893055
0.17399999499320984,0.8259999752044678,0.0,pair_rf_et,110.37093291600644,110.37093291600644
0.12999999523162842,0.8700000047683716,0.0,pair_rf_et,110.37136945242881,110.37136945242881
0.17499999701976776,0.824999988079071,0.0,pair_rf_et,110.37167166215808,110.37167166215808
0.1289999932050705,0.8709999918937683,0.0,pair_rf_et,110.3721291392433,110.3721291392433
0.17599999904632568,0.8240000009536743,0.0,pair_rf_et,110.37244391916452,110.37244391916452
0.12800000607967377,0.871999979019165,0.0,pair_rf_et,110.37292160937126,110.37292160937126
0.1770000010728836,0.8230000138282776,0.0,pair_rf_et,110.37324927879087,110.37324927879087
0.12700000405311584,0.8730000257492065,0.0,pair_rf_et,110.37374611565008,110.37374611565008
0.17800000309944153,0.8220000267028809,0.0,pair_rf_et,110.37408773870516,110.37408773870516
0.12600000202655792,0.8740000128746033,0.0,pair_rf_et,110.3746056598579,110.3746056598579
0.17900000512599945,0.8209999799728394,0.0,pair_rf_et,110.3749618403074,110.3749618403074
0.125,0.875,0.0,pair_rf_et,110.37549832944514,110.37549832944514
0.18000000715255737,0.8199999928474426,0.0,pair_rf_et,110.3758674008455,110.3758674008455
0.0,0.9929999709129333,0.007000000216066837,pair_et_lgbm,110.37622759711483,110.37622759711483
0.12399999797344208,0.8759999871253967,0.0,pair_rf_et,110.3764248323316,110.3764248323316
0.1809999942779541,0.8190000057220459,0.0,pair_rf_et,110.37680635142347,110.37680635142347
0.12300000339746475,0.8769999742507935,0.0,pair_rf_et,110.37738382686838,110.37738382686838
0.18199999630451202,0.8180000185966492,0.0,pair_rf_et,110.37777824469435,110.37777824469435
0.12200000137090683,0.878000020980835,0.0,pair_rf_et,110.3783748107151,110.3783748107151
0.18299999833106995,0.8169999718666077,0.0,pair_rf_et,110.37878565842446,110.37878565842446
0.12099999934434891,0.8790000081062317,0.0,pair_rf_et,110.37940108457133,110.37940108457133
0.18400000035762787,0.8159999847412109,0.0,pair_rf_et,110.37982423047187,110.37982423047187
0.11999999731779099,0.8799999952316284,0.0,pair_rf_et,110.3804604515613,110.3804604515613
0.1850000023841858,0.8149999976158142,0.0,pair_rf_et,110.38089597641847,110.38089597641847
0.11900000274181366,0.8809999823570251,0.0,pair_rf_et,110.38155280076147,110.38155280076147
0.1860000044107437,0.8140000104904175,0.0,pair_rf_et,110.38200113829967,110.38200113829967
0.11800000071525574,0.8820000290870667,0.0,pair_rf_et,110.3826770497371,110.38267704973708
0.18700000643730164,0.8130000233650208,0.0,pair_rf_et,110.38313952316105,110.38313952316105
0.765999972820282,0.0,0.23399999737739563,pair_rf_lgbm,110.38365689551773,110.38365689551773
0.11699999868869781,0.8830000162124634,0.0,pair_rf_et,110.38383615358264,110.38383615358264
0.18799999356269836,0.8119999766349792,0.0,pair_rf_et,110.38431399863373,110.38431399863373
0.11599999666213989,0.8840000033378601,0.0,pair_rf_et,110.38502889902125,110.38502889902125
0.1889999955892563,0.8109999895095825,0.0,pair_rf_et,110.38551904405004,110.38551904405004
0.11500000208616257,0.8849999904632568,0.0,pair_rf_et,110.38625443864805,110.38625443864805
0.1899999976158142,0.8100000023841858,0.0,pair_rf_et,110.3867572781044,110.3867572781044
0.11400000005960464,0.8859999775886536,0.0,pair_rf_et,110.3875136874934,110.3875136874934
0.19099999964237213,0.8090000152587891,0.0,pair_rf_et,110.3880288409824,110.3880288409824
0.11299999803304672,0.8870000243186951,0.0,pair_rf_et,110.38880422101813,110.38880422101813
0.19200000166893005,0.8080000281333923,0.0,pair_rf_et,110.38933364130469,110.38933364130469
0.1120000034570694,0.8880000114440918,0.0,pair_rf_et,110.3901298631956,110.3901298631956
0.19300000369548798,0.8069999814033508,0.0,pair_rf_et,110.39067410357289,110.39067410357289
0.11100000143051147,0.8889999985694885,0.0,pair_rf_et,110.39148911009796,110.39148911009796
0.1940000057220459,0.8059999942779541,0.0,pair_rf_et,110.39204552998595,110.39204552998595
0.10999999940395355,0.8899999856948853,0.0,pair_rf_et,110.39288135153069,110.39288135153069
0.19499999284744263,0.8050000071525574,0.0,pair_rf_et,110.39345074564261,110.39345074564261
0.10899999737739563,0.890999972820282,0.0,pair_rf_et,110.3943069247865,110.3943069247865
0.19599999487400055,0.8040000200271606,0.0,pair_rf_et,110.39488888368037,110.39488888368037
0.1080000028014183,0.8920000195503235,0.0,pair_rf_et,110.39576375949493,110.39576375949493
0.19699999690055847,0.8029999732971191,0.0,pair_rf_et,110.39636247848199,110.39636247848199
0.10700000077486038,0.8930000066757202,0.0,pair_rf_et,110.39725613962831,110.39725613962831
0.1979999989271164,0.8019999861717224,0.0,pair_rf_et,110.39786716306887,110.39786716306887
0.10599999874830246,0.8939999938011169,0.0,pair_rf_et,110.39878174050453,110.39878174050453
0.19900000095367432,0.8009999990463257,0.0,pair_rf_et,110.39940526529067,110.39940526529067
0.10499999672174454,0.8949999809265137,0.0,pair_rf_et,110.40034081630681,110.40034081630681
0.20000000298023224,0.800000011920929,0.0,pair_rf_et,110.4009763027307,110.4009763027307
0.10400000214576721,0.8960000276565552,0.0,pair_rf_et,110.40193072041167,110.40193072041167
0.20100000500679016,0.7990000247955322,0.0,pair_rf_et,110.40258126421833,110.40258126421833
0.10300000011920929,0.8970000147819519,0.0,pair_rf_et,110.40355637043842,110.40355637043842
0.20200000703334808,0.7979999780654907,0.0,pair_rf_et,110.40422141094724,110.40422141094724
0.10199999809265137,0.8980000019073486,0.0,pair_rf_et,110.40521506456383,110.40521506456383
0.2029999941587448,0.796999990940094,0.0,pair_rf_et,110.40589299086255,110.40589299086255
0.10100000351667404,0.8989999890327454,0.0,pair_rf_et,110.40690690057889,110.40690690057889
0.20399999618530273,0.7960000038146973,0.0,pair_rf_et,110.40759733238089,110.40759733238089
0.10000000149011612,0.8999999761581421,0.0,pair_rf_et,110.40863248481779,110.40863248481779
0.20499999821186066,0.7950000166893005,0.0,pair_rf_et,110.40933512258027,110.40933512258027
0.0989999994635582,0.9010000228881836,0.0,pair_rf_et,110.41038938621676,110.41038938621676
0.20600000023841858,0.7940000295639038,0.0,pair_rf_et,110.41110639238187,110.41110639238187
0.09799999743700027,0.9020000100135803,0.0,pair_rf_et,110.4121812525892,110.4121812525892
0.2070000022649765,0.7929999828338623,0.0,pair_rf_et,110.41291303591,110.41291303591
0.09700000286102295,0.902999997138977,0.0,pair_rf_et,110.41400632232234,110.41400632232234
0.20800000429153442,0.7919999957084656,0.0,pair_rf_et,110.41475074073118,110.41475074073118
0.09600000083446503,0.9039999842643738,0.0,pair_rf_et,110.41586484695095,110.41586484695095
0.20900000631809235,0.7910000085830688,0.0,pair_rf_et,110.41662163036509,110.41662163036509
0.0949999988079071,0.9049999713897705,0.0,pair_rf_et,110.41775678400577,110.41775678400577
0.20999999344348907,0.7900000214576721,0.0,pair_rf_et,110.4185264795689,110.4185264795689
0.09399999678134918,0.906000018119812,0.0,pair_rf_et,110.41968014560399,110.41968014560399
0.210999995470047,0.7889999747276306,0.0,pair_rf_et,110.42046624586565,110.42046624586565
0.09300000220537186,0.9070000052452087,0.0,pair_rf_et,110.42163856132632,110.42163856132632
0.21199999749660492,0.7879999876022339,0.0,pair_rf_et,110.42243711460063,110.42243711460063
0.09200000017881393,0.9079999923706055,0.0,pair_rf_et,110.42363039800013,110.42363039800013
0.21299999952316284,0.7870000004768372,0.0,pair_rf_et,110.42444122994216,110.42444122994216
0.09099999815225601,0.9089999794960022,0.0,pair_rf_et,110.42565520998915,110.42565520998915
0.7670000195503235,0.0,0.2329999953508377,pair_rf_lgbm,110.42633542116924,110.42633542116924
0.21400000154972076,0.7860000133514404,0.0,pair_rf_et,110.42647887516225,110.42647887516225
0.09000000357627869,0.9100000262260437,0.0,pair_rf_et,110.42771182874647,110.42771182874647
0.2150000035762787,0.7850000262260437,0.0,pair_rf_et,110.42854959690423,110.42854959690423
0.0,0.9940000176429749,0.006000000052154064,pair_et_lgbm,110.42927222236341,110.42927222236341
0.08900000154972076,0.9110000133514404,0.0,pair_rf_et,110.42980328909007,110.42980328909007
0.2160000056028366,0.7839999794960022,0.0,pair_rf_et,110.43065606669384,110.43065606669384
0.08799999952316284,0.9120000004768372,0.0,pair_rf_et,110.43192854638409,110.43192854638409
0.21699999272823334,0.7829999923706055,0.0,pair_rf_et,110.43279403750115,110.43279403750115
0.08699999749660492,0.9129999876022339,0.0,pair_rf_et,110.43408688521859,110.43408688521859
0.21799999475479126,0.7820000052452087,0.0,pair_rf_et,110.43496475254767,110.43496475254767
0.0860000029206276,0.9139999747276306,0.0,pair_rf_et,110.43627811879,110.43627811879
0.21899999678134918,0.781000018119812,0.0,pair_rf_et,110.43716835492032,110.43716835492032
0.08500000089406967,0.9150000214576721,0.0,pair_rf_et,110.43850111274035,110.43850111274035
0.2199999988079071,0.7799999713897705,0.0,pair_rf_et,110.43940828133208,110.43940828133208
0.08399999886751175,0.9160000085830688,0.0,pair_rf_et,110.44075926233354,110.44075926233354
0.22100000083446503,0.7789999842643738,0.0,pair_rf_et,110.44167896318075,110.44167896318075
0.08299999684095383,0.9169999957084656,0.0,pair_rf_et,110.44305090993772,110.44305090993772
0.22200000286102295,0.777999997138977,0.0,pair_rf_et,110.44398272880007,110.44398272880007
0.0820000022649765,0.9179999828338623,0.0,pair_rf_et,110.44537544045852,110.44537544045852
0.22300000488758087,0.7770000100135803,0.0,pair_rf_et,110.4463198566774,110.4463198566774
0.08100000023841858,0.9190000295639038,0.0,pair_rf_et,110.44773160254961,110.44773160254961
0.2240000069141388,0.7760000228881836,0.0,pair_rf_et,110.44869054920252,110.44869054920252
0.07999999821186066,0.9200000166893005,0.0,pair_rf_et,110.45012300392858,110.45012300392858
0.22499999403953552,0.7749999761581421,0.0,pair_rf_et,110.45109696827333,110.45109696827333
0.07900000363588333,0.9210000038146973,0.0,pair_rf_et,110.45254758125749,110.45254758125749
0.22599999606609344,0.7739999890327454,0.0,pair_rf_et,110.45353394353181,110.45353394353181
0.07800000160932541,0.921999990940094,0.0,pair_rf_et,110.45500562798998,110.45500562798998
0.22699999809265137,0.7730000019073486,0.0,pair_rf_et,110.4560044591333,110.4560044591333
0.07699999958276749,0.9229999780654907,0.0,pair_rf_et,110.45749684654048,110.45749684654048
0.2280000001192093,0.7720000147819519,0.0,pair_rf_et,110.45850818127866,110.45850818127866
0.07599999755620956,0.9240000247955322,0.0,pair_rf_et,110.46001967244425,110.46001967244425
0.2290000021457672,0.7710000276565552,0.0,pair_rf_et,110.46104505124536,110.46104505124536
0.07500000298023224,0.925000011920929,0.0,pair_rf_et,110.46257726355788,110.46257726355788
0.23000000417232513,0.7699999809265137,0.0,pair_rf_et,110.46361786439658,110.46361786439658
0.07400000095367432,0.9259999990463257,0.0,pair_rf_et,110.46516848394337,110.46516848394337
0.23100000619888306,0.7689999938011169,0.0,pair_rf_et,110.46622131127525,110.46622131127525
0.0729999989271164,0.9269999861717224,0.0,pair_rf_et,110.46779322300627,110.46779322300627
0.23199999332427979,0.7680000066757202,0.0,pair_rf_et,110.46885879958633,110.46885879958633
0.7680000066757202,0.0,0.23199999332427979,pair_rf_lgbm,110.46908906346901,110.46908906346901
0.07199999690055847,0.9279999732971191,0.0,pair_rf_et,110.47045097778977,110.47045097778977
0.2329999953508377,0.7670000195503235,0.0,pair_rf_et,110.47152917814309,110.47152917814309
0.07100000232458115,0.9290000200271606,0.0,pair_rf_et,110.47314020269674,110.47314020269674
0.23399999737739563,0.765999972820282,0.0,pair_rf_et,110.47423464960644,110.47423464960644
0.07000000029802322,0.9300000071525574,0.0,pair_rf_et,110.47586442194205,110.47586442194205
0.23499999940395355,0.7649999856948853,0.0,pair_rf_et,110.47697145141716,110.47697145141716
0.0689999982714653,0.9309999942779541,0.0,pair_rf_et,110.47862216046008,110.47862216046008
0.23600000143051147,0.7639999985694885,0.0,pair_rf_et,110.47974165941486,110.47974165941486
0.06800000369548798,0.9319999814033508,0.0,pair_rf_et,110.48141279536135,110.48141279536135
0.0,0.9950000047683716,0.004999999888241291,pair_et_lgbm,110.48240123150129,110.48240123150129
0.2370000034570694,0.7630000114440918,0.0,pair_rf_et,110.48254513230641,110.48254513230641
0.06700000166893005,0.9330000281333923,0.0,pair_rf_et,110.48423541882339,110.48423541882339
0.23800000548362732,0.7620000243186951,0.0,pair_rf_et,110.48538165418428,110.48538165418428
0.06599999964237213,0.9340000152587891,0.0,pair_rf_et,110.4870930645882,110.4870930645882
0.23899999260902405,0.7609999775886536,0.0,pair_rf_et,110.48825454323804,110.48825454323804
0.06499999761581421,0.9350000023841858,0.0,pair_rf_et,110.48998393898893,110.48998393898893
0.23999999463558197,0.7599999904632568,0.0,pair_rf_et,110.49115800089078,110.49115800089078
0.06400000303983688,0.9359999895095825,0.0,pair_rf_et,110.49290809472708,110.49290809472708
0.2409999966621399,0.7590000033378601,0.0,pair_rf_et,110.49409451261477,110.49409451261477
0.06300000101327896,0.9369999766349792,0.0,pair_rf_et,110.4958655328534,110.4958655328534
0.24199999868869781,0.7580000162124634,0.0,pair_rf_et,110.49706434977787,110.49706434977787
0.06199999898672104,0.9380000233650208,0.0,pair_rf_et,110.49885450766624,110.49885450766624
0.24300000071525574,0.7570000290870667,0.0,pair_rf_et,110.50006760063471,110.50006760063471
0.061000000685453415,0.9390000104904175,0.0,pair_rf_et,110.50187861528273,110.50187861528273
0.24400000274181366,0.7559999823570251,0.0,pair_rf_et,110.50310656309287,110.50310656309287
0.05999999865889549,0.9399999976158142,0.0,pair_rf_et,110.50493589309346,110.50493589309346
0.24500000476837158,0.7549999952316284,0.0,pair_rf_et,110.50617631327975,110.50617631327975
0.05900000035762787,0.9409999847412109,0.0,pair_rf_et,110.5080264393404,110.5080264393404
0.2460000067949295,0.7540000081062317,0.0,pair_rf_et,110.50927933259437,110.50927933259437
0.057999998331069946,0.9419999718666077,0.0,pair_rf_et,110.51115039456181,110.51115039456181
0.7689999938011169,0.0,0.23100000619888306,pair_rf_lgbm,110.51191263921092,110.51191263921092
0.24699999392032623,0.753000020980835,0.0,pair_rf_et,110.51241650697119,110.51241650697119
0.05700000002980232,0.9430000185966492,0.0,pair_rf_et,110.51430589340599,110.51430589340599
0.24799999594688416,0.7519999742507935,0.0,pair_rf_et,110.51558856957422,110.51558856957422
0.0560000017285347,0.9440000057220459,0.0,pair_rf_et,110.51749633681739,110.51749633681739
0.24899999797344208,0.7509999871253967,0.0,pair_rf_et,110.51879148155383,110.51879148155383
0.054999999701976776,0.9449999928474426,0.0,pair_rf_et,110.52072017342125,110.52072017342125
0.25,0.75,0.0,pair_rf_et,110.52202781260907,110.52202781260907
0.05400000140070915,0.9459999799728394,0.0,pair_rf_et,110.52397750843934,110.52397750843934
0.25099998712539673,0.7490000128746033,0.0,pair_rf_et,110.52529785087752,110.52529785087752
0.05299999937415123,0.9470000267028809,0.0,pair_rf_et,110.52726634124758,110.52726634124758
0.25200000405311584,0.7480000257492065,0.0,pair_rf_et,110.52860016085859,110.52860016085859
0.052000001072883606,0.9480000138282776,0.0,pair_rf_et,110.53059006320605,110.53059006320605
0.2529999911785126,0.746999979019165,0.0,pair_rf_et,110.53193931960847,110.53193931960847
0.050999999046325684,0.9490000009536743,0.0,pair_rf_et,110.5339470782774,110.5339470782774
0.2540000081062317,0.7459999918937683,0.0,pair_rf_et,110.53530814997461,110.53530814997461
0.0,0.9959999918937683,0.004000000189989805,pair_et_lgbm,110.53561347303895,110.53561347303895
0.05000000074505806,0.949999988079071,0.0,pair_rf_et,110.53733728894228,110.53733728894228
0.2549999952316284,0.7450000047683716,0.0,pair_rf_et,110.53871165155715,110.53871165155715
0.04899999871850014,0.9509999752044678,0.0,pair_rf_et,110.5407608706154,110.5407608706154
0.25600001215934753,0.7440000176429749,0.0,pair_rf_et,110.54214721888955,110.54214721888955
0.04800000041723251,0.9520000219345093,0.0,pair_rf_et,110.54421633111242,110.54421633111242
0.25699999928474426,0.7429999709129333,0.0,pair_rf_et,110.54561947148736,110.54561947148736
0.04699999839067459,0.953000009059906,0.0,pair_rf_et,110.54770666674709,110.54770666674709
0.257999986410141,0.7419999837875366,0.0,pair_rf_et,110.54912281913647,110.54912281913647
0.04600000008940697,0.9539999961853027,0.0,pair_rf_et,110.55123006086394,110.55123006086394
0.2590000033378601,0.7409999966621399,0.0,pair_rf_et,110.55265830358273,110.55265830358273
0.04500000178813934,0.9549999833106995,0.0,pair_rf_et,110.55478673518044,110.55478673518044
0.7699999809265137,0.0,0.23000000417232513,pair_rf_lgbm,110.55480963456856,110.55480963456856
0.25999999046325684,0.7400000095367432,0.0,pair_rf_et,110.55622819131962,110.55622819131962
0.04399999976158142,0.9559999704360962,0.0,pair_rf_et,110.5583768780051,110.5583768780051
0.26100000739097595,0.7390000224113464,0.0,pair_rf_et,110.5598301515787,110.5598301515787
0.0430000014603138,0.9570000171661377,0.0,pair_rf_et,110.56199869258525,110.56199869258525
0.2619999945163727,0.7379999756813049,0.0,pair_rf_et,110.56346897528934,110.56346897528934
0.041999999433755875,0.9580000042915344,0.0,pair_rf_et,110.56565553269856,110.56565553269856
0.2630000114440918,0.7369999885559082,0.0,pair_rf_et,110.56713750050632,110.56713750050632
0.04100000113248825,0.9589999914169312,0.0,pair_rf_et,110.56934572282873,110.56934572282873
0.2639999985694885,0.7360000014305115,0.0,pair_rf_et,110.57084059834241,110.57084059834241
0.03999999910593033,0.9599999785423279,0.0,pair_rf_et,110.57306895662771,110.57306895662771
0.26499998569488525,0.7350000143051147,0.0,pair_rf_et,110.57457699336622,110.57457699336622
0.039000000804662704,0.9610000252723694,0.0,pair_rf_et,110.576823755346,110.57682375534598
0.26600000262260437,0.734000027179718,0.0,pair_rf_et,110.5783455989416,110.5783455989416
0.03799999877810478,0.9620000123977661,0.0,pair_rf_et,110.58061394867963,110.58061394867963
0.2669999897480011,0.7329999804496765,0.0,pair_rf_et,110.58215084358686,110.58215084358686
0.03700000047683716,0.9629999995231628,0.0,pair_rf_et,110.58443693379904,110.58443693379904
0.2680000066757202,0.7319999933242798,0.0,pair_rf_et,110.58598594210527,110.58598594210527
0.035999998450279236,0.9639999866485596,0.0,pair_rf_et,110.58829366756507,110.58829366756507
0.0,0.996999979019165,0.003000000026077032,pair_et_lgbm,110.58890903180502,110.58890903180502
0.26899999380111694,0.7310000061988831,0.0,pair_rf_et,110.58985565382103,110.58985565382103
0.03500000014901161,0.9649999737739563,0.0,pair_rf_et,110.59218337730809,110.59218337730809
0.27000001072883606,0.7300000190734863,0.0,pair_rf_et,110.59375731960974,110.59375731960974
0.03400000184774399,0.9660000205039978,0.0,pair_rf_et,110.59610491800773,110.59610491800773
0.2709999978542328,0.7289999723434448,0.0,pair_rf_et,110.59769612279158,110.59769612279158
0.7710000276565552,0.0,0.2290000021457672,pair_rf_lgbm,110.59777505201883,110.59777505201883
0.032999999821186066,0.9670000076293945,0.0,pair_rf_et,110.60006150026597,110.60006150026597
0.2720000147819519,0.7279999852180481,0.0,pair_rf_et,110.60166423502288,110.60166423502288
0.03200000151991844,0.9679999947547913,0.0,pair_rf_et,110.6040509176559,110.6040509176559
0.27300000190734863,0.7269999980926514,0.0,pair_rf_et,110.60566680236317,110.60566680236317
0.03099999949336052,0.968999981880188,0.0,pair_rf_et,110.60807392897519,110.60807392897519
0.27399998903274536,0.7260000109672546,0.0,pair_rf_et,110.60970284075351,110.60970284075351
0.029999999329447746,0.9700000286102295,0.0,pair_rf_et,110.61212889488458,110.61212889488458
0.2750000059604645,0.7250000238418579,0.0,pair_rf_et,110.61377126099289,110.61377126099289
0.028999999165534973,0.9710000157356262,0.0,pair_rf_et,110.6162187295477,110.6162187295477
0.2759999930858612,0.7239999771118164,0.0,pair_rf_et,110.61787640705174,110.61787640705174
0.02800000086426735,0.972000002861023,0.0,pair_rf_et,110.6203414051515,110.6203414051515
0.2770000100135803,0.7229999899864197,0.0,pair_rf_et,110.6220113529939,110.6220113529939
0.027000000700354576,0.9729999899864197,0.0,pair_rf_et,110.62449771190596,110.62449771190596
0.27799999713897705,0.722000002861023,0.0,pair_rf_et,110.62618049564954,110.62618049564954
0.026000000536441803,0.9739999771118164,0.0,pair_rf_et,110.62868730092282,110.62868730092282
0.27900001406669617,0.7210000157356262,0.0,pair_rf_et,110.63038192176457,110.63038192176457
0.02500000037252903,0.9750000238418579,0.0,pair_rf_et,110.63290855111363,110.63290855111363
0.2800000011920929,0.7200000286102295,0.0,pair_rf_et,110.6346177612986,110.6346177612986
0.024000000208616257,0.9760000109672546,0.0,pair_rf_et,110.63716456283235,110.63716456283235
0.2809999883174896,0.718999981880188,0.0,pair_rf_et,110.63888956817725,110.63888956817725
0.7720000147819519,0.0,0.2280000001192093,pair_rf_lgbm,110.64081579602146,110.64081579602146
0.023000000044703484,0.9769999980926514,0.0,pair_rf_et,110.64145393710223,110.64145393710223
0.0,0.9980000257492065,0.0020000000949949026,pair_et_lgbm,110.64228682292162,110.64228682292162
0.28200000524520874,0.7179999947547913,0.0,pair_rf_et,110.64319076737304,110.64319076737304
0.02199999988079071,0.9779999852180481,0.0,pair_rf_et,110.64577672971632,110.64577672971632
0.28299999237060547,0.7170000076293945,0.0,pair_rf_et,110.64752645026266,110.64752645026266
0.020999999716877937,0.9789999723434448,0.0,pair_rf_et,110.65013303195772,110.65013303195772
0.2840000092983246,0.7160000205039978,0.0,pair_rf_et,110.65189434802093,110.65189434802093
0.019999999552965164,0.9800000190734863,0.0,pair_rf_et,110.65452052044449,110.65452052044449
0.2849999964237213,0.7149999737739563,0.0,pair_rf_et,110.65629940742446,110.65629940742446
0.01899999938905239,0.9810000061988831,0.0,pair_rf_et,110.65894312598503,110.65894312598503
0.28600001335144043,0.7139999866485596,0.0,pair_rf_et,110.6607338891302,110.6607338891302
0.017999999225139618,0.9819999933242798,0.0,pair_rf_et,110.66339935594215,110.66339935594215
0.28700000047683716,0.7129999995231628,0.0,pair_rf_et,110.66520274422155,110.66520274422155
0.017000000923871994,0.9829999804496765,0.0,pair_rf_et,110.66788838975944,110.66788838975944
0.2879999876022339,0.7120000123977661,0.0,pair_rf_et,110.66970503018838,110.66970503018838
0.01600000075995922,0.984000027179718,0.0,pair_rf_et,110.67240935135825,110.67240935135825
0.289000004529953,0.7110000252723694,0.0,pair_rf_et,110.67423945613054,110.67423945613054
0.014999999664723873,0.9850000143051147,0.0,pair_rf_et,110.67696513105881,110.67696513105881
0.28999999165534973,0.7099999785423279,0.0,pair_rf_et,110.67881090350612,110.67881090350612
0.014000000432133675,0.9860000014305115,0.0,pair_rf_et,110.68155422657091,110.68155422657091
0.29100000858306885,0.7089999914169312,0.0,pair_rf_et,110.68341175718915,110.68341175718915
0.7730000019073486,0.0,0.22699999809265137,pair_rf_lgbm,110.68392810706384,110.68392810706384
0.013000000268220901,0.9869999885559082,0.0,pair_rf_et,110.68617672026808,110.68617672026808
0.2919999957084656,0.7080000042915344,0.0,pair_rf_et,110.68804737176342,110.68804737176342
0.012000000104308128,0.9879999756813049,0.0,pair_rf_et,110.69083260486929,110.69083260486929
0.2930000126361847,0.7070000171661377,0.0,pair_rf_et,110.6927148773576,110.6927148773576
0.010999999940395355,0.9890000224113464,0.0,pair_rf_et,110.69551994505206,110.69551994505206
0.0,0.9990000128746033,0.0010000000474974513,pair_et_lgbm,110.69574908362783,110.69574908362783
0.2939999997615814,0.7059999704360962,0.0,pair_rf_et,110.69741958723057,110.69741958723057
0.009999999776482582,0.9900000095367432,0.0,pair_rf_et,110.70024255784827,110.70024255784827
0.29499998688697815,0.7049999833106995,0.0,pair_rf_et,110.70215482923578,110.70215482923578
0.008999999612569809,0.9909999966621399,0.0,pair_rf_et,110.7049980471014,110.7049980471014
0.29600000381469727,0.7039999961853027,0.0,pair_rf_et,110.70692238433554,110.70692238433554
0.00800000037997961,0.9919999837875366,0.0,pair_rf_et,110.70978700528647,110.70978700528647
0.296999990940094,0.703000009059906,0.0,pair_rf_et,110.71172448924358,110.71172448924358
0.007000000216066837,0.9929999709129333,0.0,pair_rf_et,110.71460913319201,110.71460913319201
0.2980000078678131,0.7020000219345093,0.0,pair_rf_et,110.71655846998308,110.71655846998308
0.006000000052154064,0.9940000176429749,0.0,pair_rf_et,110.7194632939321,110.7194632939321
0.29899999499320984,0.7009999752044678,0.0,pair_rf_et,110.72142961826717,110.72142961826717
0.004999999888241291,0.9950000047683716,0.0,pair_rf_et,110.72435206397122,110.72435206397122
0.30000001192092896,0.699999988079071,0.0,pair_rf_et,110.72633011016984,110.72633011016984
0.7739999890327454,0.0,0.22599999606609344,pair_rf_lgbm,110.72711237734822,110.72711237734822
0.004000000189989805,0.9959999918937683,0.0,pair_rf_et,110.72927416148866,110.72927416148866
0.3009999990463257,0.6990000009536743,0.0,pair_rf_et,110.73126551149535,110.73126551149535
0.003000000026077032,0.996999979019165,0.0,pair_rf_et,110.7342295682279,110.7342295682279
0.3019999861717224,0.6980000138282776,0.0,pair_rf_et,110.73623398828039,110.73623398828039
0.0020000000949949026,0.9980000257492065,0.0,pair_rf_et,110.7392167593623,110.7392167593623
0.30300000309944153,0.6970000267028809,0.0,pair_rf_et,110.74123458386327,110.74123458386326
0.0010000000474974513,0.9990000128746033,0.0,pair_rf_et,110.74423888345004,110.74423888345004
0.30399999022483826,0.6959999799728394,0.0,pair_rf_et,110.74627231337371,110.74627231337371
0.0,1.0,0.0,pure_et,110.74929424181815,110.74929424181815
0.3050000071525574,0.6949999928474426,0.0,pair_rf_et,110.75133942914928,110.75133942914928
0.3059999942779541,0.6940000057220459,0.0,pair_rf_et,110.75644101010164,110.75644101010164
0.3070000112056732,0.6930000185966492,0.0,pair_rf_et,110.76157502448292,110.76157502448292
0.30799999833106995,0.6919999718666077,0.0,pair_rf_et,110.7667458553016,110.7667458553016
0.7749999761581421,0.0,0.22499999403953552,pair_rf_lgbm,110.77036835901818,110.77036835901818
0.3089999854564667,0.6909999847412109,0.0,pair_rf_et,110.7719475520786,110.7719475520786
0.3100000023841858,0.6899999976158142,0.0,pair_rf_et,110.77718094079697,110.77718094079697
0.3109999895095825,0.6890000104904175,0.0,pair_rf_et,110.7824493077601,110.7824493077601
0.31200000643730164,0.6880000233650208,0.0,pair_rf_et,110.78774938383798,110.78774938383798
0.31299999356269836,0.6869999766349792,0.0,pair_rf_et,110.79308695167231,110.79308695167231
0.3140000104904175,0.6859999895095825,0.0,pair_rf_et,110.79845384914037,110.79845384914037
0.3149999976158142,0.6850000023841858,0.0,pair_rf_et,110.8038552702967,110.8038552702967
0.3160000145435333,0.6840000152587891,0.0,pair_rf_et,110.8092888190602,110.8092888190602
0.7760000228881836,0.0,0.2240000069141388,pair_rf_lgbm,110.81369130829164,110.81369130829164
0.31700000166893005,0.6830000281333923,0.0,pair_rf_et,110.81475666806189,110.81475666806189
0.3179999887943268,0.6819999814033508,0.0,pair_rf_et,110.82026060875357,110.82026060875357
0.3190000057220459,0.6809999942779541,0.0,pair_rf_et,110.82579403430002,110.82579403430002
0.3199999928474426,0.6800000071525574,0.0,pair_rf_et,110.8313618616625,110.8313618616625
0.32100000977516174,0.6790000200271606,0.0,pair_rf_et,110.8369618935011,110.8369618935011
0.32199999690055847,0.6779999732971191,0.0,pair_rf_et,110.84259906135206,110.84259906135206
0.3230000138282776,0.6769999861717224,0.0,pair_rf_et,110.84826551914823,110.84826551914823
0.3240000009536743,0.6759999990463257,0.0,pair_rf_et,110.85396661134835,110.85396661134835
0.7770000100135803,0.0,0.22300000488758087,pair_rf_lgbm,110.85709075247108,110.85709075247108
0.32499998807907104,0.675000011920929,0.0,pair_rf_et,110.8597009493816,110.8597009493816
0.32600000500679016,0.6740000247955322,0.0,pair_rf_et,110.86546755645684,110.86546755645684
0.3269999921321869,0.6729999780654907,0.0,pair_rf_et,110.87127126284109,110.87127126284109
0.328000009059906,0.671999990940094,0.0,pair_rf_et,110.87710434165167,110.87710434165167
0.32899999618530273,0.6710000038146973,0.0,pair_rf_et,110.88297182162634,110.88297182162634
0.33000001311302185,0.6700000166893005,0.0,pair_rf_et,110.88887159005078,110.88887159005078
0.3310000002384186,0.6690000295639038,0.0,pair_rf_et,110.8948058394249,110.8948058394249
0.777999997138977,0.0,0.22200000286102295,pair_rf_lgbm,110.90056233454726,110.90056233454726
0.3319999873638153,0.6679999828338623,0.0,pair_rf_et,110.90077581281972,110.90077581281972
0.3330000042915344,0.6669999957084656,0.0,pair_rf_et,110.90677547794398,110.90677547794398
0.33399999141693115,0.6660000085830688,0.0,pair_rf_et,110.9128097125781,110.9128097125781
0.33500000834465027,0.6650000214576721,0.0,pair_rf_et,110.9188758080383,110.9188758080383
0.335999995470047,0.6639999747276306,0.0,pair_rf_et,110.92497928745225,110.92497928745225
0.3370000123977661,0.6629999876022339,0.0,pair_rf_et,110.9311120096063,110.9311120096063
0.33799999952316284,0.6620000004768372,0.0,pair_rf_et,110.93727905605749,110.93727905605749
0.33899998664855957,0.6610000133514404,0.0,pair_rf_et,110.94347968715695,110.94347968715695
0.7789999842643738,0.0,0.22100000083446503,pair_rf_lgbm,110.94410546549321,110.94410546549321
0.3400000035762787,0.6600000262260437,0.0,pair_rf_et,110.94971251329513,110.94971251329513
0.3409999907016754,0.6589999794960022,0.0,pair_rf_et,110.95598235509571,110.95598235509571
0.34200000762939453,0.6579999923706055,0.0,pair_rf_et,110.96228172295478,110.96228172295478
0.34299999475479126,0.6570000052452087,0.0,pair_rf_et,110.96861551825364,110.96861551825364
0.3440000116825104,0.656000018119812,0.0,pair_rf_et,110.97498135912599,110.97498135912599
0.3449999988079071,0.6549999713897705,0.0,pair_rf_et,110.9813844639196,110.9813844639196
0.7799999713897705,0.0,0.2199999988079071,pair_rf_lgbm,110.98771979921008,110.98771979921008
0.34599998593330383,0.6539999842643738,0.0,pair_rf_et,110.98781804972444,110.98781804972444
0.34700000286102295,0.652999997138977,0.0,pair_rf_et,110.99428390777791,110.99428390777791
0.3479999899864197,0.6520000100135803,0.0,pair_rf_et,111.00078414475594,111.00078414475594
0.3490000069141388,0.6510000228881836,0.0,pair_rf_et,111.00731650445952,111.00731650445951
0.3499999940395355,0.6499999761581421,0.0,pair_rf_et,111.01388655966063,111.01388655966063
0.35100001096725464,0.6489999890327454,0.0,pair_rf_et,111.02048531926768,111.02048531926768
0.35199999809265137,0.6480000019073486,0.0,pair_rf_et,111.02711877825455,111.02711877825455
0.781000018119812,0.0,0.21899999678134918,pair_rf_lgbm,111.03140338688317,111.03140338688317
0.3529999852180481,0.6470000147819519,0.0,pair_rf_et,111.03378549403249,111.03378549403249
0.3540000021457672,0.6460000276565552,0.0,pair_rf_et,111.04048429896638,111.04048429896636
0.35499998927116394,0.6449999809265137,0.0,pair_rf_et,111.0472206962842,111.0472206962842
0.35600000619888306,0.6439999938011169,0.0,pair_rf_et,111.05398598302374,111.05398598302374
0.3569999933242798,0.6430000066757202,0.0,pair_rf_et,111.06078606957738,111.06078606957738
0.3580000102519989,0.6420000195503235,0.0,pair_rf_et,111.06761807051946,111.06761807051946
0.35899999737739563,0.640999972820282,0.0,pair_rf_et,111.07448733951621,111.07448733951621
0.7820000052452087,0.0,0.21799999475479126,pair_rf_lgbm,111.07516219142946,111.07516219142946
0.36000001430511475,0.6399999856948853,0.0,pair_rf_et,111.08138606352279,111.08138606352279
0.3610000014305115,0.6389999985694885,0.0,pair_rf_et,111.08831920486234,111.08831920486234
0.3619999885559082,0.6380000114440918,0.0,pair_rf_et,111.0952859000712,111.0952859000712
0.3630000054836273,0.6370000243186951,0.0,pair_rf_et,111.10228440817228,111.10228440817228
0.36399999260902405,0.6359999775886536,0.0,pair_rf_et,111.10932037173394,111.10932037173394
0.36500000953674316,0.6349999904632568,0.0,pair_rf_et,111.11638528751477,111.11638528751477
0.7829999923706055,0.0,0.21699999272823334,pair_rf_lgbm,111.11899247643947,111.11899247643947
0.3659999966621399,0.6340000033378601,0.0,pair_rf_et,111.12348512437447,111.12348512437447
0.367000013589859,0.6330000162124634,0.0,pair_rf_et,111.13061678768798,111.13061678768798
0.36800000071525574,0.6320000290870667,0.0,pair_rf_et,111.13778330151004,111.13778330151004
0.36899998784065247,0.6309999823570251,0.0,pair_rf_et,111.14498562836361,111.14498562836361
0.3700000047683716,0.6299999952316284,0.0,pair_rf_et,111.1522176110394,111.1522176110394
0.3709999918937683,0.6290000081062317,0.0,pair_rf_et,111.1594835035579,111.1594835035579
0.7839999794960022,0.0,0.2160000056028366,pair_rf_lgbm,111.16289316063589,111.16289316063589
0.3720000088214874,0.628000020980835,0.0,pair_rf_et,111.16678179328973,111.16678179328973
0.37299999594688416,0.6269999742507935,0.0,pair_rf_et,111.17411742187352,111.17411742187352
0.37400001287460327,0.6259999871253967,0.0,pair_rf_et,111.18148230657746,111.18148230657746
0.375,0.625,0.0,pair_rf_et,111.18888177440937,111.18888177440937
0.37599998712539673,0.6240000128746033,0.0,pair_rf_et,111.19631455008893,111.19631455008893
0.37700000405311584,0.6230000257492065,0.0,pair_rf_et,111.2037790718146,111.2037790718146
0.7850000262260437,0.0,0.2150000035762787,pair_rf_lgbm,111.20686384427329,111.20686384427329
0.3779999911785126,0.621999979019165,0.0,pair_rf_et,111.21128134060919,111.21128134060919
0.3790000081062317,0.6209999918937683,0.0,pair_rf_et,111.21881262141578,111.21881262141578
0.3799999952316284,0.6200000047683716,0.0,pair_rf_et,111.22637855298095,111.22637855298095
0.38100001215934753,0.6190000176429749,0.0,pair_rf_et,111.23397666244257,111.23397666244257
0.38199999928474426,0.6179999709129333,0.0,pair_rf_et,111.2416117967765,111.2416117967765
0.382999986410141,0.6169999837875366,0.0,pair_rf_et,111.24927761484808,111.24927761484808
0.7860000133514404,0.0,0.21400000154972076,pair_rf_lgbm,111.25090940171535,111.25090940171535
0.3840000033378601,0.6159999966621399,0.0,pair_rf_et,111.25697555566185,111.25697555566185
0.38499999046325684,0.6150000095367432,0.0,pair_rf_et,111.26470797331294,111.26470797331294
0.38600000739097595,0.6140000224113464,0.0,pair_rf_et,111.27247237751126,111.27247237751126
0.3869999945163727,0.6129999756813049,0.0,pair_rf_et,111.28027441812262,111.28027441812262
0.3880000114440918,0.6119999885559082,0.0,pair_rf_et,111.28810547096059,111.28810547096059
0.7870000004768372,0.0,0.21299999952316284,pair_rf_lgbm,111.2950268561585,111.2950268561585
0.3889999985694885,0.6110000014305115,0.0,pair_rf_et,111.29597106531675,111.29597106531675
0.38999998569488525,0.6100000143051147,0.0,pair_rf_et,111.3038697771301,111.3038697771301
0.39100000262260437,0.609000027179718,0.0,pair_rf_et,111.31180072826832,111.31180072826832
0.3919999897480011,0.6079999804496765,0.0,pair_rf_et,111.31976914343939,111.31976914343939
0.3930000066757202,0.6069999933242798,0.0,pair_rf_et,111.32776679893807,111.32776679893807
0.39399999380111694,0.6060000061988831,0.0,pair_rf_et,111.33579887348282,111.33579887348282
0.7879999876022339,0.0,0.21199999749660492,pair_rf_lgbm,111.33921607840465,111.33921607840465
0.39500001072883606,0.6050000190734863,0.0,pair_rf_et,111.34386311356845,111.34386311356845
0.3959999978542328,0.6039999723434448,0.0,pair_rf_et,111.35196495275532,111.35196495275532
0.3970000147819519,0.6029999852180481,0.0,pair_rf_et,111.36009548435418,111.36009548435418
0.39800000190734863,0.6019999980926514,0.0,pair_rf_et,111.36826085892004,111.36826085892004
0.39899998903274536,0.6010000109672546,0.0,pair_rf_et,111.37645925378656,111.37645925378656
0.7889999747276306,0.0,0.210999995470047,pair_rf_lgbm,111.38347704030934,111.38347704030934
0.4000000059604645,0.6000000238418579,0.0,pair_rf_et,111.38468968075334,111.38468968075334
0.4009999930858612,0.5989999771118164,0.0,pair_rf_et,111.3929579636995,111.3929579636995
0.4020000100135803,0.5979999899864197,0.0,pair_rf_et,111.40125549767993,111.40125549767993
0.40299999713897705,0.597000002861023,0.0,pair_rf_et,111.4095872329644,111.4095872329644
0.40400001406669617,0.5960000157356262,0.0,pair_rf_et,111.41795101401028,111.41795101401028
0.4050000011920929,0.5950000286102295,0.0,pair_rf_et,111.42634969824125,111.42634969824125
0.7900000214576721,0.0,0.20999999344348907,pair_rf_lgbm,111.42780648746097,111.42780648746097
0.4059999883174896,0.593999981880188,0.0,pair_rf_et,111.43478420674184,111.43478420674184
0.40700000524520874,0.5929999947547913,0.0,pair_rf_et,111.44324789883396,111.44324789883396
0.40799999237060547,0.5920000076293945,0.0,pair_rf_et,111.4517462900206,111.4517462900206
0.4090000092983246,0.5910000205039978,0.0,pair_rf_et,111.46027670774122,111.46027670774122
0.4099999964237213,0.5899999737739563,0.0,pair_rf_et,111.46884433577077,111.46884433577077
0.7910000085830688,0.0,0.20900000631809235,pair_rf_lgbm,111.47220978682424,111.47220978682424
0.41100001335144043,0.5889999866485596,0.0,pair_rf_et,111.4774414504118,111.4774414504118
0.41200000047683716,0.5879999995231628,0.0,pair_rf_et,111.4860730793207,111.4860730793207
0.4129999876022339,0.5870000123977661,0.0,pair_rf_et,111.49473764497301,111.49473764497301
0.414000004529953,0.5860000252723694,0.0,pair_rf_et,111.50343461317779,111.50343461317779
0.41499999165534973,0.5849999785423279,0.0,pair_rf_et,111.51216923585075,111.51216923585075
0.7919999957084656,0.0,0.20800000429153442,pair_rf_lgbm,111.51668601544958,111.51668601544958
0.41600000858306885,0.5839999914169312,0.0,pair_rf_et,111.52093245343967,111.52093245343967
0.4169999957084656,0.5830000042915344,0.0,pair_rf_et,111.52973054627871,111.52973054627871
0.4180000126361847,0.5820000171661377,0.0,pair_rf_et,111.5385607106097,111.5385607106097
0.4189999997615814,0.5809999704360962,0.0,pair_rf_et,111.54742815722163,111.54742815722163
0.41999998688697815,0.5799999833106995,0.0,pair_rf_et,111.55632616475273,111.55632616475273
0.7929999828338623,0.0,0.2070000022649765,pair_rf_lgbm,111.56123411852943,111.56123411852943
0.42100000381469727,0.5789999961853027,0.0,pair_rf_et,111.56525609412891,111.56525609412891
0.421999990940094,0.578000009059906,0.0,pair_rf_et,111.57422045727672,111.57422045727672
0.4230000078678131,0.5770000219345093,0.0,pair_rf_et,111.58321696359089,111.58321696359089
0.42399999499320984,0.5759999752044678,0.0,pair_rf_et,111.59225128445148,111.59225128445148
0.42500001192092896,0.574999988079071,0.0,pair_rf_et,111.60131445400708,111.60131445400708
0.7940000295639038,0.0,0.20600000023841858,pair_rf_lgbm,111.605851340338,111.605851340338
0.4259999990463257,0.5740000009536743,0.0,pair_rf_et,111.61041205213878,111.61041205213878
0.4269999861717224,0.5730000138282776,0.0,pair_rf_et,111.61954308996197,111.61954308996197
0.42800000309944153,0.5720000267028809,0.0,pair_rf_et,111.62870617360423,111.62870617360423
0.42899999022483826,0.5709999799728394,0.0,pair_rf_et,111.63790672088419,111.63790672088419
0.4300000071525574,0.5699999928474426,0.0,pair_rf_et,111.64713647059742,111.64713647059742
0.7950000166893005,0.0,0.20499999821186066,pair_rf_lgbm,111.65054292528555,111.65054292528555
0.4309999942779541,0.5690000057220459,0.0,pair_rf_et,111.65640068129157,111.65640068129157
0.4320000112056732,0.5680000185966492,0.0,pair_rf_et,111.66569685539183,111.66569685539183
0.43299999833106995,0.5669999718666077,0.0,pair_rf_et,111.67503089231836,111.67503089231836
0.4339999854564667,0.5659999847412109,0.0,pair_rf_et,111.68439485037922,111.68439485037922
0.4350000023841858,0.5649999976158142,0.0,pair_rf_et,111.69379101400149,111.69379101400149
0.7960000038146973,0.0,0.20399999618530273,pair_rf_lgbm,111.69530605603596,111.69530605603596
0.4359999895095825,0.5640000104904175,0.0,pair_rf_et,111.70322185478139,111.70322185478139
0.43700000643730164,0.5630000233650208,0.0,pair_rf_et,111.71268442142335,111.71268442142335
0.43799999356269836,0.5619999766349792,0.0,pair_rf_et,111.72218485346315,111.72218485346315
0.4390000104904175,0.5609999895095825,0.0,pair_rf_et,111.73171427547331,111.73171427547331
0.796999990940094,0.0,0.2029999941587448,pair_rf_lgbm,111.74014171399716,111.74014171399716
0.4399999976158142,0.5600000023841858,0.0,pair_rf_et,111.74127803152575,111.74127803152575
0.4410000145435333,0.5590000152587891,0.0,pair_rf_et,111.75087418495961,111.75087418495961
0.44200000166893005,0.5580000281333923,0.0,pair_rf_et,111.76050458424747,111.76050458424747
0.4429999887943268,0.5569999814033508,0.0,pair_rf_et,111.77017147057586,111.77017147057586
0.4440000057220459,0.5559999942779541,0.0,pair_rf_et,111.77986730338938,111.77986730338938
0.7979999780654907,0.0,0.20200000703334808,pair_rf_lgbm,111.78504750437209,111.78504750437209
0.4449999928474426,0.5550000071525574,0.0,pair_rf_et,111.78959768844729,111.78959768844729
0.44600000977516174,0.5540000200271606,0.0,pair_rf_et,111.79936011604059,111.79936011604059
0.44699999690055847,0.5529999732971191,0.0,pair_rf_et,111.80916038617055,111.80916038617055
0.4480000138282776,0.5519999861717224,0.0,pair_rf_et,111.81898952944222,111.81898952944222
0.4490000009536743,0.5509999990463257,0.0,pair_rf_et,111.82885301780428,111.82885301780428
0.7990000247955322,0.0,0.20100000500679016,pair_rf_lgbm,111.8300233327439,111.8300233327439
0.44999998807907104,0.550000011920929,0.0,pair_rf_et,111.83874990043793,111.83874990043793
0.45100000500679016,0.5490000247955322,0.0,pair_rf_et,111.84867901081589,111.84867901081589
0.4519999921321869,0.5479999780654907,0.0,pair_rf_et,111.8586454537385,111.8586454537385
0.453000009059906,0.546999990940094,0.0,pair_rf_et,111.86864095478485,111.86864095478485
0.800000011920929,0.0,0.20000000298023224,pair_rf_lgbm,111.87507323145991,111.87507323145991
0.45399999618530273,0.5460000038146973,0.0,pair_rf_et,111.87867107980682,111.87867107980682
0.45500001311302185,0.5450000166893005,0.0,pair_rf_et,111.8887331501185,111.8887331501185
0.4560000002384186,0.5440000295639038,0.0,pair_rf_et,111.89882975976732,111.89882975976732
0.4569999873638153,0.5429999828338623,0.0,pair_rf_et,111.90896299823258,111.90896299823258
0.4580000042915344,0.5419999957084656,0.0,pair_rf_et,111.91912515470834,111.91912515470834
0.8009999990463257,0.0,0.19900000095367432,pair_rf_lgbm,111.92019632899837,111.92019632899837
0.45899999141693115,0.5410000085830688,0.0,pair_rf_et,111.92932195166053,111.92932195166053
0.46000000834465027,0.5400000214576721,0.0,pair_rf_et,111.9395504086505,111.9395504086505
0.460999995470047,0.5389999747276306,0.0,pair_rf_et,111.94981689815886,111.94981689815886
0.4620000123977661,0.5379999876022339,0.0,pair_rf_et,111.96011203015335,111.96011203015335
0.8019999861717224,0.0,0.1979999989271164,pair_rf_lgbm,111.96539072779012,111.96539072779012
0.46299999952316284,0.5370000004768372,0.0,pair_rf_et,111.97044194476949,111.97044194476949
0.46399998664855957,0.5360000133514404,0.0,pair_rf_et,111.98080503915789,111.98080503915789
0.4650000035762787,0.5350000262260437,0.0,pair_rf_et,111.99119997686415,111.99119997686415
0.4659999907016754,0.5339999794960022,0.0,pair_rf_et,112.0016331886713,112.0016331886713
0.8029999732971191,0.0,0.19699999690055847,pair_rf_lgbm,112.01065681680471,112.01065681680471
0.46700000762939453,0.5329999923706055,0.0,pair_rf_et,112.01209493637246,112.01209493637246
0.46799999475479126,0.5320000052452087,0.0,pair_rf_et,112.0225911771539,112.0225911771539
0.4690000116825104,0.531000018119812,0.0,pair_rf_et,112.033119369469,112.033119369469
0.4699999988079071,0.5299999713897705,0.0,pair_rf_et,112.04368545900357,112.04368545900357
0.47099998593330383,0.5289999842643738,0.0,pair_rf_et,112.05428207797577,112.05428207797577
0.8040000200271606,0.0,0.19599999487400055,pair_rf_lgbm,112.05599167955396,112.05599167955396
0.47200000286102295,0.527999997138977,0.0,pair_rf_et,112.06490997212272,112.06490997212272
0.4729999899864197,0.5270000100135803,0.0,pair_rf_et,112.07557298546087,112.07557298546087
0.4740000069141388,0.5260000228881836,0.0,pair_rf_et,112.08626763442803,112.08626763442803
0.4749999940395355,0.5249999761581421,0.0,pair_rf_et,112.0970001192362,112.0970001192362
0.8050000071525574,0.0,0.19499999284744263,pair_rf_lgbm,112.10140086254319,112.10140086254319
0.47600001096725464,0.5239999890327454,0.0,pair_rf_et,112.10776190274501,112.10776190274501
0.47699999809265137,0.5230000019073486,0.0,pair_rf_et,112.1185578019898,112.1185578019898
0.4779999852180481,0.5220000147819519,0.0,pair_rf_et,112.12938715884623,112.12938715884623
0.4790000021457672,0.5210000276565552,0.0,pair_rf_et,112.14024837756196,112.14024837756196
0.8059999942779541,0.0,0.1940000057220459,pair_rf_lgbm,112.14688105321618,112.14688105321618
0.47999998927116394,0.5199999809265137,0.0,pair_rf_et,112.15114772968009,112.15114772968009
0.48100000619888306,0.5189999938011169,0.0,pair_rf_et,112.16207563183104,112.16207563183104
0.4819999933242798,0.5180000066757202,0.0,pair_rf_et,112.17303806044046,112.17303806044046
0.4830000102519989,0.5170000195503235,0.0,pair_rf_et,112.18403260139598,112.18403260139598
0.8069999814033508,0.0,0.19300000369548798,pair_rf_lgbm,112.19243421641568,112.19243421641568
0.48399999737739563,0.515999972820282,0.0,pair_rf_et,112.19506516359675,112.19506516359675
0.48500001430511475,0.5149999856948853,0.0,pair_rf_et,112.2061261007163,112.2061261007163
0.4860000014305115,0.5139999985694885,0.0,pair_rf_et,112.21722177528999,112.21722177528999
0.4869999885559082,0.5130000114440918,0.0,pair_rf_et,112.2283506221116,112.2283506221116
0.8080000281333923,0.0,0.19200000166893005,pair_rf_lgbm,112.23805590831658,112.23805590831658
0.4880000054836273,0.5120000243186951,0.0,pair_rf_et,112.23951178507576,112.23951178507576
0.48899999260902405,0.5109999775886536,0.0,pair_rf_et,112.25071065015881,112.25071065015881
0.49000000953674316,0.5099999904632568,0.0,pair_rf_et,112.26193854653816,112.26193854653816
0.4909999966621399,0.5090000033378601,0.0,pair_rf_et,112.27320059720314,112.27320059720314
0.8090000152587891,0.0,0.19099999964237213,pair_rf_lgbm,112.28375272215679,112.28375272215679
0.492000013589859,0.5080000162124634,0.0,pair_rf_et,112.2844947431641,112.2844947431641
0.49300000071525574,0.5070000290870667,0.0,pair_rf_et,112.29582374509133,112.29582374509133
0.49399998784065247,0.5059999823570251,0.0,pair_rf_et,112.30718912595503,112.30718912595503
0.4950000047683716,0.5049999952316284,0.0,pair_rf_et,112.31858303517315,112.31858303517315
0.8100000023841858,0.0,0.1899999976158142,pair_rf_lgbm,112.32952151407123,112.32952151407123
0.4959999918937683,0.5040000081062317,0.0,pair_rf_et,112.330011839419,112.330011839419
0.4970000088214874,0.503000020980835,0.0,pair_rf_et,112.34147276953567,112.34147276953567
0.49799999594688416,0.5019999742507935,0.0,pair_rf_et,112.3529713748692,112.3529713748692
0.49900001287460327,0.5009999871253967,0.0,pair_rf_et,112.36449870305292,112.36449870305292
0.8109999895095825,0.0,0.1889999955892563,pair_rf_lgbm,112.37536168973568,112.37536168973568
0.5,0.5,0.0,pair_rf_et,112.37606052847711,112.37606052847711
0.5009999871253967,0.49900001287460327,0.0,pair_rf_et,112.38765565487708,112.38765565487708
0.5019999742507935,0.49799999594688416,0.0,pair_rf_et,112.39928602892034,112.39928602892034
0.503000020980835,0.4970000088214874,0.0,pair_rf_et,112.4109451538282,112.4109451538282
0.8119999766349792,0.0,0.18799999356269836,pair_rf_lgbm,112.42127409053967,112.42127409053967
0.5040000081062317,0.4959999918937683,0.0,pair_rf_et,112.422641935734,112.422641935734
0.5049999952316284,0.4950000047683716,0.0,pair_rf_et,112.43437046855017,112.43437046855017
0.5059999823570251,0.49399998784065247,0.0,pair_rf_et,112.44613374755536,112.44613374755536
0.5070000290870667,0.49300000071525574,0.0,pair_rf_et,112.45792633461943,112.45792633461943
0.8130000233650208,0.0,0.18700000643730164,pair_rf_lgbm,112.4672534523455,112.4672534523455
0.5080000162124634,0.492000013589859,0.0,pair_rf_et,112.46975443400979,112.46975443400979
0.5090000033378601,0.4909999966621399,0.0,pair_rf_et,112.48161802430324,112.48161802430324
0.5099999904632568,0.49000000953674316,0.0,pair_rf_et,112.49351263822756,112.49351263822756
0.5109999775886536,0.48899999260902405,0.0,pair_rf_et,112.50544271026716,112.50544271026716
0.8140000104904175,0.0,0.1860000044107437,pair_rf_lgbm,112.51330956202374,112.51330956202374
0.5120000243186951,0.4880000054836273,0.0,pair_rf_et,112.51740166103794,112.51740166103794
0.5130000114440918,0.4869999885559082,0.0,pair_rf_et,112.52939818315348,112.52939818315348
0.5139999985694885,0.4860000014305115,0.0,pair_rf_et,112.5414261879006,112.5414261879006
0.5149999856948853,0.48500001430511475,0.0,pair_rf_et,112.55348738015479,112.55348738015479
0.8149999976158142,0.0,0.1850000023841858,pair_rf_lgbm,112.55943675728139,112.55943675728139
0.515999972820282,0.48399999737739563,0.0,pair_rf_et,112.56558403781845,112.56558403781845
0.5170000195503235,0.4830000102519989,0.0,pair_rf_et,112.57770936175153,112.57770936175153
0.5180000066757202,0.4819999933242798,0.0,pair_rf_et,112.58987251403634,112.58987251403634
0.5189999938011169,0.48100000619888306,0.0,pair_rf_et,112.60206733949553,112.60206733949553
0.8159999847412109,0.0,0.18400000035762787,pair_rf_lgbm,112.60563607349293,112.60563607349293
0.5199999809265137,0.47999998927116394,0.0,pair_rf_et,112.61429694706155,112.61429694706155
0.5210000276565552,0.4790000021457672,0.0,pair_rf_et,112.6265552398025,112.6265552398025
0.5220000147819519,0.4779999852180481,0.0,pair_rf_et,112.63885141379146,112.63885141379146
0.5230000019073486,0.47699999809265137,0.0,pair_rf_et,112.65117937846087,112.65117937846087
0.8169999718666077,0.0,0.18299999833106995,pair_rf_lgbm,112.65190744777124,112.65190744777124
0.5239999890327454,0.47600001096725464,0.0,pair_rf_et,112.66354065257707,112.66354065257707
0.5249999761581421,0.4749999940395355,0.0,pair_rf_et,112.67593669362296,112.67593669362296
0.5260000228881836,0.4740000069141388,0.0,pair_rf_et,112.68836196652812,112.68836196652812
0.8180000185966492,0.0,0.18199999630451202,pair_rf_lgbm,112.69824716392722,112.69824716392722
0.5270000100135803,0.4729999899864197,0.0,pair_rf_et,112.70082449172762,112.70082449172762
0.527999997138977,0.47200000286102295,0.0,pair_rf_et,112.71331873187408,112.71331873187408
0.5289999842643738,0.47099998593330383,0.0,pair_rf_et,112.72584839977615,112.72584839977615
0.5299999713897705,0.4699999988079071,0.0,pair_rf_et,112.7384090884951,112.7384090884951
0.8190000057220459,0.0,0.1809999942779541,pair_rf_lgbm,112.74466181100837,112.74466181100837
0.531000018119812,0.4690000116825104,0.0,pair_rf_et,112.75100067257031,112.75100067257031
0.5320000052452087,0.46799999475479126,0.0,pair_rf_et,112.76362981677434,112.76362981677434
0.5329999923706055,0.46700000762939453,0.0,pair_rf_et,112.7762907380536,112.7762907380536
0.5339999794960022,0.4659999907016754,0.0,pair_rf_et,112.78898660752516,112.78898660752516
0.8199999928474426,0.0,0.18000000715255737,pair_rf_lgbm,112.79114672349374,112.79114672349374
0.5350000262260437,0.4650000035762787,0.0,pair_rf_et,112.80171154573124,112.80171154573124
0.5360000133514404,0.46399998664855957,0.0,pair_rf_et,112.8144738848887,112.8144738848887
0.5370000004768372,0.46299999952316284,0.0,pair_rf_et,112.82726788159052,112.82726788159052
0.8209999799728394,0.0,0.17900000512599945,pair_rf_lgbm,112.83770508535378,112.83770508535378
0.5379999876022339,0.4620000123977661,0.0,pair_rf_et,112.84009527300145,112.84009527300145
0.5389999747276306,0.460999995470047,0.0,pair_rf_et,112.85295769476893,112.85295769476893
0.5400000214576721,0.46000000834465027,0.0,pair_rf_et,112.86584904605019,112.86584904605019
0.5410000085830688,0.45899999141693115,0.0,pair_rf_et,112.87877792986427,112.87877792986427
0.8220000267028809,0.0,0.17800000309944153,pair_rf_lgbm,112.88433194445288,112.88433194445288
0.5419999957084656,0.4580000042915344,0.0,pair_rf_et,112.8917385136766,112.8917385136766
0.5429999828338623,0.4569999873638153,0.0,pair_rf_et,112.90473412635929,112.90473412635929
0.5440000295639038,0.4560000002384186,0.0,pair_rf_et,112.91775844068495,112.91775844068495
0.5450000166893005,0.45500001311302185,0.0,pair_rf_et,112.93081899956783,112.93081899956783
0.8230000138282776,0.0,0.1770000010728836,pair_rf_lgbm,112.93103390510858,112.93103390510858
0.5460000038146973,0.45399999618530273,0.0,pair_rf_et,112.94391449332332,112.94391449332332
0.546999990940094,0.453000009059906,0.0,pair_rf_et,112.95704145327083,112.95704145327083
0.5479999780654907,0.4519999921321869,0.0,pair_rf_et,112.97020347019998,112.97020347019998
0.8240000009536743,0.0,0.17599999904632568,pair_rf_lgbm,112.97780777904532,112.97780777904532
0.5490000247955322,0.45100000500679016,0.0,pair_rf_et,112.98339442707227,112.98339442707227
0.550000011920929,0.44999998807907104,0.0,pair_rf_et,112.99662324577915,112.99662324577915
0.5509999990463257,0.4490000009536743,0.0,pair_rf_et,113.00988331951001,113.00988331951001
0.5519999861717224,0.4480000138282776,0.0,pair_rf_et,113.0231769841458,113.0231769841458
0.824999988079071,0.0,0.17499999701976776,pair_rf_lgbm,113.02465305593961,113.02465305593961
0.5529999732971191,0.44699999690055847,0.0,pair_rf_et,113.03650571780254,113.03650571780254
0.5540000200271606,0.44600000977516174,0.0,pair_rf_et,113.04986283451274,113.04986283451274
0.5550000071525574,0.4449999928474426,0.0,pair_rf_et,113.06325831172362,113.06325831172362
0.8259999752044678,0.0,0.17399999499320984,pair_rf_lgbm,113.07157020272436,113.07157020272436
0.5559999942779541,0.4440000057220459,0.0,pair_rf_et,113.07668493784932,113.07668493784932
0.5569999814033508,0.4429999887943268,0.0,pair_rf_et,113.09014665046678,113.09014665046678
0.5580000281333923,0.44200000166893005,0.0,pair_rf_et,113.10363731271744,113.10363731271744
0.5590000152587891,0.4410000145435333,0.0,pair_rf_et,113.11716417403518,113.11716417403518
0.8270000219345093,0.0,0.17299999296665192,pair_rf_lgbm,113.11855631418267,113.11855631418267
0.5600000023841858,0.4399999976158142,0.0,pair_rf_et,113.13072595136317,113.13072595136317
0.5609999895095825,0.4390000104904175,0.0,pair_rf_et,113.14431888574553,113.14431888574553
0.5619999766349792,0.43799999356269836,0.0,pair_rf_et,113.1579472497959,113.1579472497959
0.828000009059906,0.0,0.1720000058412552,pair_rf_lgbm,113.16561546790624,113.16561546790624
0.5630000233650208,0.43700000643730164,0.0,pair_rf_et,113.17160441869044,113.17160441869044
0.5640000104904175,0.4359999895095825,0.0,pair_rf_et,113.1852994673197,113.1852994673197
0.5649999976158142,0.4350000023841858,0.0,pair_rf_et,113.19902580934568,113.19902580934568
0.8289999961853027,0.0,0.17100000381469727,pair_rf_lgbm,113.21274826572548,113.21274826572548
0.5659999847412109,0.4339999854564667,0.0,pair_rf_et,113.21278731657111,113.21278731657111
0.5669999718666077,0.43299999833106995,0.0,pair_rf_et,113.22658061707833,113.22658061707833
0.5680000185966492,0.4320000112056732,0.0,pair_rf_et,113.24040422931132,113.24040422931132
0.5690000057220459,0.4309999942779541,0.0,pair_rf_et,113.25426556543478,113.25426556543478
0.8299999833106995,0.0,0.17000000178813934,pair_rf_lgbm,113.25995265254001,113.25995265254001
0.5699999928474426,0.4300000071525574,0.0,pair_rf_et,113.26815830004054,113.26815830004054
0.5709999799728394,0.42899999022483826,0.0,pair_rf_et,113.2820866289196,113.2820866289196
0.5720000267028809,0.42800000309944153,0.0,pair_rf_et,113.29604329307374,113.29604329307374
0.8309999704360962,0.0,0.16899999976158142,pair_rf_lgbm,113.30722876637154,113.30722876637154
0.5730000138282776,0.4269999861717224,0.0,pair_rf_et,113.31003798815735,113.31003798815735
0.5740000009536743,0.4259999990463257,0.0,pair_rf_et,113.32406420928143,113.32406420928143
0.574999988079071,0.42500001192092896,0.0,pair_rf_et,113.33812346992386,113.33812346992386
0.5759999752044678,0.42399999499320984,0.0,pair_rf_et,113.35221813138948,113.35221813138948
0.8320000171661377,0.0,0.1679999977350235,pair_rf_lgbm,113.35457360732315,113.35457360732315
0.5770000219345093,0.4230000078678131,0.0,pair_rf_et,113.36634130209315,113.36634130209315
0.578000009059906,0.421999990940094,0.0,pair_rf_et,113.38050257218727,113.38050257218727
0.5789999961853027,0.42100000381469727,0.0,pair_rf_et,113.39469535705823,113.39469535705823
0.8330000042915344,0.0,0.16699999570846558,pair_rf_lgbm,113.40199375328395,113.40199375328395
0.5799999833106995,0.41999998688697815,0.0,pair_rf_et,113.40892304831462,113.40892304831462
0.5809999704360962,0.4189999997615814,0.0,pair_rf_et,113.42318235881226,113.42318235881226
0.5820000171661377,0.4180000126361847,0.0,pair_rf_et,113.43747203127624,113.43747203127624
0.8339999914169312,0.0,0.16599999368190765,pair_rf_lgbm,113.44948490540823,113.44948490540823
0.5830000042915344,0.4169999957084656,0.0,pair_rf_et,113.45179971250101,113.45179971250101
0.5839999914169312,0.41600000858306885,0.0,pair_rf_et,113.46615874534429,113.46615874534429
0.5849999785423279,0.41499999165534973,0.0,pair_rf_et,113.48055315658867,113.48055315658867
0.5860000252723694,0.414000004529953,0.0,pair_rf_et,113.49497606818541,113.49497606818541
0.8349999785423279,0.0,0.16500000655651093,pair_rf_lgbm,113.49704700630298,113.49704700630298
0.5870000123977661,0.4129999876022339,0.0,pair_rf_et,113.50943702828556,113.50943702828556
0.5879999995231628,0.41200000047683716,0.0,pair_rf_et,113.52392939653696,113.52392939653696
0.5889999866485596,0.41100001335144043,0.0,pair_rf_et,113.53845493284102,113.53845493284102
0.8360000252723694,0.0,0.164000004529953,pair_rf_lgbm,113.54467878684461,113.54467878684461
0.5899999737739563,0.4099999964237213,0.0,pair_rf_et,113.55301598341792,113.55301598341792
0.5910000205039978,0.4090000092983246,0.0,pair_rf_et,113.56760547966147,113.56760547966147
0.5920000076293945,0.40799999237060547,0.0,pair_rf_et,113.58223267709242,113.58223267709242
0.8370000123977661,0.0,0.16300000250339508,pair_rf_lgbm,113.59238554139465,113.59238554139463
0.5929999947547913,0.40700000524520874,0.0,pair_rf_et,113.59689165415809,113.59689165415809
0.593999981880188,0.4059999883174896,0.0,pair_rf_et,113.61158566944484,113.61158566944484
0.5950000286102295,0.4050000011920929,0.0,pair_rf_et,113.62630823911988,113.62630823911988
0.8379999995231628,0.0,0.16200000047683716,pair_rf_lgbm,113.64016450508862,113.64016450508862
0.5960000157356262,0.40400001406669617,0.0,pair_rf_et,113.64106696451657,113.64106696451657
0.597000002861023,0.40299999713897705,0.0,pair_rf_et,113.65586105594001,113.65586105594001
0.5979999899864197,0.4020000100135803,0.0,pair_rf_et,113.67068611622457,113.67068611622457
0.5989999771118164,0.4009999930858612,0.0,pair_rf_et,113.68554672271573,113.68554672271573
0.8389999866485596,0.0,0.16099999845027924,pair_rf_lgbm,113.68801528065156,113.68801528065156
0.6000000238418579,0.4000000059604645,0.0,pair_rf_et,113.70043578419221,113.70043578419221
0.6010000109672546,0.39899998903274536,0.0,pair_rf_et,113.71536312330475,113.71536312330475
0.6019999980926514,0.39800000190734863,0.0,pair_rf_et,113.73032167543714,113.73032167543714
0.8399999737739563,0.0,0.1599999964237213,pair_rf_lgbm,113.735937756796,113.735937756796
0.6029999852180481,0.3970000147819519,0.0,pair_rf_et,113.74531354802123,113.74531354802123
0.6039999723434448,0.3959999978542328,0.0,pair_rf_et,113.76034041702289,113.76034041702289
0.6050000190734863,0.39500001072883606,0.0,pair_rf_et,113.77539616709336,113.77539616709336
0.8410000205039978,0.0,0.1589999943971634,pair_rf_lgbm,113.78392810732377,113.78392810732377
0.6060000061988831,0.39399999380111694,0.0,pair_rf_et,113.79048975749119,113.79048975749119
0.6069999933242798,0.3930000066757202,0.0,pair_rf_et,113.80561475538059,113.80561475538059
0.6079999804496765,0.3919999897480011,0.0,pair_rf_et,113.82077499772755,113.82077499772755
0.8420000076293945,0.0,0.15800000727176666,pair_rf_lgbm,113.83199260701744,113.83199260701744
0.609000027179718,0.39100000262260437,0.0,pair_rf_et,113.83596401836361,113.83596401836361
0.6100000143051147,0.38999998569488525,0.0,pair_rf_et,113.85119081176053,113.85119081176053
0.6110000014305115,0.3889999985694885,0.0,pair_rf_et,113.86644915758535,113.86644915758535
0.8429999947547913,0.0,0.15700000524520874,pair_rf_lgbm,113.88013055216462,113.88013055216462
0.6119999885559082,0.3880000114440918,0.0,pair_rf_et,113.88174046760356,113.88174046760356
0.6129999756813049,0.3869999945163727,0.0,pair_rf_et,113.8970675820679,113.8970675820679
0.6140000224113464,0.38600000739097595,0.0,pair_rf_et,113.91242281411387,113.91242281411387
0.6150000095367432,0.38499999046325684,0.0,pair_rf_et,113.92781617234122,113.92781617234122
0.843999981880188,0.0,0.15600000321865082,pair_rf_lgbm,113.92834019669401,113.92834019669401
0.6159999966621399,0.3840000033378601,0.0,pair_rf_et,113.9432410132836,113.9432410132836
0.6169999837875366,0.382999986410141,0.0,pair_rf_et,113.95870105107103,113.95870105107103
0.6179999709129333,0.38199999928474426,0.0,pair_rf_et,113.97419227759183,113.97419227759183
0.8450000286102295,0.0,0.1550000011920929,pair_rf_lgbm,113.97661796512807,113.97661796512807
0.6190000176429749,0.38100001215934753,0.0,pair_rf_et,113.98971419254028,113.98971419254028
0.6200000047683716,0.3799999952316284,0.0,pair_rf_et,114.00527395650415,114.00527395650415
0.6209999918937683,0.3790000081062317,0.0,pair_rf_et,114.02086515227407,114.02086515227407
0.8460000157356262,0.0,0.15399999916553497,pair_rf_lgbm,114.02497098827787,114.02497098827787
0.621999979019165,0.3779999911785126,0.0,pair_rf_et,114.03649187866459,114.03649187866459
0.6230000257492065,0.37700000405311584,0.0,pair_rf_et,114.05214658515817,114.05214658515817
0.6240000128746033,0.37599998712539673,0.0,pair_rf_et,114.06783955933008,114.06783955933008
0.847000002861023,0.0,0.15299999713897705,pair_rf_lgbm,114.07339601191714,114.07339601191714
0.625,0.375,0.0,pair_rf_et,114.08356421064182,114.08356421064182
0.6259999871253967,0.37400001287460327,0.0,pair_rf_et,114.09932179206479,114.09932179206479
0.6269999742507935,0.37299999594688416,0.0,pair_rf_et,114.11511492505142,114.11511492505142
0.8479999899864197,0.0,0.15199999511241913,pair_rf_lgbm,114.1218928867392,114.1218928867392
0.628000020980835,0.3720000088214874,0.0,pair_rf_et,114.13093635824056,114.13093635824056
0.6290000081062317,0.3709999918937683,0.0,pair_rf_et,114.14679614505594,114.14679614505594
0.6299999952316284,0.3700000047683716,0.0,pair_rf_et,114.16268702641716,114.16268702641716
0.8489999771118164,0.0,0.1509999930858612,pair_rf_lgbm,114.17046132141071,114.17046132141071
0.6309999823570251,0.36899998784065247,0.0,pair_rf_et,114.1786133527797,114.1786133527797
0.6320000290870667,0.36800000071525574,0.0,pair_rf_et,114.19456795531666,114.19456795531666
0.6330000162124634,0.367000013589859,0.0,pair_rf_et,114.21055886061687,114.21055886061687
0.8500000238418579,0.0,0.15000000596046448,pair_rf_lgbm,114.21909663913131,114.21909663913131
0.6340000033378601,0.3659999966621399,0.0,pair_rf_et,114.22658485458808,114.22658485458808
0.6349999904632568,0.36500000953674316,0.0,pair_rf_et,114.242642513577,114.242642513577
0.6359999775886536,0.36399999260902405,0.0,pair_rf_et,114.2587352030032,114.2587352030032
0.8510000109672546,0.0,0.14900000393390656,pair_rf_lgbm,114.2678085064386,114.2678085064386
0.6370000243186951,0.3630000054836273,0.0,pair_rf_et,114.27485640855258,114.27485640855258
0.6380000114440918,0.3619999885559082,0.0,pair_rf_et,114.29101576821579,114.29101576821579
0.6389999985694885,0.3610000014305115,0.0,pair_rf_et,114.3072061480855,114.3072061480855
0.8519999980926514,0.0,0.14800000190734863,pair_rf_lgbm,114.31659226785683,114.31659226785683
0.6399999856948853,0.36000001430511475,0.0,pair_rf_et,114.32343019360347,114.32343019360347
0.640999972820282,0.35899999737739563,0.0,pair_rf_et,114.33968936077486,114.33968936077486
0.6420000195503235,0.3580000102519989,0.0,pair_rf_et,114.35597725056667,114.35597725056667
0.8529999852180481,0.0,0.1469999998807907,pair_rf_lgbm,114.36544840906916,114.36544840906916
0.6430000066757202,0.3569999933242798,0.0,pair_rf_et,114.37230303847079,114.37230303847079
0.6439999938011169,0.35600000619888306,0.0,pair_rf_et,114.38866020265922,114.38866020265922
0.6449999809265137,0.35499998927116394,0.0,pair_rf_et,114.40505262973429,114.40505262973429
0.8539999723434448,0.0,0.1459999978542328,pair_rf_lgbm,114.41437553909422,114.41437553909422
0.6460000276565552,0.3540000021457672,0.0,pair_rf_et,114.42147337404508,114.42147337404506
0.6470000147819519,0.3529999852180481,0.0,pair_rf_et,114.43793246124974,114.43793246124974
0.6480000019073486,0.35199999809265137,0.0,pair_rf_et,114.4544227887031,114.4544227887031
0.8550000190734863,0.0,0.14499999582767487,pair_rf_lgbm,114.46337152106618,114.46337152106618
0.6489999890327454,0.35100001096725464,0.0,pair_rf_et,114.47094655482343,114.47094655482343
0.6499999761581421,0.3499999940395355,0.0,pair_rf_et,114.48750537092488,114.48750537092488
0.6510000228881836,0.3490000069141388,0.0,pair_rf_et,114.50409291316797,114.50409291316795
0.8560000061988831,0.0,0.14399999380111694,pair_rf_lgbm,114.51244215714425,114.51244215714425
0.6520000100135803,0.3479999899864197,0.0,pair_rf_et,114.52071827030736,114.52071827030736
0.652999997138977,0.34700000286102295,0.0,pair_rf_et,114.53737535720477,114.53737535720477
0.6539999842643738,0.34599998593330383,0.0,pair_rf_et,114.55406746013405,114.55406746013405
0.8569999933242798,0.0,0.14300000667572021,pair_rf_lgbm,114.56158353298517,114.56158353298517
0.6549999713897705,0.3449999988079071,0.0,pair_rf_et,114.57079077865923,114.57079077865923
0.656000018119812,0.3440000116825104,0.0,pair_rf_et,114.58754481789502,114.58754481789502
0.6570000052452087,0.34299999475479126,0.0,pair_rf_et,114.60433695698462,114.60433695698462
0.8579999804496765,0.0,0.1420000046491623,pair_rf_lgbm,114.61079813512477,114.61079813512477
0.6579999923706055,0.34200000762939453,0.0,pair_rf_et,114.62116019976128,114.62116019976128
0.6589999794960022,0.3409999907016754,0.0,pair_rf_et,114.63801919498863,114.63801919498863
0.6600000262260437,0.3400000035762787,0.0,pair_rf_et,114.65490598022957,114.65490598022957
0.859000027179718,0.0,0.14100000262260437,pair_rf_lgbm,114.66008127322708,114.66008127322708
0.6610000133514404,0.33899998664855957,0.0,pair_rf_et,114.67183109629808,114.67183109629808
0.6620000004768372,0.33799999952316284,0.0,pair_rf_et,114.68878780614385,114.68878780614385
0.6629999876022339,0.3370000123977661,0.0,pair_rf_et,114.70577777777821,114.70577777777821
0.8600000143051147,0.0,0.14000000059604645,pair_rf_lgbm,114.70943959395906,114.70943959395906
0.6639999747276306,0.335999995470047,0.0,pair_rf_et,114.72280299016138,114.72280299016138
0.6650000214576721,0.33500000834465027,0.0,pair_rf_et,114.73985631573927,114.73985631573927
0.6660000085830688,0.33399999141693115,0.0,pair_rf_et,114.75694822850814,114.75694822850814
0.8610000014305115,0.0,0.13899999856948853,pair_rf_lgbm,114.75886921883195,114.75886921883195
0.6669999957084656,0.3330000042915344,0.0,pair_rf_et,114.77407139774937,114.77407139774937
0.6679999828338623,0.3319999873638153,0.0,pair_rf_et,114.7912296482022,114.7912296482022
0.8619999885559082,0.0,0.1379999965429306,pair_rf_lgbm,114.80837122119796,114.80837122119796
0.6690000295639038,0.3310000002384186,0.0,pair_rf_et,114.80841654661023,114.80841654661023
0.6700000166893005,0.33000001311302185,0.0,pair_rf_et,114.82563929112568,114.82563929112568
0.6710000038146973,0.32899999618530273,0.0,pair_rf_et,114.84289745726343,114.84289745726343
0.8629999756813049,0.0,0.13699999451637268,pair_rf_lgbm,114.85794482457906,114.85794482457906
0.671999990940094,0.328000009059906,0.0,pair_rf_et,114.86018732007226,114.86018732007226
0.6729999780654907,0.3269999921321869,0.0,pair_rf_et,114.87751217648201,114.87751217648201
0.6740000247955322,0.32600000500679016,0.0,pair_rf_et,114.8948650482971,114.8948650482971
0.8640000224113464,0.0,0.13600000739097595,pair_rf_lgbm,114.90758543637773,114.90758543637773
0.675000011920929,0.32499998807907104,0.0,pair_rf_et,114.91225677782028,114.91225677782028
0.6759999990463257,0.3240000009536743,0.0,pair_rf_et,114.92967949257071,114.92967949257071
0.6769999861717224,0.3230000138282776,0.0,pair_rf_et,114.94713561362677,114.94713561362677
0.8650000095367432,0.0,0.13500000536441803,pair_rf_lgbm,114.95730226840564,114.95730226840564
0.6779999732971191,0.32199999690055847,0.0,pair_rf_et,114.96462708397308,114.96462708397308
0.6790000200271606,0.32100000977516174,0.0,pair_rf_et,114.9821468634943,114.9821468634943
0.6800000071525574,0.3199999928474426,0.0,pair_rf_et,114.99970479253683,114.99970479253683
0.8659999966621399,0.0,0.1340000033378601,pair_rf_lgbm,115.00709103067209,115.00709103067209
0.6809999942779541,0.3190000057220459,0.0,pair_rf_et,115.01729417113542,115.01729417113542
0.6819999814033508,0.3179999887943268,0.0,pair_rf_et,115.0349188386968,115.0349188386968
0.6830000281333923,0.31700000166893005,0.0,pair_rf_et,115.05257175523076,115.05257175523076
0.8669999837875366,0.0,0.13300000131130219,pair_rf_lgbm,115.05695171596868,115.05695171596868
0.6840000152587891,0.3160000145435333,0.0,pair_rf_et,115.07026081843853,115.07026081843853
0.6850000023841858,0.3149999976158142,0.0,pair_rf_et,115.08798532012858,115.08798532012858
0.6859999895095825,0.3140000104904175,0.0,pair_rf_et,115.10574134890818,115.10574134890818
0.8679999709129333,0.0,0.13199999928474426,pair_rf_lgbm,115.1068847262761,115.1068847262761
0.6869999766349792,0.31299999356269836,0.0,pair_rf_et,115.12353237140434,115.12353237140434
0.6880000233650208,0.31200000643730164,0.0,pair_rf_et,115.14135160841478,115.14135160841478
0.8690000176429749,0.0,0.13099999725818634,pair_rf_lgbm,115.15688531541866,115.15688531541866
0.6890000104904175,0.3109999895095825,0.0,pair_rf_et,115.15920948281449,115.15920948281449
0.6899999976158142,0.3100000023841858,0.0,pair_rf_et,115.1770985477659,115.1770985477659
0.6909999847412109,0.3089999854564667,0.0,pair_rf_et,115.19502276671159,115.19502276671159
0.8700000047683716,0.0,0.12999999523162842,pair_rf_lgbm,115.20696154220424,115.20696154220424
0.6919999718666077,0.30799999833106995,0.0,pair_rf_et,115.21297829919492,115.21297829919492
0.6930000185966492,0.3070000112056732,0.0,pair_rf_et,115.23096425028761,115.23096425028761
0.6940000057220459,0.3059999942779541,0.0,pair_rf_et,115.24898856482969,115.24898856482969
0.8709999918937683,0.0,0.1289999932050705,pair_rf_lgbm,115.25710890339842,115.25710890339842
0.6949999928474426,0.3050000071525574,0.0,pair_rf_et,115.26704415988357,115.26704415988357
0.6959999799728394,0.30399999022483826,0.0,pair_rf_et,115.28513481076394,115.28513481076394
0.6970000267028809,0.30300000309944153,0.0,pair_rf_et,115.3032541922583,115.3032541922583
0.871999979019165,0.0,0.12800000607967377,pair_rf_lgbm,115.30732729425826,115.30732729425826
0.6980000138282776,0.3019999861717224,0.0,pair_rf_et,115.32141163472032,115.32141163472032
0.6990000009536743,0.3009999990463257,0.0,pair_rf_et,115.33960014173125,115.33960014173125
0.8730000257492065,0.0,0.12700000405311584,pair_rf_lgbm,115.35761550114918,115.35761550114918
0.699999988079071,0.30000001192092896,0.0,pair_rf_et,115.35782214500277,115.35782214500277
0.7009999752044678,0.29899999499320984,0.0,pair_rf_et,115.37607945578398,115.37607945578398
0.7020000219345093,0.2980000078678131,0.0,pair_rf_et,115.3943649780603,115.3943649780603
0.8740000128746033,0.0,0.12600000202655792,pair_rf_lgbm,115.40797871895114,115.40797871895114
0.703000009059906,0.296999990940094,0.0,pair_rf_et,115.41268912207912,115.41268912207912
0.7039999961853027,0.29600000381469727,0.0,pair_rf_et,115.43104424928997,115.43104424928997
0.7049999833106995,0.29499998688697815,0.0,pair_rf_et,115.44943483753032,115.44943483753032
0.875,0.0,0.125,pair_rf_lgbm,115.4584138045566,115.4584138045566
0.7059999704360962,0.2939999997615814,0.0,pair_rf_et,115.46785655844158,115.46785655844158
0.7070000171661377,0.2930000126361847,0.0,pair_rf_et,115.48630873454486,115.48630873454486
0.7080000042915344,0.2919999957084656,0.0,pair_rf_et,115.50479919951208,115.50479919951208
0.8759999871253967,0.0,0.12399999797344208,pair_rf_lgbm,115.50892035261514,115.50892035261514
0.7089999914169312,0.29100000858306885,0.0,pair_rf_et,115.52332097464306,115.52332097464306
0.7099999785423279,0.28999999165534973,0.0,pair_rf_et,115.54187798903087,115.54187798903087
0.8769999742507935,0.0,0.12300000339746475,pair_rf_lgbm,115.55949806103044,115.55949806103044
0.7110000252723694,0.289000004529953,0.0,pair_rf_et,115.5604634371006,115.5604634371006
0.7120000123977661,0.2879999876022339,0.0,pair_rf_et,115.57908693385751,115.57908693385751
0.7129999995231628,0.28700000047683716,0.0,pair_rf_et,115.59774187738691,115.59774187738691
0.878000020980835,0.0,0.12200000137090683,pair_rf_lgbm,115.6101457254911,115.6101457254911
0.7139999866485596,0.28600001335144043,0.0,pair_rf_et,115.61642991652167,115.61642991652167
0.7149999737739563,0.2849999964237213,0.0,pair_rf_et,115.63515382282125,115.63515382282125
0.7160000205039978,0.2840000092983246,0.0,pair_rf_et,115.6539051085527,115.6539051085527
0.8790000081062317,0.0,0.12099999934434891,pair_rf_lgbm,115.66086777503135,115.66086777503135
0.7170000076293945,0.28299999237060547,0.0,pair_rf_et,115.6726956173233,115.6726956173233
0.7179999947547913,0.28200000524520874,0.0,pair_rf_et,115.69151680050508,115.69151680050508
0.718999981880188,0.2809999883174896,0.0,pair_rf_et,115.71037376745646,115.71037376745646
0.8799999952316284,0.0,0.11999999731779099,pair_rf_lgbm,115.71166159097925,115.71166159097925
0.7200000286102295,0.2800000011920929,0.0,pair_rf_et,115.72925884731784,115.72925884731784
0.7210000157356262,0.27900001406669617,0.0,pair_rf_et,115.74817998537848,115.74817998537848
0.8809999823570251,0.0,0.11900000274181366,pair_rf_lgbm,115.76252662590583,115.76252662590583
0.722000002861023,0.27799999713897705,0.0,pair_rf_et,115.76713681385895,115.76713681385895
0.7229999899864197,0.2770000100135803,0.0,pair_rf_et,115.78612449911144,115.78612449911144
0.7239999771118164,0.2759999930858612,0.0,pair_rf_et,115.80514807174961,115.80514807174961
0.8820000290870667,0.0,0.11800000071525574,pair_rf_lgbm,115.81346084968972,115.81346084968972
0.7250000238418579,0.2750000059604645,0.0,pair_rf_et,115.82419948653572,115.82419948653572
0.7260000109672546,0.27399998903274536,0.0,pair_rf_et,115.84328945616062,115.84328945616062
0.7269999980926514,0.27300000190734863,0.0,pair_rf_et,115.86241062747823,115.86241062747823
0.8830000162124634,0.0,0.11699999868869781,pair_rf_lgbm,115.8644702350781,115.8644702350781
0.7279999852180481,0.2720000147819519,0.0,pair_rf_et,115.88156478778025,115.88156478778025
0.7289999723434448,0.2709999978542328,0.0,pair_rf_et,115.90075458884677,115.90075458884677
0.8840000033378601,0.0,0.11599999666213989,pair_rf_lgbm,115.91555167358966,115.91555167358966
0.7300000190734863,0.27000001072883606,0.0,pair_rf_et,115.91997266419108,115.91997266419108
0.7310000061988831,0.26899999380111694,0.0,pair_rf_et,115.93922912873205,115.93922912873205
0.7319999933242798,0.2680000066757202,0.0,pair_rf_et,115.95851639338228,115.95851639338228
0.8849999904632568,0.0,0.11500000208616257,pair_rf_lgbm,115.96670355197244,115.96670355197244
0.7329999804496765,0.2669999897480011,0.0,pair_rf_et,115.97783963885098,115.97783963885098
0.734000027179718,0.26600000262260437,0.0,pair_rf_et,115.99719083492866,115.99719083492866
0.7350000143051147,0.26499998569488525,0.0,pair_rf_et,116.0165804703925,116.0165804703925
0.8859999775886536,0.0,0.11400000005960464,pair_rf_lgbm,116.01792816038152,116.01792816038152
0.7360000014305115,0.2639999985694885,0.0,pair_rf_et,116.03600136351288,116.03600136351288
0.7369999885559082,0.2630000114440918,0.0,pair_rf_et,116.05545548421803,116.05545548421803
0.8870000243186951,0.0,0.11299999803304672,pair_rf_lgbm,116.06922118860616,116.06922118860616
0.7379999756813049,0.2619999945163727,0.0,pair_rf_et,116.07494481026166,116.07494481026166
0.7390000224113464,0.26100000739097595,0.0,pair_rf_et,116.0944625738307,116.0944625738307
0.7400000095367432,0.25999999046325684,0.0,pair_rf_et,116.1140186827501,116.1140186827501
0.8880000114440918,0.0,0.1120000034570694,pair_rf_lgbm,116.12058904892231,116.12058904892231
0.7409999966621399,0.2590000033378601,0.0,pair_rf_et,116.13360591932968,116.13360591932968
0.7419999837875366,0.257999986410141,0.0,pair_rf_et,116.1532288594608,116.1532288594608
0.8889999985694885,0.0,0.11100000143051147,pair_rf_lgbm,116.17202902204203,116.17202902204203
0.7429999709129333,0.25699999928474426,0.0,pair_rf_et,116.17288267190409,116.17288267190409
0.7440000176429749,0.25600001215934753,0.0,pair_rf_et,116.19256694031577,116.19256694031577
0.7450000047683716,0.2549999952316284,0.0,pair_rf_et,116.21228931101243,116.21228931101243
0.8899999856948853,0.0,0.10999999940395355,pair_rf_lgbm,116.22354083232092,116.22354083232092
0.7459999918937683,0.2540000081062317,0.0,pair_rf_et,116.2320432460714,116.2320432460714
0.746999979019165,0.2529999911785126,0.0,pair_rf_et,116.25183260341618,116.25183260341618
0.7480000257492065,0.25200000405311584,0.0,pair_rf_et,116.27165016192602,116.27165016192602
0.890999972820282,0.0,0.10899999737739563,pair_rf_lgbm,116.27512450932676,116.27512450932676
0.7490000128746033,0.25099998712539673,0.0,pair_rf_et,116.2915057497861,116.2915057497861
0.75,0.25,0.0,pair_rf_et,116.31139287262788,116.31139287262788
0.8920000195503235,0.0,0.1080000028014183,pair_rf_lgbm,116.32677587895235,116.32677587895235
0.7509999871253967,0.24899999797344208,0.0,pair_rf_et,116.33131414673306,116.33131414673306
0.7519999742507935,0.24799999594688416,0.0,pair_rf_et,116.35126903696526,116.35126903696526
0.753000020980835,0.24699999392032623,0.0,pair_rf_et,116.37125387978945,116.37125387978945
0.8930000066757202,0.0,0.10700000077486038,pair_rf_lgbm,116.37850336397672,116.37850336397672
0.7540000081062317,0.2460000067949295,0.0,pair_rf_et,116.39127391881428,116.39127391881428
0.7549999952316284,0.24500000476837158,0.0,pair_rf_et,116.41132859595317,116.41132859595317
0.8939999938011169,0.0,0.10599999874830246,pair_rf_lgbm,116.4303023679918,116.4303023679918
0.7559999823570251,0.24400000274181366,0.0,pair_rf_et,116.43141655962123,116.43141655962123
0.7570000290870667,0.24300000071525574,0.0,pair_rf_et,116.45153469046011,116.45153469046011
0.7580000162124634,0.24199999868869781,0.0,pair_rf_et,116.47168892433207,116.47168892433207
0.8949999809265137,0.0,0.10499999672174454,pair_rf_lgbm,116.48217321363809,116.48217321363809
0.7590000033378601,0.2409999966621399,0.0,pair_rf_et,116.49187685998497,116.49187685998497
0.7599999904632568,0.23999999463558197,0.0,pair_rf_et,116.51209789626094,116.51209789626094
0.7609999775886536,0.23899999260902405,0.0,pair_rf_et,116.53235250881382,116.53235250881382
0.8960000276565552,0.0,0.10400000214576721,pair_rf_lgbm,116.53411144661864,116.53411144661864
0.7620000243186951,0.23800000548362732,0.0,pair_rf_et,116.55263585168225,116.55263585168224
0.7630000114440918,0.2370000034570694,0.0,pair_rf_et,116.57295698378745,116.57295698378745
0.8970000147819519,0.0,0.10300000011920929,pair_rf_lgbm,116.58612577013761,116.58612577013761
0.7639999985694885,0.23600000143051147,0.0,pair_rf_et,116.59331122183117,116.59331122183117
0.7649999856948853,0.23499999940395355,0.0,pair_rf_et,116.61369879475103,116.61369879475103
0.765999972820282,0.23399999737739563,0.0,pair_rf_et,116.63411973638019,116.63411973638019
0.8980000019073486,0.0,0.10199999809265137,pair_rf_lgbm,116.6382124841281,116.6382124841281
0.7670000195503235,0.2329999953508377,0.0,pair_rf_et,116.65457091212173,116.65457091212173
0.7680000066757202,0.23199999332427979,0.0,pair_rf_et,116.67505831712805,116.67505831712805
0.8989999890327454,0.0,0.10100000351667404,pair_rf_lgbm,116.69036932414113,116.69036932414113
0.7689999938011169,0.23100000619888306,0.0,pair_rf_et,116.69557824110164,116.69557824110164
0.7699999809265137,0.23000000417232513,0.0,pair_rf_et,116.71613213908252,116.71613213908252
0.7710000276565552,0.2290000021457672,0.0,pair_rf_et,116.7367165263821,116.7367165263821
0.8999999761581421,0.0,0.10000000149011612,pair_rf_lgbm,116.74259932198576,116.74259932198576
0.7720000147819519,0.2280000001192093,0.0,pair_rf_et,116.75733724968853,116.75733724968853
0.7730000019073486,0.22699999809265137,0.0,pair_rf_et,116.77799139940826,116.77799139940826
0.9010000228881836,0.0,0.0989999994635582,pair_rf_lgbm,116.79489703679364,116.79489703679364
0.7739999890327454,0.22599999606609344,0.0,pair_rf_et,116.79867847746195,116.79867847746195
0.7749999761581421,0.22499999403953552,0.0,pair_rf_et,116.81939924444373,116.81939924444373
0.7760000228881836,0.2240000069141388,0.0,pair_rf_et,116.84014890213065,116.84014890213065
0.9020000100135803,0.0,0.09799999743700027,pair_rf_lgbm,116.84727046648521,116.84727046648516
0.7770000100135803,0.22300000488758087,0.0,pair_rf_et,116.86093611309558,116.86093611309555
0.777999997138977,0.22200000286102295,0.0,pair_rf_et,116.88175670043752,116.88175670043752
0.902999997138977,0.0,0.09700000286102295,pair_rf_lgbm,116.89971519756669,116.89971519756669
0.7789999842643738,0.22100000083446503,0.0,pair_rf_et,116.90261056015088,116.90261056015088
0.7799999713897705,0.2199999988079071,0.0,pair_rf_et,116.92349743690511,116.92349743690511
0.781000018119812,0.21899999678134918,0.0,pair_rf_et,116.94441482899273,116.94441482899273
0.9039999842643738,0.0,0.09600000083446503,pair_rf_lgbm,116.95223201321315,116.95223201321315
0.7820000052452087,0.21799999475479126,0.0,pair_rf_et,116.9653683579808,116.9653683579808
0.7829999923706055,0.21699999272823334,0.0,pair_rf_et,116.98635554691913,116.98635554691913
0.9049999713897705,0.0,0.0949999988079071,pair_rf_lgbm,117.004820840339,117.004820840339
0.7839999794960022,0.2160000056028366,0.0,pair_rf_et,117.00737483445606,117.00737483445606
0.7850000262260437,0.2150000035762787,0.0,pair_rf_et,117.02842525409531,117.02842525409531
0.7860000133514404,0.21400000154972076,0.0,pair_rf_et,117.04951223158974,117.04951223158974
0.906000018119812,0.0,0.09399999678134918,pair_rf_lgbm,117.05747794906323,117.05747794906323
0.7870000004768372,0.21299999952316284,0.0,pair_rf_et,117.07063257358084,117.07063257358084
0.7879999876022339,0.21199999749660492,0.0,pair_rf_et,117.09178605138551,117.09178605138551
0.9070000052452087,0.0,0.09300000220537186,pair_rf_lgbm,117.11020910640839,117.11020910640839
0.7889999747276306,0.210999995470047,0.0,pair_rf_et,117.11297284944433,117.11297284944433
0.7900000214576721,0.20999999344348907,0.0,pair_rf_et,117.13418984698797,117.13418984698797
0.7910000085830688,0.20900000631809235,0.0,pair_rf_et,117.15544207637926,117.15544207637926
0.9079999923706055,0.0,0.09200000017881393,pair_rf_lgbm,117.16301385554756,117.16301385554756
0.7919999957084656,0.20800000429153442,0.0,pair_rf_et,117.1767289826478,117.1767289826478
0.7929999828338623,0.2070000022649765,0.0,pair_rf_et,117.19804906306173,117.19804906306173
0.9089999794960022,0.0,0.09099999815225601,pair_rf_lgbm,117.21588977545927,117.21588977545927
0.7940000295639038,0.20600000023841858,0.0,pair_rf_et,117.21939926680122,117.21939926680122
0.7950000166893005,0.20499999821186066,0.0,pair_rf_et,117.24078566535594,117.24078566535594
0.7960000038146973,0.20399999618530273,0.0,pair_rf_et,117.2622057085343,117.2622057085343
0.9100000262260437,0.0,0.09000000357627869,pair_rf_lgbm,117.26883324403931,117.26883324403931
0.796999990940094,0.2029999941587448,0.0,pair_rf_et,117.28365903385559,117.28365903385559
0.7979999780654907,0.20200000703334808,0.0,pair_rf_et,117.30514457955842,117.30514457955842
0.9110000133514404,0.0,0.08900000154972076,pair_rf_lgbm,117.32185257097169,117.32185257097169
0.7990000247955322,0.20100000500679016,0.0,pair_rf_et,117.32666102115762,117.32666102115762
0.800000011920929,0.20000000298023224,0.0,pair_rf_et,117.34821387442291,117.34821387442291
0.8009999990463257,0.19900000095367432,0.0,pair_rf_et,117.36980044537113,117.36980044537113
0.9120000004768372,0.0,0.08799999952316284,pair_rf_lgbm,117.37494351273365,117.37494351273365
0.8019999861717224,0.1979999989271164,0.0,pair_rf_et,117.39142051668115,117.39142051668115
0.8029999732971191,0.19699999690055847,0.0,pair_rf_et,117.41307366635743,117.41307366635743
0.9129999876022339,0.0,0.08699999749660492,pair_rf_lgbm,117.4281071308308,117.4281071308308
0.8040000200271606,0.19599999487400055,0.0,pair_rf_et,117.43475682129377,117.43475682129377
0.8050000071525574,0.19499999284744263,0.0,pair_rf_et,117.45647614014986,117.45647614014986
0.8059999942779541,0.1940000057220459,0.0,pair_rf_et,117.47822824484987,117.47822824484987
0.9139999747276306,0.0,0.0860000029206276,pair_rf_lgbm,117.48134119933323,117.48134119933323
0.8069999814033508,0.19300000369548798,0.0,pair_rf_et,117.50001461728729,117.50001461728729
0.8080000281333923,0.19200000166893005,0.0,pair_rf_et,117.52183065446516,117.52183065446516
0.9150000214576721,0.0,0.08500000089406967,pair_rf_lgbm,117.53464435833251,117.53464435833251
0.8090000152587891,0.19099999964237213,0.0,pair_rf_et,117.54368361121107,117.54368361121107
0.8100000023841858,0.1899999976158142,0.0,pair_rf_et,117.56557013917042,117.56557013917042
0.8109999895095825,0.1889999955892563,0.0,pair_rf_et,117.58748930107396,117.58748930107396
0.9160000085830688,0.0,0.08399999886751175,pair_rf_lgbm,117.58802253515,117.58802253515
0.8119999766349792,0.18799999356269836,0.0,pair_rf_et,117.60944202305376,117.60944202305376
0.8130000233650208,0.18700000643730164,0.0,pair_rf_et,117.63142392326284,117.63142392326284
0.9169999957084656,0.0,0.08299999684095383,pair_rf_lgbm,117.64147313822764,117.64147313822764
0.8140000104904175,0.1860000044107437,0.0,pair_rf_et,117.65344337367972,117.65344337367972
0.8149999976158142,0.1850000023841858,0.0,pair_rf_et,117.67549602427151,117.67549602427151
0.9179999828338623,0.0,0.0820000022649765,pair_rf_lgbm,117.69499451946568,117.69499451946568
0.8159999847412109,0.18400000035762787,0.0,pair_rf_et,117.69758193715647,117.69758193715647
0.8169999718666077,0.18299999833106995,0.0,pair_rf_et,117.71970116770422,117.71970116770422
0.8180000185966492,0.18199999630451202,0.0,pair_rf_et,117.74185064580057,117.74185064580057
0.9190000295639038,0.0,0.08100000023841858,pair_rf_lgbm,117.74858484338988,117.74858484338988
0.8190000057220459,0.1809999942779541,0.0,pair_rf_et,117.76403633778226,117.76403633778226
0.8199999928474426,0.18000000715255737,0.0,pair_rf_et,117.78625449686454,117.78625449686454
0.9200000166893005,0.0,0.07999999821186066,pair_rf_lgbm,117.80225009149497,117.80225009149497
0.8209999799728394,0.17900000512599945,0.0,pair_rf_et,117.80850717003177,117.80850717003177
0.8220000267028809,0.17800000309944153,0.0,pair_rf_et,117.83078950071464,117.83078950071464
0.8230000138282776,0.1770000010728836,0.0,pair_rf_et,117.85310863716414,117.85310863716414
0.9210000038146973,0.0,0.07900000363588333,pair_rf_lgbm,117.85598692510958,117.85598692510958
0.8240000009536743,0.17599999904632568,0.0,pair_rf_et,117.87546103727533,117.87546103727533
0.824999988079071,0.17499999701976776,0.0,pair_rf_et,117.89784668408022,117.89784668408022
0.921999990940094,0.0,0.07800000160932541,pair_rf_lgbm,117.9097956971988,117.9097956971988
0.8259999752044678,0.17399999499320984,0.0,pair_rf_et,117.92026564647671,117.92026564647671
0.8270000219345093,0.17299999296665192,0.0,pair_rf_et,117.94271486379813,117.94271486379813
0.9229999780654907,0.0,0.07699999958276749,pair_rf_lgbm,117.96367706921899,117.96367706921899
0.828000009059906,0.1720000058412552,0.0,pair_rf_et,117.96519922169388,117.96519922169388
0.8289999961853027,0.17100000381469727,0.0,pair_rf_et,117.98771801857886,117.98771801857886
0.8299999833106995,0.17000000178813934,0.0,pair_rf_et,118.01027042047667,118.01027042047667
0.9240000247955322,0.0,0.07599999755620956,pair_rf_lgbm,118.01762658979257,118.01762658979257
0.8309999704360962,0.16899999976158142,0.0,pair_rf_et,118.03285572257033,118.03285572257033
0.8320000171661377,0.1679999977350235,0.0,pair_rf_et,118.0554712211072,118.0554712211072
0.925000011920929,0.0,0.07500000298023224,pair_rf_lgbm,118.07165004563458,118.07165004563458
0.8330000042915344,0.16699999570846558,0.0,pair_rf_et,118.07812353214611,118.07812353214611
0.8339999914169312,0.16599999368190765,0.0,pair_rf_et,118.10080870254178,118.10080870254178
0.8349999785423279,0.16500000655651093,0.0,pair_rf_et,118.12352659574502,118.12352659574502
0.9259999990463257,0.0,0.07400000095367432,pair_rf_lgbm,118.12574662634796,118.12574662634796
0.8360000252723694,0.164000004529953,0.0,pair_rf_et,118.14627525227588,118.14627525227588
0.8370000123977661,0.16300000250339508,0.0,pair_rf_et,118.16906033588108,118.16906033588108
0.9269999861717224,0.0,0.0729999989271164,pair_rf_lgbm,118.17991437615471,118.17991437615471
0.8379999995231628,0.16200000047683716,0.0,pair_rf_et,118.1918790765918,118.1918790765918
0.8389999866485596,0.16099999845027924,0.0,pair_rf_et,118.21473098402849,118.21473098402849
0.9279999732971191,0.0,0.07199999690055847,pair_rf_lgbm,118.23415503896477,118.23415503896477
0.8399999737739563,0.1599999964237213,0.0,pair_rf_et,118.23761643672027,118.23761643672027
0.8410000205039978,0.1589999943971634,0.0,pair_rf_et,118.26053145445499,118.26053145445499
0.8420000076293945,0.15800000727176666,0.0,pair_rf_et,118.28348230352604,118.28348230352604
0.9290000200271606,0.0,0.07100000232458115,pair_rf_lgbm,118.28846227390372,118.28846227390372
0.8429999947547913,0.15700000524520874,0.0,pair_rf_et,118.30646715172404,118.30646715172404
0.843999981880188,0.15600000321865082,0.0,pair_rf_et,118.32948562909858,118.32948562909858
0.9300000071525574,0.0,0.07000000029802322,pair_rf_lgbm,118.34284558121146,118.34284558121146
0.8450000286102295,0.1550000011920929,0.0,pair_rf_et,118.35253397159673,118.35253397159673
0.8460000157356262,0.15399999916553497,0.0,pair_rf_et,118.37561927726536,118.37561927726536
0.9309999942779541,0.0,0.0689999982714653,pair_rf_lgbm,118.397300889751,118.397300889751
0.847000002861023,0.15299999713897705,0.0,pair_rf_et,118.39873739476941,118.39873739476941
0.8479999899864197,0.15199999511241913,0.0,pair_rf_et,118.42188907405011,118.42188907405011
0.8489999771118164,0.1509999930858612,0.0,pair_rf_et,118.44507396496093,118.44507396496093
0.9319999814033508,0.0,0.06800000369548798,pair_rf_lgbm,118.45182703355628,118.45182703355628
0.8500000238418579,0.15000000596046448,0.0,pair_rf_et,118.4682878046026,118.4682878046026
0.8510000109672546,0.14900000393390656,0.0,pair_rf_et,118.49153920661084,118.49153920661084
0.9330000281333923,0.0,0.06700000166893005,pair_rf_lgbm,118.50642298793302,118.50642298793302
0.8519999980926514,0.14800000190734863,0.0,pair_rf_et,118.51482416389511,118.51482416389511
0.8529999852180481,0.1469999998807907,0.0,pair_rf_et,118.53814219825132,118.53814219825132
0.9340000152587891,0.0,0.06599999964237213,pair_rf_lgbm,118.56109350799343,118.56109350799343
0.8539999723434448,0.1459999978542328,0.0,pair_rf_et,118.56149358140466,118.56149358140466
0.8550000190734863,0.14499999582767487,0.0,pair_rf_et,118.58487504090081,118.58487504090081
0.8560000061988831,0.14399999380111694,0.0,pair_rf_et,118.60829317507009,118.60829317507009
0.9350000023841858,0.0,0.06499999761581421,pair_rf_lgbm,118.61583592029787,118.61583592029787
0.8569999933242798,0.14300000667572021,0.0,pair_rf_et,118.63174330117975,118.63174330117975
0.8579999804496765,0.1420000046491623,0.0,pair_rf_et,118.65522770056776,118.65522770056776
0.9359999895095825,0.0,0.06400000303983688,pair_rf_lgbm,118.67064910274672,118.67064910274672
0.859000027179718,0.14100000262260437,0.0,pair_rf_et,118.67874245795208,118.67874245795208
0.8600000143051147,0.14000000059604645,0.0,pair_rf_et,118.70229389686851,118.70229389686851
0.9369999766349792,0.0,0.06300000101327896,pair_rf_lgbm,118.72553514223847,118.72553514223847
0.8610000014305115,0.13899999856948853,0.0,pair_rf_et,118.72587848832258,118.72587848832258
0.8619999885559082,0.1379999965429306,0.0,pair_rf_et,118.74949625966755,118.74949625966755
0.8629999756813049,0.13699999451637268,0.0,pair_rf_et,118.77314725467694,118.77314725467694
0.9380000233650208,0.0,0.06199999898672104,pair_rf_lgbm,118.78048996496848,118.78048996496848
0.8640000224113464,0.13600000739097595,0.0,pair_rf_et,118.79682734908137,118.79682734908137
0.8650000095367432,0.13500000536441803,0.0,pair_rf_et,118.82054488327049,118.82054488327049
0.9390000104904175,0.0,0.061000000685453415,pair_rf_lgbm,118.83551905900889,118.83551905900889
0.8659999966621399,0.1340000033378601,0.0,pair_rf_et,118.84429592823754,118.84429592823754
0.8669999837875366,0.13300000131130219,0.0,pair_rf_et,118.8680804419306,118.8680804419306
0.9399999976158142,0.0,0.05999999865889549,pair_rf_lgbm,118.89062038713446,118.89062038713446
0.8679999709129333,0.13199999928474426,0.0,pair_rf_et,118.89189815331189,118.89189815331189
0.8690000176429749,0.13099999725818634,0.0,pair_rf_et,118.91574540673685,118.91574540673685
0.8700000047683716,0.12999999523162842,0.0,pair_rf_et,118.93963005624869,118.93963005624869
0.9409999847412109,0.0,0.05900000035762787,pair_rf_lgbm,118.94579323379376,118.94579323379376
0.8709999918937683,0.1289999932050705,0.0,pair_rf_et,118.96354737632552,118.96354737632552
0.871999979019165,0.12800000607967377,0.0,pair_rf_et,118.98749724012896,118.98749724012896
0.9419999718666077,0.0,0.057999998331069946,pair_rf_lgbm,119.00103823910527,119.00103823910527
0.8730000257492065,0.12700000405311584,0.0,pair_rf_et,119.0114780635177,119.0114780635177
0.8740000128746033,0.12600000202655792,0.0,pair_rf_et,119.03549541339879,119.03549541339879
0.9430000185966492,0.0,0.05700000002980232,pair_rf_lgbm,119.05635132782098,119.05635132782098
0.875,0.125,0.0,pair_rf_et,119.05954626417123,119.05954626417123
0.8759999871253967,0.12399999797344208,0.0,pair_rf_et,119.08363011881751,119.08363011881751
0.8769999742507935,0.12300000339746475,0.0,pair_rf_et,119.10774698616898,119.10774698616898
0.9440000057220459,0.0,0.0560000017285347,pair_rf_lgbm,119.11173960551247,119.11173960551247
0.878000020980835,0.12200000137090683,0.0,pair_rf_et,119.1318944164066,119.1318944164066
0.8790000081062317,0.12099999934434891,0.0,pair_rf_et,119.1560783653664,119.1560783653664
0.9449999928474426,0.0,0.054999999701976776,pair_rf_lgbm,119.16719986317321,119.16719986317321
0.8799999952316284,0.11999999731779099,0.0,pair_rf_et,119.18029551647133,119.18029551647133
0.8809999823570251,0.11900000274181366,0.0,pair_rf_et,119.20454583740496,119.20454583740496
0.9459999799728394,0.0,0.05400000140070915,pair_rf_lgbm,119.22273153014368,119.22273153014368
0.8820000290870667,0.11800000071525574,0.0,pair_rf_et,119.22882630750598,119.22882630750598
0.8830000162124634,0.11699999868869781,0.0,pair_rf_et,119.25314301117889,119.25314301117889
0.8840000033378601,0.11599999666213989,0.0,pair_rf_et,119.27749377786537,119.27749377786537
0.9470000267028809,0.0,0.05299999937415123,pair_rf_lgbm,119.27833173741992,119.27833173741992
0.8849999904632568,0.11500000208616257,0.0,pair_rf_et,119.301877049398,119.301877049398
0.8859999775886536,0.11400000005960464,0.0,pair_rf_et,119.3262940362418,119.3262940362418
0.9480000138282776,0.0,0.052000001072883606,pair_rf_lgbm,119.33400776500584,119.33400776500584
0.8870000243186951,0.11299999803304672,0.0,pair_rf_et,119.35074090865322,119.35074090865322
0.8880000114440918,0.1120000034570694,0.0,pair_rf_et,119.3752240411643,119.3752240411643
0.9490000009536743,0.0,0.050999999046325684,pair_rf_lgbm,119.38975487809479,119.38975487809479
0.8889999985694885,0.11100000143051147,0.0,pair_rf_et,119.39974075180841,119.39974075180841
0.8899999856948853,0.10999999940395355,0.0,pair_rf_et,119.42429116873538,119.42429116873538
0.949999988079071,0.0,0.05000000074505806,pair_rf_lgbm,119.44557389062919,119.44557389062919
0.890999972820282,0.10899999737739563,0.0,pair_rf_et,119.44887495878802,119.44887495878802
0.8920000195503235,0.1080000028014183,0.0,pair_rf_et,119.47348783063627,119.47348783063627
0.8930000066757202,0.10700000077486038,0.0,pair_rf_et,119.4981380502971,119.4981380502971
0.9509999752044678,0.0,0.04899999871850014,pair_rf_lgbm,119.5014650162354,119.5014650162354
0.8939999938011169,0.10599999874830246,0.0,pair_rf_et,119.52282149682108,119.52282149682108
0.8949999809265137,0.10499999672174454,0.0,pair_rf_et,119.54753827993115,119.54753827993115
0.9520000219345093,0.0,0.04800000041723251,pair_rf_lgbm,119.55742386236207,119.55742386236207
0.8960000276565552,0.10400000214576721,0.0,pair_rf_et,119.572284166648,119.572284166648
0.8970000147819519,0.10300000011920929,0.0,pair_rf_et,119.59706766551719,119.59706766551716
0.953000009059906,0.0,0.04699999839067459,pair_rf_lgbm,119.61345899155948,119.61345899155948
0.8980000019073486,0.10199999809265137,0.0,pair_rf_et,119.62188440863089,119.62188440863089
0.8989999890327454,0.10100000351667404,0.0,pair_rf_et,119.6467337915447,119.6467337915447
0.9539999961853027,0.0,0.04600000008940697,pair_rf_lgbm,119.66956515664631,119.66956515664631
0.8999999761581421,0.10000000149011612,0.0,pair_rf_et,119.6716171848947,119.6716171848947
0.9010000228881836,0.0989999994635582,0.0,pair_rf_et,119.69653026688286,119.69653026688286
0.9020000100135803,0.09799999743700027,0.0,pair_rf_et,119.72148008098218,119.72148008098218
0.9549999833106995,0.0,0.04500000178813934,pair_rf_lgbm,119.72574266210984,119.72574266210984
0.902999997138977,0.09700000286102295,0.0,pair_rf_et,119.74646268165137,119.74646268165137
0.9039999842643738,0.09600000083446503,0.0,pair_rf_et,119.7714790330751,119.7714790330751
0.9559999704360962,0.0,0.04399999976158142,pair_rf_lgbm,119.78199277226099,119.78199277226099
0.9049999713897705,0.0949999988079071,0.0,pair_rf_et,119.79652905296386,119.79652905296386
0.906000018119812,0.09399999678134918,0.0,pair_rf_et,119.8216088915741,119.8216088915741
0.9570000171661377,0.0,0.0430000014603138,pair_rf_lgbm,119.83831068701485,119.83831068701485
0.9070000052452087,0.09300000220537186,0.0,pair_rf_et,119.84672457439821,119.84672457439821
0.9079999923706055,0.09200000017881393,0.0,pair_rf_et,119.8718740038125,119.8718740038125
0.9580000042915344,0.0,0.041999999433755875,pair_rf_lgbm,119.89470484548978,119.89470484548978
0.9089999794960022,0.09099999815225601,0.0,pair_rf_et,119.89705717684436,119.89705717684436
0.9100000262260437,0.09000000357627869,0.0,pair_rf_et,119.92226958728024,119.92226958728024
0.9110000133514404,0.08900000154972076,0.0,pair_rf_et,119.94751903549138,119.94751903549138
0.9589999914169312,0.0,0.04100000113248825,pair_rf_lgbm,119.95116952795941,119.95116952795941
0.9120000004768372,0.08799999952316284,0.0,pair_rf_et,119.97280190564777,119.97280190564777
0.9129999876022339,0.08699999749660492,0.0,pair_rf_et,119.99811804574084,119.99811804574084
0.9599999785423279,0.0,0.03999999910593033,pair_rf_lgbm,120.00770683728786,120.00770683728786
0.9139999747276306,0.0860000029206276,0.0,pair_rf_et,120.02346710629168,120.02346710629168
0.9150000214576721,0.08500000089406967,0.0,pair_rf_et,120.0488465237304,120.0488465237304
0.9610000252723694,0.0,0.039000000804662704,pair_rf_lgbm,120.06431186575935,120.06431186575934
0.9160000085830688,0.08399999886751175,0.0,pair_rf_et,120.07426249474956,120.07426249474956
0.9169999957084656,0.08299999684095383,0.0,pair_rf_et,120.09971229440036,120.09971229440036
0.9620000123977661,0.0,0.03799999877810478,pair_rf_lgbm,120.1209925700136,120.1209925700136
0.9179999828338623,0.0820000022649765,0.0,pair_rf_et,120.12519418070949,120.12519418070949
0.9190000295639038,0.08100000023841858,0.0,pair_rf_et,120.15070666066211,120.15070666066211
0.9200000166893005,0.07999999821186066,0.0,pair_rf_et,120.17625602157045,120.17625602157045
0.9629999995231628,0.0,0.03700000047683716,pair_rf_lgbm,120.17774504051924,120.17774504051924
0.9210000038146973,0.07900000363588333,0.0,pair_rf_et,120.20183814654274,120.20183814654274
0.921999990940094,0.07800000160932541,0.0,pair_rf_et,120.22745409061375,120.22745409061375
0.9639999866485596,0.0,0.035999998450279236,pair_rf_lgbm,120.23456943779911,120.23456943779911
0.9229999780654907,0.07699999958276749,0.0,pair_rf_et,120.25310328965011,120.25310328965011
0.9240000247955322,0.07599999755620956,0.0,pair_rf_et,120.27878232015921,120.27878232015921
0.9649999737739563,0.0,0.03500000014901161,pair_rf_lgbm,120.29146502013221,120.29146502013221
0.925000011920929,0.07500000298023224,0.0,pair_rf_et,120.304497573024,120.304497573024
0.9259999990463257,0.07400000095367432,0.0,pair_rf_et,120.33024680653267,120.33024680653267
0.9660000205039978,0.0,0.03400000184774399,pair_rf_lgbm,120.34842898696641,120.34842898696641
0.9269999861717224,0.0729999989271164,0.0,pair_rf_et,120.35602928360098,120.35602928360098
0.9279999732971191,0.07199999690055847,0.0,pair_rf_et,120.38184501652135,120.38184501652135
0.9670000076293945,0.0,0.032999999821186066,pair_rf_lgbm,120.40546887666751,120.40546887666751
0.9290000200271606,0.07100000232458115,0.0,pair_rf_et,120.40768983226843,120.40768983226843
0.9300000071525574,0.07000000029802322,0.0,pair_rf_et,120.43357217136953,120.43357217136953
0.9309999942779541,0.0689999982714653,0.0,pair_rf_et,120.4594878674239,120.4594878674239
0.9679999947547913,0.0,0.03200000151991844,pair_rf_lgbm,120.46258067389454,120.46258067389454
0.9319999814033508,0.06800000369548798,0.0,pair_rf_et,120.48543613665807,120.48543613665807
0.9330000281333923,0.06700000166893005,0.0,pair_rf_et,120.51141479728024,120.51141479728024
0.968999981880188,0.0,0.03099999949336052,pair_rf_lgbm,120.51976378828138,120.51976378828138
0.9340000152587891,0.06599999964237213,0.0,pair_rf_et,120.53743040812314,120.53743040812314
0.9350000023841858,0.06499999761581421,0.0,pair_rf_et,120.56347917908397,120.56347917908397
0.9700000286102295,0.0,0.029999999329447746,pair_rf_lgbm,120.57701520979182,120.57701520979182
0.9359999895095825,0.06400000303983688,0.0,pair_rf_et,120.5895606544505,120.5895606544505
0.9369999766349792,0.06300000101327896,0.0,pair_rf_et,120.61567629459773,120.61567629459773
0.9710000157356262,0.0,0.028999999165534973,pair_rf_lgbm,120.63434177431799,120.63434177431799
0.9380000233650208,0.06199999898672104,0.0,pair_rf_et,120.64182155095327,120.64182155095327
0.9390000104904175,0.061000000685453415,0.0,pair_rf_et,120.6680029582815,120.6680029582815
0.972000002861023,0.0,0.02800000086426735,pair_rf_lgbm,120.69173977700291,120.69173977700291
0.9399999976158142,0.05999999865889549,0.0,pair_rf_et,120.69421860400126,120.69421860400126
0.9409999847412109,0.05900000035762787,0.0,pair_rf_et,120.72046711917037,120.72046711917037
0.9419999718666077,0.057999998331069946,0.0,pair_rf_et,120.74674907995406,120.74674907995406
0.9729999899864197,0.0,0.027000000700354576,pair_rf_lgbm,120.74921085439838,120.74921085439838
0.9430000185966492,0.05700000002980232,0.0,pair_rf_et,120.77306030246373,120.77306030246373
0.9440000057220459,0.0560000017285347,0.0,pair_rf_et,120.79940845867186,120.79940845867186
0.9739999771118164,0.0,0.026000000536441803,pair_rf_lgbm,120.80675271882154,120.80675271882154
0.9449999928474426,0.054999999701976776,0.0,pair_rf_et,120.82579047527919,120.82579047527919
0.9459999799728394,0.05400000140070915,0.0,pair_rf_et,120.8522052054111,120.8522052054111
0.9750000238418579,0.0,0.02500000037252903,pair_rf_lgbm,120.86436312451539,120.86436312451539
0.9470000267028809,0.05299999937415123,0.0,pair_rf_et,120.87865008034828,120.87865008034828
0.9480000138282776,0.052000001072883606,0.0,pair_rf_et,120.90513183756977,120.90513183756977
0.9760000109672546,0.0,0.024000000208616257,pair_rf_lgbm,120.9220484720108,120.9220484720108
0.9490000009536743,0.050999999046325684,0.0,pair_rf_et,120.93164654783396,120.93164654783396
0.949999988079071,0.05000000074505806,0.0,pair_rf_et,120.95819469485757,120.95819469485757
0.9769999980926514,0.0,0.023000000044703484,pair_rf_lgbm,120.97980603858566,120.97980603858566
0.9509999752044678,0.04899999871850014,0.0,pair_rf_et,120.98477665337475,120.98477665337475
0.9520000219345093,0.04800000041723251,0.0,pair_rf_et,121.01138765094035,121.01138765094035
0.9779999852180481,0.0,0.02199999988079071,pair_rf_lgbm,121.03763559735053,121.03763559735053
0.953000009059906,0.04699999839067459,0.0,pair_rf_et,121.03803578908578,121.03803578908578
0.9539999961853027,0.04600000008940697,0.0,pair_rf_et,121.0647171723469,121.0647171723469
0.9549999833106995,0.04500000178813934,0.0,pair_rf_et,121.09143159523249,121.09143159523249
0.9789999723434448,0.0,0.020999999716877937,pair_rf_lgbm,121.09553655599728,121.09553655599728
0.9559999704360962,0.04399999976158142,0.0,pair_rf_et,121.11817973332226,121.11817973332226
0.9570000171661377,0.0430000014603138,0.0,pair_rf_et,121.1449574589648,121.1449574589648
0.9800000190734863,0.0,0.019999999552965164,pair_rf_lgbm,121.1535059093308,121.1535059093308
0.9580000042915344,0.041999999433755875,0.0,pair_rf_et,121.1717722968477,121.1717722968477
0.9589999914169312,0.04100000113248825,0.0,pair_rf_et,121.19861979297835,121.19861979297835
0.9810000061988831,0.0,0.01899999938905239,pair_rf_lgbm,121.21155022511556,121.21155022511556
0.9599999785423279,0.03999999910593033,0.0,pair_rf_et,121.22550135627878,121.22550135627878
0.9610000252723694,0.039000000804662704,0.0,pair_rf_et,121.2524119811335,121.25241198113348
0.9819999933242798,0.0,0.017999999225139618,pair_rf_lgbm,121.26966654537024,121.26966654537024
0.9620000123977661,0.03799999877810478,0.0,pair_rf_et,121.27936023829203,121.27936023829203
0.9629999995231628,0.03700000047683716,0.0,pair_rf_et,121.30634116080257,121.30634116080257
0.9829999804496765,0.0,0.017000000923871994,pair_rf_lgbm,121.32785514583851,121.32785514583851
0.9639999866485596,0.035999998450279236,0.0,pair_rf_et,121.33335562182398,121.33335562182398
0.9649999737739563,0.03500000014901161,0.0,pair_rf_et,121.36040323666516,121.36040323666516
0.984000027179718,0.0,0.01600000075995922,pair_rf_lgbm,121.38611163382312,121.38611163382312
0.9660000205039978,0.03400000184774399,0.0,pair_rf_et,121.3874805843284,121.3874805843284
0.9670000076293945,0.032999999821186066,0.0,pair_rf_et,121.41459506944508,121.41459506944508
0.9679999947547913,0.03200000151991844,0.0,pair_rf_et,121.4417426977025,121.4417426977025
0.9850000143051147,0.0,0.014999999664723873,pair_rf_lgbm,121.44444335797628,121.44444335797628
0.968999981880188,0.03099999949336052,0.0,pair_rf_et,121.46892379047908,121.46892379047908
0.9700000286102295,0.029999999329447746,0.0,pair_rf_et,121.49613444655927,121.49613444655927
0.9860000014305115,0.0,0.014000000432133675,pair_rf_lgbm,121.50284688827921,121.50284688827921
0.9710000157356262,0.028999999165534973,0.0,pair_rf_et,121.52338193774476,121.52338193774476
0.972000002861023,0.02800000086426735,0.0,pair_rf_et,121.55066255785944,121.55066255785944
0.9869999885559082,0.0,0.013000000268220901,pair_rf_lgbm,121.56132183064067,121.56132183064067
0.9729999899864197,0.027000000700354576,0.0,pair_rf_et,121.57797673081853,121.57797673081853
0.9739999771118164,0.026000000536441803,0.0,pair_rf_et,121.60532412688326,121.60532412688326
0.9879999756813049,0.0,0.012000000104308128,pair_rf_lgbm,121.61986975297086,121.61986975297086
0.9750000238418579,0.02500000037252903,0.0,pair_rf_et,121.63270140101828,121.63270140101828
0.9760000109672546,0.024000000208616257,0.0,pair_rf_et,121.6601154575327,121.6601154575327
0.9890000224113464,0.0,0.010999999940395355,pair_rf_lgbm,121.67848499632152,121.67848499632152
0.9769999980926514,0.023000000044703484,0.0,pair_rf_et,121.68756286817614,121.68756286817614
0.9779999852180481,0.02199999988079071,0.0,pair_rf_et,121.71504325328435,121.71504325328435
0.9900000095367432,0.0,0.009999999776482582,pair_rf_lgbm,121.73717542326288,121.73717542326288
0.9789999723434448,0.020999999716877937,0.0,pair_rf_et,121.74255718035785,121.74255718035785
0.9800000190734863,0.019999999552965164,0.0,pair_rf_et,121.77010113860935,121.77010113860935
0.9909999966621399,0.0,0.008999999612569809,pair_rf_lgbm,121.79593807415174,121.79593807415174
0.9810000061988831,0.01899999938905239,0.0,pair_rf_et,121.79768151981499,121.79768151981499
0.9819999933242798,0.017999999225139618,0.0,pair_rf_et,121.8252953610907,121.8252953610907
0.9829999804496765,0.017000000923871994,0.0,pair_rf_et,121.85294222204158,121.85294222204158
0.9919999837875366,0.0,0.00800000037997961,pair_rf_lgbm,121.85477204463345,121.85477204463345
0.984000027179718,0.01600000075995922,0.0,pair_rf_et,121.8806191957533,121.8806191957533
0.9850000143051147,0.014999999664723873,0.0,pair_rf_et,121.90833305837356,121.90833305837356
0.9929999709129333,0.0,0.007000000216066837,pair_rf_lgbm,121.91367877507994,121.91367877507994
0.9860000014305115,0.014000000432133675,0.0,pair_rf_et,121.93608021323593,121.93608021323593
0.9869999885559082,0.013000000268220901,0.0,pair_rf_et,121.9638603281083,121.9638603281083
0.9940000176429749,0.0,0.006000000052154064,pair_rf_lgbm,121.97265324852674,121.97265324852674
0.9879999756813049,0.012000000104308128,0.0,pair_rf_et,121.99167417005417,121.99167417005417
0.9890000224113464,0.010999999940395355,0.0,pair_rf_et,122.0195173644597,122.0195173644597
0.9950000047683716,0.0,0.004999999888241291,pair_rf_lgbm,122.03170269043844,122.03170269043844
0.9900000095367432,0.009999999776482582,0.0,pair_rf_et,122.0473975729801,122.0473975729801
0.9909999966621399,0.008999999612569809,0.0,pair_rf_et,122.07531128733221,122.07531128733221
0.9959999918937683,0.0,0.004000000189989805,pair_rf_lgbm,122.09082388246708,122.09082388246708
0.9919999837875366,0.00800000037997961,0.0,pair_rf_et,122.10325798306968,122.10325798306968
0.9929999709129333,0.007000000216066837,0.0,pair_rf_et,122.13123811834134,122.13123811834134
0.996999979019165,0.0,0.003000000026077032,pair_rf_lgbm,122.15001701726264,122.15001701726264
0.9940000176429749,0.006000000052154064,0.0,pair_rf_et,122.15924816230206,122.15924816230206
0.9950000047683716,0.004999999888241291,0.0,pair_rf_et,122.18729478723144,122.18729478723144
0.9980000257492065,0.0,0.0020000000949949026,pair_rf_lgbm,122.2092792582765,122.2092792582765
0.9959999918937683,0.004000000189989805,0.0,pair_rf_et,122.21537496565779,122.21537496565779
0.996999979019165,0.003000000026077032,0.0,pair_rf_et,122.243488101095,122.243488101095
0.9990000128746033,0.0,0.0010000000474974513,pair_rf_lgbm,122.26861596880364,122.26861596880364
0.9980000257492065,0.0020000000949949026,0.0,pair_rf_et,122.27163132723997,122.27163132723997
0.9990000128746033,0.0010000000474974513,0.0,pair_rf_et,122.29981118351836,122.29981118351836
1.0,0.0,0.0,pure_rf,122.32802443795697,122.32802443795697
