old_resid_weight,new_resid_weight,oof_mse_clipped,gain_vs_current_anchor_oof,gain_vs_standalone_new_oof,min_fold_gain_vs_current,mean_fold_gain_vs_current,max_fold_gain_vs_current,fold_mse_std,test_mean,test_std,test_min,test_max
0.025,0.875,85.64738488864343,1.4886638599392512,0.0520108175824987,1.181558077853552,1.4886625270763205,1.776519306526808,2.075271181994304,54.14271659324015,24.913286128658722,0.0,100.0
-0.025,0.9,85.64759597776722,1.4884527708154565,0.05179972845870395,1.1751736263441046,1.4884513733370852,1.777795873826733,2.0769366828408353,54.143402885222095,24.91207969460651,0.0,100.0
0.0,0.875,85.64772239733067,1.488326351252013,0.05167330889526056,1.1828159073538984,1.4883249766656406,1.770612997035741,2.071574531956078,54.141995271482756,24.901855289177128,0.0,100.0
0.0,0.9,85.6477587513483,1.488289997234375,0.05163695487762254,1.1734050177448125,1.488288641213424,1.7833088174383107,2.0806669340853396,54.14411824414916,24.923506550722237,0.0,100.0
0.05,0.875,85.64880451959053,1.4872442289921537,0.050591186635401186,1.178658856234037,1.4872429377162917,1.780494720387054,2.078763435640781,54.14343192432247,24.924725548239575,0.0,100.0
-0.05,0.9,85.64919082126974,1.4868579273129399,0.05020488495618736,1.1752957937159039,1.486856488205055,1.7703438298441228,2.0730005210450937,54.14268108460822,24.90066014514543,0.0,100.0
0.05,0.85,85.6494977465578,1.486551002024882,0.04989795966812949,1.187349588154433,1.4865496924235544,1.7671495432619793,2.069889520181875,54.14130452250183,24.903074251377276,0.0,100.0
0.025,0.9,85.64967162588346,1.4863771226992242,0.049724080342471666,1.1699922054996676,1.4863758081940035,1.786899843045461,2.084213201725171,54.14482893801653,24.934944415729188,0.0,100.0
-0.025,0.875,85.64982327345083,1.486225475131846,0.04957243277509349,1.1824323103183332,1.4862240587711626,1.7627587041802713,2.067672618042329,54.14126999995106,24.890436808990113,0.0,100.0
-0.05,0.925,85.64994422307188,1.4861045255107967,0.04945148315404424,1.1651342568450218,1.4861031052945237,1.7824286688493771,2.0823398373969604,54.14480064832513,24.92231579368428,0.0,100.0
0.025,0.85,85.6503222170573,1.485726531525387,0.04907348916863441,1.1881325354397632,1.4857251801505071,1.7608466288454991,2.066240516920817,54.140579576452524,24.891642882635935,0.0,100.0
0.075,0.85,85.65043547337011,1.4856132752125717,0.048960232855819186,1.1849188766741605,1.48561200733009,1.7715146588145245,2.0733366746169146,54.142024325098525,24.914514785064945,0.0,100.0
-0.025,0.925,85.6505898305166,1.4854589180660867,0.048805875709334146,1.1629000108618897,1.4854575391124996,1.7875420541004559,2.086108602506491,54.145511365873226,24.933743072693126,0.0,100.0
-0.075,0.925,85.6510539558278,1.4849947927548754,0.04834175039812294,1.1657293161876368,1.4849933310702965,1.7753697552879117,2.0783611238903514,54.14408421136884,24.91089708908709,0.0,100.0
0.075,0.875,85.65198270473772,1.4840660438449618,0.04741300148820926,1.1741137880089099,1.4840647941413407,1.7825529435560696,2.082058721917531,54.144138872351355,24.936169124849034,0.0,100.0
-0.075,0.9,85.65255162504964,1.4834971235330414,0.04684408117628891,1.1737680913053197,1.483495642728144,1.7609438299559201,2.0688585171394887,54.14195365020843,24.889247997260533,0.0,100.0
0.0,0.85,85.65289988957964,1.4831488590030375,0.04649581664628499,1.1872646041132668,1.483147465953067,1.7525961371251952,2.0623701217303965,54.139850173944254,24.880221490485777,0.0,100.0
0.0,0.925,85.65298732248749,1.4830614260951904,0.04640838373843792,1.159028316466177,1.4830600883158696,1.7907440734766311,2.089678298264181,54.14621264704298,24.945170761373973,0.0,100.0
0.1,0.85,85.65312665069081,1.4829220978918727,0.046269055535120174,1.1808457561157013,1.4829208716257427,1.7739697331575144,2.0765856480563647,54.142738902818635,24.92596529758546,0.0,100.0
0.05,0.9,85.65332824822222,1.4827205003604575,0.04606745800370504,1.1649582203408073,1.4827192271736096,1.7885817617114697,2.087555497982673,54.145530070078614,24.946384260328877,0.0,100.0
-0.05,0.875,85.65366555416367,1.4823831944190147,0.045730152062262164,1.1804320960645498,1.482381736452845,1.7529566834116252,2.063565441315498,54.14053821422748,24.879025986966777,0.0,100.0
-0.1,0.925,85.65391602932044,1.482132719262239,0.0454796769054866,1.1646762732305547,1.4821312159955766,1.7663638435366096,2.074181537389801,54.14336179165556,24.89948696545524,0.0,100.0
0.075,0.825,85.65411421383078,1.4819345347519004,0.04528149239514789,1.1907112511051992,1.4819332485553531,1.7551939424340048,2.0645340863982793,54.139884950743316,24.892871403533636,0.0,100.0
0.1,0.825,85.65456925171277,1.481479496869909,0.04482645451315648,1.188752628542204,1.4814782524264587,1.7599493395095607,2.067933046910093,54.140608471855266,24.90431421522069,0.0,100.0
-0.075,0.95,85.65473009539156,1.4813186531911242,0.044665610834371705,1.1527771049733389,1.4813172103201027,1.7844858935436605,2.087749953006518,54.14618533172876,24.932556766454436,0.0,100.0
-0.1,0.95,85.65535043380603,1.480698314776646,0.04404527241989342,1.1538615274480435,1.4806968307612949,1.7778226656722467,2.083741274917528,54.14547409457358,24.921140287418602,0.0,100.0
0.05,0.825,85.65540645453505,1.4806422940476267,0.0439892516908742,1.191020542133998,1.4806409662359585,1.7484949555418723,2.0609132643809303,54.13915617929647,24.88143855429949,0.0,100.0
-0.05,0.95,85.65587101067305,1.480177737909628,0.043524695552875414,1.1500465844404033,1.4801763361048443,1.7892047902405892,2.091550561430777,54.146887812726426,24.943976729222204,0.0,100.0
0.125,0.825,85.65677904805597,1.4792697005267144,0.04261665816996185,1.185144692070594,1.4792684978245405,1.762802046480843,2.0711381575986723,54.141327350645774,24.915768088295533,0.0,100.0
0.1,0.875,85.65691621095382,1.4791325376288569,0.04247949527210437,1.1679215968946295,1.4791313294908974,1.7827090965055135,2.0851614030700527,54.14483923213345,24.947620137271453,0.0,100.0
0.025,0.925,85.65713412959758,1.478914618985101,0.04226157662834851,1.153515539136876,1.4789133224414939,1.7920553698623962,2.0930616005530247,54.14690592711157,24.956603291348383,0.0,100.0
-0.025,0.85,85.65723241811136,1.478816330471318,0.04216328811456549,1.1847459073966746,1.4788148958371494,1.7423977413706666,2.0582922115099076,54.13911433980081,24.868807918114626,0.0,100.0
0.125,0.85,85.65757887581728,1.4784698727654018,0.04181683040864925,1.1751252963237846,1.4784686880717572,1.7744952895431965,2.079635775090423,54.14344546898144,24.937420636388502,0.0,100.0
-0.1,0.9,85.65767427852771,1.4783744700549732,0.04172142769822074,1.1705906925752174,1.4783729475569942,1.7495962726204226,2.064507020687662,54.14122085768577,24.877845647176294,0.0,100.0
-0.125,0.95,85.65772806012995,1.478320688452726,0.04166764609597351,1.153304574129109,1.4783191631448773,1.7692131580122208,2.0795199158599638,54.144758077203136,24.909734627220246,0.0,100.0
0.025,0.825,85.65845756379878,1.477591184783904,0.04093814242715155,1.1896790415227088,1.4775898154211973,1.7398481348547392,2.057090651876606,54.13842102373608,24.87001360077873,0.0,100.0
-0.125,0.925,85.65853515764378,1.477513590938898,0.040860548582145384,1.1619987930242246,1.477512045928168,1.755410153167901,2.0697902601941647,54.14263326228765,24.888084905386407,0.0,100.0
0.075,0.9,85.65872924197376,1.4773195066089215,0.04066646425216902,1.1582963659120935,1.4773182747977471,1.7883635590268057,2.0907119240756056,54.14622151365311,24.957825832095132,0.0,100.0
-0.025,0.95,85.65875467817442,1.4772940704082629,0.040641028051510375,1.1456784775227504,1.4772927097879347,1.792041795996397,2.095172573221882,54.14758251722781,24.955401954023216,0.0,100.0
-0.075,0.875,85.65925808327923,1.4767906653034544,0.04013762294670187,1.1767791712698994,1.4767891658283276,1.7412112764796603,2.059242824325234,54.13979966315571,24.86762096796226,0.0,100.0
0.15,0.825,85.66073797150722,1.4753107770754639,0.03865773471871137,1.1798962882159714,1.4753096160509016,1.763715353077842,2.0741526114489193,54.142040003997394,24.927229970379045,0.0,100.0
0.125,0.8,85.66120527567804,1.474843472904638,0.03819043054788551,1.1901538102757883,1.4748422520479778,1.7457996180451687,2.0625589407726563,54.13918072392989,24.894120859658738,0.0,100.0
0.1,0.8,85.66121134441904,1.4748374041636367,0.038184361806884226,1.1916400272989591,1.4748361417644247,1.7406521590573476,2.0591888949471815,54.13845229397361,24.882675880128055,0.0,100.0
-0.15,0.95,85.66185791287374,1.4741908357089386,0.0375377933521861,1.1510985592659466,1.4741892686691187,1.7586565120455475,2.0750809606956286,54.14403537233501,24.898335460550964,0.0,100.0
-0.1,0.975,85.66196294964051,1.4740857989421698,0.03743275658541734,1.1380834283426822,1.4740843333713145,1.7839669495990194,2.093153365374607,54.14755295153562,24.94279676953606,0.0,100.0
-0.125,0.975,85.66209703544096,1.473951713141716,0.037298670784963406,1.1396385689384658,1.473950206399661,1.777697193185304,2.089098650484005,54.14684883126313,24.931386595449553,0.0,100.0
0.15,0.8,85.66291162888551,1.4731371196971708,0.03648407734041825,1.1870182953534112,1.4731359407608438,1.7490486495344726,2.0657450184268265,54.13990482614232,24.905577334742578,0.0,100.0
0.05,0.925,85.66298286260113,1.4730658859815549,0.03641284362480235,1.1463670753789899,1.4730646302065509,1.7914448659538493,2.0962616072097235,54.14758798736312,24.96803473013418,0.0,100.0
0.075,0.8,85.6629835561147,1.4730651924679847,0.03641215011123222,1.191474141860752,1.4730638885369047,1.7335567994307866,2.0556181618707026,54.13771772011271,24.87123916031259,0.0,100.0
0.0,0.825,85.66327425310101,1.4727744954816728,0.03612145312492032,1.1866837219272384,1.472773084587945,1.7292526018383967,2.053074042341002,54.13768167483309,24.85860060610084,0.0,100.0
-0.05,0.85,85.66332491195674,1.4727238366259456,0.03607079426919313,1.1805750601277794,1.4727223604649793,1.7302504549467699,2.0540262235250184,54.138373004337396,24.857403903776305,0.0,100.0
0.0,0.95,85.66336004450879,1.4726887040738887,0.036035661717136236,1.1397051767634991,1.4726873844590755,1.7929647977078673,2.0986057933628337,54.14826842474808,24.96682861824634,0.0,100.0
0.125,0.875,85.66357582018567,1.4724729283970106,0.0358198860402581,1.1600926732781431,1.4724717613648863,1.7809415433158051,2.0880662129241796,54.145529161109096,24.95907150314944,0.0,100.0
-0.075,0.975,85.66358913757357,1.4724596110091142,0.03580656865236165,1.1348839560640585,1.472458186560155,1.7883032919854145,2.0970052704474695,54.14825072199574,24.9542130779773,0.0,100.0
0.15,0.85,85.66378667908234,1.4722620695003457,0.03560902714359315,1.1677577711541858,1.4722609263567192,1.7731139605813553,2.082492749940486,54.144144739034076,24.948882097719295,0.0,100.0
-0.15,0.975,85.66398652118018,1.4720622274025033,0.035409185045750746,1.1395599162286771,1.4720606792880488,1.769483767079933,2.0848325117851063,54.14613647071532,24.91997891440541,0.0,100.0
-0.125,0.9,85.66453203427346,1.4715167143092174,0.03486367195246487,1.1657624564440283,1.4715151501808577,1.7363008257187573,2.0599376591868035,54.14048144379974,24.866450777412584,0.0,100.0
-0.15,0.925,85.66491915821133,1.4711295903713477,0.03447654801459521,1.1576794906279133,1.4711280036061454,1.7425090055265997,2.0651941388957455,54.141897239696526,24.87668871963079,0.0,100.0
0.1,0.9,85.6658363246,1.4702124239826873,0.03355938162593475,1.1500077191712421,1.4702112326071073,1.7862102688530967,2.0936540457305823,54.146901300163925,24.96926549530581,0.0,100.0
0.175,0.8,85.66637674683673,1.4696720017459484,0.03301895938919586,1.1822365622131201,1.4696708646865488,1.7503589456564868,2.068734635043329,54.140623439834684,24.917043300982648,0.0,100.0
0.175,0.825,85.66644157372441,1.4696071748582682,0.03295413250151569,1.1730014298091476,1.4696060555459867,1.7627073227240828,2.076989143720199,54.142746413501264,24.938697590595364,0.0,100.0
0.05,0.8,85.6665222912929,1.4695264572897742,0.03287341493302165,1.1896545141933643,1.4695251118320158,1.7245127098537978,2.051851661307336,54.136978411963206,24.85981339056582,0.0,100.0
-0.1,0.875,85.66660963918068,1.4694391094020034,0.03278606704525089,1.171474725398241,1.4694375683869878,1.7275180481043577,2.0547275832457,54.13905795013651,24.856226832014304,0.0,100.0
-0.05,0.975,85.6669501166373,1.4690986319453856,0.032445589588633084,1.1300606001822615,1.4690972487544856,1.7907736355113713,2.1006805741379457,54.14894097004994,24.965635108072522,0.0,100.0
-0.175,0.975,85.6676398917143,1.468408856868379,0.03175581451162657,1.137844035947296,1.4684072673827302,1.7593245315538013,2.080360206272028,54.14541974867959,24.908582678554904,0.0,100.0
-0.175,0.95,85.66775338218507,1.4682953663976122,0.03164232404085965,1.1472504489604916,1.4682937575845272,1.7461530185632768,2.0704361000304385,54.14330475625018,24.88694044442169,0.0,100.0
0.025,0.95,85.66968376166199,1.466364986920695,0.02971194456394244,1.1321225641498813,1.4663637076339484,1.7919566443359543,2.1018223109049146,54.14894334559007,24.978252216988096,0.0,100.0
-0.025,0.825,85.66986291035971,1.4661858382229696,0.029532795866217043,1.1820339975047887,1.466184385775429,1.7167077310283503,2.0488548211383084,54.136938964552535,24.84720112903507,0.0,100.0
0.15,0.775,85.67028520138622,1.4657635471964596,0.02911050483970712,1.189120635182391,1.4657623505619426,1.7290666072081535,2.057238859363794,54.13774297660011,24.8839395374337,0.0,100.0
0.075,0.925,85.67056694556298,1.4654818030196992,0.028828760662946706,1.1376039406660539,1.4654805876456494,1.7889025250869963,2.0992480340277253,54.14826029468149,24.979467748206396,0.0,100.0
0.125,0.775,85.67080146154306,1.4652472870396167,0.0285942446828642,1.190129751708369,1.4652460487238443,1.7235209673877563,2.053887557064148,54.137007960210255,24.872489401187845,0.0,100.0
-0.075,0.85,85.67117917148967,1.4648695770930118,0.02821653473625929,1.174755419949335,1.4648680594229488,1.7161536504907673,2.0495677657850555,54.13762853923622,24.84601379304851,0.0,100.0
-0.15,1.0,85.6713142702173,1.4647344783653864,0.028081436008633887,1.1230673860972473,1.464732948835953,1.7749970416353449,2.0944583180553162,54.14821073769505,24.941631376745594,0.0,100.0
0.175,0.775,85.67152659692661,1.4645221516560696,0.027869109299317074,1.1864593641469412,1.4645209967444202,1.7327085730817942,2.060402580389531,54.138471415087714,24.895397189225605,0.0,100.0
0.2,0.8,85.67159879773413,1.4644499508485467,0.02779690849179417,1.175813504490975,1.464448855525049,1.7497312852090943,2.0715192144731907,54.141335002159806,24.92851585912367,0.0,100.0
-0.125,1.0,85.671673138416,1.4643756101666838,0.02772256780993132,1.121024080350665,1.4643741218787683,1.7808736264979785,2.0985650617031157,54.148908259656864,24.953036567550722,0.0,100.0
0.175,0.85,85.67169159948197,1.4643571491007066,0.02770410674395407,1.1587613589662027,1.4643560471196906,1.769802973293011,2.0851823705950667,54.14483372582489,24.96034417243748,0.0,100.0
0.025,0.8,85.67183190286596,1.4642168457167202,0.027563803359967665,1.1861805117161452,1.4642154587190164,1.7135193750416136,2.0478845849583087,54.1362375021563,24.848404372846556,0.0,100.0
0.15,0.875,85.67195731633497,1.464091432247713,0.02743838989096048,1.1506304843535986,1.4640903056094203,1.7772424787979872,2.090759169895794,54.146207331728526,24.970520562585442,0.0,100.0
-0.025,0.975,85.67201833397137,1.4640304146113152,0.027377372254562715,1.1236146261329907,1.4640290717328752,1.7913077956078638,2.1041375700125777,54.14961916396262,24.977054515698036,0.0,100.0
-0.175,1.0,85.67271815303054,1.4633305955521365,0.026677553195384007,1.1234650078932162,1.4633290247434303,1.7671781985960706,2.0901479760882613,54.147505290692564,24.930231194450986,0.0,100.0
-0.175,0.925,85.67304834814604,1.4630004004366413,0.02634735807988875,1.1517083574155862,1.4629987720748545,1.7276605454895844,2.0603671507396246,54.14115736914958,24.865305041862452,0.0,100.0
-0.2,0.975,85.67305145796844,1.4629972906142399,0.02634424825748738,1.1344808541823994,1.4629956594951152,1.7472184809965228,2.075676094164478,54.14469694683296,24.897194859176892,0.0,100.0
0.1,0.775,85.67307241161744,1.4629763369652409,0.026323294608488368,1.1894855191628864,1.462975057065114,1.7160280902517258,2.0503566659368495,54.13626978268795,24.861053103550976,0.0,100.0
-0.15,0.9,85.67315503969802,1.462893708884664,0.02624066652791157,1.1592806625804997,1.4628921031473396,1.7210573707474452,2.055173258803883,54.13973657095827,24.855065398396434,0.0,100.0
-0.1,1.0,85.67377165165614,1.4622770969265417,0.025624054569789223,1.1173669205932129,1.4622756498247127,1.784855841034414,2.102475391984751,54.14960014425263,24.964450953889624,0.0,100.0
0.2,0.825,85.67389641886875,1.4621523297139305,0.02549928735717799,1.1644642739352236,1.4621512521484306,1.7597893337666335,2.0796394297578917,54.14344443089243,24.950169306045627,0.0,100.0
0.2,0.775,85.67451378613639,1.4615349624462937,0.024881920089541154,1.1821504283003037,1.4615338494072176,1.7344178108234871,2.063342683858712,54.139195347619676,24.906864316012786,0.0,100.0
0.125,0.9,85.67469226892409,1.4613564796585905,0.024703437301837994,1.1401037074716243,1.4613553286992385,1.7821218729345247,2.0963958765083874,54.147571791288534,24.98070756518392,0.0,100.0
-0.2,0.95,85.67541175723434,1.4606369913483377,0.02398394899158518,1.1417686389554547,1.4606353407602768,1.7317018049110402,2.06558770955391,54.14256855029951,24.8755548195024,0.0,100.0
-0.125,0.875,85.67572670282486,1.4603220457578203,0.023669003401067812,1.1645173171090306,1.460320463120874,1.7118755775139363,2.0500107810020918,54.13831231130459,24.844844829931056,0.0,100.0
-0.2,1.0,85.67587886890587,1.4601698796768119,0.02351683732005938,1.1222196596775689,1.4601682675338963,1.757415060233157,2.085635427127265,54.14679125038844,24.918834816171174,0.0,100.0
0.075,0.775,85.67710341166283,1.4589453369198537,0.022292294563101223,1.1871869626205722,1.458944015497363,1.7065861452484796,2.0466410665797152,54.13552965678812,24.849632906496222,0.0,100.0
-0.075,1.0,85.67757198955745,1.4584767590252312,0.02182371666847871,1.1120865110257654,1.4584753524867438,1.7869429365077707,2.1061896821315838,54.15028271796666,24.97586776892861,0.0,100.0
0.05,0.95,85.6777395017954,1.4583092467872802,0.021656204430527737,1.1229264398331082,1.458308007708257,1.789024090931136,2.1048432847974974,54.149608667066474,24.98967737516696,0.0,100.0
-0.05,0.825,85.67822414313271,1.4578246054499715,0.021171563093218992,1.1757295539143513,1.4578231114229254,1.7022130556004242,2.0444322515135953,54.13619312587771,24.83581562150657,0.0,100.0
0.225,0.8,85.67857419809792,1.4574745504847613,0.02082150812800876,1.1677456765975194,1.4574734968549479,1.7471938164258916,2.0741117817481936,54.1420389134786,24.939991820583803,0.0,100.0
0.0,0.975,85.67881174929994,1.4572369992827419,0.020583956925989355,1.1155634790112998,1.4572356965844648,1.7899110533280123,2.1074005819579327,54.1502859630083,24.988472385715014,0.0,100.0
0.0,0.8,85.6789140770898,1.4571346714928808,0.020481629136128277,1.1810518072916096,1.457133242932727,1.7005765056881756,2.0437148197240598,54.13549430070256,24.8370108578642,0.0,100.0
0.225,0.775,85.67925396711126,1.456794781471416,0.020141739114663437,1.1762001043688883,1.4567937102605328,1.7341838598205896,2.0660825611303,54.13991446603842,24.918341062226386,0.0,100.0
0.1,0.925,85.67988963380922,1.456159114773456,0.019506072416703546,1.1272478308337668,1.4561579397558204,1.7844287124003841,2.102032644522251,54.148922924982145,24.990902463876026,0.0,100.0
-0.225,0.975,85.68021780709157,1.455830941491115,0.01917789913436252,1.1294679279055373,1.4558292685667111,1.7331650406354129,2.070784739473957,54.14396674090158,24.885813077449935,0.0,100.0
-0.1,0.85,85.68079333076837,1.455255417814314,0.018602375457561493,1.1673177446504752,1.4552538585319694,1.7001099425223742,2.044899042360245,54.136881728142036,24.834636661584216,0.0,100.0
-0.225,1.0,85.68080422762735,1.4552445209553326,0.018591478598580125,1.119335626078069,1.45524286747152,1.7457062091451547,2.0809168739880404,54.14607429837642,24.907452715718623,0.0,100.0
0.2,0.85,85.68132391383494,1.4547248347477364,0.018071792390983887,1.1481280576259962,1.4547237733426612,1.7645586411866958,2.087664868261111,54.14550918474664,24.971800872293976,0.0,100.0
0.175,0.75,85.68186452035192,1.4541842282307584,0.017531185874005928,1.185689780346138,1.4541830560480378,1.7097451539704451,2.0519509566414924,54.13629296553677,24.873767054810617,0.0,100.0
0.175,0.875,85.68207484058618,1.4539739079964988,0.01732086563974633,1.1395336818114572,1.4539728218630585,1.7716104172612717,2.093281559828099,54.14687693490121,24.98197320780462,0.0,100.0
0.2,0.75,85.68261696639135,1.4534317821913305,0.016778739834578005,1.183503054612899,1.453430651653943,1.713780383825224,2.055058761793843,54.13702818917124,24.885226912504393,0.0,100.0
0.15,0.75,85.68287004113454,1.4531787074481457,0.016525665091393194,1.1862293647297264,1.4531774936199013,1.7037978268689784,2.048650598290235,54.13555511567672,24.862320370539024,0.0,100.0
0.05,0.775,85.68290555023172,1.4531431983509577,0.016490155994205224,1.1832385799095277,1.4531418353933134,1.6951948618506236,2.0427234961079344,54.134787634326926,24.838228929226137,0.0,100.0
-0.2,0.925,85.68294230232031,1.4531064462623675,0.016453403905615005,1.1440858157130407,1.4531047763291554,1.7108672970283294,2.055341934150932,54.14041338711883,24.853931843896593,0.0,100.0
-0.175,1.025,85.68300586935871,1.4530428792239718,0.016389836867219287,1.1040890142866857,1.453041327214129,1.7697461192527157,2.099838101608439,54.149558567770406,24.9518812877708,0.0,100.0
0.225,0.825,85.68305969010257,1.4529890584801137,0.01633601612336122,1.1542986467702718,1.4529880217671205,1.7549349559726437,2.0820780983394593,54.14413075037226,24.96163902132528,0.0,100.0
-0.05,1.0,85.68309521486101,1.4529535337216686,0.01630049136491607,1.105208165797265,1.452952167337409,1.7870983375870537,2.1096903341867064,54.150952742935154,24.98727978242964,0.0,100.0
-0.175,0.9,85.68354455914059,1.4525041894420951,0.01585114708534263,1.1511473337666303,1.452502542110949,1.7038655599680936,2.0502117848816344,54.138990502287015,24.843697560256548,0.0,100.0
-0.15,1.025,85.68384053858068,1.4522082100019986,0.015555167645246115,1.1016117154306642,1.4522066992876916,1.7752567556967023,2.1039893235334644,54.15025274241365,24.963287285701735,0.0,100.0
-0.2,1.025,85.68392059200657,1.4521281565761086,0.015475114219356101,1.10496339082637,1.452126563336853,1.76231554051202,2.0954855626934887,54.148858120645315,24.940483222163746,0.0,100.0
-0.225,0.95,85.68481794397235,1.4512308046103328,0.014577762253580318,1.1346376837636996,1.4512291123509045,1.7153031726800805,2.060509344093876,54.14182850517234,24.864181834698474,0.0,100.0
0.225,0.75,85.68512882511966,1.4509199234630188,0.014266881106266283,1.1796746938165796,1.450918834584897,1.7158858899664295,2.05797319226359,54.13775751355271,24.89669440368599,0.0,100.0
0.15,0.9,85.685277686978,1.4507710616046836,0.014118019247931102,1.1285929924478353,1.450769951179413,1.7761031641187799,2.0989622443296794,54.148233587735895,24.99215312404514,0.0,100.0
0.125,0.75,85.6856430418208,1.4504057067618845,0.013752664405132009,1.185114653930441,1.4504044513015857,1.6959071832430652,2.0451544322957327,54.13481535436477,24.85088823642526,0.0,100.0
0.25,0.775,85.68574768172502,1.4503010668576621,0.013648024500909628,1.1686052194986587,1.4503000372848818,1.7320174386275227,2.0686191988462634,54.14062342279655,24.929818666191657,0.0,100.0
-0.125,1.025,85.68638693693312,1.4496618116495625,0.01300876929281003,1.0975044489256618,1.4496603417964735,1.7788624657981984,2.107949486771017,54.15093920636054,24.974696935852645,0.0,100.0
-0.225,1.025,85.68659766164973,1.449451086932953,0.012798044576200596,1.1041920677083823,1.4494494524302355,1.7529422143039,2.0909276090385647,54.14815288937972,24.92909595124317,0.0,100.0
-0.15,0.875,85.68660353645369,1.4494452121289925,0.012792169772239959,1.1559325229974746,1.4494435879326033,1.6942836799130845,2.0450979814625927,54.13756480513621,24.833479005446993,0.0,100.0
0.25,0.8,85.6872879630417,1.4487607855409834,0.012107743184230912,1.1580384589419737,1.4487597733831052,1.742729849172207,2.076513516146867,54.142734052960925,24.95147029805748,0.0,100.0
0.025,0.975,85.68735151275833,1.4486972358243548,0.012044193467602327,1.1058763863151455,1.4486959732768867,1.7865954757237716,2.1104697023981545,54.15094610811984,24.999895290115525,0.0,100.0
-0.25,1.0,85.68749024227996,1.4485585063027173,0.011905463945964812,1.1148037956510422,1.448556811279022,1.732051294995017,2.075987759350862,54.145351827097585,24.89607924293152,0.0,100.0
0.075,0.95,85.68752924631852,1.448519502264162,0.011866459907409421,1.1120998420281012,1.4485183034209086,1.7841677339028479,2.107683714759552,54.15026610101709,25.00110750324482,0.0,100.0
-0.025,0.8,85.68776666688515,1.4482820816975277,0.011629039340775194,1.1742773285836847,1.4482806115678641,1.685683437616433,2.0393420994507085,54.13474852621953,24.825632349035942,0.0,100.0
-0.075,0.825,85.68834166715378,1.4477070814289021,0.011054039072149635,1.1678296385490796,1.4477055458824537,1.6857681062548409,2.039805924245289,54.135444622666014,24.824444962184327,0.0,100.0
-0.25,0.975,85.68914830281567,1.4469004457670138,0.010247403410261313,1.1228058190995256,1.4468987310584283,1.717164634373617,2.0656910161372153,54.143231237462246,24.87444123820886,0.0,100.0
0.25,0.75,85.6893927078231,1.4466560407595779,0.01000299840282537,1.1741954036316145,1.4466549936304403,1.716047830552327,2.0606676916699382,54.13847950814964,24.90816784349925,0.0,100.0
0.1,0.75,85.69018429851475,1.4458644500679299,0.009211407711177344,1.1823452239331829,1.4458631529575143,1.6860673422940522,2.041460938062917,54.13407369573918,24.839472308671912,0.0,100.0
-0.025,1.0,85.69036929796097,1.4456794506217108,0.009026408264958263,1.0966932204573965,1.4456781243779944,1.7853248805261188,2.112994496093433,54.15161431498211,24.998693907515918,0.0,100.0
0.025,0.775,85.6904769324074,1.4455718161752742,0.008918773818521686,1.1776433485660505,1.4455704116840054,1.6818536180101233,2.0386055762937514,54.13404275877743,24.826839429202437,0.0,100.0
-0.1,1.025,85.69063538523639,1.4454133633462902,0.008760320989537718,1.0917807906591293,1.4454119336454538,1.7805639817694328,2.111703348453369,54.15161174491014,24.986100531831628,0.0,100.0
0.125,0.925,85.69092776664337,1.4451209819393114,0.00846793958255887,1.115284491229275,1.4451198473365081,1.7780269166861018,2.104648130139782,54.1495791148063,25.00234365351847,0.0,100.0
-0.25,1.025,85.69103576366977,1.445012984912907,0.008359942556154465,1.1017793318991096,1.4450113090747123,1.741624861343226,2.0861614975423395,54.147439028838946,24.917712429182462,0.0,100.0
-0.125,0.85,85.69215655341863,1.4438921951640538,0.007239152807301252,1.158335791905671,1.4438905943667322,1.6821186453277193,2.040016606772526,54.1361318927575,24.82327355008762,0.0,100.0
0.225,0.85,85.69268898570641,1.4433597628762698,0.006706720519517262,1.1358539937689187,1.443358742172228,1.757379201873107,2.0899837626281825,54.146176017052575,24.983261182535806,0.0,100.0
0.2,0.875,85.69390855228143,1.4421401963012528,0.005487153944500278,1.1268333292834143,1.4421391509138317,1.7640504475573522,2.09564921998782,54.14753418182876,24.993422608034948,0.0,100.0
0.25,0.825,85.69395710052332,1.4420916480593604,0.0054386057026079015,1.1424913184221595,1.4420906522464805,1.7481449337666106,2.084347805753564,54.14480269876886,24.97309951423253,0.0,100.0
0.275,0.775,85.69399481522709,1.442053933355595,0.005400890998842556,1.1593651480645804,1.4420529453841566,1.7279413240037087,2.0709627531697317,54.141324461389736,24.94130007388264,0.0,100.0
-0.225,0.925,85.6946063526553,1.4414423959273819,0.004789353570629373,1.1348097192169888,1.4414406844116656,1.692125483644901,2.050114729205285,54.13966722678362,24.842574384837775,0.0,100.0
0.275,0.75,85.69541142673492,1.4406373218477597,0.003984279491007214,1.1670718379728697,1.4406363164242464,1.71426703851877,2.063150250779306,54.13919673727457,24.919652085610526,0.0,100.0
-0.2,0.9,85.69568509079852,1.440363657784161,0.00371061542740847,1.1414591199368829,1.4403619689807101,1.6851050555431186,2.0450394554360094,54.138242393815744,24.832344987547337,0.0,100.0
0.2,0.725,85.6959365722469,1.4401121763357878,0.0034591339790353004,1.1798747879686715,1.440111028685351,1.687833529037917,2.046685872472197,54.13483737329178,24.86360950229151,0.0,100.0
-0.275,1.0,85.69593906190227,1.4401096866804153,0.003456644323662772,1.108622155289666,1.4401079500032523,1.7164488629585577,2.070850766209019,54.14462203465568,24.88471090907753,0.0,100.0
-0.25,0.95,85.69598177282302,1.4400669757596631,0.0034139334029106294,1.1258544463636895,1.4400652419027806,1.6969569520211536,2.0552339373698563,54.141083954031124,24.852820282440305,0.0,100.0
0.225,0.725,85.69619930760233,1.4398494409803533,0.0031963986236007713,1.1781627176366953,1.4398483349301074,1.6922603748936496,2.049739407485844,54.13557413774599,24.87506385518287,0.0,100.0
0.075,0.75,85.69647551383994,1.4395732347427384,0.0029201923859858425,1.17792084255845,1.4395718960613066,1.6742779458889316,2.037594382145797,54.13333037762864,24.82807305015049,0.0,100.0
-0.075,1.025,85.69663216740693,1.4394165811757489,0.0027635388189963805,1.0844236485205272,1.4394151916361921,1.780342181298849,2.1152639284566144,54.1522744367479,24.997505532751735,0.0,100.0
-0.2,1.05,85.69714158109785,1.4389071674848282,0.002254125128075657,1.082777381572626,1.4389055934357884,1.7619378346476964,2.1052707420404695,54.150898643955294,24.962143631782215,0.0,100.0
-0.275,1.025,85.6972387591766,1.4388099894060815,0.0021569470493290055,1.0977203999864287,1.4388082722204758,1.728361629042766,2.0811884501499502,54.146721568395925,24.906341930114593,0.0,100.0
0.175,0.725,85.69743596405331,1.4386127845293686,0.0019597421726160746,1.1799352220060797,1.4386115953229364,1.6814834031281833,2.0434403869575815,54.13409663052752,24.852167484517967,0.0,100.0
-0.225,1.05,85.69758243090405,1.4384663176786319,0.0018132753218793596,1.0840872161601567,1.4384647023811339,1.7548938279351916,2.1008689987684996,54.15020244012139,24.950747877349645,0.0,100.0
0.175,0.9,85.69758754769961,1.4384612008830686,0.001808158526316106,1.1154647811280114,1.4384601308932674,1.7681575034378625,2.101335803885678,54.14888518437753,25.00359938407881,0.0,100.0
0.05,0.975,85.69763197397809,1.4384167746045904,0.0017637322478378792,1.0945557245307782,1.4384155522494866,1.781351112763204,2.1133555639410955,54.15159946440552,25.011325171997758,0.0,100.0
0.275,0.8,85.69770818698353,1.4383405615991478,0.0016875192423952967,1.1467002687450218,1.438339590258397,1.736329801302304,2.078722176349043,54.14341754387521,24.96294563809614,0.0,100.0
0.25,0.725,85.69822488495696,1.4378238636257237,0.0011708212689711672,1.174798953564661,1.4378227991950212,1.6947628258480307,2.052601380328731,54.13630764368373,24.886531847375977,0.0,100.0
-0.05,0.8,85.69836723919511,1.4376815093875734,0.0010284670308209343,1.1659711929623597,1.4376799978378272,1.6688395894784236,2.03475654074528,54.13399799920831,24.814264843172168,0.0,100.0
-0.175,1.05,85.69842906084361,1.4376196877390726,0.0009666453823200527,1.0798392841000748,1.4376181548263987,1.7670865932148416,2.10948181612964,54.15158935878115,24.973548856639084,0.0,100.0
0.1,0.95,85.69904943320216,1.4369993153805183,0.0003462730237657752,1.099641060295241,1.4369981568956576,1.7773815838103673,2.110350499794985,54.150916241029186,25.012543671365627,0.0,100.0
-0.175,0.875,85.69923183495854,1.436816913624142,0.00016387126738948155,1.145798451364655,1.4368152479866467,1.67820110031451,2.039971974651718,54.136814304030075,24.822127356655713,0.0,100.0
0.0,1.0,85.69939570622593,1.4366530423567525,0.0,1.0865409605332985,1.4366517562084424,1.7816274612263499,2.116099723234787,54.15227159447206,25.01011909223955,0.0,100.0
-0.25,1.05,85.6997765838279,1.436272164754783,-0.000380877601969587,1.0837869547992085,1.4362705082176348,1.7459146193856583,2.096258705016364,54.14950134051351,24.939361542896517,0.0,100.0
0.0,0.775,85.69980156299695,1.436247185585728,-0.00040585677102455975,1.1704847914232772,1.436245739631434,1.6665617204213987,2.0342766396928527,54.13329591828832,24.81546606990962,0.0,100.0
-0.275,0.975,85.69983300175775,1.436215746824928,-0.0004372955318245886,1.1144955395155733,1.4362139904264324,1.6992169184642023,2.0603716006922355,54.14249129676504,24.86308094857353,0.0,100.0
-0.1,0.825,85.70020323673431,1.4358455118483704,-0.0008075305083821149,1.1583478798920623,1.4358439347516225,1.6673735324206973,2.0349755926126574,54.13469257875789,24.813086543591975,0.0,100.0
0.15,0.725,85.70070209515009,1.435346653432589,-0.0013063889241635707,1.1783409843483383,1.435345422640563,1.6731932647287238,2.0399974979685926,54.133354433240164,24.84074238873417,0.0,100.0
-0.15,1.05,85.70141718556044,1.4346315630222364,-0.0020214793345161297,1.0752792895891474,1.434630070379012,1.7703204979224125,2.1134815475310536,54.15226511224905,24.98494613380226,0.0,100.0
0.275,0.725,85.70201569536863,1.4340330532140513,-0.002619989142701229,1.169783210654188,1.4340320304048901,1.69532055271101,2.055269166222856,54.13703374820917,24.898005821195294,0.0,100.0
0.3,0.75,85.70317980100506,1.4328689475776173,-0.0037840947791352164,1.1583030166656698,1.4328679838023022,1.7105662004230169,2.0654450023144943,54.139904344524766,24.93113816946274,0.0,100.0
0.15,0.925,85.70371359372989,1.4323351548527938,-0.004317887503958673,1.101695994173511,1.43233406066538,1.7696965310786084,2.1070676003790285,54.15022457258228,25.013783659466842,0.0,100.0
-0.275,1.05,85.7037225662071,1.4323261823755757,-0.004326859981176767,1.0818619122357802,1.4323244844299894,1.7349922496359795,2.091434605413355,54.14879619848568,24.927983918189547,0.0,100.0
0.3,0.775,85.70395556282307,1.4320931857596122,-0.0045598565971403104,1.1484895001889583,1.4320922389245623,1.7219316914996199,2.0731223229608164,54.14201589957092,24.95278291899604,0.0,100.0
-0.05,1.025,85.70438302908867,1.4316657194940063,-0.0049873228627461685,1.0754280489433938,1.4316643700721983,1.77819232851094,2.1186241058582724,54.152933146680084,25.008922665727283,0.0,100.0
0.05,0.75,85.70453152022621,1.4315172283564692,-0.00513581400028329,1.1718828546478477,1.4315158481333412,1.660538042454732,2.0335218285157395,54.132585037927846,24.816689816141455,0.0,100.0
-0.3,1.025,85.70519962661444,1.4308491219682367,-0.005803920388515849,1.092021052449013,1.4308473632422192,1.7131562763471209,2.0760043070978242,54.145999881461506,24.894978886432984,0.0,100.0
-0.15,0.85,85.70528600192317,1.4307627466595108,-0.005890295697241754,1.147721772183857,1.4307611043662831,1.6687638807627962,2.034930848504099,54.13537877298439,24.81192417670322,0.0,100.0
0.125,0.725,85.70573592526438,1.4303128233183031,-0.006340219038449391,1.1750917368305096,1.4303115508453317,1.6629555669425287,2.036349273187803,54.132611637294154,24.829333658359207,0.0,100.0
0.25,0.85,85.70579628501059,1.4302524635720886,-0.006400578784663935,1.1219685103511239,1.4302514836308746,1.748297152017571,2.0921132820470287,54.146829399292685,24.994716225610635,0.0,100.0
-0.125,1.05,85.70614660901288,1.4299021395698048,-0.006750902786947677,1.069081502167549,1.429900687097657,1.7716484181405434,2.1172882587458908,54.15292962800505,24.996341885241275,0.0,100.0
-0.3,1.0,85.70614856710768,1.4299001814750056,-0.006752860881746869,1.100788958311611,1.4298984029917476,1.6988985044272198,2.065505602702311,54.14388719685911,24.87335295112078,0.0,100.0
0.275,0.825,85.70659137878249,1.4294573698001898,-0.007195672556562727,1.1290436483144788,1.4294564146961903,1.7394461945274742,2.086427893421937,54.145467918111244,24.984566450254874,0.0,100.0
0.225,0.875,85.70747297243027,1.4285757761524138,-0.008077266204338684,1.1125186215858633,1.4285747714022734,1.7545887205096165,2.0978240471371437,54.148184229642496,25.004878199488285,0.0,100.0
0.3,0.725,85.70756290232868,1.4284858462540058,-0.008167196102746743,1.1631167334500958,1.4284848651294682,1.6939353716937973,2.0577237263566586,54.13775478720765,24.90948883593547,0.0,100.0
-0.25,0.925,85.70800733267934,1.428041415903337,-0.00861162645341551,1.1240236940963229,1.428039663019905,1.6820692854626316,2.044679419986865,54.138918617352665,24.831232188123472,0.0,100.0
-0.275,0.95,85.70890725562786,1.4271414929548172,-0.009511549401935326,1.1154644663036066,1.427139717543983,1.6844340332884542,2.049748918418849,54.14033681878679,24.84147373106349,0.0,100.0
-0.3,1.05,85.7094246641716,1.426624084411074,-0.010028957945678485,1.0782972711138257,1.4266223448164141,1.722124821420337,2.0863977091769876,54.148084472482076,24.916609094071234,0.0,100.0
-0.225,0.9,85.70958232391423,1.4264664246684475,-0.010186617688304977,1.1301843846638633,1.4264646944738928,1.6772062185443701,2.0396544975097366,54.1374913930845,24.821003869439807,0.0,100.0
0.075,0.975,85.70963555203839,1.4264131965442886,-0.010239845812463955,1.0816451133861307,1.426412014512286,1.7741781271592885,2.1160646342960883,54.15224206962624,25.022754022720573,0.0,100.0
0.3,0.8,85.70986741830174,1.42618133028094,-0.010471712075812434,1.1337192628887465,1.426180399824591,1.7280199563569312,2.080757891227123,54.14408996627587,24.974418876158452,0.0,100.0
0.025,1.0,85.71014502097329,1.4259037276093949,-0.01074931474735763,1.0747676889631776,1.4259024817137174,1.7760040346478831,2.11904146792132,54.15291842118217,25.021543288414406,0.0,100.0
-0.075,0.8,85.71073579967862,1.4253129489040646,-0.011340093452687938,1.1560117381594353,1.4253113958297576,1.6503844786298032,2.0299663568768502,54.133244496316756,24.802911647768084,0.0,100.0
-0.025,0.775,85.71089086714963,1.4251578814330514,-0.011495160923701064,1.161711615502412,1.4251563940377139,1.649320358413945,2.0297410592072254,54.132544515553285,24.804104077037753,0.0,100.0
0.2,0.9,85.71162202569776,1.4244267228849168,-0.012226319471835723,1.100709677757365,1.4244256934599775,1.758312524760271,2.103543264772945,54.14952649358329,25.01504616412492,0.0,100.0
-0.3,0.975,85.71227453387284,1.4237742147098373,-0.01287882764691517,1.1045378275877198,1.4237724166977443,1.684342127511016,2.054840617208585,54.1417468594564,24.851732120533804,0.0,100.0
0.25,0.7,85.7122856912809,1.4237630573017839,-0.012889985054968633,1.170382092563571,1.4237619758782416,1.6681477080064013,2.044443738630861,54.13411422336164,24.86492301705612,0.0,100.0
0.125,0.95,85.71231894714838,1.4237298014343054,-0.012923240922447121,1.0855571141570408,1.4237286832910598,1.7686674113067653,2.1128194072970023,54.15155452750122,25.023977492266543,0.0,100.0
0.225,0.7,85.71250975204805,1.4235389965346315,-0.013114045822121057,1.1716141694499527,1.423537873502346,1.6633290439220048,2.041439860319135,54.13337535902177,24.853471878943296,0.0,100.0
0.1,0.725,85.71254256655249,1.423506182030195,-0.01314686032655743,1.1701873029102359,1.4235048678486522,1.6507677403623688,2.0324987308457554,54.131868589520295,24.81794204899394,0.0,100.0
-0.1,1.05,85.71262350504438,1.4234252435383041,-0.013227798818448377,1.061254694566216,1.423423831183868,1.7710439803202291,2.1208965146030945,54.15358862899613,25.00774698003005,0.0,100.0
0.325,0.75,85.71269670622465,1.423352042358033,-0.013300999998719476,1.147895320061636,1.4233511202298161,1.7049483171422395,2.0675518142591716,54.14060424962364,24.942628081807026,0.0,100.0
-0.2,0.875,85.71363240574318,1.4224163428394974,-0.014236699517255147,1.1340091543471686,1.4224146357401366,1.6698091839093223,2.034642257097519,54.136060134743886,24.810788748673932,0.0,100.0
-0.25,1.075,85.71366271749615,1.422386031086532,-0.014267011270220564,1.0608919117337763,1.4223843931503353,1.7449224420956568,2.1062517505809732,54.151540421053255,24.961020969184023,0.0,100.0
-0.225,1.075,85.71369457139104,1.422354177191636,-0.014298865165116581,1.0591181759290436,1.4223525806908384,1.751612599310775,2.110718134121867,54.152230164600475,24.9724145557597,0.0,100.0
0.275,0.7,85.71382337261511,1.422225375967571,-0.014427666389181582,1.1674963612995128,1.422224336167048,1.6710512660393704,2.0472565128736115,54.13484926416284,24.876385853095826,0.0,100.0
-0.125,0.825,85.71383632128358,1.422212427299101,-0.014440615057651485,1.147213947568872,1.4222108086386385,1.6567887003294857,2.0299420030469784,54.133938200839,24.801742317336835,0.0,100.0
-0.025,1.025,85.71388021720993,1.4221685313727477,-0.014484510984004828,1.0648196465044322,1.4221672220559811,1.7741171245516796,2.1217835405044148,54.15358282147517,25.020342073393596,0.0,100.0
0.025,0.75,85.71434280146516,1.4217059471175162,-0.014947095239236319,1.1642811010582932,1.4217045254570024,1.6448472596379276,2.0292391448479665,54.13183651377256,24.805320483817532,0.0,100.0
0.2,0.7,85.71449898773317,1.4215497608495156,-0.015103281507236943,1.1711937372279522,1.4215485962272851,1.6565784399223844,2.038242056700409,54.132634350411706,24.842036472518316,0.0,100.0
0.325,0.725,85.71485838110935,1.4211903674733293,-0.015462674883423233,1.1548103831901386,1.4211894280349042,1.6906141789286835,2.059962815850881,54.138470967658805,24.920981627842664,0.0,100.0
-0.275,1.075,85.71536878763546,1.4206799609472256,-0.015973081409526912,1.061045073541763,1.4206782815387924,1.7363262063442875,2.101587761431738,54.15084493947602,24.949632084459555,0.0,100.0
-0.2,1.075,85.71543719341919,1.4206115551634895,-0.016041487193263038,1.0557243582664029,1.420609999513701,1.756375110323745,2.1149815185027743,54.15290976130307,24.98380868541472,0.0,100.0
0.325,0.775,85.7156331382648,1.4204156103178747,-0.01623743203887784,1.1359829365616037,1.4204147043860273,1.7140114954056713,2.0751072326805255,54.142698127785465,24.96426831114342,0.0,100.0
0.3,0.7,85.7171289510405,1.4189197975421877,-0.01773324481456484,1.1629582523856925,1.418918799354654,1.6720097801756282,2.049872696623795,54.13558149830103,24.88786199743631,0.0,100.0
0.175,0.925,85.71823919468744,1.417809553895239,-0.018843488461513402,1.0864844502253703,1.4178085001310279,1.7594662360072135,2.109297092461884,54.15085965776803,25.025223954809025,0.0,100.0
0.175,0.7,85.71825888103164,1.4177898675510363,-0.0188631748057162,1.1691195259830636,1.4177886613341542,1.6478876190941634,2.0348457057596545,54.13189236562756,24.830618869900555,0.0,100.0
-0.3,1.075,85.71882807498093,1.4172206736017472,-0.019432368755005314,1.059574510128968,1.4172189526304806,1.7257922312775946,2.096712544180016,54.15014423640821,24.938252274850466,0.0,100.0
-0.175,1.075,85.71890459714373,1.4171441514389471,-0.019508890917805388,1.0507081688379856,1.4171426362674793,1.7592322848712314,2.119042486590467,54.15357670825943,24.995197264838147,0.0,100.0
-0.175,0.85,85.7201803114467,1.415868437135984,-0.020784605220768526,1.135452484614646,1.4158667533821756,1.6598780398526713,2.0296527912293034,54.1346234099949,24.800590488281763,0.0,100.0
0.275,0.85,85.72063830408129,1.41541044450139,-0.021242597855362533,1.106481163466924,1.4154095052184545,1.737287128901798,2.09404482562498,54.14747602688072,25.00617575119741,0.0,100.0
-0.075,1.05,85.72085044558054,1.4151983030021427,-0.021454739354609842,1.0518054479542371,1.4151969307385428,1.7685084677916052,2.1243029356247938,54.154240056877605,25.019157624591195,0.0,100.0
0.3,0.825,85.72097232348217,1.4150764251005086,-0.021576617256243935,1.1139729435358845,1.4150755106591304,1.7288202993911028,2.0883123959424594,54.146120340610324,24.99602930649994,0.0,100.0
0.075,0.725,85.7210864416601,1.4149623069225754,-0.0216907354341771,1.1637517584379111,1.4149609512625432,1.6366290215889308,2.0284525873604182,54.13112133631454,24.806562380522347,0.0,100.0
0.325,0.7,85.72219827923193,1.4138504693507485,-0.022802573006003968,1.1567685598097626,1.4138495127891162,1.671023907775961,2.052297275229696,54.13630773306998,24.899346695709884,0.0,100.0
0.05,1.0,85.72263360718749,1.4134151413951912,-0.02323790096156131,1.0613579063603993,1.4134139357667266,1.7684563513834064,2.1217997151839882,54.15355057973083,25.03295871704454,0.0,100.0
0.25,0.875,85.7227804585068,1.4132682900758766,-0.023384752280875887,1.0965931480985063,1.413267325870521,1.7431983649982357,2.0997976404609,54.14882232523274,25.016331244913683,0.0,100.0
-0.275,0.925,85.72317347355477,1.4128752750279148,-0.02377776732883774,1.111590304087926,1.4128734808009624,1.6728946453155231,2.03904674140305,54.13816663423038,24.819903574881586,0.0,100.0
0.1,0.975,85.72337579694634,1.4126729516363383,-0.023980090720414182,1.0670981636059054,1.4126718099530051,1.7650884138262484,2.118593483981343,54.15286877971822,25.034172002129008,0.0,100.0
-0.3,0.95,85.72358480447431,1.4124639441083673,-0.02418909824838522,1.1035129331558124,1.412462127256194,1.6757621626457109,2.0440529909282517,54.13958751076906,24.83014296285927,0.0,100.0
-0.05,0.775,85.72375324088087,1.4122955077018133,-0.024357534654939172,1.151282734789362,1.4122939788400004,1.6338581609007008,2.0250025336080304,54.13178945883096,24.79275515140368,0.0,100.0
0.325,0.8,85.72377883937828,1.4122699092043973,-0.024383133152355185,1.1191006897958857,1.412269019570155,1.7177773377726027,2.082598338301092,54.14475350803021,24.985894645299304,0.0,100.0
0.15,0.7,85.72379114553269,1.4122576030499943,-0.02439543930675825,1.1653901598103005,1.4122563552252985,1.6372499857023683,2.0312488716996016,54.13114912392163,24.819218519062808,0.0,100.0
0.35,0.75,85.72389835986776,1.4121503887149203,-0.02450265364183224,1.1358485808565888,1.412149507531217,1.6974181698062552,2.069486390233694,54.14129451916017,24.954119237374876,0.0,100.0
0.35,0.725,85.72390485985976,1.4121438887229232,-0.024509153633829328,1.1448697637003562,1.4121429908967287,1.685382927782257,2.0620079676268173,54.13917978984615,24.93248041563924,0.0,100.0
-0.15,1.075,85.72411015739976,1.411938591182917,-0.024714451173835528,1.0440867465596284,1.4119371163039773,1.7601729888964144,2.1228954397968143,54.154235525727756,25.006589824006575,0.0,100.0
-0.1,0.8,85.72486567244682,1.4111830761358561,-0.025469966220896367,1.1444073544030005,1.4111814814418977,1.6422861257449313,2.0249757505250945,54.13248864651851,24.791573947812175,0.0,100.0
0.0,1.025,85.72510283226723,1.4109459163154554,-0.0257071260412971,1.0525832170246616,1.4109446472451566,1.7681153668985559,2.1247777333923374,54.15421792783327,25.031752938982393,0.0,100.0
-0.25,0.9,85.72525203286698,1.4107967157157049,-0.025856326641047644,1.1172544574440906,1.4107949441083065,1.6675380598525607,2.0340652482662467,54.13673782556904,24.809676985302804,0.0,100.0
0.0,0.75,85.72592690733401,1.4101218412486674,-0.026531201108085156,1.1550250112715617,1.4101203781353007,1.6272092082009095,2.024754308081287,54.13108612324482,24.79396751416036,0.0,100.0
0.15,0.95,85.72731863161438,1.4087301169683002,-0.027922925388452313,1.0698532028711298,1.4087290392159815,1.7580606845690454,2.1151095012618457,54.152178040329524,25.035403595359597,0.0,100.0
0.225,0.9,85.7273937628089,1.4086549857737793,-0.027998056582973163,1.0843249148572909,1.40865399693989,1.746542426529956,2.1055679225344193,54.15015712548501,25.026492726848833,0.0,100.0
0.35,0.7,85.72902303335863,1.4070257152240515,-0.029627327132700998,1.148950596479935,1.4070248003516013,1.6680957076895737,2.0545137908926896,54.13702704876452,24.91083823180092,0.0,100.0
0.35,0.775,85.72906378031159,1.4069849682710895,-0.029668074085662965,1.1218367755923566,1.4069841032223251,1.704158370844965,2.076900365244535,54.143370499691706,24.97575321091119,0.0,100.0
-0.15,0.825,85.72923415094769,1.406814597634991,-0.029838444721761448,1.1344573807332239,1.4068129374106122,1.6474143150970804,2.0247021902530102,54.13318191932445,24.790414416376272,0.0,100.0
-0.225,0.875,85.72980526250318,1.4062434860795037,-0.03040955627724884,1.1205645575705603,1.4062417375027336,1.659647230740248,2.0291092744328942,54.13530385211246,24.79946607666076,0.0,100.0
-0.05,1.05,85.73081967111943,1.4052290774632468,-0.03142396489350574,1.0407276797326261,1.4052277453013915,1.76404634728938,2.127519117646713,54.154878131644836,25.030563201218747,0.0,100.0
0.275,0.675,85.73088173384555,1.4051670147371311,-0.03148602761962138,1.1601627631902858,1.405165958123439,1.6414552883150577,2.0391764736938662,54.13264953499492,24.854803747202517,0.0,100.0
-0.125,1.075,85.73106166166608,1.4049870869166057,-0.03166595544014683,1.0358382101368449,1.404985652145848,1.759182177604501,2.1265402618659115,54.15488732572658,25.017988963199308,0.0,100.0
0.125,0.7,85.73108149970535,1.4049672488773268,-0.031685793479425683,1.1600795574529315,1.4049659595330781,1.6246635146572572,2.0274446925623706,54.13040202497803,24.807830804932287,0.0,100.0
0.05,0.725,85.73139060299823,1.404658145584449,-0.031994896772303605,1.1556693128440827,1.4046567484882473,1.6205413129005422,2.0242181752022756,54.13037166308754,24.795197804647746,0.0,100.0
0.25,0.675,85.73159783835139,1.40445091023129,-0.03220213212546241,1.160906760951164,1.4044498119929614,1.6362410805592589,2.0362244823446773,54.13190961684603,24.84335956289531,0.0,100.0
0.3,0.675,85.73192458500327,1.4041241635794108,-0.032528878777341674,1.157776170211065,1.4041231486588857,1.6447561041351406,2.041939183465401,54.133386683754516,24.866262401228127,0.0,100.0
-0.275,1.1,85.73215160574208,1.4038971428406057,-0.03275589951614677,1.0354091946628188,1.403895482080958,1.7324299141714192,2.1116245288306077,54.152866305479165,24.971294417049194,0.0,100.0
-0.25,1.1,85.73263136144091,1.403417387141772,-0.0332356552149804,1.0332196650989687,1.4034157675643173,1.738739099522249,2.11614475690948,54.15354655368711,24.98268249239727,0.0,100.0
-0.3,1.1,85.73339939673863,1.4026493518440475,-0.03400369051270502,1.0359669479238107,1.4026476496306515,1.7242070015535091,2.106911250422106,54.15217784035403,24.95990967273615,0.0,100.0
0.225,0.675,85.7340824665465,1.4019662820361845,-0.034686760320568055,1.1600041661725555,1.4019651421796966,1.6290867918467171,2.0330741675261677,54.13116885634381,24.831932063084796,0.0,100.0
0.2,0.925,85.73449209106619,1.401556657516494,-0.035096384840258565,1.0696374519427536,1.401555644269314,1.7473246028364855,2.1113597201468792,54.151481906254546,25.03666006799612,0.0,100.0
0.375,0.725,85.73466079874518,1.401387949837499,-0.03526509251925347,1.1332903148908144,1.401387093566271,1.6782479154882992,2.063901339971749,54.13987922458651,24.943981445574586,0.0,100.0
0.325,0.675,85.73473711877018,1.401311629812497,-0.03534141254425549,1.1537363943501902,1.4013106565578055,1.6461116573270118,2.044503266079542,54.13411987697701,24.877733234223935,0.0,100.0
-0.225,1.1,85.73483307230195,1.401215676280728,-0.035437366076024546,1.0293886103828527,1.401214097265111,1.7431173920231373,2.120458503257787,54.15421537360439,24.994065888872377,0.0,100.0
-0.2,0.85,85.7368480214951,1.3992007270875746,-0.037452315269177916,1.1215278731948644,1.399199001850917,1.649222026246406,2.024170329613966,54.13386625194784,24.789273336688666,0.0,100.0
0.375,0.75,85.73684935436721,1.3991993942154721,-0.03745364814128038,1.1221710883356764,1.3991985539188192,1.6879558845950982,2.071228322212366,54.14197567127689,24.965613099174554,0.0,100.0
0.075,1.0,85.73685724872078,1.3991914998618995,-0.037461542494853006,1.0463186768350567,1.3991903345569683,1.7590000351420656,2.1243711147661304,54.154169027233024,25.04436837570936,0.0,100.0
0.325,0.825,85.73708382956322,1.3989649190194626,-0.03768812333728988,1.0973144431526123,1.3989640451839704,1.716266168641937,2.0900026242129566,54.14676384452083,25.007495177715363,0.0,100.0
0.3,0.85,85.73721708442297,1.3988316641597152,-0.03782137819703735,1.0893732011941921,1.398830765425751,1.724351989570195,2.095782785447035,54.14811249055869,25.017635586366985,0.0,100.0
0.375,0.7,85.73758949823306,1.3984592503496174,-0.03819379200713513,1.1394888924656499,1.3984583771976702,1.6632378350074504,2.056510009339792,54.137741587867104,24.92234052640959,0.0,100.0
0.025,1.025,85.73805657263233,1.3979921759503497,-0.03866086640640276,1.0387192712752267,1.3979909472213734,1.7601960486580452,2.1275815006806202,54.15484004626724,25.043159369786892,0.0,100.0
0.2,0.675,85.73833739882356,1.3977113497591205,-0.03894169259763203,1.1574498610614796,1.397710168283794,1.6199925041320427,2.029725471515203,54.13042614059663,24.82052007809049,0.0,100.0
-0.075,0.775,85.73838525285407,1.397663495728608,-0.03898954662814447,1.1391980667965953,1.3976619252593594,1.6252559005547909,2.0200567177196485,54.13103320851106,24.781423866629748,0.0,100.0
-0.2,1.1,85.7387839702118,1.3972647783708823,-0.03938826398587025,1.0239209488078984,1.3972632399156282,1.7455915053907916,2.1245763089689333,54.154876727940504,25.005451238397534,0.0,100.0
0.125,0.975,85.73884821597751,1.3972005326051686,-0.039452509751583875,1.0509213183197943,1.397199431287629,1.7541141293940257,2.120941953312163,54.153482306098475,25.045585167996123,0.0,100.0
-0.025,0.75,85.73928478800748,1.3967639605751998,-0.039889081781552704,1.1441132067963622,1.3967624559836793,1.6148093641878916,2.020066307967093,54.13033053251014,24.78262476244919,0.0,100.0
0.35,0.675,85.73931548044571,1.3967332681369697,-0.039919774219782767,1.1480461570532583,1.3967323365164304,1.6455226422446145,2.0468709736179513,54.134850768689134,24.889219139170734,0.0,100.0
0.35,0.8,85.7394281380994,1.3966206104832821,-0.04003243187347039,1.1028499755325782,1.3966197613377858,1.7056075029445026,2.084236984321383,54.145404004060666,24.99736479489289,0.0,100.0
-0.1,1.075,85.73976094211991,1.396287806462766,-0.04036523589398655,1.0259591789822622,1.3962864117755742,1.756261140605261,2.1299805801651215,54.15552879195793,25.029386661319798,0.0,100.0
0.275,0.875,85.73982276206415,1.3962259865185302,-0.04042705583822226,1.0790357112181397,1.396225062939132,1.7298891977201976,2.1015971103241866,54.14945057741136,25.0277855881994,0.0,100.0
-0.3,0.925,85.7401124413237,1.395936307258978,-0.040716735097774404,1.0975018106287848,1.3959344716625424,1.6619509441876943,2.0332089356379406,54.13741203501871,24.80858996789942,0.0,100.0
0.1,0.7,85.7401321548142,1.3959165937684759,-0.04073644858827663,1.153172413150017,1.3959152629308307,1.6101262761521724,2.023433265069901,54.12965233759221,24.796456262995864,0.0,100.0
-0.125,0.8,85.74076335469624,1.3952853938864394,-0.041367648470313156,1.1311471565616813,1.3952837575653176,1.6324210522091533,2.0197881498055072,54.131731252260415,24.780251272482936,0.0,100.0
-0.025,1.05,85.74249500842498,1.3935537401576994,-0.04309930219905311,1.0280570995690255,1.3935524483623198,1.7576682268913828,2.130557581486387,54.155502776061624,25.041963544855708,0.0,100.0
-0.275,0.9,85.74269450518177,1.393354243400907,-0.04329879895584554,1.1026693018964693,1.393352430360079,1.656100121696781,2.0282715880207216,54.13598198563092,24.798365754159214,0.0,100.0
0.025,0.725,85.74346823280098,1.3925805157817024,-0.04407252657505012,1.1459312928158312,1.392579077228234,1.602504665286446,2.0197815196993556,54.12961984186003,24.783849083124807,0.0,100.0
0.175,0.95,85.74404680406373,1.3920019445189524,-0.04465109783780008,1.052540212082917,1.3920009072510227,1.7455376320402536,2.1172218446057385,54.15278945848936,25.04682675698052,0.0,100.0
0.375,0.775,85.74424382390411,1.391804924678567,-0.04484811767818542,1.1060504335274857,1.3918041003179211,1.6923713741091433,2.0784935345304727,54.14403193271869,24.987237215721947,0.0,100.0
0.175,0.675,85.74436021441821,1.391688534164473,-0.044964508192279595,1.1532641137642656,1.3916873110900467,1.6089516992803397,2.0261748470387713,54.12968039831602,24.809122254181492,0.0,100.0
-0.175,1.1,85.74448248153465,1.3915662670480344,-0.045086775308718074,1.016827345142616,1.391564769150304,1.7461448816435166,2.1284896333257786,54.15552975669376,25.01684077775756,0.0,100.0
0.25,0.9,85.74490197696825,1.3911467716144301,-0.045506270742322386,1.0663054168778245,1.3911458234322027,1.732859878443108,2.107414922155927,54.1507769797899,25.037937063273386,0.0,100.0
0.375,0.675,85.74565837647687,1.3903903721058128,-0.046262670250939664,1.1407041276030156,1.3903894821397387,1.6429893390368733,2.0490474787534345,54.135576386253106,24.900714250471495,0.0,100.0
-0.175,0.825,85.74640201814307,1.3896467304396083,-0.04700631191714422,1.1200522836850837,1.3896450286495594,1.6362701429042374,2.019260404741628,54.13242431257122,24.779103934302512,0.0,100.0
0.4,0.725,85.74713042586502,1.3889183227176574,-0.04773471963909515,1.120085245782093,1.3889175073515247,1.6691794939115994,2.0655922253939303,54.140569299371734,24.95548474332218,0.0,100.0
-0.25,0.875,85.74775074536404,1.3882980032186367,-0.048355039138115785,1.1054646435836446,1.3882962131471004,1.6477151718746512,2.0233725179069113,54.134545609731866,24.788159217951836,0.0,100.0
0.4,0.7,85.74789160074052,1.3881571478421648,-0.04849589451458769,1.1283877387195673,1.3881563164360444,1.6564919991808011,2.058334453651592,54.13844982082987,24.93385074086853,0.0,100.0
-0.075,1.075,85.75017107778599,1.3858776707966882,-0.050775371560064286,1.0144883855401616,1.3858763164083172,1.7514150167713325,2.1332399019171597,54.15615770333636,25.040780649584075,0.0,100.0
0.075,0.7,85.75095416258047,1.3850945860022108,-0.051558456354541704,1.1446097664761083,1.3850932136020049,1.5936417936406144,2.0192187626661515,54.128901186498766,24.785096935818736,0.0,100.0
0.4,0.75,85.75154531212304,1.3845034364596387,-0.052149605897113815,1.1068533106794831,1.3845026368243025,1.6765617675302877,2.0727730099133583,54.14264712899869,24.977108584437644,0.0,100.0
-0.15,1.1,85.75191739089493,1.3841313576877496,-0.052521684669002866,1.0081309893158732,1.3841299003308705,1.7447680648189277,2.1321861422395703,54.156171994587886,25.028229894046326,0.0,100.0
0.3,0.65,85.75198732205496,1.3840614265277225,-0.05259161582903005,1.1475568817968878,1.384060394980466,1.6121692595986445,2.0339381837133867,54.13118035047497,24.844705427905332,0.0,100.0
0.15,0.675,85.75212314375817,1.3839256048245119,-0.05272743753224063,1.1475338779434878,1.3839243403637824,1.5959648118059846,2.022430448825226,54.12893103864423,24.797737524366575,0.0,100.0
0.225,0.925,85.75246148113705,1.383587267445634,-0.053065774911118524,1.0511564656286225,1.3835862949041058,1.7332601208753715,2.1132724793933058,54.15209134699697,25.04809202913217,0.0,100.0
0.325,0.65,85.75253872662569,1.3835100219569938,-0.05314302039975871,1.1456500588313645,1.3835090321057948,1.6158673732333,2.0366504023997196,54.13191950632023,24.856159530990134,0.0,100.0
0.05,1.025,85.75273319252834,1.3833155560543418,-0.05333748630241075,1.0232418046815042,1.3833143677516149,1.7503597560104254,2.1302013188560234,54.155450726367654,25.054562176280317,0.0,100.0
0.1,1.0,85.7527882699324,1.3832604786502856,-0.053392563706466944,1.0296585313075042,1.383259353854615,1.7476449384163146,2.1267736153068832,54.15477537098137,25.055775189521807,0.0,100.0
-0.3,1.125,85.75304565627198,1.3830030923107017,-0.053649950046050776,1.0076276768508876,1.3830014093466871,1.7173832814774244,2.117010923138343,54.1541843897762,24.981570234060754,0.0,100.0
0.275,0.65,85.75319173659172,1.3828570119909642,-0.05379603036578828,1.147808911818828,1.3828559388401516,1.6065632206932605,2.0310457396444623,54.13043956287593,24.833268005649217,0.0,100.0
0.4,0.675,85.75376414728123,1.3822846013014498,-0.054368441055302696,1.1317164272854257,1.382283753004387,1.6385141044935523,2.0510241323995713,54.13629520273661,24.912216407275945,0.0,100.0
-0.275,1.125,85.7539778669249,1.382070881657782,-0.05458216069897048,1.0049713747346232,1.3820692391985006,1.7233083267925764,2.1215646192248707,54.15485354297998,24.992947708484678,0.0,100.0
-0.05,0.75,85.75441669265183,1.3816320559308508,-0.0550209864259017,1.1315455042422116,1.3816305098351762,1.6056922411588204,2.0151748438657564,54.129571647875316,24.771295529158106,0.0,100.0
-0.1,0.775,85.75478937757354,1.3812593710091363,-0.05539367134761619,1.1254574199900134,1.3812577588553325,1.6148927016968173,2.0149054563979827,54.13027416322009,24.770107283392026,0.0,100.0
0.35,0.65,85.75485849180521,1.3811902567774723,-0.055462785579280194,1.1420908031708024,1.381189308615913,1.6176199632010508,2.039166343839539,54.13265512151495,24.86762676793391,0.0,100.0
0.35,0.825,85.75491401229803,1.3811347362846504,-0.055518306072102064,1.0790361470006502,1.3811339025809815,1.7017842130602787,2.0914889719906635,54.14739851137081,25.018964191117714,0.0,100.0
-0.225,0.85,85.75528798563398,1.3807607629486967,-0.055892279408055856,1.105947770090566,1.3807589961769877,1.6368013200364686,2.018482585782605,54.133107912289695,24.77797388114477,0.0,100.0
0.325,0.85,85.75551751571373,1.3805312328689467,-0.05612180948780576,1.0706312534749998,1.380530374391202,1.7095031722105318,2.0973328645220186,54.14874059933189,25.02909943754494,0.0,100.0
0.0,1.05,85.75590504137448,1.3801437072082052,-0.05650933514854728,1.013792330964975,1.3801424558346753,1.7493735533250856,2.133400212190074,54.15611650939489,25.05336245957837,0.0,100.0
0.15,0.975,85.75602914002938,1.3800196085532974,-0.05663343380345509,1.033127995726943,1.3800185478369003,1.7412224627633464,2.123119192548873,54.154087523170325,25.057002239837114,0.0,100.0
0.25,0.65,85.75616136036749,1.3798873882151952,-0.05676565414155732,1.1464098648432923,1.3798862734926274,1.5990101748269865,2.0279625999379767,54.12969677334736,24.82184625793889,0.0,100.0
-0.25,1.125,85.75666507234314,1.3793836762395415,-0.05726936611721101,1.0006742731592198,1.379382074229096,1.7272984240659213,2.1259155882329677,54.15551483072733,25.004327623055616,0.0,100.0
0.375,0.8,85.75679918476834,1.3792495638143407,-0.05740347854241179,1.0850161495591522,1.3792487550045167,1.691509841549987,2.0856816014177846,54.14604570568772,25.008836206985436,0.0,100.0
0.0,0.725,85.75731989539933,1.3787288531833468,-0.057924189173405694,1.134537564564127,1.3787273731477085,1.5932156189569895,2.0151418188645565,54.12886475145737,24.77251416419727,0.0,100.0
-0.15,0.8,85.75843474380022,1.3776140047824583,-0.059039037574294184,1.1162309459446504,1.377612326812263,1.6207854469113556,2.0143964779531465,54.13097314850648,24.76894681643723,0.0,100.0
0.3,0.875,85.75858839761753,1.3774603509651513,-0.059192691391601215,1.0598424760502212,1.3774594677618552,1.7146636109557676,2.103200237378238,54.150068872315714,25.039238263651306,0.0,100.0
0.375,0.65,85.75894734528589,1.3771014032967912,-0.0595516390599613,1.136878618156672,1.3771004967913427,1.6174277162697592,2.0414841826292243,54.13338702161181,24.879106791322744,0.0,100.0
0.425,0.7,85.75990277645657,1.3761459721261105,-0.06050707023064206,1.115645854675293,1.3761451819893722,1.6478150633491708,2.059981842143963,54.13914873622612,24.945363313143407,0.0,100.0
0.225,0.65,85.76090191456412,1.3751468340185653,-0.06150620833818721,1.1433594887011935,1.3751456777205278,1.5895144925851525,2.024680626843069,54.12895181753026,24.8104393545859,0.0,100.0
-0.125,1.1,85.76108526195188,1.3749634866308043,-0.06168955572594825,0.9978374015808953,1.374962069723378,1.7414630941433984,2.1356711787681597,54.15680448981701,25.03961787899234,0.0,100.0
-0.225,1.125,85.76109080480433,1.3749579437783552,-0.06169509857839728,0.9947668974312904,1.3749563822602568,1.7293917428508507,2.1300732372896616,54.15616811767752,25.01571172820919,0.0,100.0
0.4,0.775,85.76116018592403,1.3748885626586542,-0.061764479698098285,1.0886264382313584,1.3748877787647729,1.6786582544608564,2.079894583130934,54.14468130348963,24.998716153741046,0.0,100.0
0.425,0.725,85.76134224457077,1.374706504011911,-0.06194653834484143,1.1052568253885937,1.3747057292860518,1.6581755154283115,2.067081153936294,54.141248370011084,24.96698726520466,0.0,100.0
0.125,0.675,85.76165657641744,1.3743921721652441,-0.06226087019150839,1.1401527547384376,1.3743908663225881,1.5810308900959882,2.018487256246369,54.12818006983966,24.78636962662434,0.0,100.0
-0.3,0.9,85.76190072361659,1.3741480249660896,-0.06250501739066294,1.086445074744418,1.374146170534439,1.6428922612081465,2.02228044475105,54.135224404903376,24.78707118231039,0.0,100.0
-0.05,1.075,85.76230495724748,1.373743791335201,-0.06290925102155143,1.0013972133555171,1.3737424773530678,1.7446655494714634,2.136328258522859,54.1567754916943,25.05217362489055,0.0,100.0
0.2,0.95,85.76249354139055,1.3735552071921262,-0.0630978351646263,1.03361264167836,1.3735542105517369,1.7310968542003877,2.119155902311944,54.15339418908108,25.05825524226316,0.0,100.0
0.05,0.7,85.76352530020239,1.3725234483802922,-0.06412959397646034,1.1343914579512528,1.3725220345650881,1.5774135477287388,2.014837383835999,54.12814871658117,24.773754744384963,0.0,100.0
0.425,0.675,85.76359493774869,1.3724538108339885,-0.06419923152276397,1.121088468280874,1.372453004342472,1.6321457903923147,2.0527932733812286,54.13700849932568,24.92372794293585,0.0,100.0
0.275,0.9,85.76412520246325,1.371923546119433,-0.0647294962373195,1.0466508595224155,1.3719226384288248,1.7172523838301288,2.1090891209544367,54.1513850397332,25.049378968318646,0.0,100.0
0.4,0.65,85.76480401651088,1.3712447320718013,-0.0654083102849512,1.130016339630103,1.371243867213795,1.615290964081879,2.043605704619801,54.13411606460434,24.890601129836927,0.0,100.0
-0.2,0.825,85.7653364319214,1.3707123166612831,-0.06594072569546938,1.1039912075552252,1.3707105733323715,1.623355541407605,2.013624684694943,54.13166597223192,24.767811991771705,0.0,100.0
-0.2,1.125,85.7672507987496,1.3687979498330805,-0.06785509252367206,0.9872500085447768,1.3687964288807764,1.7295591803316768,2.1340189656615225,54.1568118499677,25.02709460153272,0.0,100.0
0.2,0.65,85.76739304688503,1.368655701697648,-0.06799734065910457,1.1387650312610305,1.3686545039630744,1.5780724300130657,2.0211902258160985,54.128203231358384,24.79904373296446,0.0,100.0
-0.275,0.875,85.76746602620912,1.36858272237356,-0.06807031998319246,1.0887268849021297,1.3685808908094033,1.6340130023798736,2.017429530069174,54.133786885677125,24.776870007155168,0.0,100.0
0.425,0.75,85.76798556046678,1.3680631881158973,-0.06858985424085517,1.089898932436725,1.3680624289679144,1.6632346634908544,2.074121457725852,54.14330747305347,24.988603066479424,0.0,100.0
0.075,1.025,85.76911745836854,1.36693129021414,-0.06972175214261256,1.0061535025284911,1.3669301425102192,1.7386477600011006,2.132665870141513,54.15605019575643,25.065963467427807,0.0,100.0
0.125,1.0,85.7704387494138,1.365609999168882,-0.07104304318787058,1.0113840319389595,1.3656089150051174,1.7343934068286728,2.129008806610178,54.15537325753906,25.06718581214194,0.0,100.0
0.025,1.05,85.77102786341489,1.3650208851677945,-0.07163215718895799,0.9979108504328025,1.365019674354798,1.739184711408484,2.1360827813348613,54.156719591568525,25.06475839518911,0.0,100.0
-0.075,0.75,85.7713164058042,1.3647323427784812,-0.0719206995782713,1.1173214836314003,1.3647307550060248,1.5948323297665752,2.0100737208307926,54.128811602688195,24.759984008135685,0.0,100.0
-0.1,1.1,85.77196688212094,1.3640818664617456,-0.07257117589500695,0.9859142203944486,1.364080490112812,1.7362443179474525,2.13899765536179,54.15742624804829,25.05100556857023,0.0,100.0
0.25,0.925,85.7721423775104,1.3639063710722752,-0.07274667128447732,1.0310607849818751,1.3639054391346235,1.717277954839446,2.1150050801252958,54.152693497357674,25.059529917694682,0.0,100.0
0.425,0.65,85.77242250670592,1.3636262418767586,-0.07302680047999388,1.1215042714926113,1.3636254186728707,1.6112100734978725,2.045537625996221,54.134840305154675,24.90210596208699,0.0,100.0
-0.025,0.725,85.77294593227428,1.3631028163083982,-0.07355022604835426,1.1214876131091245,1.363101294766946,1.5836046034053624,2.010298955202158,54.1281052649884,24.761190983159807,0.0,100.0
-0.125,0.775,85.77295982638243,1.363088922200248,-0.07356412015650449,1.1100603383892462,1.3630872683650097,1.602762724878687,2.0095598791924654,54.12951360284793,24.75880718416681,0.0,100.0
0.1,0.675,85.77296361300755,1.3630851355751332,-0.07356790678161929,1.1311159915408808,1.3630837883343474,1.5641473686759042,2.014342039842458,54.12742689362183,24.77501747750891,0.0,100.0
0.45,0.7,85.77363483342614,1.3624139151565373,-0.0742391272002152,1.1012693540809977,1.3624131655904024,1.6372014284076073,2.0614222190041573,54.13983695719284,24.956874852134494,0.0,100.0
0.375,0.825,85.77446932325753,1.3615794253251465,-0.07507361703160598,1.0591218458273346,1.361578631889742,1.6853921117503177,2.0928160513803364,54.14802350501526,25.03043394515206,0.0,100.0
0.175,0.975,85.77494463325371,1.3611041153289705,-0.07554892702778204,1.0137029067396526,1.3611030952068859,1.7264355245585392,2.125110523399761,54.15468414300391,25.068422668320412,0.0,100.0
0.45,0.675,85.77515380849026,1.3608949400924217,-0.07575810226433077,1.1088191360268524,1.360894175467513,1.623860835137748,2.054403975977914,54.137715994879514,24.935248317376775,0.0,100.0
-0.175,1.125,85.7751573780274,1.3608913705552794,-0.07576167180147308,0.9781163109543201,1.360889890156119,1.7277990853655751,2.1377605789778613,54.15744658604462,25.03847686375914,0.0,100.0
-0.25,0.85,85.77550029677921,1.3605484518034672,-0.07610459055328533,1.0887117026203583,1.3605466434798301,1.622610713593204,2.0125919026467454,54.13234882268253,24.766692946160074,0.0,100.0
0.35,0.85,85.77552753039531,1.3605212181873725,-0.07613182416938002,1.0502543936963917,1.3605204000903144,1.6927348406845084,2.098735517343851,54.149356106335084,25.040559503632082,0.0,100.0
0.325,0.625,85.77557198143887,1.3604767671438083,-0.07617627521294423,1.1325148329838015,1.3604757611408018,1.5802926906244608,2.0287823026465603,54.12970620448701,24.834626072196613,0.0,100.0
0.35,0.625,85.77564534380319,1.3604034047794897,-0.07624963757726277,1.1310832008277032,1.3604024403668773,1.5843839598560265,2.031426327167778,54.13044743327976,24.846076876000417,0.0,100.0
0.175,0.65,85.775649209435,1.3603995391476786,-0.07625350320907387,1.1325588155645079,1.3603983000175446,1.5646803460671919,2.017495490547809,54.12745382341769,24.787666095638365,0.0,100.0
0.4,0.8,85.77589352971123,1.360155218871455,-0.07649782348529754,1.065565751099797,1.3601544503417557,1.6754893447285468,2.0869459679818214,54.14667780334277,25.02030934659597,0.0,100.0
-0.025,1.075,85.7761636779731,1.3598850706095789,-0.07676797174717365,0.9866730702278232,1.3598837971494078,1.7360248723933438,2.1392488864312176,54.157379489449376,25.063560683494966,0.0,100.0
0.3,0.625,85.77726257331518,1.3587861752674968,-0.07786686708925572,1.1322930677493588,1.358785127700679,1.5742904265242714,2.0259471626925016,54.12896287439162,24.823191094478588,0.0,100.0
0.45,0.725,85.77730071552551,1.358748033057168,-0.07790500929958455,1.0887904655347285,1.3587472988465805,1.6452370740599207,2.068376156501093,54.14192031503612,24.978496115600752,0.0,100.0
0.375,0.625,85.77748562871227,1.3585631198704107,-0.07808992248634183,1.127997527282261,1.3585621970557895,1.58653372283014,2.0338756316296265,54.131185119334084,24.857540821410165,0.0,100.0
-0.3,1.15,85.77778323011414,1.3582655184685422,-0.07838752388821035,0.9743257964865819,1.358263853164118,1.7053265696603432,2.127020546856662,54.15615119515587,25.00321717987378,0.0,100.0
0.025,0.7,85.77785967935517,1.3581890692275067,-0.0784639731292458,1.122523108774189,1.3581876140355462,1.5690754899510182,2.010265975642143,54.127393426586735,24.762426658440674,0.0,100.0
-0.175,0.8,85.77787924925424,1.35816949932844,-0.0784835430283124,1.0996583372326825,1.3581677796918767,1.607379231276738,2.0088010396884246,54.13021338902548,24.7576592058552,0.0,100.0
0.325,0.875,85.77905091887388,1.3569978297088028,-0.07965521264794972,1.0390165966927185,1.3569969870535203,1.697515270081226,2.104669662011669,54.15067453098015,25.05068689526502,0.0,100.0
0.425,0.775,85.77980342216308,1.3562453264195966,-0.0804077159371559,1.0696223439679073,1.3562445828817857,1.6630173031713014,2.0811001221151284,54.1453215211201,25.010197527942147,0.0,100.0
0.275,0.625,85.78072612664236,1.3553226219403172,-0.08133042041643535,1.1304161169390738,1.3553215327885482,1.566338538241979,2.0229123526310464,54.12821784277045,24.811772705098132,0.0,100.0
-0.275,1.15,85.78093921717762,1.3551095314050627,-0.08154351095168977,0.9696014694097812,1.3551079065452427,1.7089277271272891,2.1314095241391735,54.156805124532234,25.014595871423428,0.0,100.0
0.4,0.625,85.78109318719973,1.3549555613829511,-0.08169748097380136,1.123266618552293,1.3549546801573797,1.5867383715055468,2.036127205910386,54.13191830248988,24.869015913103485,0.0,100.0
0.45,0.65,85.78180084092966,1.3542479076530185,-0.082405134703734,1.1113473784910894,1.3542471261463107,1.6052171640451718,2.047281047841781,54.13555865416934,24.913619000913197,0.0,100.0
0.225,0.95,85.78263341126926,1.3534153373134217,-0.08323770504333083,1.013056487341629,1.3534143813678328,1.714760661087027,2.1209365748851323,54.15398728807162,25.069681704550323,0.0,100.0
-0.075,1.1,85.78456337605891,1.3514853725237685,-0.08516766983298396,0.9723569519426576,1.3514840365893577,1.729152512664072,2.1421475552170475,54.1580326322298,25.06238445549032,0.0,100.0
-0.15,1.125,85.7847949788347,1.3512537697479843,-0.08539927260876823,0.9673499472932718,1.3512523298542192,1.7241203885879486,2.1413154792980222,54.15806917528668,25.049856264370245,0.0,100.0
0.3,0.9,85.78505020128965,1.350998547293031,-0.08565449506372147,1.025379670730544,1.3509976801766896,1.6997318931861258,2.110613605830706,54.15198234676588,25.060820405714612,0.0,100.0
0.15,0.65,85.78567823798676,1.3503705105959227,-0.08628253176082978,1.1246969852747384,1.3503692300587944,1.549343423348219,2.0136007673725507,54.12670282719739,24.77630534222088,0.0,100.0
-0.25,1.15,85.78583010323595,1.3502186453467289,-0.08643439701002364,0.9632597332868187,1.350217061006458,1.7106369310302227,2.1355932116269845,54.15745075105645,25.02597340187771,0.0,100.0
0.25,0.625,85.7859509393353,1.3500978092473872,-0.0865552331093653,1.1269400223951607,1.3500966785741155,1.5564412817460465,2.0196742195870696,54.12747108680393,24.800370886649965,0.0,100.0
-0.225,0.825,85.78604182660645,1.350006921976231,-0.08664612038052155,1.0862861461542224,1.3500051370874218,1.608673010082498,2.0077833158226253,54.130906545469884,24.75653783920099,0.0,100.0
0.075,0.675,85.78604472972467,1.3500040188580158,-0.08664902349873671,1.1204232869172017,1.3500026301961754,1.5512488933197233,2.009994734893324,54.126673182196434,24.76368216359177,0.0,100.0
0.45,0.75,85.78617297759878,1.3498757709838998,-0.08677727137285274,1.0713068697888701,1.349875052348264,1.64798252176125,2.075285507901124,54.14395351251137,25.00009066512894,0.0,100.0
0.425,0.625,85.78645934068187,1.3495894079008082,-0.08706363445594434,1.1168844793354111,1.3495885683317936,1.5849982932470397,2.038197496353152,54.13265025786669,24.88050769168098,0.0,100.0
0.1,1.025,85.78722525847876,1.3488234901039249,-0.08782955225282763,0.9874639443330864,1.3488223830550907,1.725064665500824,2.1349458755467348,54.15663413559126,25.077355616937343,0.0,100.0
0.05,1.05,85.78787059251763,1.348178156065046,-0.08847488629170641,0.9804020524438215,1.3481769858903931,1.7271439108856868,2.1385932997951973,54.15730474042453,25.076139958009282,0.0,100.0
0.475,0.675,85.78841642618352,1.3476323223991642,-0.08902071995758831,1.0949052002669362,1.3476315983204217,1.6136384103260468,2.055787485715728,54.13841260022043,24.946768144831406,0.0,100.0
-0.3,0.875,85.78895037662211,1.3470983719605698,-0.0895546703961827,1.0703500760348135,1.34709649887252,1.6185462933982677,2.0112792699240187,54.13302796561103,24.765600352301178,0.0,100.0
0.475,0.7,85.78911398373145,1.3469347648512269,-0.08971827750552563,1.0852692381658642,1.3469340557992069,1.6246524665473316,2.062666769355008,54.14051508056721,24.968387122634223,0.0,100.0
0.15,1.0,85.78980707371966,1.3462416748630233,-0.09041136749372924,0.9915284844193053,1.3462406314341138,1.7192671740753553,2.13106142467806,54.15595486733158,25.078585915685974,0.0,100.0
-0.1,0.75,85.78998890754958,1.346059841033096,-0.09059320132365656,1.1014429087264688,1.3460582115713975,1.582201431087185,2.004769008303139,54.1280503079661,24.74869008705113,0.0,100.0
-0.05,0.725,85.790344133951,1.3457046146316856,-0.09094842772506695,1.1067810318222229,1.3457030515115491,1.5722319841053434,2.005252018456616,54.12734506244834,24.749886378997946,0.0,100.0
0.0,1.075,85.79174649840095,1.3443022501817268,-0.09235079217502573,0.9703159231090126,1.344301017289513,1.7254994486346078,2.141994102054984,54.15796804590825,25.07493878229116,0.0,100.0
-0.225,1.15,85.79246867191935,1.3435800766633292,-0.09307296569342327,0.9553022018279194,1.343578532823193,1.7104178586138943,2.139573072432959,54.15808389807864,25.03734745840618,0.0,100.0
0.475,0.65,85.79288823966195,1.3431605089207324,-0.09349253343602015,1.0995518631043382,1.343159769334423,1.5973158512059058,2.0488357631404672,54.13627277689189,24.92514341940262,0.0,100.0
-0.15,0.775,85.79290027713239,1.3431484714502915,-0.09350457090646103,1.0930065859930949,1.3431467759386835,1.58886201568464,2.004016953374916,54.128752586879486,24.747524264634563,0.0,100.0
0.225,0.625,85.79293235404418,1.343116394538498,-0.09353664781825444,1.1218878017784135,1.3431152224404657,1.5446000018245485,2.0162309948434034,54.12672295876717,24.788986318807986,0.0,100.0
0.275,0.925,85.7935192962185,1.3425294523641753,-0.0941235899925772,1.0093326117491728,1.3425285609434467,1.6993893007233112,2.116566512121541,54.15328070473307,25.0709597100057,0.0,100.0
0.45,0.625,85.79359308351661,1.342455665066069,-0.09419737729068345,1.1088501401494284,1.3424548671570022,1.5813136933873864,2.040073914220863,54.133378763380996,24.89201271185055,0.0,100.0
0.0,0.7,85.79396718447818,1.3420815641045039,-0.09457147825224865,1.1089986601644028,1.3420800674885016,1.5589711553719212,2.0054914502003265,54.12663507076127,24.751112785654797,0.0,100.0
0.475,0.725,85.7950064976618,1.3410422509208786,-0.09561079143587392,1.0706843502120194,1.341041557248451,1.6303663296828006,2.069487906759284,54.142577827021135,24.989997856459816,0.0,100.0
0.2,0.975,85.79555631744651,1.3404924311361697,-0.09616061122058284,0.9926752937844441,1.340491451597788,1.7097693707426913,2.126939074872339,54.15526262738977,25.07982916421209,0.0,100.0
0.4,0.825,85.79573118421942,1.3403175643632608,-0.09633547799349174,1.03757220170435,1.3403168113742652,1.6670774724903197,2.094005231768468,54.14863712422371,25.04189981428946,0.0,100.0
-0.125,1.125,85.79614218725793,1.339906561324753,-0.09674648103199956,0.9549491827231122,1.339905162069283,1.7185708508823154,2.1447164660467157,54.15867797811317,25.061229777102536,0.0,100.0
0.425,0.8,85.79669830671324,1.339350441869442,-0.09730260048731054,1.0444823108888244,1.3393497137569086,1.6575547160159232,2.0880652045370542,54.14730100383468,25.031785487510774,0.0,100.0
0.375,0.85,85.7972517936391,1.3387969549435752,-0.0978560874131773,1.0282542973249065,1.3387961772953987,1.6740484274537835,2.0999792205634553,54.1499597072897,25.0520170326065,0.0,100.0
0.125,0.65,85.79748115859996,1.3385675899827163,-0.09808545237403621,1.1151793674995076,1.3385662680200823,1.5320572280467957,2.009504793943899,54.12594988970033,24.764960843442406,0.0,100.0
-0.275,0.85,85.79748646857763,1.3385622800050498,-0.09809076235170267,1.0698193097846342,1.3385604301050704,1.6066497870338594,2.0064967757848695,54.13158914650329,24.75543085961424,0.0,100.0
-0.05,1.1,85.79887995843981,1.3371687901428686,-0.0994842522138839,0.9571665443048261,1.3371674947674308,1.720162015460204,2.1451318689875296,54.15862478446955,25.0737566041385,0.0,100.0
-0.2,0.8,85.79908946945352,1.336959279129161,-0.0996937632275916,1.0814589316029242,1.3369575178600086,1.5922024048150831,2.003003022776766,54.12945261635259,24.74638965611884,0.0,100.0
0.45,0.775,85.80014341749921,1.3359053310834668,-0.10074771127328574,1.0490070430979301,1.3359046281153553,1.6454616438419407,2.0821696432027936,54.1459519942627,25.021680324717927,0.0,100.0
-0.2,1.15,85.80085028141796,1.335198467164716,-0.1014545751920366,0.9457085698914653,1.3351969638313193,1.7082771984743772,2.1433621289369773,54.15870921648312,25.048725578890622,0.0,100.0
0.05,0.675,85.80088631601768,1.3351624325649993,-0.10149060979175317,1.1080742755926423,1.3351610024483933,1.5424149322815452,2.005457995169004,54.12591798479785,24.752363060071104,0.0,100.0
0.35,0.875,85.80123479839615,1.334813950186529,-0.10183909217022347,1.0165726810206621,1.334813147960992,1.6784551103880858,2.1059576677778917,54.15126949675975,25.0621346563326,0.0,100.0
0.375,0.6,85.80125033509846,1.3347984134842221,-0.10185462887253038,1.1140824960346265,1.334797474846016,1.5503050607587454,2.0262568381016406,54.12896775583152,24.836012730204185,0.0,100.0
0.35,0.6,85.80166992354107,1.334378825041611,-0.10227421731514141,1.1150332409847437,1.334377844803771,1.5458224633278945,2.023662754005843,54.128225207814346,24.824567404551647,0.0,100.0
0.2,0.625,85.80168704932339,1.33436169925929,-0.10229134309746257,1.1151806675564302,1.334360485720134,1.5308107018188366,2.012587462138727,54.125972800180286,24.777617790338017,0.0,100.0
0.475,0.625,85.80248458112368,1.3335641674590022,-0.10308887489775032,1.0991651448070598,1.3335634112642254,1.5757074653209457,2.041767889270128,54.13410155860544,24.903526783553843,0.0,100.0
0.4,0.6,85.80259834252722,1.3334504060554622,-0.10320263630129034,1.11147962499507,1.3334495090223242,1.552852020475754,2.0286544776044413,54.12970875791385,24.847474790767052,0.0,100.0
0.5,0.675,85.80342397373812,1.332624774844561,-0.10402826751219152,1.079355604884924,1.3326240912174625,1.6014797701548957,2.0569824483122394,54.13909996986893,24.958289638156945,0.0,100.0
0.325,0.6,85.80385573200394,1.3321930165787421,-0.10446002577801039,1.1143294953765235,1.3321919947658358,1.5394231740774131,2.020877366655818,54.12748135850447,24.8131386257792,0.0,100.0
0.25,0.95,85.80445647588719,1.331592272695488,-0.10506076966126443,0.9908695199901842,1.3315913570877769,1.696547537758022,2.1225557176412972,54.15456238245146,25.081094457690966,0.0,100.0
0.5,0.65,85.80569371089219,1.3303550376904951,-0.10629800466625738,1.0861105677244893,1.3303543393703023,1.5874853494332655,2.050191418230013,54.13697922794655,24.936673222825938,0.0,100.0
0.425,0.6,85.80571378726967,1.3303349613130138,-0.10631808104373874,1.1072235245269866,1.3303341058754428,1.5534536279095619,2.030858397885036,54.130445859248255,24.85894931956823,0.0,100.0
0.475,0.75,85.80606481169168,1.3299839368909971,-0.10666910546575537,1.0511398464749817,1.3299832590229443,1.6308026556066721,2.0762999758395315,54.1445924033278,25.01158448839965,0.0,100.0
0.5,0.7,85.80634123798492,1.329707510597757,-0.10694553175899557,1.0676282762479161,1.3297068420929663,1.610169909075509,2.063729211335298,54.14118608481893,24.97990572346161,0.0,100.0
0.075,1.05,85.80644248049936,1.3296062680833245,-0.10704677427342801,0.9612652479357564,1.3296051384659393,1.7131841753101185,2.1409163142833494,54.15787802540648,25.087517419578496,0.0,100.0
0.125,1.025,85.80705694882158,1.3289917997610985,-0.10766124259565402,0.9671512228235599,1.328990733294296,1.7095616349166107,2.137043388243038,54.15720595379758,25.08874315087506,0.0,100.0
-0.3,1.175,85.80767326019871,1.3283754883839691,-0.10827755397278338,0.9361624503732884,1.3283738409186867,1.688010984483526,2.1369099539759593,54.15808247491759,25.024861006208933,0.0,100.0
0.325,0.9,85.80768532066564,1.32836342791704,-0.10828961443971252,1.0024811015630206,1.3283626011037568,1.6802986272065823,2.111937353812826,54.152566732791804,25.07225455920034,0.0,100.0
0.3,0.6,85.80781102867098,1.328237719911698,-0.10841532244505458,1.1119778888151188,1.32823665652964,1.5310856111030091,2.0178946925184182,54.12673566432692,24.801726183027117,0.0,100.0
-0.25,0.825,85.80852004489526,1.3275287036874204,-0.10912433866933213,1.0669251176144172,1.3275268772204156,1.5922203034171503,2.0017393685520046,54.130145885666714,24.745281252547397,0.0,100.0
0.025,1.075,85.80905767487656,1.3269910737061252,-0.10966196865062727,0.9523312388569138,1.3269898813199887,1.713082691542482,2.144552676500574,54.15854520057425,25.08631528241234,0.0,100.0
-0.1,1.125,85.80920815683314,1.3268405917495443,-0.10981245060720823,0.9409207989525896,1.3268392332866,1.7111167420457036,2.1479520758362516,54.159272573331826,25.072596030076017,0.0,100.0
-0.075,0.725,85.80950325033588,1.3265454982468015,-0.11010754410995105,1.0904214434805795,1.3265438934854046,1.5591075220997368,2.0000114686133834,54.12658404788203,24.738600199468515,0.0,100.0
-0.125,0.75,85.8104332056551,1.3256155429275793,-0.11103749942917318,1.083908181021613,1.3256138717354986,1.5678046996879829,1.9992623101112013,54.12728834475118,24.7374148683044,0.0,100.0
0.45,0.6,85.81059932965516,1.3254494189275192,-0.11120362342923329,1.1013139883455096,1.325448605074979,1.5521104722558334,2.0328659902395603,54.13117898871408,24.870436158995084,0.0,100.0
0.175,1.0,85.81086696052988,1.3251817880528023,-0.11147125430395022,0.9700470594185902,1.3251807850515376,1.7022308221197449,2.1329462840469384,54.15652395186907,25.089982330442655,0.0,100.0
-0.175,1.15,85.810950483638,1.3250982649446854,-0.1115547774120671,0.9344801326047616,1.3250968022659038,1.704278813724443,2.1469876869313618,54.15931946660838,25.060090174230254,0.0,100.0
0.1,0.65,85.81105765536466,1.3249910932180171,-0.1116619491387354,1.1040055896606447,1.32498972981123,1.5225760031748052,2.005207657655595,54.12519510430096,24.753632796356737,0.0,100.0
-0.025,0.7,85.8118474889752,1.3242012596074773,-0.11245178274927525,1.0938173679210905,1.3241997215550498,1.5470958163558066,2.0005168624667697,54.125874007303544,24.7398138121853,0.0,100.0
0.175,0.625,85.81221577258013,1.3238329760025493,-0.11282006635420316,1.1068177816825795,1.3238317210027475,1.5150712303678944,2.008742988106056,54.12522112556066,24.766264239826118,0.0,100.0
-0.275,1.175,85.81303750761629,1.3230112409663946,-0.11364180139035795,0.9293776346802645,1.3230096339916344,1.6893347802174787,2.1411379077833805,54.15871724906401,25.036229422683224,0.0,100.0
0.5,0.625,85.81311658459335,1.3229321639893357,-0.11372087836741684,1.0878418059891573,1.3229314495756683,1.5681809488094132,2.0432922729179954,54.13482074728304,24.915053758705852,0.0,100.0
0.275,0.6,85.81351396488681,1.3225347836958719,-0.11411825866088066,1.1080979575699814,1.3225336788935294,1.520799450502949,2.0147026548113236,54.12598863247219,24.790331042838698,0.0,100.0
0.5,0.725,85.81444002737464,1.3216087212080367,-0.11504432114871577,1.0509472076291786,1.3216080682297133,1.6135716287848538,2.0704418798155544,54.14322267308211,25.00149570925544,0.0,100.0
-0.175,0.775,85.81461271300182,1.3214360355808594,-0.11521700677589308,1.0742961168494247,1.3214342983529348,1.5731951070691537,1.9982717755190533,54.127991008536824,24.736260159153765,0.0,100.0
-0.025,1.1,85.8149259541682,1.321122794414478,-0.1155302479422744,0.9403543141409045,1.3211215395198734,1.7092647483716519,2.1479262653944367,54.15920532068082,25.085126775754755,0.0,100.0
0.3,0.925,85.81660781439213,1.3194409341905526,-0.11721210816619987,0.9859730989884099,1.3194400829490973,1.6796152940738267,2.117943297449808,54.153852595453635,25.082379368193365,0.0,100.0
0.475,0.6,85.81725431648387,1.3187944320988123,-0.1178586102579402,1.093751641300841,1.3187936598240555,1.5488226481476204,2.0346778684495876,54.131910146899024,24.88193897688074,0.0,100.0
0.025,0.675,85.81748876958265,1.3185599790000282,-0.11809306335672431,1.094068605299995,1.318558507492699,1.531810821738702,2.000738191740759,54.12515982706505,24.741057615626,0.0,100.0
0.225,0.975,85.81784631290597,1.3182024356767101,-0.11845060668004237,0.9700593771078729,1.3182014961513147,1.691192958795284,2.128579344892261,54.15582938219915,25.091233412234775,0.0,100.0
0.425,0.825,85.81871418171883,1.317334566863849,-0.11931847549290353,1.0144058941547485,1.3173338541871176,1.6468497846854717,2.095012489661571,54.14923842519833,25.053361941712712,0.0,100.0
0.45,0.8,85.81921556096626,1.3168331876164245,-0.11981985474032797,1.0217840144065775,1.3168325000092238,1.6376983576732158,2.0890279398432936,54.147911476975395,25.04325758900254,0.0,100.0
-0.25,1.175,85.82014819880965,1.3159005497730334,-0.12075249258371912,0.9209567436487589,1.3158989832742805,1.688733195403671,2.145169770068719,54.15934281931108,25.047597818797932,0.0,100.0
0.525,0.675,85.82017583837963,1.3158729102030549,-0.12078013215369765,1.0621703044570125,1.315872267103663,1.587386182869622,2.057998719206887,54.13977742506271,24.969812193074564,0.0,100.0
0.525,0.65,85.8202232382626,1.3158255103200815,-0.12082753203667096,1.0710241988715694,1.3158248524403036,1.5757177626077805,2.0513329755157774,54.13767310048076,24.948199359133486,0.0,100.0
0.4,0.85,85.8206950438232,1.3153537047594739,-0.12129933759727862,1.0046419747612703,1.3153529672134994,1.6534469538835452,2.1010282185705997,54.15055103654784,25.06347063383388,0.0,100.0
0.25,0.6,85.82098843517869,1.3150603134039898,-0.12159272895276274,1.1025630006360672,1.315059167170304,1.5085730012405918,2.01131255756514,54.12524061418072,24.778953880877108,0.0,100.0
-0.3,0.85,85.82124501436698,1.314803734215701,-0.12184930814105144,1.0492704623241451,1.3148018427140358,1.5889201552680419,2.0001988608271826,54.13082923672987,24.74418681603882,0.0,100.0
-0.225,0.8,85.82206063215722,1.3139881164254632,-0.1226649259312893,1.0616163449224985,1.3139863135312992,1.5752635408546212,1.9970112599599903,54.12869057863565,24.73513772636883,0.0,100.0
0.475,0.775,85.82219793821835,1.313850810364329,-0.12280223199242357,1.0267824085619282,1.3138501479115632,1.6259886881092882,2.0830678631825004,54.14657217035135,25.03316335888302,0.0,100.0
-0.15,1.15,85.82275375287121,1.3132949957114732,-0.12335804664527927,0.9216183284778623,1.313293573758378,1.698361899732376,2.1504593271388113,54.15991466954914,25.0714461725716,0.0,100.0
-0.075,1.125,85.8240092359031,1.3120395126795756,-0.12461352967717687,0.9252770444798983,1.312038194974329,1.7017575475673539,2.1509915652357754,54.15985635494233,25.083959804239548,0.0,100.0
0.15,0.625,85.8245183153025,1.3115304332801827,-0.1251226090765698,1.0967987900536116,1.3115291368006496,1.499416247275903,2.0046978381854736,54.12446769222791,24.75492654617244,0.0,100.0
0.375,0.875,85.8251391501951,1.3109095983875818,-0.1257434439691707,0.9925015907077892,1.3109088362905283,1.6574778478008483,2.1070423137974035,54.15185022678667,25.073574207198114,0.0,100.0
0.525,0.7,85.82530489653273,1.3107438520499528,-0.1259091903067997,1.0483650926575336,1.310743224197435,1.5937558397753406,2.0646197740058625,54.1418417684926,24.99141533980953,0.0,100.0
0.525,0.625,85.82546283886893,1.310585909713751,-0.1260671326430014,1.0748747139663948,1.3105852368675557,1.558741272918823,2.04460759306446,54.135534407556285,24.92658983943916,0.0,100.0
0.5,0.6,85.82567274662881,1.3103760019538697,-0.1262770404028828,1.0845428254032328,1.3103752712882397,1.5436119395969143,2.0362993743362288,54.1326373574238,24.89345410549143,0.0,100.0
0.075,0.65,85.82640447424996,1.309644274332726,-0.1270087680240266,1.0911753592262272,1.309642869489673,1.5132341283221535,2.0007139659310478,54.124439466247914,24.742323069516733,0.0,100.0
0.1,1.05,85.82672535710932,1.309323391473356,-0.12732965088339654,0.9405180027930555,1.3093223020661753,1.6973053733662056,2.143046584474679,54.158443505462486,25.09889982409265,0.0,100.0
0.5,0.75,85.82766224397304,1.3083865046096435,-0.12826653774710906,1.0294045203495301,1.3083858674424391,1.6117101656062829,2.0771373744684922,54.14522157079086,25.023078821481423,0.0,100.0
0.275,0.95,85.8279972315916,1.3080515169910854,-0.12860152536566716,0.9670816421485853,1.3080506415222515,1.6764294825265154,2.1239823337073243,54.1551259560627,25.09250533037443,0.0,100.0
0.05,1.075,85.82810038677002,1.307948361812663,-0.12870468054408946,0.9327316250041093,1.307947209792394,1.6987466050322837,2.146913852235363,54.15911148687208,25.097690290752688,0.0,100.0
0.15,1.025,85.82856533793752,1.3074834106451618,-0.12916963171159068,0.9452253853385599,1.3074823843394683,1.6921424914752095,2.1389739685649407,54.157770353543725,25.10013598394346,0.0,100.0
-0.225,1.175,85.82898404518984,1.3070647033928395,-0.12958833896391297,0.9109008858879832,1.3070631774912358,1.6862790738009465,2.1490293439309327,54.15995261410282,25.05895385782697,0.0,100.0
0.4,0.575,85.82935495831158,1.3066937902710976,-0.12995925208565495,1.0946345116573326,1.3066928777550573,1.5137574515291874,2.021149562760956,54.12748575210588,24.825976096091807,0.0,100.0
0.425,0.575,85.83021226746062,1.305836481122057,-0.13081656123469543,1.0925135516038296,1.3058356102050168,1.516688679062554,2.023495852229339,54.12822706151055,24.837431573445375,0.0,100.0
0.225,0.6,85.83023587485562,1.3058128737270636,-0.13084016862968895,1.0953752539554529,1.3058116860479658,1.494398181838264,2.0077222540236512,54.12449029425725,24.767592286931638,0.0,100.0
0.375,0.575,85.83026559906071,1.3057831495219716,-0.1308698928347809,1.095101633882436,1.3057821954125273,1.5088961065103348,2.0186084245232627,54.126742615340106,24.814536951720953,0.0,100.0
-0.1,0.725,85.83042914832888,1.3056196002538059,-0.13103344210294665,1.07240737821526,1.3056179537885781,1.5442253429341406,1.9945720277252421,54.12582183628344,24.727331756322755,0.0,100.0
-0.05,0.7,85.83149659379697,1.3045521547857106,-0.13210088757104188,1.076979043272516,1.3045505751221385,1.5334770010889827,1.9953352731993124,54.12511230996459,24.72853360676828,0.0,100.0
0.35,0.9,85.83204504211592,1.3040037064667587,-0.13264933588999384,0.9779508925983151,1.3040029198117764,1.658978749964163,2.1130748256197696,54.15313600565288,25.083680263760325,0.0,100.0
-0.15,0.75,85.83264018241209,1.3034085661705888,-0.13324447618616375,1.0647163810726141,1.3034068531870986,1.5516541343619679,1.9935614232476713,54.126525946938884,24.726157233762386,0.0,100.0
0.0,1.1,85.83269406696091,1.3033546816217694,-0.13329836073498313,0.9219273922700495,1.3033534671139222,1.6964808758018108,2.150533623127324,54.15977666055073,25.096499374751147,0.0,100.0
-0.275,0.825,85.83276851615378,1.3032802324289037,-0.13337280992784883,1.0459075531708777,1.3032783642981172,1.574009746967178,1.9954910107365245,54.12938461690515,24.734043513956838,0.0,100.0
0.45,0.575,85.83283781464505,1.3032109339376348,-0.13344210841911774,1.088737996851961,1.303210104582797,1.5176742198917736,2.025645733700114,54.12896542131037,24.848901286631182,0.0,100.0
0.35,0.575,85.83294374031526,1.3031050082674227,-0.1335480340893298,1.093916850274283,1.3031040125808004,1.502109755048508,2.015874026738146,54.12599812301108,24.80311503674242,0.0,100.0
0.2,1.0,85.83362604117978,1.3024227074028971,-0.1342303349538554,0.9469530490296307,1.3024217442707537,1.6832803926201763,2.134635007613273,54.15708261928764,25.10137888559207,0.0,100.0
0.525,0.725,85.8355930596528,1.3004556889298868,-0.13619735342686567,1.0296269868405545,1.3004550768351237,1.5948515148064786,2.071230922253926,54.143858506786756,25.012995975979393,0.0,100.0
0.525,0.6,85.83583480057231,1.3002139480103665,-0.13643909434638601,1.0736877640660225,1.3002132589769702,1.5364656514513086,2.0377496399474992,54.13336019386927,24.9049807350685,0.0,100.0
0.0,0.675,85.83586024408197,1.30018850450071,-0.1364645378560425,1.0784059705020184,1.3001869915818929,1.5194407003703532,1.9958218705632678,54.12439921891807,24.72976753959484,0.0,100.0
-0.125,1.15,85.83628639201704,1.2997623565656369,-0.13689068579111563,0.9071308055873573,1.2997609753464388,1.690543345219794,2.153745436980148,54.160501146620305,25.082805502169563,0.0,100.0
0.55,0.65,85.83650391650649,1.2995448320761938,-0.13710821028055875,1.0543042467459856,1.2995442146733496,1.5620143364827044,2.0522879988414755,54.138360058770324,24.959732218910045,0.0,100.0
0.475,0.575,85.83723231787575,1.2988164307069354,-0.1378366116498171,1.0833081781864138,1.2988156429137176,1.5167149217402596,2.027601910471557,54.12970138428001,24.860386230934317,0.0,100.0
0.325,0.575,85.8373775623546,1.298671186228077,-0.13798185612867542,1.0911661729856377,1.2986701490658674,1.4933731046090912,2.0129335640876835,54.12525092077118,24.791707873564203,0.0,100.0
-0.2,0.775,85.83809656479518,1.2979521837875012,-0.1387008585692513,1.0539287717004981,1.297950404752936,1.5557698753315918,1.9923213186018496,54.12722841874564,24.725014156696282,0.0,100.0
0.125,0.625,85.83858375932068,1.2974649892619965,-0.13918805309475601,1.0851376084982434,1.2974636513598683,1.491353766455731,2.000462621373232,54.123712739724546,24.743605689877963,0.0,100.0
0.55,0.675,85.83866880402292,1.297379944559765,-0.1392730977969876,1.0433666402841197,1.2973793420672906,1.5713597370642702,2.0588352466421895,54.1404470224886,24.98133952139244,0.0,100.0
0.55,0.625,85.83952571375828,1.2965230348244035,-0.14013000753234905,1.0602609201816051,1.2965224028965678,1.5473655395830548,2.045713567498524,54.13623766128191,24.9381262236884,0.0,100.0
-0.2,1.175,85.83954236318007,1.2965063854026084,-0.14014665695414408,0.8992113036670162,1.296504900209115,1.681902047152704,2.1527212096012898,54.16054962992025,25.07030555564575,0.0,100.0
-0.05,1.125,85.84052739859987,1.2955213499828062,-0.1411316923739463,0.9080164409199227,1.2955200729232927,1.6905062511852975,2.1538471516725615,54.1604332249373,25.09532999459107,0.0,100.0
0.2,0.6,85.84125447979675,1.2947942687859353,-0.14185877357081722,1.0865313796401779,1.2947930396610872,1.4782719119384637,2.0039354474582978,54.12373764408192,24.756246230970255,0.0,100.0
0.325,0.925,85.84142546173896,1.2946232868437164,-0.1420297555130361,0.9609881963431945,1.294622475706467,1.6579437982671266,2.1191339031449945,54.15441468721812,25.09379950474829,0.0,100.0
0.25,0.975,85.84184818513782,1.2942005634448606,-0.14245247891189194,0.9458316198401349,1.2941996639534068,1.670702309485364,2.130049916439927,54.15638481244423,25.10263612775667,0.0,100.0
-0.3,1.2,85.842710838803,1.2933379097796802,-0.1433151325770723,0.8931259951017267,1.2933362803607706,1.6654885492910694,2.146706608647163,54.15996939890399,25.04648165174439,0.0,100.0
0.5,0.575,85.84339652981267,1.2926522187700158,-0.14400082358673671,1.0762252474382592,1.2926514725312557,1.5138109209609922,2.029362702808636,54.130435347910286,24.871887113638763,0.0,100.0
0.45,0.825,85.84342151037193,1.2926272382107555,-0.14402580414599697,0.989635855105405,1.2926265655999487,1.6247067627659675,2.0958238761728345,54.14982799697761,25.06482181981614,0.0,100.0
0.475,0.8,85.84345613235148,1.2925926162312038,-0.1440604261255487,0.9974670336291496,1.2925919687712308,1.6159325731611318,2.0897941448002606,54.14851030286356,25.05472760139528,0.0,100.0
0.05,0.65,85.8435207032116,1.2925280453710855,-0.14412499698566705,1.0766882805854578,1.2925265990979455,1.50212195242662,1.996025515822047,54.12368090624437,24.731025583484136,0.0,100.0
0.3,0.575,85.84357603713197,1.2924727114507135,-0.144180330906039,1.0868056640212131,1.2924716328530763,1.4826858423689657,2.009789907477538,54.1245030929963,24.78031893490582,0.0,100.0
0.425,0.85,85.84586061133561,1.2901881372470712,-0.14646490510968135,0.9794345446278214,1.2901874397880788,1.630926079243352,2.1018796571591003,54.15112863948833,25.074916573842945,0.0,100.0
0.5,0.775,85.84597327712713,1.2900754714555518,-0.14657757090120072,1.002928425814389,1.29007484935874,1.60459770804853,2.0837907090219185,54.147179124975544,25.04464143284426,0.0,100.0
0.55,0.7,85.84599459731922,1.2900541512634618,-0.14659889109329072,1.0274803079693697,1.2900535642281739,1.575418909583263,2.0653519843817874,54.142485902745854,25.00292247042733,0.0,100.0
-0.25,0.8,85.84680448032395,1.2892442682587273,-0.14740877409802522,1.0401170437957603,1.2892424236680426,1.556562350769596,1.9908139450195999,54.12792808912422,24.72390483738784,0.0,100.0
0.55,0.6,85.84771759543165,1.2883311531510344,-0.1483218892057181,1.0611958474176504,1.2883305057146912,1.5274053705023363,2.0390421466296895,54.134080334315506,24.91652193206689,0.0,100.0
0.125,1.05,85.8487004163107,1.287348332271975,-0.14930471008477753,0.918143772645962,1.2873472830093704,1.6795253180382304,2.145023604230288,54.158996504000584,25.11027860021345,0.0,100.0
0.075,1.075,85.84883494442695,1.2872138041557264,-0.14943923820102611,0.9115171700214404,1.2872126920888518,1.682519849854799,2.1490967751385175,54.15966644619279,25.10906127335942,0.0,100.0
-0.275,1.2,85.85027857426238,1.2857701743203052,-0.15088286803644735,0.8842269332505026,1.285768585447593,1.6645720942888858,2.150811345249152,54.16058122777234,25.05783419677793,0.0,100.0
0.4,0.875,85.85075286263061,1.285295885952067,-0.1513571564046856,0.966831230876906,1.2852951639841534,1.6346125736274217,2.1079450088892333,54.15241795998886,25.08500916349907,0.0,100.0
0.525,0.75,85.85096930496348,1.2850794436191961,-0.15157359873755638,1.0060332469262931,1.2850788469844532,1.5906955915885703,2.077809542323587,54.1458385586008,25.034568650028298,0.0,100.0
0.525,0.575,85.85132323766265,1.2847255109200262,-0.15192753143672633,1.0674909956676686,1.2847248062761623,1.5089833969494322,2.030936864213195,54.1311657810889,24.883401085704445,0.0,100.0
-0.1,1.15,85.85154233659291,1.2845064119897671,-0.1521466303669854,0.8910260522041114,1.284505071418124,1.6808347269970483,2.1568441550369273,54.1610788260739,25.094167052295514,0.0,100.0
0.275,0.575,85.8515457895861,1.2845029589965833,-0.15215008336016922,1.080789593329456,1.2845018389591076,1.4700605643845392,2.0064493925648548,54.12375425012982,24.768947468155478,0.0,100.0
0.175,1.025,85.85178662777169,1.2842621208109932,-0.15239092154575928,0.9216711732589999,1.284261134365778,1.6728160016703129,2.1407191567547024,54.15832019658424,25.11152121257763,0.0,100.0
-0.175,1.175,85.8518142291537,1.2842345194289777,-0.1524185229277748,0.8858966001137247,1.284233075035928,1.6756278936742746,2.1562495274383355,54.16113801618224,25.081658834544047,0.0,100.0
0.025,1.1,85.8521867260448,1.2838620225378747,-0.15279101981887777,0.9018715222811835,1.2838608481752458,1.6817956514295105,2.152947909607844,54.16033335096466,25.107864410665766,0.0,100.0
-0.075,0.7,85.85291046167686,1.2831382869058245,-0.15351475545092796,1.058483558940381,1.2831366655520895,1.5181048684540883,1.9899569218730864,54.124349291370834,24.717270920059164,0.0,100.0
-0.125,0.725,85.85312533496176,1.2829234136209209,-0.15372962873583162,1.052736145958363,1.2829217254236085,1.5275769689183818,1.988933455402941,54.12505838997761,24.716081004549835,0.0,100.0
0.3,0.95,85.85326034559803,1.2827884029846501,-0.15386463937210237,0.941688232712437,1.2827875675797145,1.6543985056897839,2.125223075306025,54.1556790258676,25.103916156730502,0.0,100.0
0.175,0.6,85.85404059462658,1.2820081539560988,-0.1546448884006537,1.0760313388080363,1.2820068834082092,1.466135953612735,1.999956252272016,54.12298322104462,24.744916441344017,0.0,100.0
0.1,0.625,85.85442183014761,1.281626918435066,-0.15502612392168658,1.0718258650114763,1.281625539103078,1.4815197113999545,1.9960267367020987,54.12295680819387,24.732302933979614,0.0,100.0
0.575,0.65,85.85452468521216,1.2815240633705258,-0.15512897898622668,1.0359734162604042,1.2815234865333083,1.5463763644661412,2.0530642981165697,54.13903593785865,24.971264126913496,0.0,100.0
0.575,0.625,85.85532741385299,1.2807213347296909,-0.15593170762706166,1.04400549906687,1.2807207432611931,1.5340530175481604,2.0466159309322096,54.13692982854378,24.94966166868794,0.0,100.0
-0.025,0.675,85.85600128175558,1.2800474668270994,-0.15660557552965315,1.0610862322674137,1.2800459124003822,1.505314988137627,1.9907033133544552,54.123636366842256,24.71849270476125,0.0,100.0
-0.175,0.75,85.85661923193777,1.2794295166449103,-0.15722352571184217,1.0438691366913133,1.279427761851133,1.533734233124136,1.9876592621416662,54.125763128510044,24.71491805332609,0.0,100.0
0.225,1.0,85.8581077692448,1.2779409793378846,-0.15871206301886787,0.9222577802354408,1.2779400560549135,1.6624159183804608,2.1361383062239994,54.15762939716573,25.112772313290698,0.0,100.0
0.375,0.9,85.85811686534929,1.2779318832333928,-0.1587211591233597,0.9518156786569278,1.2779311367078094,1.6357659666112028,2.1140376239780694,54.153697908228345,25.09511142862066,0.0,100.0
0.55,0.725,85.85845909956711,1.2775896490155674,-0.15906339334118513,1.0067194071993981,1.2775890778509336,1.5742193547691983,2.071852586176433,54.1444848455366,25.024497535245914,0.0,100.0
-0.025,1.125,85.85877064584939,1.2772781027332911,-0.1593749396234614,0.8891292939297983,1.2772768662949432,1.6773626360705123,2.156521789728993,54.160993709662115,25.10668918482045,0.0,100.0
-0.3,0.825,85.85879050725723,1.2772582413254554,-0.1593948010312971,1.0232331916328263,1.2772563314810186,1.554032898351707,1.989037431679541,54.12862183085262,24.722822964685555,0.0,100.0
0.575,0.675,85.85888768511363,1.2771610634690518,-0.15949197888770072,1.02293357214144,1.2771605017581664,1.5534029106385248,2.059516149612794,54.14110201096641,24.992859394777476,0.0,100.0
-0.25,1.2,85.85958580858544,1.276462939997245,-0.1601901023595076,0.8737109461161907,1.2764613916776058,1.661742279667365,2.1547182652884014,54.16118005537772,25.069182289824813,0.0,100.0
0.425,0.55,85.85997378584545,1.2760749627372263,-0.1605780796195262,1.0727378919080195,1.276074076440861,1.4746371552407567,2.016081669246543,54.12600211189579,24.81596983511894,0.0,100.0
0.45,0.55,85.86033675706418,1.2757119915185058,-0.16094105083824672,1.071097529008739,1.2757111468182132,1.477966161637994,2.0183798820983583,54.12674401362172,24.82741915408756,0.0,100.0
0.55,0.575,85.8610084802068,1.275040268375875,-0.16161277398087748,1.057105583790758,1.275039605192316,1.5022183853312612,2.032316787835977,54.13189225705034,24.894927338342686,0.0,100.0
0.25,0.575,85.8612817296296,1.274767018953085,-0.16188602340366742,1.0731193587153314,1.2747658575025071,1.4554857262610739,2.002919076084039,54.12300395627127,24.75759315748726,0.0,100.0
0.575,0.6,85.86133474185138,1.2747140067313012,-0.1619390356254513,1.04705616159562,1.2747134008363759,1.5164220680368317,2.0401300116425958,54.134792942277585,24.928068770681033,0.0,100.0
0.4,0.55,85.86137843824424,1.2746703103384363,-0.16198273201831626,1.0727235009123888,1.2746693824564062,1.4693833336474,2.0135907178162977,54.12525840460025,24.804536820014732,0.0,100.0
0.025,0.65,85.86238594984746,1.2736627987352165,-0.16299024362153602,1.06054417145765,1.2736613110272912,1.4892614325088829,1.9911613573584428,54.12292082877316,24.71974454089522,0.0,100.0
0.475,0.55,85.86246966270741,1.2735790858752694,-0.16307395648148315,1.0678025123549304,1.2735782827437903,1.479348952985589,2.0204799386493932,54.127482797145944,24.83888236988469,0.0,100.0
-0.225,0.775,85.86335330245018,1.2726954461325022,-0.16395759622425032,1.0319044692173094,1.2726936252769008,1.5365738410131655,1.9861682577173785,54.12646524085197,24.71378706821604,0.0,100.0
0.375,0.55,85.86454491784991,1.2715038307327688,-0.16514921162398366,1.071093036100038,1.2715028613207806,1.4621977320987014,2.0109024599520837,54.12451211159594,24.793118773361098,0.0,100.0
-0.15,1.175,85.86581023617094,1.270238512411737,-0.1664145299450155,0.8709639047970086,1.2702371086104705,1.66745096901343,2.1595820730753372,54.161717271396114,25.09301168365219,0.0,100.0
0.5,0.55,85.86636998942785,1.2696787591548286,-0.16697428320192387,1.062852788291977,1.2696779976027215,1.4787866414364714,2.0223891067343827,54.12821973354237,24.85036158534568,0.0,100.0
0.275,0.975,85.86756311363699,1.2684856349456908,-0.16816740741106173,0.9199777617048852,1.2684847753625603,1.648296902267404,2.131346005757306,54.15693006663214,25.114039385906583,0.0,100.0
0.35,0.925,85.86794602272865,1.2681027258540354,-0.16855031650271712,0.9344418845822275,1.2681019547875478,1.634367846899508,2.1201437274507366,54.154967810404656,25.10521974770382,0.0,100.0
0.575,0.7,85.8684091836621,1.2676395649205858,-0.16901347743616668,1.0049772382585758,1.2676390187705835,1.5551613667497008,2.0659191725269963,54.14312031854622,25.014431088281164,0.0,100.0
-0.075,1.15,85.86852229021066,1.2675264583720178,-0.16912658398473468,0.8733009813121981,1.2675251582878189,1.6692122858415246,2.1597521570942706,54.16164392767007,25.105524548570592,0.0,100.0
0.15,0.6,85.86860076061743,1.2674479879652552,-0.16920505439149736,1.0638746852468728,1.2674466759762566,1.4575814348627176,1.9957766705087443,54.12222871135858,24.733604650231708,0.0,100.0
0.5,0.8,85.86942604198454,1.2666227065981417,-0.17003033575861082,0.9715251895314339,1.2666220992216268,1.5922469288473309,2.0903792581666836,54.149098354822705,25.066197099028653,0.0,100.0
0.35,0.55,85.869465513875,1.2665832347076815,-0.17006980764907098,1.0679052407507044,1.266582223878359,1.4530615458860012,2.0080077804431133,54.12376472778253,24.78171848781313,0.0,100.0
0.475,0.825,85.86985482083713,1.2661939277455474,-0.1704591146112051,0.9632435567715589,1.26619329521441,1.6006442766093727,2.0964624100897087,54.15040365639685,25.07627543308669,0.0,100.0
-0.225,1.2,85.87058709779863,1.2654616507840473,-0.17119139157270524,0.8615703835590978,1.2654601432854435,1.6570119388055957,2.158491580715501,54.16177070911933,25.08052959771876,0.0,100.0
0.1,1.075,85.87125169099528,1.2647970575874012,-0.17185598476935127,0.88872069111423,1.2647959854371464,1.6643804551545571,2.1511210363770963,54.16021354658927,25.12043636169682,0.0,100.0
0.525,0.775,85.87147542066161,1.2645733279210702,-0.17207971443568226,0.9774532700346583,1.264572745937906,1.581294781611831,2.0843236188862204,54.14777565635327,25.05611964241906,0.0,100.0
0.075,0.625,85.87203169856902,1.2640170500136634,-0.17263599234308913,1.0568572057743353,1.2640156291527092,1.4699282211889653,1.991386717783184,54.12219904327084,24.72101671882917,0.0,100.0
0.525,0.55,85.87203951891642,1.2640092296662573,-0.17264381269049522,1.0562490497478478,1.2640085096912628,1.4762795896811411,2.0241044663470156,54.128954558773884,24.86185623685252,0.0,100.0
0.15,1.05,85.87236349077195,1.2636852578107352,-0.17296778454601736,0.8941733126303433,1.2636842481744224,1.6598440003603798,2.146812223484936,54.15954129169458,25.121661520071324,0.0,100.0
0.575,0.575,85.8724237102383,1.2636250383443866,-0.17302800401236595,1.0450762404025227,1.263624416606055,1.493520832123508,2.033535162087074,54.13261502545515,24.90646630692572,0.0,100.0
0.45,0.85,85.87273324289379,1.2633155056888938,-0.17333753666785867,0.9525962055195833,1.2633148483845162,1.6065207795290917,2.102558402161839,54.15169408529192,25.08635885254816,0.0,100.0
0.225,0.575,85.87278934277266,1.2632594058100182,-0.17339363654673434,1.0637945305292789,1.2632582029348327,1.438959429364374,1.999191051532755,54.12225204861486,24.746255726086826,0.0,100.0
0.6,0.625,85.87286855881503,1.2631801897676525,-0.17347285258910006,1.0261479470608492,1.2631796388785035,1.5188050688336574,2.0473405716520765,54.13761604262199,24.9612055924319,0.0,100.0
-0.275,0.8,85.8733226430498,1.2627261055328773,-0.17392693682387517,1.0169609445222392,1.2627242192207404,1.5360904628657863,1.9844124772443728,54.12716467704958,24.71269008997455,0.0,100.0
0.05,1.1,85.87336029511782,1.262688453464861,-0.17396458889189148,0.8802340335508916,1.2626873188494785,1.665197365061644,2.155183269653782,54.16088224086438,25.119234364724992,0.0,100.0
0.6,0.65,85.87426161001217,1.2617871385705115,-0.174865903786241,1.0160087229204748,1.261786602548335,1.5288065551623333,2.053700760785353,54.139703012252426,24.98279924547833,0.0,100.0
0.55,0.75,85.87600256666073,1.2600461819219504,-0.17660686043480212,0.9810275401939492,1.2600456255075585,1.5677676361786865,2.0782932041999196,54.146441395799485,25.04605179952248,0.0,100.0
-0.1,0.7,85.87609943124353,1.2599493173391494,-0.17670372501760312,1.0383308455539577,1.2599476542694732,1.5009613767454795,1.9843751710567379,54.12358520233558,24.706026242589154,0.0,100.0
0.325,0.55,85.87615507817242,1.2598936704102641,-0.1767593719464884,1.0630629287456657,1.2598926181744616,1.4419763005573856,2.0049202634957184,54.12301589986462,24.770335334763082,0.0,100.0
0.6,0.6,85.87665619964231,1.2593925489403688,-0.17726049341638372,1.031279804138137,1.2593919836426353,1.503501298693564,2.0409854923205866,54.135492273276114,24.93961065417961,0.0,100.0
0.2,1.025,85.8767117237238,1.2593370248588798,-0.17731601749787274,0.8965141254562923,1.2593360779643406,1.651602380864361,2.142277024842109,54.15886357626775,25.122913667078627,0.0,100.0
-0.15,0.725,85.87759211919035,1.2584566293923274,-0.17819641296442512,1.0314077420866,1.25845489943882,1.509161492248083,1.9830956132240243,54.124293948577126,24.704848206787975,0.0,100.0
-0.05,0.675,85.87791170954777,1.2581370390349065,-0.17851600332184603,1.0421093468187763,1.2581354429233813,1.489445522429918,1.9853771650501881,54.12287308949369,24.707236810548068,0.0,100.0
0.425,0.875,85.87808314298394,1.2579656055987414,-0.17868743675801113,0.9395345912539597,1.2579649236585055,1.609859578310747,2.1086726427764555,54.15297814463841,25.0964484599725,0.0,100.0
0.0,1.125,85.87870171197585,1.2573470366068307,-0.17930600574992184,0.8686628143165223,1.2573458398212325,1.662305521257636,2.15897256173898,54.16154604709052,25.118051518532482,0.0,100.0
0.55,0.55,85.87947270671636,1.2565760418663245,-0.18007700049042796,1.0479945268454571,1.2565753635033219,1.4718485212446666,2.0256318760996725,54.129688234144474,24.873368381402628,0.0,100.0
0.325,0.95,85.88023599338112,1.2558127552015605,-0.18084028715519196,0.9146801096876516,1.255811959683254,1.6304521908355127,2.126281885659547,54.15622383804728,25.115331017667103,0.0,100.0
0.6,0.675,85.88084466218942,1.2552040863932632,-0.1814489559634893,1.000874333937361,1.255203565504442,1.5335238075212203,2.0600188199624303,54.14174514635574,25.004376847307324,0.0,100.0
-0.125,1.175,85.88152635787421,1.2545223907084733,-0.18213065164827924,0.8544166782344433,1.254521027294794,1.657364566686752,2.162719195549028,54.162289045087824,25.10436770468358,0.0,100.0
-0.2,0.75,85.88235347571862,1.2536952728640642,-0.18295776949268827,1.0213696156003635,1.2536934763675844,1.5140435437502475,1.9815794840998306,54.1249995502502,24.703697481948062,0.0,100.0
-0.3,1.225,85.88283564865674,1.2532130999259437,-0.18343994243080886,0.8452113480815484,1.2532114890731123,1.6379181583582039,2.1564851931299924,54.161808668735034,25.068079419854108,0.0,100.0
0.0,0.65,85.88302278219041,1.253025966392272,-0.18362707596448047,1.0427429302751534,1.2530244371851609,1.4746386629934847,1.986095409720379,54.122158831608786,24.708479909485046,0.0,100.0
0.575,0.725,85.8830270690553,1.2530216795273788,-0.18363136282937376,0.9821761090466481,1.2530211488007494,1.5516641199118197,2.0722935755445877,54.14509771317237,25.035993136786875,0.0,100.0
-0.2,1.2,85.88331461943213,1.2527341291505536,-0.1839189132061989,0.8478104230060808,1.2527326623540518,1.6503748593849963,2.1620730318992103,54.1623516749085,25.09187720923605,0.0,100.0
0.25,1.0,85.88427299927125,1.2517757493114345,-0.18487729304531797,0.8959569553753965,1.2517748657172405,1.6396535741386202,2.1374853551812665,54.158170123833735,25.124172351934043,0.0,100.0
0.3,0.55,85.88461388841465,1.2514348601680325,-0.18521818218872,1.056565844040037,1.2514337665354929,1.4289489731817469,2.0016392195878994,54.1222664635196,24.75897088692952,0.0,100.0
0.125,0.6,85.88493276079087,1.251115987791806,-0.1855370545649464,1.0500611680032677,1.2511146342904111,1.447265410804448,1.9913954296722867,54.12147271670238,24.722310035916635,0.0,100.0
0.6,0.575,85.88559389405394,1.2504548545287406,-0.1861981878280119,1.0314075587397156,1.2504542742392857,1.4829091021514529,2.034565807420495,54.13333503148864,24.918019708041584,0.0,100.0
0.4,0.9,85.88591045236264,1.2501382962200438,-0.1865147461367087,0.924087314211917,1.250137589702493,1.6106382569051192,2.114808355202095,54.154250760931674,25.106544342399324,0.0,100.0
0.2,0.575,85.8860705717448,1.2499781768378853,-0.18667486551886725,1.052813109693247,1.249976932517805,1.4303050432191213,1.9952634235088809,54.12149826414726,24.7349347105582,0.0,100.0
-0.05,1.15,85.88721446662963,1.2488342819530516,-0.18781876040370094,0.8539986054124,1.248833022154369,1.6556953846881868,2.162461109890953,54.1622002707173,25.116879995506523,0.0,100.0
0.575,0.55,85.888665953874,1.2473827947086846,-0.18927024764806788,1.0380878294397462,1.2473821577560897,1.465480237109304,2.0269599586177587,54.130419436386546,24.884895554124455,0.0,100.0
-0.25,0.775,85.89037069072144,1.245678057861241,-0.19097498449551153,1.0082436999020814,1.2456761952549384,1.5156069639392058,1.9798232413146741,54.12570142973291,24.7025788357516,0.0,100.0
0.05,0.625,85.89141477324942,1.244633975333258,-0.19201906702349447,1.0402313283377822,1.2446325129150693,1.4565676200378022,1.9865452610938505,54.12143950907651,24.70974718780771,0.0,100.0
0.625,0.625,85.8921369253718,1.2439118232108797,-0.19274121914587283,1.0066500210008513,1.2439113130908226,1.501623289018113,2.047917226128041,54.138290024643055,24.972746434023044,0.0,100.0
0.6,0.7,85.89253773681367,1.2435110117690158,-0.1931420305877367,0.9808967957648065,1.2435105065661163,1.5329879379485618,2.066316346876953,54.143743947160466,25.02593921212076,0.0,100.0
-0.275,1.225,85.89261517097692,1.2434335776057566,-0.19321946475099594,0.8341615197822847,1.243432007232903,1.6346966453545804,2.1604650875393925,54.16240012106239,25.0794207665721,0.0,100.0
0.475,0.525,85.89298477836583,1.243063970216852,-0.1935890721399005,1.0472309462234364,1.243063151921649,1.4366457633608007,2.013300363593528,54.125259551301944,24.81743295389354,0.0,100.0
0.45,0.525,85.89311764156365,1.2429311070190323,-0.1937219353377202,1.0483907443231004,1.242930247099642,1.432918063523175,2.011047896190242,54.124517243003204,24.805990683102255,0.0,100.0
0.625,0.6,85.8937182937638,1.2423304548188838,-0.19432258753786869,1.0138828169315417,1.2423299300587332,1.4886440182236242,2.0416571866270994,54.13618396873103,24.951157760835184,0.0,100.0
0.5,0.525,85.8946225762188,1.2414261723638873,-0.1952268699928652,1.044416338323714,1.2414253956593142,1.4384263493032279,2.0153543074519793,54.12599930454407,24.82889021374522,0.0,100.0
0.275,0.55,85.89484374000777,1.2412050085749087,-0.19544803378184383,1.0484126632025692,1.241203873545203,1.4139742452500315,1.9981626970093764,54.12151554550115,24.747623552038206,0.0,100.0
0.3,0.975,85.89499295524237,1.2410557933403084,-0.19559724901644415,0.892517969342606,1.2410549734116898,1.6239817245226362,2.132450057909937,54.15746877920181,25.12544980268008,0.0,100.0
0.425,0.525,85.89501664858675,1.241032099995934,-0.19562094236081862,1.0478956193368276,1.2410311984745248,1.4272711445948119,2.0086055727017396,54.12377168676656,24.794562143666322,0.0,100.0
0.125,1.075,85.8953705295027,1.2406782190799817,-0.19597482327677085,0.8643339522487423,1.2406771862408958,1.6443270464282023,2.15293522793722,54.16075542435618,25.131820721328715,0.0,100.0
0.625,0.65,85.89574848486183,1.2403002637208544,-0.19635277863589806,0.9944051620453962,1.2402997685198103,1.5093074642754658,2.054153149320107,54.14035785598656,24.99433126272075,0.0,100.0
0.375,0.925,85.89618736728877,1.239861381293906,-0.1967916610628464,0.906282454068787,1.239860650090708,1.6088807949676323,2.1209623463317144,54.15551352316284,25.116645563537656,0.0,100.0
0.075,1.1,85.89623465437742,1.2398140942052578,-0.19683894815149472,0.8570008509417733,1.2398129991588491,1.6466844807403476,2.157237138078322,54.1614240868487,25.13061008394958,0.0,100.0
0.525,0.8,85.89712597757675,1.2389227710059316,-0.19773027135082089,0.9439636472204569,1.2389222037366352,1.566644235144551,2.090788005600814,54.14967151919625,25.077658532618965,0.0,100.0
0.175,1.05,85.89772801860471,1.2383207299779713,-0.19833231237878124,0.8686194490341848,1.2383197597175297,1.6382528504664862,2.1484124812514374,54.16008125440119,25.13305474119802,0.0,100.0
-0.175,1.2,85.89776706966427,1.238281678918412,-0.1983713634383406,0.832441196925032,1.2382802525534202,1.6418197894678173,2.165450594255262,54.16292486523299,25.10322372119994,0.0,100.0
0.5,0.825,85.8980028589516,1.2380458896310813,-0.1986071527256712,0.9352294572001796,1.238045297178789,1.57469799660079,2.0969127136549996,54.15096782885218,25.08772718911608,0.0,100.0
0.525,0.525,85.89803119904872,1.2380175495339643,-0.19863549282278825,1.0399470007560865,1.2380168144088912,1.4382612424780348,2.0172129274097164,54.126737210579826,24.840363745911677,0.0,100.0
0.4,0.525,85.89866057214078,1.2373881764418968,-0.1992648659148557,1.0458662401904917,1.2373872334913956,1.4196859813503266,2.0059615175343923,54.12302424449285,24.783149881927553,0.0,100.0
0.55,0.775,85.8987020168479,1.2373467317347746,-0.1993063106219779,0.9503589946531577,1.237346189890377,1.5560713193367803,2.0846852152075583,54.14836110406376,25.06759675784426,0.0,100.0
-0.1,1.175,85.89896239357562,1.2370863550070652,-0.1995666873496873,0.8362789969957731,1.2370850319904492,1.6453678089385164,2.16566755634046,54.16284939302049,25.115717998746174,0.0,100.0
0.6,0.55,85.89960168884666,1.2364470597360224,-0.20020598262073008,1.0265294926082902,1.2364464641583481,1.4571683900183672,2.0281173831666996,54.13114579116823,24.89643335364637,0.0,100.0
0.025,1.125,85.90031623151114,1.2357325170715399,-0.20092052528521265,0.8466001365057423,1.235731359817842,1.6453342514172675,2.1612576343945022,54.16209041499189,25.12941326406757,0.0,100.0
0.625,0.575,85.90048764661253,1.2355611019701485,-0.20109194038660405,1.01611187685252,1.2355605629306807,1.4703676180988055,2.0353974821636616,54.1340457875218,24.929575296885744,0.0,100.0
-0.125,0.7,85.9010629361167,1.234985812465979,-0.20166722989077357,1.0165209088657576,1.2349841076578485,1.4820466066246496,1.9785906699143876,54.12282026421841,24.694800010940156,0.0,100.0
0.175,0.575,85.90112462210317,1.2349241264795126,-0.20172891587723996,1.0401746705939274,1.2349228406629493,1.4212646629104597,1.9911350695959646,54.12074330926742,24.72363144562695,0.0,100.0
0.475,0.85,85.9013329847916,1.2347157637910868,-0.20193727856566568,0.9241283625975996,1.234715146482492,1.5802233488801676,2.1030499846290494,54.152252312286635,25.09780521212964,0.0,100.0
-0.075,0.675,85.90159649152805,1.2344522570546275,-0.20220078530212504,1.0214750903828929,1.2344506192271154,1.4718062235260163,1.979848295022529,54.122109112402,24.69599962751392,0.0,100.0
-0.3,0.8,85.90161479544466,1.2344339531380228,-0.20221908921872966,0.9921480075840492,1.2344320250819039,1.5138478461151976,1.9778071631471312,54.12640041658991,24.70149381112978,0.0,100.0
0.575,0.75,85.90276146940738,1.2332872791753005,-0.20336576318145205,0.9543882762524163,1.2332867629173734,1.5429230893079051,2.078605517254278,54.147035925519084,25.05753894592309,0.0,100.0
0.1,0.6,85.90303806448328,1.2330106840993977,-0.20364235825735477,1.034590403203083,1.2330092890280155,1.435184429397438,1.9868120454687477,54.12071515794076,24.71103247628407,0.0,100.0
0.55,0.525,85.90320641700501,1.2328423315776718,-0.20381071077908075,1.0338231811905843,1.232841638048265,1.4361512397091474,2.0188826091367282,54.12747293798966,24.85185291419558,0.0,100.0
0.225,1.025,85.90333797305402,1.232710775528659,-0.20394226682809347,0.8698147835522434,1.232709868115259,1.6284769637535987,2.143643986887804,54.15939969115852,25.13431196532102,0.0,100.0
-0.175,0.725,85.9038234702806,1.2322252783020815,-0.204427764054671,1.0084221630746555,1.2322235066366432,1.4889750340927321,1.9770688285769213,54.12352893222187,24.693632243838067,0.0,100.0
0.375,0.525,85.90406984416491,1.2319789044177725,-0.20467413793898004,1.0421940011127475,1.2319779200736831,1.410150199024514,2.003126233245454,54.122276553646785,24.771756953975906,0.0,100.0
-0.25,1.225,85.90407604046601,1.2319727081166718,-0.2046803342400807,0.8215460176321301,1.2319711783259095,1.629594606444229,2.1642895069275636,54.16298306025157,25.090758200297465,0.0,100.0
0.625,0.675,85.90452442454281,1.2315243240398672,-0.20512871831688528,0.9771983800534088,1.2315238440465237,1.511729484355925,2.0603587832618238,54.14237764551649,25.015894091044746,0.0,100.0
-0.025,0.65,85.90543298039069,1.2306157681919956,-0.20603727416475692,1.0232842349633273,1.2306141974224716,1.4582516889792885,1.980825974088921,54.12139561822362,24.69723231295807,0.0,100.0
0.25,0.55,85.90684589581724,1.2292028527654395,-0.207450189591313,1.0386060649536546,1.2292016763282931,1.3996921240488973,1.994487806402527,54.120764220410386,24.736294631967883,0.0,100.0
0.45,0.875,85.90714344981892,1.2289052987637632,-0.2077477435929893,0.9106274046859255,1.2289046567497337,1.5831915462707258,2.109209079080933,54.153529138847446,25.107889036915648,0.0,100.0
-0.025,1.15,85.90760145198463,1.2284472965980484,-0.2082057457587041,0.8331012679315393,1.2284460764467582,1.640265603343991,2.164945813124027,54.162747829947705,25.128234280878736,0.0,100.0
0.35,0.95,85.90893295027361,1.2271157983090717,-0.20953724404768082,0.886069921656869,1.2271150424950008,1.604591989173187,2.127147010494582,54.156760493317044,25.12674957679979,0.0,100.0
0.6,0.725,85.90931918406764,1.2267295645150398,-0.20992347784171272,0.9559989140884113,1.226729073990856,1.5271990607688792,2.0725534995800996,54.14569916838997,25.0474867264558,0.0,100.0
-0.225,0.75,85.90986110710166,1.2261876414810189,-0.21046540087573362,0.9972129424058949,1.226185803264889,1.4925819226878332,1.9752975741979968,54.12423463616164,24.692494475487266,0.0,100.0
0.575,0.525,85.91014681229558,1.2259019362871015,-0.21075110606965097,1.0260481997886046,1.2259012843786252,1.4321166570743031,2.0203629262395757,54.128206635136536,24.86335796430152,0.0,100.0
0.35,0.525,85.91125142332513,1.2247973252575548,-0.2118557170991977,1.0368697536358127,1.2247962995081139,1.3986675751322224,2.000092259689351,54.1215279237432,24.760381776427785,0.0,100.0
0.275,1.0,85.91213934035954,1.223909408223136,-0.2127436341336164,0.8681376118497894,1.223908564404877,1.614988191024949,2.138643263095193,54.15870247186612,25.135575903635427,0.0,100.0
0.625,0.55,85.91228815685785,1.223760591724826,-0.21289245063192652,1.0133327119169167,1.2237600375753743,1.4469331683564945,2.029095532920946,54.13186821388579,24.907983443236436,0.0,100.0
0.65,0.6,85.91251109416216,1.2235376544205252,-0.2131153879362273,0.9948558463882478,1.2235371703743994,1.4718518862005823,2.042173564370004,54.13686775532955,24.96270963509303,0.0,100.0
0.025,0.625,85.91256292732267,1.223485821260013,-0.21316722109673947,1.0219481481540669,1.223484317330056,1.4414353509423279,1.98151599661257,54.12067888307015,24.698493120601544,0.0,100.0
0.65,0.625,85.91314998723465,1.2228987613480342,-0.2137542810087183,0.9855126414718711,1.2228982920459628,1.4825105005019594,2.048318241458649,54.13895557651957,24.984291161107226,0.0,100.0
-0.15,1.2,85.9139377547425,1.2221109938401753,-0.2145420485165772,0.815476514204434,1.2221096078290743,1.6313590989558975,2.168637813696562,54.16348999132869,25.114571228554404,0.0,100.0
0.425,0.9,85.91541859284021,1.2206301557424695,-0.21602288661428304,0.8947591960152437,1.2206294889488647,1.5835967805360838,2.1153852300559612,54.15479457680414,25.117978741039487,0.0,100.0
0.65,0.575,85.91707576174304,1.2189729868396455,-0.217680055517107,0.9991875181044492,1.2189724882814204,1.4558923506169634,2.03600549402316,54.1347447599961,24.94112837225314,0.0,100.0
-0.225,1.225,85.91725841782484,1.218790330757841,-0.21786271159891157,0.8073558948172632,1.218788841474455,1.6225810177396198,2.1679124330268795,54.163558061056776,25.10209657116205,0.0,100.0
0.15,0.575,85.91795103187012,1.2180977167125633,-0.21855532564418922,1.0258791115333707,1.2180963893204193,1.4104633882299282,1.9868042691521943,54.11998768842664,24.71234625223146,0.0,100.0
-0.075,1.175,85.91808571398649,1.2179630345961954,-0.21869000776055714,0.8165369384273475,1.2179617513841208,1.6314849251565136,2.1683938258566817,54.16340057245075,25.12707072446427,0.0,100.0
0.625,0.7,85.91837667297979,1.2176720756028914,-0.21898096675386114,0.9551836514648357,1.2176716109738037,1.5088962149458496,2.0665336953582893,54.144355011732365,25.03744355813987,0.0,100.0
0.6,0.525,85.91884568245564,1.2172030661270412,-0.2194499762297113,1.0166206718596413,1.217202455592232,1.4261453563821078,2.0216426921556203,54.1289396498832,24.87488135808325,0.0,100.0
0.65,0.65,85.91897004043126,1.2170787081514192,-0.21957433420533334,0.9711647226633744,1.2170782537477123,1.4878867704501602,2.0544331063048786,54.14099983154252,25.00585898415409,0.0,100.0
-0.275,0.775,85.9191521472389,1.2168966013437768,-0.21975644101297576,0.982948560871094,1.2168946970331747,1.4928692952022828,1.973279465286521,54.124936929391176,24.691389381239947,0.0,100.0
0.325,0.525,85.92020265128424,1.2158460972984386,-0.22080694505831389,1.0298906670904415,1.2158450301508765,1.3852376850796446,1.996864769927033,54.12077809272854,24.749023979741395,0.0,100.0
0.225,0.55,85.92062162461391,1.215427123968766,-0.22122591838798655,1.0271427245173328,1.2154259060630324,1.3919260254821921,1.9906111069790213,54.120011362425984,24.724982617087203,0.0,100.0
0.1,1.1,85.92079932449008,1.2152494240926046,-0.2214036182641479,0.8321574682435369,1.2152483684573696,1.6262581804773077,2.1590752849132855,54.161959569412886,25.141983301600614,0.0,100.0
0.15,1.075,85.92117895766896,1.214869790913724,-0.22178325144302846,0.8383547918379861,1.2148687974879067,1.6223606061232942,2.154556940533832,54.161286954067286,25.143203704636743,0.0,100.0
0.075,0.6,85.9229177188482,1.213131029734484,-0.22352201262226856,1.017467308943381,1.21312959307553,1.4213316478317353,1.9820262436408156,54.11995644724754,24.699772467499432,0.0,100.0
0.05,1.125,85.9236268758969,1.2124218726857805,-0.224231169670972,0.8229228559933688,1.2124207550636783,1.6264508602288004,2.163339501682194,54.16262843468007,25.14078127728303,0.0,100.0
0.325,0.975,85.924126374477,1.2119223741056828,-0.2247306682510697,0.8635531156328113,1.211921593979048,1.5977755865742864,2.1333610653040207,54.1579976112172,25.13686126750539,0.0,100.0
0.2,1.05,85.92479620674149,1.2112525418411906,-0.22540050051556193,0.8414834917350049,1.211251611036721,1.6147537368182014,2.1498133729133038,54.160609090422504,25.14444487425484,0.0,100.0
0.4,0.925,85.92615190468297,1.2098968438997133,-0.2267561984570392,0.8765094572326575,1.2098961524176843,1.581480586877646,2.12159137912567,54.156048217479494,25.128070345307023,0.0,100.0
0.55,0.8,85.92654664231931,1.209502106263372,-0.22715093609338055,0.9147716525756664,1.2095015790097647,1.5391567882845294,2.091009905779533,54.15023489344856,25.08912119885725,0.0,100.0
0.65,0.55,85.92672407955936,1.2093246690233173,-0.22732837333343525,0.9985137622056897,1.2093241563807537,1.43478355792557,2.0298909599677932,54.13258693058273,24.91954621519396,0.0,100.0
-0.1,0.675,85.92705603449225,1.208992714090428,-0.22766032826632454,0.9991832029048737,1.2089910345238906,1.4523954982857816,1.9741168023311828,54.121344226438616,24.684780793051463,0.0,100.0
0.575,0.775,85.92766489517346,1.2083838534092166,-0.2282691889475359,0.9216476397460553,1.2083833516575395,1.5289303949708,2.0848587368513383,54.14893238291718,25.079067110793737,0.0,100.0
-0.15,0.7,85.9278005621339,1.2082481864487846,-0.22840485590796789,0.9930535002359164,1.2082464398538946,1.4613647205229796,1.9726020510086348,54.12205475621546,24.6835927696751,0.0,100.0
0.525,0.825,85.92787571109363,1.208173037489047,-0.2284800048677056,0.9055899406940853,1.2081724850183548,1.5468564473120239,2.097177071285604,54.15152569158274,25.09918653251764,0.0,100.0
-0.3,1.25,85.9279970690759,1.2080516795067808,-0.22860136284997168,0.7924119954805064,1.2080500876696447,1.6052207909325489,2.1662182865126107,54.16361455825768,25.08966220943895,0.0,100.0
0.5,0.5,85.92815966601519,1.2078890825674904,-0.22876395978926212,1.0209127759502366,1.2078882908430812,1.39272610372241,2.0082558941645834,54.12377226823786,24.807474111966815,0.0,100.0
0.475,0.5,85.92878711236979,1.2072616362128912,-0.22939140614386133,1.0215920797008806,1.2072608028448144,1.3885993257300413,2.00605077832145,54.12302929427024,24.796037818397608,0.0,100.0
0.625,0.525,85.92929608005421,1.2067526685284662,-0.22990037382828632,1.005540473382169,1.2067520993337895,1.4182299195825152,2.0227440956811575,54.129670751484355,24.886420800427786,0.0,100.0
0.525,0.5,85.92930338998671,1.2067453585959669,-0.22990768376078563,1.018578656541095,1.2067446084768334,1.3949054567642776,2.010263070268244,54.124512829827694,24.818925669924806,0.0,100.0
-0.05,0.65,85.92961341734201,1.2064353312406695,-0.23021771111608302,1.0021679565424506,1.2064337187566507,1.4401165175351736,1.9753500136349607,54.12063158951436,24.686003149624156,0.0,100.0
0.0,1.15,85.92966011012143,1.2063886384612488,-0.23026440389550373,0.8105862376662145,1.2063874582504952,1.622928491193079,2.1672778164125766,54.16328854327901,25.139594738405915,0.0,100.0
0.65,0.675,85.92990918937559,1.206139559207088,-0.23051348314966447,0.9519388289616302,1.2061391200116218,1.4880154153978395,2.060529450941439,54.14299725842878,25.027406976043736,0.0,100.0
0.3,0.525,85.93092634186654,1.2051224067161428,-0.23153063564060972,1.0212558495947945,1.2051212981601338,1.3698632738781384,1.993439743134632,54.120027085714646,24.737683876383354,0.0,100.0
0.45,0.5,85.93116072795745,1.2048880206252335,-0.23176502173151903,1.020686974289191,1.2048871457750778,1.382559048807778,2.003659513616898,54.12228276777924,24.78461470715489,0.0,100.0
0.6,0.75,85.93125942906364,1.204789319519037,-0.2318637228377156,0.926120511604509,1.20478884341411,1.5161600408310818,2.078735998057722,54.14761757004906,25.06902168860953,0.0,100.0
0.5,0.85,85.93166026163948,1.204388486943202,-0.2322645554135505,0.8940488471027948,1.2043879095421715,1.5520156001529557,2.103354564041985,54.152801194169626,25.109252738941212,0.0,100.0
0.25,1.025,85.93166735827889,1.2043813903037943,-0.2322716520529582,0.8415570496000271,1.2043805224277804,1.6034401406909637,2.1448139167322138,54.15992331016006,25.145706546266197,0.0,100.0
-0.125,1.2,85.93181043717209,1.2042383114105917,-0.23241473094616083,0.7969061536208102,1.204236965489622,1.618994203643453,2.171598678983819,54.16404433728532,25.125914529434695,0.0,100.0
-0.2,0.725,85.9318285603053,1.2042201882773753,-0.2324328540793772,0.9837792997406041,1.2042183748808157,1.4670176194718607,1.9708398119619208,54.12276316353932,24.682434942281976,0.0,100.0
-0.2,1.225,85.9321711975746,1.2038775510080768,-0.2327754913486757,0.7915654174057352,1.2038761022236089,1.6136520403341308,2.17133936847087,54.16412754912916,25.113441022433836,0.0,100.0
0.55,0.5,85.93221750836622,1.2038312402164593,-0.23282180214029324,1.0145898437678653,1.2038305316948368,1.3951381844878483,2.012075055203642,54.12525150186301,24.83039343440775,0.0,100.0
0.675,0.6,85.9330457649566,1.203002983626078,-0.23365005873067446,0.9741874114243814,1.2030025403802682,1.453126931135074,2.0425220618096804,54.13754209614013,24.974263534333033,0.0,100.0
0.425,0.5,85.93529271659976,1.2007560319829196,-0.23589701037383293,1.0181889190423306,1.200755115731738,1.374574274870696,2.0010693093580953,54.12153559648625,24.773210184430422,0.0,100.0
0.675,0.575,85.93539462866866,1.2006541199140202,-0.23599892244273235,0.98062180315695,1.2006536620156822,1.4394906780060666,2.0364635139924667,54.13543467647346,24.952684216453875,0.0,100.0
0.0,0.625,85.93547242787707,1.2005763207056077,-0.2360767216511448,1.00200754768575,1.2005747753344707,1.4245315059586545,1.9763038604401264,54.119916454702896,24.687255193455435,0.0,100.0
0.675,0.625,85.93590076832196,1.2001479802607236,-0.23650506209602895,0.9627380678774955,1.2001475517756575,1.4614697356218613,2.0485441442257892,54.13961048560118,24.995835688469864,0.0,100.0
0.2,0.55,85.93616936307673,1.1998793855059517,-0.23677365685080076,1.0140222672681176,1.1998781260224747,1.3824037328234482,1.9865308760419071,54.1192571224817,24.713687974927126,0.0,100.0
0.125,0.575,85.93655247300094,1.1994962755817369,-0.23715676677501563,1.0099262867086054,1.1994949065919145,1.3978902826091684,1.9822722536612314,54.119230172600254,24.70107607610505,0.0,100.0
0.575,0.5,85.9369003490555,1.199148399527175,-0.2375046428295775,1.0089467654231754,1.199147732606218,1.3934255180563042,2.0136956016497884,54.12598924449464,24.841879154632007,0.0,100.0
0.625,0.725,85.93734640498414,1.1987023435985407,-0.23795069875821184,0.9281896104433827,1.1987018932645015,1.50081371118128,2.072636992227857,54.146291132471475,25.058980069693483,0.0,100.0
0.475,0.875,85.93791770915281,1.1981310394298674,-0.23852200292688508,0.8801121552318847,1.198130437071859,1.554610283825042,2.109556769280426,54.15406933388411,25.119328635309685,0.0,100.0
-0.05,1.175,85.93891059113197,1.1971381574507092,-0.23951488490604333,0.7951735794325572,1.197136913956416,1.615689535727867,2.1709268874255567,54.16394297584807,25.13842657485651,0.0,100.0
-0.25,0.75,85.93914127278973,1.1969074757929548,-0.23974556656379775,0.9713990622016695,1.1969055958461383,1.4693493689565003,1.9688146448594055,54.12346858498344,24.681309427983727,0.0,100.0
0.375,0.95,85.93933446705988,1.1967142815228016,-0.23993876083395094,0.8559483241017034,1.1967135655367258,1.5768386623744561,2.127820335429321,54.15728740798072,25.138167017650325,0.0,100.0
-0.275,1.25,85.93994811971554,1.1961006288671427,-0.24055241348960976,0.7792449761046214,1.1960990772265916,1.599704934755806,2.1700866864348414,54.16418848447524,25.100988383911453,0.0,100.0
0.4,0.5,85.9411965014282,1.1948522471544862,-0.24180079520226627,1.0140354226341373,1.1948512894937493,1.3646410435535046,1.9982836068681482,54.120787798156634,24.761824309339854,0.0,100.0
0.65,0.525,85.94149888556699,1.1945498630156948,-0.24210317934105774,0.9928138825753479,1.1945493352231324,1.4083760232680618,2.0236693992706973,54.130397396230556,24.89797134217858,0.0,100.0
0.3,1.0,85.9417128132324,1.1943359353502814,-0.24231710700647113,0.838775016294079,1.1943351312593422,1.5884106792339878,2.139599872108823,54.15922311626404,25.146977092961905,0.0,100.0
0.675,0.55,85.9428782318344,1.1931705167482818,-0.24348252560847072,0.9820567957990818,1.1931700450378515,1.4206972595051752,2.03048446906044,54.1332944460066,24.931107846727436,0.0,100.0
0.6,0.5,85.94334764868911,1.1927010998935685,-0.24395194246318397,1.0016515402459731,1.1927004746037766,1.3897876251662638,2.015129025753983,54.1267238389363,24.85337870650763,0.0,100.0
0.275,0.525,85.94342447609299,1.1926242724896952,-0.24402876986705735,1.0109650436275786,1.192623122494848,1.3592815270407357,1.989814299969782,54.11927546867595,24.726362541213255,0.0,100.0
0.675,0.65,85.94391604279338,1.1921327057893052,-0.24452033656744732,0.946304307039938,1.1921322921536017,1.464556311315647,2.0545434738275423,54.14162915377335,25.01738278312353,0.0,100.0
0.05,0.6,85.94456966926981,1.1914790793128702,-0.24517396304388228,0.9987020554148103,1.1914776010640054,1.4057069041589187,1.9770369245861434,54.11919633107739,24.68852916243269,0.0,100.0
0.65,0.7,85.94593141709707,1.1901173314856095,-0.246535710871143,0.927836304833292,1.1901169070772624,1.4828914844571273,2.0665693991182326,54.144954069642345,25.04894512303208,0.0,100.0
0.45,0.9,85.94663944452044,1.189409304062238,-0.24724373829451451,0.8638298978510903,1.1894086769807075,1.5546522976254096,2.1157865402977944,54.15532750127682,25.129411016627788,0.0,100.0
0.125,1.1,85.94704509861045,1.1890036499722356,-0.2476493923845169,0.8057524066800426,1.1890026338236168,1.6039470656982644,2.1607510389009623,54.16248388533211,25.153355235507085,0.0,100.0
0.075,1.125,85.9486290027274,1.18741974585528,-0.24923329650147252,0.7976625163512239,1.1874186678204495,1.6056879045432169,2.1652527697839465,54.16315549032918,25.152148386839283,0.0,100.0
0.175,1.075,85.94868187036982,1.1873668782128561,-0.24928616414389637,0.8107863838637996,1.1873659243541113,1.5985038705358363,2.1560079596082846,54.16180952054083,25.154584479620873,0.0,100.0
-0.175,1.225,85.94877806120846,1.1872706873742231,-0.24938235498252936,0.7741680888916846,1.1872692788733474,1.6028156538518203,2.1745387641383775,54.16468250139006,25.12477726940702,0.0,100.0
0.375,0.5,85.94887095284595,1.18717779573673,-0.24947524662002252,1.0082259145888344,1.1871767966661309,1.3527588764313805,1.9953039702214477,54.12003918346697,24.750456757023553,0.0,100.0
-0.3,0.775,85.94970151436218,1.1863472342205057,-0.2503058081362468,0.9560022698431965,1.1863452882253,1.4683608584766716,1.966535595036692,54.12417134759898,24.680218001676934,0.0,100.0
-0.1,1.2,85.95138103718295,1.184667711399726,-0.2519853309570266,0.7767127102415543,1.1846664051048947,1.6047391183322475,2.1743525959699332,54.164591226489705,25.137262895480696,0.0,100.0
0.625,0.5,85.95155186034643,1.1844968882362537,-0.25215615412049885,0.9927033280586954,1.18449630428085,1.384213409219015,2.0163604953090144,54.12745747805372,24.864895224923576,0.0,100.0
0.025,1.15,85.95342459684719,1.1826241517354958,-0.25402889062125666,0.7864768932912796,1.1826230115478495,1.603710804335364,2.1694357927876413,54.163821219250586,25.150959640651813,0.0,100.0
0.175,0.55,85.95349211311631,1.1825566354663692,-0.25409640689038326,0.9992446687520555,1.1825553343774686,1.3711104413151958,1.9822495601969288,54.11850132306581,24.702410400402464,0.0,100.0
0.225,1.05,85.9535665349098,1.182482213672884,-0.2541708286838684,0.8127534577686362,1.182481322451872,1.5893578471475394,2.151025574251356,54.16112705808822,25.15583314563174,0.0,100.0
-0.25,1.25,85.9536079457431,1.1824408028395794,-0.2542122395171731,0.7645840797447789,1.1824392915678517,1.592271071350524,2.1737415978182844,54.16475811733591,25.11232462656207,0.0,100.0
-0.125,0.675,85.95429044587621,1.18175830270647,-0.25489473965028253,0.975233717600986,1.1817565813768254,1.431213395265317,1.9681823639004388,54.12057869938595,24.673580830877665,0.0,100.0
0.35,0.975,85.9549704596838,1.181078288898874,-0.2555747534578785,0.8330335746438919,1.1810775484647622,1.5696583421427448,2.134074711105503,54.15851613350073,25.148271538214768,0.0,100.0
0.7,0.6,85.95532794106376,1.1807208075189237,-0.2559322348378288,0.9518783561993445,1.1807204050870865,1.432471649093742,2.042691859895241,54.13820665538516,24.985818823712567,0.0,100.0
0.7,0.575,85.9554471039201,1.1806016446625875,-0.25605139769416496,0.960423276521496,1.1806012275780744,1.4211550115708462,2.036764287482467,54.13611735532439,24.96424615468407,0.0,100.0
0.675,0.525,85.95544926032976,1.1805994882529234,-0.25605355410382913,0.978478396239467,1.1805990019468595,1.396605782911081,2.024410178025395,54.131119672686246,24.909532094166146,0.0,100.0
-0.075,0.65,85.95556869196436,1.1804800566183218,-0.2561729857384307,0.9793940617713588,1.1804784023793247,1.4202123718121982,1.9696704257316477,54.11986677178233,24.674792538248745,0.0,100.0
-0.175,0.7,85.95631140240943,1.1797373461732548,-0.25691569618349774,0.9679284667698909,1.1797355577680293,1.4389130330936126,1.9664117782247919,54.12128839916146,24.67240285063203,0.0,100.0
0.1,0.575,85.95692927319422,1.179119475388461,-0.25753356696829144,0.9923161257367497,1.179118064776901,1.3835453052172682,1.9775384790863682,54.11847168544051,24.689824093995,0.0,100.0
0.675,0.675,85.95700996825381,1.1790387803288667,-0.25761426202788584,0.9250541981534042,1.179038381853971,1.4623879818234258,2.0605343558240046,54.14360610100738,25.038919356201042,0.0,100.0
0.575,0.8,85.95767919148528,1.1783695570973975,-0.25828348525935496,0.8839546498260233,1.178369069889999,1.509771913494646,2.091059128858217,54.15079044236583,25.100588671778386,0.0,100.0
0.25,0.525,85.95769429568874,1.1783544528939416,-0.2582985894628109,0.9990196673749949,1.1783532613596095,1.3510316098134751,1.9859857837102461,54.118523163383735,24.715059855065135,0.0,100.0
0.425,0.925,85.95781019747213,1.178238551110553,-0.2584144912461994,0.8452264045629647,1.1782378995552392,1.5521765970287902,2.122044492572397,54.156570888086215,25.13949224090488,0.0,100.0
0.35,0.5,85.95831812704212,1.1777306215405616,-0.2589224208161909,1.000763877458482,1.1777295810463415,1.338926831531964,1.9921258684366292,54.11928866634301,24.73910554017775,0.0,100.0
0.6,0.775,85.9583453850214,1.1777033635612781,-0.25894967879547437,0.8913073074228635,1.1777029018890346,1.4999011826962487,2.084863030089846,54.14949376298498,25.090538487452797,0.0,100.0
0.55,0.825,85.95945579338773,1.1765929551949483,-0.2600600871618042,0.8743380185348428,1.1765924426933054,1.517109830375361,2.09726967570154,54.15207059630247,25.110641298820006,0.0,100.0
-0.025,0.625,85.96014925994939,1.1758994886332914,-0.2607535537234611,0.9804093674132446,1.1758979016277493,1.40588833462472,1.9708851227919986,54.119152547713,24.6760343668603,0.0,100.0
0.7,0.625,85.96038930408473,1.1756594444979527,-0.26099359785879983,0.9383284530005227,1.1756590568362781,1.4385127662253296,2.0485966021631485,54.14025019744172,25.007371634539624,0.0,100.0
0.7,0.55,85.96073910413173,1.175309644450948,-0.2613433979058044,0.9639543866145033,1.175309213254414,1.404673958045123,2.030861988690137,54.13399308675367,24.942671511188205,0.0,100.0
-0.025,1.175,85.96141682298979,1.174631925592891,-0.26202111676386153,0.7722066088787898,1.1746307220155103,1.598016367833523,2.173322683260344,54.16447872663213,25.14978634304238,0.0,100.0
0.625,0.75,85.96148444140057,1.1745643071821092,-0.26208873517464326,0.8962392637241265,1.1745638711843782,1.4874811966753043,2.0786856437468932,54.148188317241456,25.08050190315211,0.0,100.0
0.65,0.5,85.96151626369472,1.174532484887962,-0.2621205574687906,0.982102765895732,1.1745319422393379,1.3766949129900183,2.0174059783502236,54.12819035658344,24.876429317885304,0.0,100.0
-0.225,0.725,85.96160853369429,1.1744402148883921,-0.2622128274683604,0.9574788174343922,1.1744383597337986,1.44328921915411,1.9644069073964407,54.12199655021012,24.671256156269642,0.0,100.0
0.275,1.025,85.96167246443554,1.1743762841471437,-0.26227675820960883,0.8117238093506813,1.1743754561177553,1.5765057243295928,2.1458146492309056,54.160436472159006,25.15710110135332,0.0,100.0
0.525,0.85,85.96368942286469,1.1723593257179914,-0.2642937166387611,0.8623565919149598,1.1723587880468387,1.5218960234786465,2.103490372467079,54.1533372268513,25.120695874309963,0.0,100.0
0.525,0.475,85.96586049915841,1.170188249424271,-0.2664647929324815,0.9921428429980494,1.17018748444207,1.3462066559944503,2.0032497663532367,54.122281964543276,24.797543175320808,0.0,100.0
0.55,0.475,85.96651232857343,1.1695364200092513,-0.2671166223475012,0.9902892713235474,1.16953569663373,1.3487851551283114,2.0052071261390103,54.12302308092578,24.808988544208322,0.0,100.0
0.5,0.475,85.96697126487207,1.169077483710609,-0.26757555864614346,0.992361947712908,1.1690766771443037,1.3416808396457043,2.0011010456535527,54.12153827610429,24.786112789403862,0.0,100.0
-0.15,1.225,85.96708936536781,1.1689593832148688,-0.2676936591418837,0.755147270707468,1.1689580144948395,1.590085003051712,2.177538774356403,54.16523115174184,25.13611942603485,0.0,100.0
0.65,0.725,85.96711114383521,1.1689376047474695,-0.26771543760928296,0.8987488311542791,1.1689371945653477,1.4725113324322479,2.072539629733653,54.14687127995224,25.070470584303553,0.0,100.0
0.025,0.6,85.96799680512534,1.1680519434573426,-0.26860109889940986,0.9782793923754696,1.1680504235955822,1.388310310642325,1.9718446894198332,54.11843493958017,24.67730352244297,0.0,100.0
0.575,0.475,85.96893127618208,1.167117472400605,-0.26953556995614747,0.9867810313543686,1.1671167906448545,1.3494165434375702,2.006973337970709,54.123762883943854,24.8204511594934,0.0,100.0
-0.225,1.25,85.96896631089294,1.1670824376897428,-0.26957060466700966,0.748319206403977,1.1670809668214361,1.5829519319674574,2.17718358972515,54.16531833587336,25.123661171365935,0.0,100.0
0.325,0.5,85.96953785446861,1.1665108941140687,-0.2701421482426838,0.9916464126100948,1.1665098121851485,1.3233040348404757,1.9887502430889301,54.118537616585265,24.727773223701327,0.0,100.0
0.475,0.475,85.96982370120637,1.1662250473763152,-0.27042799498043735,0.991038487289174,1.1662241994191107,1.3352469301238585,1.9987579667757827,54.12079175888224,24.774696938173232,0.0,100.0
-0.275,0.75,85.97018801085183,1.1658607377308527,-0.27079230462589976,0.9439276791918445,1.1658588160829766,1.4443459483927086,1.9621388277134002,54.1227018852185,24.670143272515904,0.0,100.0
0.5,0.875,85.9703928358622,1.1656559127204815,-0.270997129636271,0.8480266367198794,1.1656553501212414,1.5241184842199686,2.10973817651966,54.15459775895482,25.1307652648364,0.0,100.0
0.7,0.65,85.97056197804203,1.165486770540653,-0.2711662718160994,0.919846618185872,1.1654863976155496,1.4393022897328365,2.0544979982446794,54.14224667109014,25.028904187837586,0.0,100.0
0.7,0.525,85.97115309769836,1.1648956508843185,-0.27175739147243405,0.9624969299062514,1.1648952061361513,1.3829118741706736,2.0249752149348224,54.1318356102066,24.92110066840717,0.0,100.0
0.4,0.95,85.9714368089278,1.1646119396548755,-0.272041102701877,0.8242421358987428,1.1646112635273256,1.547183046481834,2.128326339069279,54.15780256530164,25.149581991159344,0.0,100.0
0.15,0.55,85.97258952495912,1.163459223623562,-0.2731938187331906,0.9828098068113178,1.163457880909857,1.358045294240668,1.977767744017312,54.11774406211993,24.691150099660177,0.0,100.0
-0.075,1.2,85.97264522440649,1.1634035241761893,-0.2732495181805632,0.7549139428070362,1.1634022576189125,1.5886083039414416,2.1769531412340872,54.16513123127328,25.14861675592873,0.0,100.0
0.325,1.0,85.97297442618411,1.1630743223985718,-0.2735787199581807,0.8078170992031346,1.1630735582280125,1.559935539536582,2.1403641800161752,54.159732911475814,25.158377530342303,0.0,100.0
0.6,0.475,85.97312160040494,1.1629271481777437,-0.27372589417900883,0.9816188899840057,1.1629265080269051,1.3481017137962965,2.008544625227049,54.12450183423664,24.831930421096228,0.0,100.0
0.675,0.5,85.9732272602406,1.1628214883420753,-0.2738315540146772,0.9698566312897157,1.162820987120682,1.36723252036127,2.0182855238424127,54.12892108729881,24.887979015624534,0.0,100.0
0.225,0.525,85.97373869351965,1.1623100550630312,-0.2743429872937213,0.9854171819558104,1.1623088219502704,1.3410127570159034,1.9819563010424395,54.117768797602956,24.70377315345429,0.0,100.0
0.45,0.475,85.97444913974721,1.1615996088354734,-0.2750534335212791,0.9880596486304825,1.1615987194686113,1.3268629163450356,1.996218217981954,54.120044494445956,24.76329949981563,0.0,100.0
0.15,1.1,85.97500107910385,1.1610476694788332,-0.2756053728779193,0.7777461694266776,1.1610466928707837,1.5797487096694027,2.162246030225617,54.16299939598305,25.16472940114102,0.0,100.0
0.675,0.7,85.97522804741392,1.1608207011687597,-0.2758323411879928,0.8988556385670847,1.1608203169744287,1.4549669561366017,2.0664238956945526,54.14554346151591,25.06044817249651,0.0,100.0
0.1,1.125,85.97533139580949,1.1607173527731902,-0.2759356895835623,0.7708017276117829,1.1607163141689398,1.5830285264593726,2.1669793309674077,54.16367139360176,25.163513021844043,0.0,100.0
0.725,0.575,85.9772513741999,1.158797374382786,-0.27785566797396655,0.9385832321205214,1.1587969981266242,1.4008873641401465,2.036883605098165,54.13679099076332,24.97581031411174,0.0,100.0
0.2,1.075,85.97789270574806,1.1581560428346194,-0.27849699952213314,0.7816228267753758,1.1581551286179377,1.5727693134933816,2.157279809879385,54.162323018163114,25.1659677562884,0.0,100.0
-0.3,1.275,85.97821046958087,1.1578382790018082,-0.27881476335494426,0.7347832366785383,1.1578367061193688,1.5673363305626538,2.1758897512447586,54.16538282864099,25.111223983798396,0.0,100.0
0.05,1.15,85.97887802370258,1.1571707248801033,-0.2794823174766492,0.7607815658748933,1.1571696247092178,1.5825925267083676,2.171422695108661,54.164339340481106,25.162317084424437,0.0,100.0
0.625,0.475,85.97907577504289,1.1569729735397942,-0.2796800688169583,0.9748041922605921,1.1569723750302017,1.3448607393920184,2.009930554313743,54.125239308448734,24.84342523858772,0.0,100.0
0.075,0.575,85.97908153166803,1.1569672169146514,-0.2796858254421011,0.9730485606545329,1.1569657646567493,1.3674284354846833,1.9726026510816845,54.11771198522233,24.678589882302827,0.0,100.0
0.725,0.6,85.97935044798137,1.156698300601306,-0.27995474175544643,0.9279295070070077,1.1566979389219427,1.409890306407732,2.0426824244476482,54.138859919581854,24.99737270382606,0.0,100.0
0.475,0.9,85.97955270171704,1.156496046865641,-0.2801569954911116,0.831383548070761,1.1564954596046846,1.5237980108970248,2.116010180402649,54.15584723899746,25.140837532096825,0.0,100.0
0.725,0.55,85.98032637052282,1.1557223780598633,-0.2809306642968892,0.9442187461301899,1.1557219875639249,1.3867153947542334,2.0310925647086044,54.134683882973654,24.954239746723466,0.0,100.0
0.425,0.475,85.98084619994161,1.1552025486410713,-0.2814504937156812,0.9834247848904312,1.1552016178575513,1.3165319914067766,1.9934836821631718,54.119296571063366,24.751920664063956,0.0,100.0
0.3,0.5,85.9825299960538,1.153518752528882,-0.2831342898278706,0.9808725619632099,1.1535176290761258,1.3163295284550145,1.9851727251233187,54.11778579880715,24.716459396798133,0.0,100.0
-0.1,0.65,85.98329929859666,1.1527494499860182,-0.28390359237073426,0.9549625243487014,1.1527477539656048,1.3985367295386908,1.963787528933997,54.11910036606041,24.6635982764222,0.0,100.0
-0.15,0.675,85.98329945579252,1.152749292790162,-0.2839037495665906,0.9496265788094149,1.152747529651532,1.408263345087036,1.96204366647924,54.11981123829791,24.662397362210662,0.0,100.0
0.25,1.05,85.98404148607278,1.1520072625098976,-0.2846457798468549,0.7824374189289784,1.1520064109698211,1.5620856952790518,2.152058387073135,54.16163723022989,25.167222696015575,0.0,100.0
0.0,1.175,85.98561319357282,1.1504355550098637,-0.2862174873468888,0.7477012428336138,1.1504343915622826,1.5784389497037665,2.1755392884985776,54.16500174250441,25.16113786118341,0.0,100.0
0.7,0.675,85.98583909345747,1.1502096551252095,-0.28644338723154306,0.8965354530554919,1.1502092970628695,1.434844313963481,2.0603472148026674,54.14420347624455,25.050429930361574,0.0,100.0
-0.2,1.25,85.98601983292573,1.1500289156569465,-0.28662412669980597,0.7304711659711813,1.1500274849734153,1.5717503625728995,2.180437732103296,54.16587008726474,25.134996541548983,0.0,100.0
-0.2,0.7,85.9865873587831,1.1494613897995833,-0.28719165255716916,0.9411457331738831,1.1494595596251826,1.4146902675871473,1.9600319934595878,54.120521064196474,24.66123004730989,0.0,100.0
0.725,0.625,85.98658754108678,1.1494612074959036,-0.28719183486084887,0.9122935812534649,1.1494608604496364,1.413642138225498,2.048483408829572,54.14087628317691,25.018901855875068,0.0,100.0
-0.05,0.625,85.98659889671714,1.1494498518655405,-0.287203190491212,0.9571535851136019,1.1494482231261514,1.3854867654409588,1.9652609931138119,54.118387512572,24.66483151047687,0.0,100.0
0.7,0.5,85.98669367561075,1.1493550729719288,-0.28729796938482366,0.9559953143518953,1.1493546132007737,1.3558408365667276,2.01897213585383,54.129647023309424,24.899538092793687,0.0,100.0
0.65,0.475,85.98678509334042,1.1492636552422653,-0.28738938711448725,0.96633546663017,1.14926309802905,1.339683728755773,2.0111139400266906,54.125974492182294,24.854935445432325,0.0,100.0
-0.125,1.225,85.98709328604762,1.1489554625350564,-0.2876975798216961,0.734540274266692,1.1489541335141353,1.5754972918152674,2.1803617147910344,54.16577469934786,25.14746629208767,0.0,100.0
0.375,0.975,85.987485023439,1.1485637251436742,-0.2880893172130783,0.8009137993853841,1.1485630247005474,1.5396450408743618,2.1346207379740583,54.15902242961111,25.159677236943555,0.0,100.0
0.725,0.525,85.98856924605464,1.1474795025280429,-0.28917353982870964,0.944868086519179,1.1474790983582182,1.3672808169624346,2.0253312615010386,54.13254127251355,24.93266979122972,0.0,100.0
0.4,0.475,85.98901685486983,1.1470318937128496,-0.28962114864390287,0.9771335969362553,1.1470309214922452,1.3042501256573615,1.9905515372817946,54.118547206960656,24.74055900730128,0.0,100.0
0.6,0.8,85.99051894575811,1.1455298028245693,-0.2911232395321832,0.8515439855988518,1.1455293553821804,1.4784906955815984,2.090921827857159,54.15133237627406,25.11205035472046,0.0,100.0
0.625,0.775,85.99073290991872,1.1453158386639615,-0.29133720369279104,0.8593384709455449,1.145315416946957,1.4689744390016841,2.0846820046941863,54.1500466906219,25.1020135117834,0.0,100.0
0.45,0.925,85.99117244905193,1.1448762995307504,-0.2917767428260021,0.812354771215837,1.1448756877905653,1.5209831240353822,2.1223193528568727,54.157083809717925,25.15091537096533,0.0,100.0
0.2,0.525,85.9915582271944,1.1444905213882777,-0.29216252096847484,0.9701575537464748,1.1444892466720689,1.3292223984337568,1.9777260593015937,54.11701337663888,24.69250373365907,0.0,100.0
-0.275,1.275,85.99233577476244,1.143712973820243,-0.29294006853650956,0.7195715166342751,1.1437114411448364,1.5595232357751314,2.1795713824132767,54.165947707856866,25.122556495800524,0.0,100.0
0.575,0.825,85.99274494918502,1.143303799397657,-0.2933492429590956,0.8414862570618311,1.143303326491025,1.485456515055688,2.0971690971570625,54.15260224939759,25.122090923868537,0.0,100.0
-0.25,0.725,85.99316181663765,1.1428869319450286,-0.29376611041172396,0.9295217397951774,1.1428850350166784,1.417789789692236,1.9577717240274843,54.12122911734199,24.66009595814184,0.0,100.0
0.0,0.6,85.99317904957162,1.142869699011058,-0.29378334334569445,0.9561992180236416,1.1428681376502596,1.369142108936316,1.9664789610825006,54.1176717246442,24.666091815801604,0.0,100.0
0.3,1.025,85.99337646172268,1.1426722868600052,-0.2939807554967473,0.7802924023232123,1.1426714987980033,1.5476947075166834,2.146645240074005,54.160940771141696,25.168494198657505,0.0,100.0
0.65,0.75,85.99342417504414,1.1426245735385407,-0.29402846881821176,0.8647280103539146,1.1426241775593269,1.4569115537018575,2.0784698735882907,54.148747004380546,25.091979076867535,0.0,100.0
0.125,0.55,85.99346207497328,1.1425866736094008,-0.2940663687473517,0.9647176007921701,1.1425852892484556,1.3432082638223477,1.9730846891454012,54.11698532983449,24.67990612677408,0.0,100.0
-0.05,1.2,85.99557832917824,1.140470419404437,-0.29618262295231546,0.731581776405207,1.1404691929168962,1.570569639747319,2.1793934091227025,54.165657666146146,25.15996497812011,0.0,100.0
0.675,0.475,85.99626193723697,1.139786811345715,-0.2968662310110375,0.9562155451769456,1.1397862954123383,1.3325623936473932,2.012105050319606,54.1267087530618,24.866463554621813,0.0,100.0
0.275,0.5,85.99729532743156,1.1387534211511223,-0.2978996212056302,0.9684439248916448,1.1387522561189456,1.3075898847609153,1.9813936035614161,54.11703311712547,24.70516390718122,0.0,100.0
0.55,0.85,85.99742839605355,1.1386203525291307,-0.29803268982762177,0.8290995896310704,1.1386198544796031,1.4898669686503752,2.103436615288899,54.15386275057235,25.132138867540977,0.0,100.0
0.675,0.725,85.99859048795038,1.1374582606323003,-0.29919478172445224,0.8676962193758726,1.1374578905490296,1.4422954471667566,2.0722742393905156,54.14744049704227,25.08196023691713,0.0,100.0
0.725,0.65,85.99893268600385,1.1371160625788264,-0.29953697977792615,0.8917850880502272,1.1371157303799264,1.4121398466510158,2.0542790873435073,54.1428535990721,25.04042540599178,0.0,100.0
0.375,0.475,85.99896186309103,1.1370868854916552,-0.29956615686509735,0.9691857397811958,1.1370858718090773,1.2900169991676051,1.9874206133360213,54.11779624425136,24.72921426179649,0.0,100.0
0.75,0.575,86.00080137216584,1.1352473764168423,-0.30140566593991025,0.9151025613415271,1.1352470409268078,1.3786906842101416,2.0368214791509285,54.13745551855703,24.98737585395581,0.0,100.0
0.75,0.55,86.00166468026633,1.1343840683163506,-0.30226897404040187,0.9228486997842822,1.134383718551024,1.3668236669045086,2.0311419406446993,54.1353666422795,24.965812595652686,0.0,100.0
0.725,0.5,86.00191736815705,1.1341313804256288,-0.30252166193112373,0.9404904398733862,1.1341309621550237,1.342532658732921,2.019477415714827,54.130369131307,24.911109558763773,0.0,100.0
-0.3,0.75,86.0030066774574,1.1330420711252742,-0.3036109712314783,0.9148100328800552,1.1330401077689374,1.4175716715399318,1.9552577770868027,54.12193413691621,24.65899529107216,0.0,100.0
0.05,0.575,86.00300931177581,1.1330394368068681,-0.30361360554988437,0.9521235621810575,1.1330379428785249,1.3495395337121323,1.967464572389522,54.11695065932173,24.667372699090247,0.0,100.0
0.125,1.125,86.00372129977572,1.1323274488069615,-0.30432559354979105,0.7423867056915299,1.13232644980381,1.5584710116313119,2.1685073446944685,54.16417835403079,25.174878133178147,0.0,100.0
0.525,0.875,86.00457044951591,1.1314782990667709,-0.3051747432899816,0.8144123262793528,1.1314777761684867,1.4917178967813811,2.109725654639152,54.15511564798777,25.142199850538777,0.0,100.0
0.175,1.1,86.00465294015471,1.1313958084279676,-0.3052572339287849,0.7481505950828051,1.1313948715062594,1.5536548727282877,2.1635499749595253,54.163504620904355,25.17610316997721,0.0,100.0
-0.175,1.25,86.00474671669276,1.1313020318899163,-0.3053510104668362,0.7110619713128585,1.1313006410068795,1.5586812204462888,2.1834920250727943,54.16641350529461,25.146335360920727,0.0,100.0
0.75,0.6,86.00509786405989,1.1309508845227896,-0.30570215783396293,0.9023510003172959,1.1309505635143438,1.3853976354260453,2.0425029007433033,54.13949552510364,25.008913174281552,0.0,100.0
0.425,0.95,86.00522191549359,1.1308268330890883,-0.30582620926766424,0.7909282437960314,1.1308261967795175,1.515632740784298,2.128644499738735,54.15830638790499,25.1609951839012,0.0,100.0
0.35,1.0,86.00592303307802,1.1301257155046613,-0.30652732685209116,0.7752558443511361,1.1301249913964226,1.5295846966304083,2.1409688480616618,54.16023060636859,25.169774907959923,0.0,100.0
0.075,1.15,86.00599415271694,1.1300545958657437,-0.30659844649100876,0.7335578759402352,1.130053535383584,1.5595738828224484,2.1731876649729207,54.164848161469514,25.173673958157273,0.0,100.0
0.55,0.45,86.0060804870164,1.129968261566276,-0.30668478079047645,0.9609210261905616,1.1299675235467759,1.2970872186626536,1.9982927258866412,54.120789938734546,24.787640455876424,0.0,100.0
0.575,0.45,86.00624205040945,1.1298066981732262,-0.3068463441835263,0.9595480471115962,1.1298060017505946,1.300064928911766,2.0001970339123867,54.121533126947476,24.79907952576005,0.0,100.0
0.7,0.7,86.00624345632801,1.129805292254673,-0.30684775010207943,0.8682426320336134,1.1298049482265753,1.4251261069433099,2.0661158023997057,54.14612102459082,25.071948722867067,0.0,100.0
0.7,0.475,86.00747982210768,1.1285689264749976,-0.3080841158817549,0.9444545570194549,1.128568451998501,1.3234969341768874,2.0129383604194486,54.12744170422449,24.878008826964255,0.0,100.0
0.525,0.45,86.00766698505181,1.128381763530868,-0.30827127882588456,0.9607420873755359,1.128380984039572,1.2921683071206616,1.9961889914712831,54.1200459082538,24.776218646860766,0.0,100.0
0.75,0.525,86.00767731427148,1.1283714343112052,-0.3082816080455473,0.9255938102296994,1.1283710708570993,1.3497135982049713,2.0255132736769808,54.13323937594837,24.944244435875298,0.0,100.0
-0.25,1.275,86.00814692735804,1.1279018212246399,-0.3087512211321126,0.7027934482615166,1.1279003286823297,1.5498162293677495,2.183065174659974,54.16650329678265,25.133888347668627,0.0,100.0
0.6,0.45,86.00817360265555,1.1278751459271348,-0.3087778964296177,0.9565205415015896,1.1278744910929135,1.3010953930939877,2.0019069735833193,54.12227429476251,24.810534587881136,0.0,100.0
-0.1,1.225,86.00876457228688,1.1272841762958024,-0.30936886606095015,0.7123734350996784,1.127282887275868,1.5589992678293783,2.183014179236927,54.16630748272896,25.15881212537859,0.0,100.0
0.225,1.075,86.00880581566317,1.1272429329195148,-0.3094101094372377,0.7508599007769021,1.1272420584437584,1.5451413173878024,2.1583610058005336,54.162825503948646,25.17734996659726,0.0,100.0
0.35,0.475,86.01067656443142,1.12537218415126,-0.31128085820549245,0.9595845990676253,1.1253711289668131,1.2782895157698562,1.9840927001086823,54.11704471226639,24.717888362346148,0.0,100.0
0.5,0.45,86.01101389074803,1.125034857834649,-0.31161818452210355,0.958937662227811,1.1250340369364609,1.285334768612671,1.9938945971887603,54.11929940140054,24.764809924961835,0.0,100.0
0.175,0.525,86.01115266384141,1.1248960847412661,-0.3117569576154864,0.9532406838423384,1.124894768387469,1.3156620773439016,1.9732944892373654,54.116256892020246,24.68125234123263,0.0,100.0
0.025,1.175,86.01148202782912,1.1245667207535632,-0.3120863216031893,0.7216294950165576,1.1245655975183126,1.5569594847661108,2.1775540630472463,54.16551406589091,25.172488661620726,0.0,100.0
0.625,0.45,86.011869530755,1.124179217827674,-0.31247382452907857,0.9518393606189193,1.1241786046151732,1.3001790515925506,2.0034317025350576,54.123014469020106,24.822007514476145,0.0,100.0
-0.125,0.65,86.01280522478996,1.1232435237927234,-0.3134095185640291,0.92887332928386,1.1232417859630914,1.3750897927312593,1.9577011235443764,54.11833279290659,24.652421946871534,0.0,100.0
0.25,0.5,86.01383551674502,1.1222132318376623,-0.3144398105190902,0.9543593982972709,1.1222120252026144,1.2970787839034301,1.9774140493230086,54.116278930387544,24.693885589368662,0.0,100.0
-0.175,0.675,86.01408285442628,1.1219658941564035,-0.31468714820034904,0.9223617107506925,1.1219640891559322,1.383546563008025,1.9557003591317002,54.119042884196965,24.651232348135498,0.0,100.0
0.5,0.9,86.01417893623491,1.121869812347768,-0.31478323000898456,0.797345402474491,1.1218692648084243,1.4910581478825407,2.1160493915179788,54.15635856859183,25.15226771688308,0.0,100.0
0.75,0.625,86.01449858029645,1.1215501682862339,-0.3151028740705186,0.884650231589788,1.1215498619159745,1.3868531402798538,2.0482148433959373,54.14149307696015,25.030434275748895,0.0,100.0
-0.075,0.625,86.0148239900011,1.121224758581576,-0.3154282837751765,0.932240163820282,1.1212230880817828,1.3633135897696746,1.9594336790467437,54.117621459124294,24.653646203013952,0.0,100.0
0.1,0.55,86.01611005825431,1.1199386903283681,-0.3167143520283844,0.9449680249740879,1.1199372642959333,1.3265993107979597,1.9681998702899497,54.11622574987357,24.66867949017134,0.0,100.0
0.475,0.45,86.01613265453634,1.1199160940463457,-0.3167369483104068,0.955477322297952,1.1199152317309597,1.2765534059608257,1.9914055994969326,54.11855186529761,24.75341906573712,0.0,100.0
0.275,1.05,86.0161927695452,1.1198559790374816,-0.31679706331927093,0.7505300287123049,1.11985516743662,1.5329201823328162,2.152941509665077,54.16213658271518,25.178611514182855,0.0,100.0
0.725,0.675,86.01638837313294,1.1196603754497403,-0.3169926669070122,0.8663834058677082,1.1196600576423321,1.4053813058422406,2.0599896739660446,54.14478893071852,25.061937848041776,0.0,100.0
0.65,0.45,86.01733081541045,1.1187179331722348,-0.31793510918451773,0.9455052727129498,1.1187173615699777,1.297335284747362,2.004766869598746,54.12375313456517,24.83349732715191,0.0,100.0
-0.225,0.7,86.01863776016681,1.1174109884158696,-0.3192420539408829,0.9127053042556241,1.1174091164485986,1.3886964847573893,1.9534489695998722,54.119753002101994,24.650076017222613,0.0,100.0
0.75,0.5,86.01888039871369,1.1171683498689902,-0.31948469248776235,0.9233371254726421,1.1171679730092934,1.3272937312939916,2.0198111976275235,54.1310823051544,24.92268405424157,0.0,100.0
-0.025,0.6,86.02012922333653,1.1159195252461558,-0.3207335171105967,0.9324614338555932,1.115917922239086,1.3482273112081344,1.960909463736274,54.1169067091137,24.654896615564947,0.0,100.0
-0.025,1.2,86.02019294355516,1.1158558050275218,-0.3207972373292307,0.7066531532313718,1.1158546187891347,1.5506286706451107,2.1816375759201283,54.16617298565032,25.171310944043796,0.0,100.0
0.725,0.475,86.02045790384084,1.1155908447418454,-0.32106219761490706,0.9310674152480374,1.1155904117044912,1.3124879650469126,2.01357642308532,54.128169970840574,24.889564611357134,0.0,100.0
0.4,0.975,86.02169299216736,1.1143557564153213,-0.32229728594143126,0.767184922964617,1.1143550959258222,1.507753773439262,2.134985781616344,54.15951558071764,25.171075774890436,0.0,100.0
0.45,0.45,86.02302446478865,1.113024283794033,-0.32362875856271955,0.9503608007979949,1.1130233800447684,1.2658228624395207,1.988720246005188,54.11780305245255,24.742045677112696,0.0,100.0
0.325,0.475,86.02416337470318,1.1118853738795025,-0.32476766847725,0.9483282831165951,1.1118842771133302,1.2708287298593035,1.9805636334692114,54.11629301401961,24.706582083388735,0.0,100.0
0.675,0.45,86.02454559024943,1.1115031583332495,-0.325149884023503,0.9375180821838711,1.1115026280241722,1.2925558613668926,2.005903295064521,54.12449027786937,24.84500345157891,0.0,100.0
0.775,0.55,86.0247376855936,1.1113110629890741,-0.3253419793676784,0.8998371109558434,1.1113107540403688,1.345001222585637,2.0310319045357677,54.13603961039472,24.97738681255657,0.0,100.0
0.65,0.775,86.02483587801575,1.1112128705669306,-0.3254401717898219,0.8257672881757827,1.1112124885464225,1.4361544083672442,2.0843117112322993,54.1505849092768,25.11348046522298,0.0,100.0
0.625,0.8,86.02507295018219,1.1109757984004887,-0.32567724395626385,0.817560027854384,1.1109753905705673,1.4453016307132884,2.0905924851149007,54.15186077463755,25.123506364021083,0.0,100.0
-0.15,1.25,86.02517579660461,1.1108729519780667,-0.3257800903786858,0.69005527888865,1.110871600890826,1.5437222212967754,2.1863452627207525,54.16695121007537,25.157680315033183,0.0,100.0
-0.225,1.275,86.02563649364276,1.1104122549399165,-0.32624078741683604,0.6845341928636799,1.1104108024471884,1.538224719587376,2.1863590038687413,54.16704995755338,25.14522230284556,0.0,100.0
0.775,0.575,86.02609678654119,1.1099519620414924,-0.32670108031526013,0.8899819602036558,1.1099516672791936,1.3545694328971933,2.036579558016553,54.13810567311454,24.99893432204991,0.0,100.0
0.475,0.925,86.02622125020581,1.1098274983768732,-0.3268255439798793,0.7778758934844632,1.109826926292584,1.4878964296631665,2.1224071632475874,54.15758368923097,25.162332098987,0.0,100.0
-0.275,0.725,86.02648764536733,1.1095611032153556,-0.3270919391413969,0.8999075492015294,1.1095591644994698,1.3905198086977038,1.9509352883733788,54.12046091703586,24.648954470373504,0.0,100.0
0.325,1.025,86.02676719211871,1.1092815564639693,-0.3273714858927832,0.7472819983842243,1.109280808527211,1.5169878001649977,2.1473104574802506,54.16143296367713,25.179882068826817,0.0,100.0
0.675,0.75,86.02708049065023,1.108968257932446,-0.3276847844243065,0.8315877111451329,1.1089679018580285,1.4244442357067157,2.0780602379854427,54.149295393384456,25.103456514781577,0.0,100.0
0.6,0.825,86.02775282520972,1.108295923372964,-0.3283571189837886,0.80704948401781,1.1082954900781032,1.4518950125688264,2.096887230046504,54.15312526033299,25.133541921594713,0.0,100.0
0.775,0.525,86.02853831565363,1.1075104329290468,-0.3291426094277057,0.9046819304585796,1.1075101102056295,1.3302118347963727,2.0255135449870725,54.13393114983895,24.955825580274684,0.0,100.0
0.025,0.575,86.02871212134745,1.1073366272352274,-0.3293164151215251,0.9295411033866401,1.1073350916157552,1.329878601848776,1.9621232874903427,54.11618766255115,24.656172484606657,0.0,100.0
0.75,0.65,86.0290266084802,1.1070221401024867,-0.32963090225426583,0.8620948125953731,1.1070218485111922,1.38305751530838,2.053884741283999,54.14344826650247,25.051943353466505,0.0,100.0
0.425,0.45,86.03169066509962,1.1043580834830635,-0.332294958873689,0.9435877907748278,1.104357138274429,1.2531412922820095,1.9858365226679444,54.1170532766132,24.730690366272583,0.0,100.0
0.7,0.725,86.03179608698835,1.1042526615943302,-0.3324003807624223,0.8350135935727252,1.1042523314840054,1.4101869418176705,2.0718294128272143,54.14799574045507,25.09344343920285,0.0,100.0
-0.075,1.225,86.0321279139596,1.1039208346230822,-0.3327322077336703,0.6886118221994337,1.1039195856926027,1.5405937959761502,2.18547637405546,54.166827597982284,25.170153952344833,0.0,100.0
0.225,0.5,86.03215088174537,1.1038978668373147,-0.3327551755194378,0.9372983073679819,1.1038966185749444,1.2847960513451397,1.9732340032225348,54.115523570639795,24.682624732951208,0.0,100.0
0.15,0.525,86.03252181749406,1.1035269310886235,-0.33312611126812897,0.9343481669086202,1.103525573077769,1.3003298648473987,1.968662434430432,54.11549872875124,24.67001785845242,0.0,100.0
0.775,0.6,86.03254716735889,1.1035015812237958,-0.3331514611329567,0.8751449551095192,1.1035013008705647,1.3589875000991896,2.04218083887243,54.14011965397331,25.020450304573977,0.0,100.0
0.575,0.85,86.03287461390309,1.1031741346795911,-0.3334789076771614,0.7943141210395339,1.1031736763497775,1.455930359167155,2.103194644214605,54.154378323200945,25.14358271128929,0.0,100.0
-0.3,1.3,86.03341377074537,1.1026349778373117,-0.3340180645194408,0.6713957460453059,1.1026334242153921,1.5242634877404555,2.1853942849743446,54.167127455982495,25.132788585671143,0.0,100.0
0.7,0.45,86.03352846373357,1.1025202848491062,-0.33413275750764626,0.9278775758371012,1.1025197958358774,1.285831857191667,2.0068495772940453,54.12522541427087,24.856525432711578,0.0,100.0
0.15,1.125,86.03378140929044,1.10226733929224,-0.33438570306451254,0.7123869150525053,1.1022663800786148,1.532088890210261,2.1698768703229057,54.16467563947978,25.18624314071696,0.0,100.0
0.1,1.15,86.03479406044856,1.1012546881341194,-0.3353983542226331,0.7047249830877291,1.1012536673844493,1.5347159819594225,2.1747776197291397,54.16534594253391,25.185028195923977,0.0,100.0
0.75,0.475,86.03519741489562,1.1008513336870607,-0.33580170866969183,0.916035516357752,1.1008509421165116,1.2995589577374176,2.014028768200667,54.12889470340464,24.901133228515516,0.0,100.0
0.2,1.1,86.03595890945707,1.1000898391256158,-0.33656320323113675,0.7170012806689812,1.1000889421546305,1.5257550264447133,2.164699747652313,54.164000078225165,25.187478126453176,0.0,100.0
0.775,0.5,86.03753823620663,1.098510512376052,-0.3381425299807006,0.9045366788098335,1.0985101761366622,1.3101185168793847,2.019966778583635,54.13178782639606,24.93426362741062,0.0,100.0
0.725,0.7,86.03898789844591,1.0970608501367707,-0.3395921922199818,0.8360173341708901,1.0970605461291711,1.3933736339180314,2.0656211913356217,54.14668540472051,25.083443550632488,0.0,100.0
0.05,1.175,86.03902879015101,1.097019958431673,-0.3396330839250794,0.6939554644297345,1.0970188752223833,1.5336265300169316,2.179384711403412,54.16601371707862,25.18383466899897,0.0,100.0
0.3,0.475,86.03942509464393,1.0966236539387495,-0.340029388418003,0.9342111432678593,1.0966225155654457,1.261596713244316,1.9768346474319636,54.11554061298642,24.69529445519999,0.0,100.0
0.55,0.875,86.04046555160011,1.0955831969825738,-0.3410698453741787,0.7792078936194287,1.0955827138096708,1.4574350847880595,2.1095325328608068,54.15562185714583,25.15363146067098,0.0,100.0
0.075,0.55,86.04053356364972,1.0955151849329638,-0.34113785742378866,0.9235610289760388,1.095513717204767,1.3082183582186957,1.96311303730648,54.11546456453156,24.657469933132628,0.0,100.0
0.375,1.0,86.04056605891797,1.0954826896647063,-0.3411703526920462,0.7410800357272649,1.0954820055492973,1.4973540905273666,2.1413969928383563,54.160718057297025,25.181166860835987,0.0,100.0
0.45,0.95,86.04070301374408,1.0953457348386024,-0.3413073075181501,0.7560019891628826,1.095345138394677,1.4822007951065217,2.1287719845372117,54.15879501861615,25.172399326643287,0.0,100.0
0.25,1.075,86.04135871974572,1.0946900288369648,-0.34196301351978775,0.7185621827448614,1.0946891944482586,1.515731582083717,2.1592948168482073,54.16331346714332,25.188724692670732,0.0,100.0
0.4,0.45,86.04213062629974,1.0939181222829433,-0.34273492007380923,0.935157988092854,1.0939171355642885,1.2385084486074618,1.9827533340123575,54.11630226722573,24.71935265661546,0.0,100.0
-0.15,0.65,86.04408651175808,1.0919622368245996,-0.3446908055321529,0.9011264758978399,1.0919604571589958,1.3498713790555428,1.9514111070893492,54.11756409613105,24.641263656541422,0.0,100.0
0.775,0.625,86.04413404615686,1.0919147024258251,-0.3447383399309274,0.8554095663340178,1.0919144368294895,1.3581517723409036,2.0477780590746257,54.1420972568384,25.041962785568494,0.0,100.0
0.725,0.45,86.04425904557152,1.091789703011159,-0.34486333934559354,0.9166026299938892,1.0917892554352306,1.277163587651529,2.0076273837735674,54.12595950747761,24.868065081752242,0.0,100.0
-0.2,1.275,86.04481405048394,1.091234698098745,-0.34541834425800744,0.6646789402476116,1.0912332853917632,1.5247423774314655,2.1894407685949053,54.167590371744055,25.156560970557354,0.0,100.0
-0.1,0.625,86.04482375118926,1.0912249973934252,-0.34542804496332735,0.9056689726281206,1.091223285084908,1.3393727483508826,1.9534023945330656,54.11685340667643,24.64247715941162,0.0,100.0
0.0,1.2,86.04649448669586,1.0895542618868177,-0.3470987804699348,0.6801296974181383,1.0895531158934433,1.5288203967216845,2.1837051327514754,54.16667570312236,25.182652575437192,0.0,100.0
-0.2,0.675,86.04663822333029,1.08941052525239,-0.3472425171043625,0.8934391003794246,1.0894086783843846,1.3570586365452044,1.9491577030521017,54.11827444894301,24.6400851794176,0.0,100.0
-0.125,1.25,86.04727595284345,1.0887727957392315,-0.34788024661752104,0.6674706546356504,1.0887714846751777,1.5268542290876894,2.189040466303749,54.16747761150046,25.16902108952911,0.0,100.0
0.6,0.425,86.04849416570413,1.0875545828785533,-0.3490984594781992,0.9263548788393763,1.0875539136074905,1.2487445305692972,1.9952320158979227,54.12004350982312,24.789198210141212,0.0007505979793852313,100.0
0.75,0.675,86.04866735008744,1.0873813984952392,-0.3492716438615133,0.8345992150619992,1.087381120751857,1.3740037210492773,2.059450066681486,54.145364562605494,25.073446923179247,0.0,100.0
0.575,0.425,86.04881621595293,1.0872325326297556,-0.3494205097269969,0.927299783537876,1.0872318218182642,1.2453676037488606,1.9933719263983112,54.11929967166431,24.777765122911397,0.0,100.0
-0.05,0.6,86.04885230103137,1.0871964475513067,-0.3494565948054458,0.9070659700148838,1.0871948028096057,1.3255524163377288,1.9551353706140073,54.116140518197895,24.6437193373542,0.0,100.0
0.8,0.55,86.04956012508413,1.0864886234985534,-0.35016441885819916,0.8751849185913159,1.0864883552773847,1.3212510880456563,2.0307358917237166,54.13670153348388,24.988960075216532,0.0,100.0
-0.275,1.3,86.0496780959401,1.0863706526425858,-0.3502823897141667,0.6536065040650669,1.0863691390347525,1.5142067006328688,2.188954685597794,54.167679546852426,25.14411979883179,0.0,100.0
0.625,0.425,86.04993293397256,1.0861158146101246,-0.3505372277466279,0.9238082686160425,1.0861151869330854,1.250174132202602,1.9968935334339133,54.12078560578454,24.800647194494996,0.0027715944158619443,100.0
0.3,1.05,86.04998509314485,1.086063655437826,-0.3505893869189265,0.7170583439202431,1.0860628840905746,1.5019993420111746,2.153679390360883,54.162619768767875,25.189989833190527,0.0,100.0
0.525,0.9,86.05049802428441,1.0855507242982725,-0.35110231805848,0.7616955610271106,1.0855502164693291,1.4564473943295582,2.1159166215653067,54.15685344665835,25.16368659187586,0.0,100.0
0.55,0.425,86.05089137106664,1.0851573775160404,-0.35149566484071215,0.9266695377961014,1.0851566252568006,1.240055590538546,1.991313890849283,54.11855541466695,24.766350909068823,0.0,100.0
0.8,0.525,86.05114370225098,1.0849050463316985,-0.351747996025054,0.8821339130062569,1.0849047643790954,1.3087781778583434,2.025340995648979,54.13461335117684,24.967408379971385,0.0,100.0
0.775,0.475,86.0516914456292,1.084357302953478,-0.3522957394032744,0.8993587439229032,1.0843569529175057,1.284712968401962,2.0143049895317455,54.12961591789121,24.912714862014678,0.0,100.0
0.2,0.5,86.05224150970504,1.0838072388776396,-0.3528458034791129,0.9187452396718783,1.0838059489633736,1.27074161634836,1.9688532057732822,54.11476711047266,24.671381629038997,0.0,100.0
-0.25,0.7,86.05246329158048,1.0835854570022008,-0.35306758535455174,0.8826071229859735,1.0835835432139107,1.3609316568198437,1.946661828059926,54.118984248503196,24.63894085242685,0.0,100.0
0.8,0.575,86.05309612430172,1.0829526242809635,-0.353700418075789,0.8632323012914895,1.082952370051484,1.3285413115044236,2.036178963284498,54.138738533989724,25.010480334675286,0.0,100.0
0.65,0.425,86.05314223308206,1.0829065155006248,-0.35374652685612773,0.9196078992528385,1.082905929408406,1.249656876629487,1.99836044278746,54.121526188380045,24.812113095590455,0.004792590852338657,100.0
0.375,0.45,86.05434183360047,1.081706914982206,-0.35494612737454645,0.9250712938398351,1.081705886672316,1.2307295849917494,1.9794706206267674,54.11555087130677,24.70803414637897,0.0,100.0
0.525,0.425,86.05473200865197,1.0813167399307133,-0.3553363024260392,0.9243835858942049,1.0813159462540682,1.2328233548353609,1.9890693415052483,54.117807888507556,24.754950439531644,0.0,100.0
0.125,0.525,86.0556661896313,1.080382558951385,-0.3562704834053676,0.9134585075893682,1.0803811592608952,1.2832257058541074,1.9638291496349294,54.11473832851465,24.658799271005673,0.0,100.0
0.0,0.575,86.05617735792019,1.0798713906624897,-0.3567816516942628,0.9053171959638888,1.0798698133803526,1.3084511172383202,1.9565889994789047,54.11542208782377,24.644987570910633,0.0,100.0
0.275,0.475,86.05646127441877,1.0795874741639153,-0.3570655681928372,0.9179935566781978,1.0795862941627377,1.2505932435774412,1.9729053684400737,54.11478700806172,24.68402457237828,0.0,100.0
0.75,0.45,86.05674568840817,1.0793030601745102,-0.35734998218224234,0.9036908043495657,1.0793026540494366,1.266551279999348,2.0082203105274736,54.12669066814706,24.879618888511647,0.0,100.0
-0.05,1.225,86.05717663569773,1.0788721128849517,-0.35778092947180085,0.6632534372000691,1.078870904186769,1.5203081640147076,2.187771359626648,54.1673344607401,25.181489167550524,0.0,100.0
0.425,0.975,86.0575973757853,1.0784513727973746,-0.35820166955937793,0.7318400974907462,1.0784507523305933,1.4740019342174548,2.135187552744348,54.1600003475272,25.182477309081893,0.0,100.0
0.8,0.5,86.05792295957585,1.0781257890068332,-0.3585272533499193,0.8840910752060012,1.0781254934656572,1.2910078011614559,2.0199219161105484,54.13248571013819,24.945848270048433,0.0,100.0
0.675,0.425,86.05811197385589,1.077936774726794,-0.35871626762995845,0.9137554606142686,1.077936230181416,1.2472109340075406,1.9996409215810476,54.1222653973753,24.823596145882338,0.00681358728881537,100.0
0.5,0.425,86.0603451231763,1.0757036254063763,-0.3609494169503762,0.9204415528710115,1.0757027902983025,1.2236438045015916,1.9866296786499487,54.1170591756667,24.74356743798555,0.0,100.0
0.675,0.775,86.06065631545408,1.0753924331285987,-0.36126060922815384,0.7906149620058187,1.0753920907282748,1.4014375236707508,2.0837549171234215,54.15111033900019,25.124942501279342,0.0,100.0
0.775,0.65,86.06084161391976,1.075207134662918,-0.36144590769383456,0.8307715565708094,1.0752068833290707,1.3520567657958367,2.053306112235513,54.14403062376276,25.06345791404145,0.0,100.0
0.65,0.8,86.06134135214195,1.0747073964407292,-0.3619456459160233,0.7819817492492405,1.0747070282860107,1.4102222717032191,2.0900901440525432,54.15237957392277,25.134963861146147,0.0,100.0
-0.3,0.725,86.06158111815435,1.0744676304283303,-0.36218541192842224,0.8686355940391621,1.07446564994124,1.3614798204251457,1.9439047026764584,54.11969166410452,24.63783118755511,0.0,100.0
0.8,0.6,86.06172311261328,1.0743256359694016,-0.36232740638735095,0.8463208430556648,1.07432539627641,1.3306634476540182,2.041690467861259,54.140736522556686,25.03199312737353,0.0,100.0
0.35,1.025,86.06181738297896,1.0742313656037226,-0.36242167675302994,0.7126593806525818,1.0742306578068224,1.4845553212851286,2.147812648683505,54.161913682858,25.1912679652682,0.0,100.0
0.7,0.75,86.06244586167082,1.073602886911857,-0.3630501554448955,0.796857889728102,1.0736025705067362,1.390094579975468,2.0774606266203457,54.14983287675007,25.114933084635883,0.0,100.0
0.5,0.925,86.06295943508606,1.0730893134966237,-0.3635637288601288,0.741778658399312,1.0730887812589658,1.4529438055964334,2.1223085421746397,54.158070508374934,25.173743526778118,0.0,100.0
0.625,0.825,86.06446043259108,1.0715883159916046,-0.36506472636514786,0.7710888770583324,1.071587922469618,1.4164497555281343,2.0964272853561483,54.15363608149203,25.144989627519337,0.0,100.0
0.7,0.425,86.06483340232523,1.0712153462574463,-0.3654376960993062,0.9062492304693563,1.0712148430147153,1.2428291999607808,2.0007301603726937,54.123004180759146,24.835098071624472,0.008834583725292056,100.0
0.125,1.15,86.06528264064094,1.0707661079417363,-0.3658869344150162,0.6742816975962853,1.070765126998353,1.508098549916454,2.176206230996922,54.165832388843086,25.196378613187395,0.0,100.0
0.175,1.125,86.06552271676357,1.0705260318191137,-0.36612701053763885,0.6807886582244862,1.07052511249112,1.5039462060541666,2.171086275535184,54.16515752430067,25.19759793570264,0.0,100.0
-0.175,1.275,86.06567581979188,1.0703729287908033,-0.36628011356594925,0.6432664664266667,1.0703715558431441,1.5094127813821814,2.1923320078874298,54.1681202509962,25.167896235561123,0.0,100.0
0.725,0.725,86.06672271780813,1.0693260307745476,-0.36732701158220493,0.800701896597289,1.0693257405364989,1.3761799066560059,2.0711973781089896,54.14854133486829,25.104928077245276,0.0,100.0
0.05,0.55,86.06673269341319,1.0693160551694945,-0.36733698718725805,0.9004965077491249,1.0693145457217157,1.2880652288671257,1.9578240047480928,54.11470142027341,24.646276822235475,0.0,100.0
-0.25,1.3,86.0676190228624,1.0684297257202786,-0.3682233166364739,0.6344576625294991,1.068428251855306,1.5022405694920877,2.192282506065918,54.168222631520706,25.155452910757752,0.0,100.0
0.475,0.425,86.0677324738687,1.068316274713979,-0.36833676764277357,0.9148431799593766,1.0683153981496276,1.2125136213481937,1.9839923880132013,54.116309137168315,24.732200482965894,0.0,100.0
0.075,1.175,86.06826417228424,1.0677845762984361,-0.36886846605831636,0.6646780703988355,1.0677835332459154,1.508537943164768,2.181057455103678,54.166501611193226,25.195177427624923,0.0,100.0
0.35,0.45,86.0683261340916,1.0677226144910748,-0.36893042786567776,0.9112061073329585,1.0677215445642503,1.222776412707418,1.9759891318970606,54.11479939208369,24.69673542536295,0.0,100.0
0.225,1.1,86.06893454078892,1.0671142077937645,-0.369538834562988,0.6842641729491419,1.0671133509369668,1.4960870844734444,2.1657101784250123,54.1644741382703,25.198832563717264,0.0,100.0
0.8,0.475,86.06989139997802,1.066157348604662,-0.37049569375209046,0.8810337670947774,1.0661570398190832,1.2679295026268704,2.0144288671746406,54.13032806478005,24.924299265138547,0.0,100.0
0.6,0.85,86.07003170444472,1.0660170441379648,-0.3706359982187877,0.7579428663049157,1.0660166255893215,1.4201165986333706,2.1027796177173554,54.15487897232808,25.15501831084729,0.0,100.0
0.775,0.45,86.0709969903853,1.0650517581973844,-0.3716012841593681,0.8891341071606149,1.065051393527773,1.254003427124644,2.0086240870107805,54.127416819103935,24.89118293071111,0.0,100.0
-0.1,1.25,86.07107043533094,1.0649783132517427,-0.37167472910500976,0.6433033892206481,1.0649770423052842,1.5080905727307368,2.191556762972088,54.16798960652101,25.180350865012866,0.0,100.0
0.725,0.425,86.07332282031653,1.062725928266147,-0.37392711409060553,0.8970886143137164,1.0627254663313892,1.2365028444400963,2.001630633627413,54.12374095550961,24.84661592210577,0.010855580161768796,100.0
0.75,0.7,86.07346253569513,1.0625862128875525,-0.3740668294692,0.8021632412816615,1.0625859488553289,1.359726733161466,2.0649496259886018,54.147237969698445,25.094934162658156,0.0,100.0
0.175,0.5,86.07410747713895,1.0619412714437289,-0.37471177091302366,0.898719454930955,1.0619399398529965,1.2549154013539976,1.964271408501364,54.114008197784045,24.660153559733114,0.0,100.0
0.025,1.2,86.07447226273617,1.0615764858465155,-0.37507655651023697,0.651999689029978,1.061575379928422,1.5052624671607333,2.1856102752670705,54.16716604203184,25.19399011299658,0.0,100.0
0.25,0.475,86.07527264364404,1.0607761049386397,-0.3758769374181128,0.900303283473221,1.060774883284489,1.237818226627752,1.968775811475963,54.11403167678935,24.672771488895968,0.0,100.0
0.8,0.625,86.0754888189722,1.060559929610477,-0.37609311274627544,0.8245349969083122,1.0605597045446757,1.3275310024190503,2.047164147396325,54.142688895518596,25.053486872288598,0.0,100.0
0.825,0.525,86.075497872851,1.0605508757316784,-0.3761021666250741,0.8579488718908124,1.0605506344581357,1.2854151554059712,2.024981983034803,54.13528570625956,24.9789922707744,0.0,100.0
0.275,1.075,86.07559309235414,1.060455656228541,-0.3761973861282115,0.6846587453558897,1.0604548619630378,1.4845324643592193,2.160077443203691,54.163785496895116,25.20008932166719,0.0,100.0
0.825,0.55,86.07611430945386,1.0599344391288241,-0.3767186032279284,0.8488930588494412,1.059934211427975,1.2955792446408765,2.030261680060421,54.1373471392091,25.0005226483506,0.0,100.0
-0.125,0.625,86.07659887495632,1.0594498736263631,-0.3772031687303894,0.8774399223466105,1.0594481194798362,1.3136607890885585,1.947167643772259,54.11608447426767,24.63132662269938,0.0,100.0
0.4,1.0,86.07687785966169,1.0591708889209883,-0.3774821534357642,0.705286132324801,1.0591702449537166,1.4634017716222019,2.141671924835661,54.161197370685024,25.19256120460355,0.0,100.0
0.45,0.425,86.0768938933562,1.0591548552264811,-0.3774981871302714,0.9075881723710637,1.0591539371681336,1.1994323430953955,1.9811566382160455,54.1155588560197,24.720852956263947,0.0,100.0
-0.175,0.65,86.07714192058803,1.0589068279946474,-0.3777462143621051,0.8717217938106643,1.0589050064454995,1.322885732476152,1.9449171376126932,54.11679514525254,24.630125049952426,0.0,100.0
0.475,0.95,86.07786424468003,1.0581845039026518,-0.37846853845410067,0.7194808179193615,1.0581839475306396,1.4469566811469292,2.128756296097331,54.159277357925305,25.183809229221605,0.0,100.0
0.575,0.875,86.07804984869277,1.0579988998899097,-0.3786541424668428,0.7423881379371124,1.057998456550709,1.4213043339755984,2.1091886713549957,54.156114335365054,25.16505698359078,0.0,100.0
-0.075,0.6,86.07934910365765,1.0566996449250325,-0.37995339743171996,0.8800126550291054,1.0566979583743035,1.3011145793295924,1.9491567626204687,54.11537244119502,24.63255868252915,0.0,100.0
0.825,0.5,86.08004995117071,1.0559987974119736,-0.38065424494477895,0.8620094486074237,1.0559985426679135,1.2699640541130464,2.019700362902175,54.13317721860164,24.95744057893147,0.0,100.0
0.1,0.525,86.08058609912415,1.0554626494585335,-0.381190392898219,0.891096129343552,1.0554612080638806,1.264349563344794,1.9587941039984886,54.11397632034458,24.647596506495294,0.0,100.0
-0.225,0.675,86.0809606064438,1.0550881421388851,-0.3815649002178674,0.8628586575634642,1.0550862534321113,1.3287995303684283,1.9424228879101775,54.11750590279624,24.628957772941938,0.0,100.0
0.825,0.575,86.08180675753545,1.0542419910472347,-0.3824110513095178,0.8348552885566676,1.0542417774868398,1.300591422225267,2.0356375053067866,54.13936087022139,25.022026279474876,0.0,100.0
0.775,0.675,86.08267982986733,1.0533689187153499,-0.38328412364140263,0.8012003918307471,1.0533686810096357,1.3407154223259141,2.058729657825964,54.145927052255175,25.08495106373854,0.0,100.0
0.75,0.425,86.0835655622399,1.0524831863427835,-0.384169856013969,0.8862998657109955,1.0524827658203946,1.2282320711269819,2.002352945168777,54.124475425063565,24.85814912321812,0.010935416485076788,100.0
-0.025,1.225,86.08390404984156,1.0521446987411167,-0.3845083436156358,0.6363069739870326,1.0521435304401279,1.498278045824506,2.1899120680504502,54.16782830939218,25.192818025919212,0.0,100.0
0.325,0.45,86.08408379833178,1.0519649502509054,-0.3846880921058471,0.8958520843439999,1.0519638386925294,1.2130519928698362,1.972309737725867,54.11404731630142,24.685455566803125,0.0,100.0
-0.025,0.575,86.0853990496525,1.0506496989301866,-0.38600334342656595,0.8794396267301323,1.0506480799274756,1.2852755724577776,1.9508669649629755,54.114656152843786,24.63381832221784,0.0,100.0
0.325,1.05,86.08545222176092,1.0505965268217636,-0.3860565155349889,0.6820201816776574,1.0505957956881418,1.4692696136237942,2.154253177372894,54.16308998433562,25.201363364483637,0.0,100.0
0.8,0.45,86.08700937511223,1.0490393734704497,-0.3876136688863028,0.8729317322258794,1.049039050284435,1.2395376468504935,2.0088436082066665,54.12814011259408,24.90276111755142,0.0,100.0
-0.225,1.3,86.08724602806979,1.0488027205128958,-0.3878503218438567,0.6138843525776423,1.0488012863299332,1.4883867705074039,2.195401477914971,54.168755750669845,25.166786969396526,0.0,100.0
0.425,0.425,86.087827727256,1.0482210213266825,-0.38843202103007,0.8983779260917402,1.0482200616837134,1.1872924819053878,1.978120427316346,54.11480812740707,24.709523203018534,0.0,100.0
-0.275,0.7,86.0880637388865,1.047985009696177,-0.3886680326605756,0.8508511326361088,1.047983054060174,1.3313957802610474,1.9396707527974013,54.11821523190468,24.627825376904422,0.0,100.0
-0.15,1.275,86.08820573378527,1.047843014797408,-0.38881002755934446,0.6202771554949322,1.047841681879882,1.4921795173464005,2.195075300234701,54.168636552615524,25.179225838269616,0.0,100.0
0.55,0.9,86.08849013887198,1.0475586097107055,-0.38909443264604704,0.7244318157617045,1.0475581418310838,1.419973818297393,2.115604233932119,54.15733852304103,25.17510603431094,0.0,100.0
0.825,0.475,86.0898151620615,1.0462335865211827,-0.3904194558355698,0.8610619995456119,1.0462333183942747,1.2492107328133812,2.0143607469868625,54.13103209031737,24.935888153041393,0.0,100.0
0.825,0.6,86.09261384809453,1.0434349004881511,-0.3932181418686014,0.8159014091268233,1.0434347014538417,1.3004234478478054,2.041034183216673,54.14133896302475,25.04352870320859,0.0,100.0
0.625,0.4,86.0932739338247,1.0427748147579763,-0.3938782275987762,0.8907116589402193,1.0427741728026034,1.1948239103318627,1.990304951907975,54.118553433385316,24.77934628580204,0.016857386420924048,100.0
-0.3,1.325,86.09354938206519,1.0424993665174895,-0.394153675839263,0.6003912292308229,1.0424978322241885,1.4761054948252905,2.1948064352674965,54.16884534427265,25.154359657088687,0.0,100.0
0.6,0.4,86.09407512778532,1.0419736207973642,-0.3946794215593883,0.8912554614816344,1.0419729373899684,1.1910477533696167,1.9884861763468566,54.11780918742449,24.767920343853987,0.014836389984447335,100.0
0.65,0.4,86.09421905853733,1.041829690045347,-0.39482335231140553,0.888643841368534,1.041829089694619,1.196652680140133,1.9919196349626493,54.11929696532837,24.790790668247237,0.01887838285740076,100.0
0.8,0.65,86.09438847168433,1.0416602768983552,-0.39499276545839734,0.797816448175908,1.041660065653525,1.3191447225751745,2.0525416833826107,54.14460341544148,25.074974090356545,0.0,100.0
0.025,0.55,86.09470750451031,1.0413412440723704,-0.3953117982843821,0.875774361507581,1.0413396928807033,1.2661399423415673,1.9523325704048868,54.1139369761247,24.63510140818986,0.0,100.0
0.45,0.975,86.09515956422587,1.0408891843568142,-0.3957638579999383,0.6948907513050244,1.0408886041896808,1.4385521913126524,2.1352555601289884,54.16047636515135,25.19387601753124,0.0,100.0
0.775,0.425,86.09556004065884,1.040488707923842,-0.39616433443291044,0.8738660529166111,1.0404883288730757,1.2180169704040793,2.002901140270866,54.12520707543848,24.869696703081182,0.008609068619912508,100.0
0.225,0.475,86.0958593131788,1.0401894354038745,-0.39646360695287797,0.8811403050509199,1.040188172071791,1.2232715223497053,1.9644457328481257,54.11327446035511,24.661534933457023,0.0,100.0
-0.075,1.25,86.09652408756247,1.0395246610202094,-0.39712838133654316,0.6175559152699179,1.0395234305255427,1.4875894027621115,2.193927439325312,54.16848752381841,25.191673276133738,0.0,100.0
0.575,0.4,86.09664385626768,1.0394048923150052,-0.3972481500417473,0.8901437331900581,1.0394041674503938,1.185342562489197,1.9864775130747885,54.11706399869966,24.75651244421515,0.009169248145302178,100.0
0.675,0.4,86.09693463220631,1.0391141163763677,-0.39753892598038476,0.8849249775662855,1.0391135576222268,1.196534535674573,1.993338922983324,54.12003746095557,24.80224916485622,0.020899379293877474,100.0
0.15,1.15,86.0974783177679,1.0385704308147865,-0.398082611541966,0.6422231539127665,1.0385694896197577,1.4796012439384043,2.177451784654924,54.16630451760409,25.20772130576068,0.0,100.0
0.15,0.5,86.0977479107762,1.0383008378064744,-0.3983522045502781,0.8772209452852167,1.0382994645101888,1.2373189375983458,1.9594888359647245,54.113248067779885,24.64894286400294,0.0,100.0
0.7,0.775,86.09818700161975,1.0378617469629319,-0.39879129539382063,0.7538612691323152,1.0378614442844962,1.3648294252506332,2.083037472128775,54.151625589579965,25.13640449939123,0.0,100.0
0.375,1.025,86.09853680509416,1.037511943488525,-0.3991410988682276,0.6764947870365603,1.037511276017645,1.450310021836998,2.148159433986435,54.16238229105298,25.202650667215988,0.0,100.0
0.2,1.125,86.09894832907631,1.0371004195063733,-0.3995526228503792,0.6476056464343429,1.0370995402171332,1.4739166798581635,2.1721334372179006,54.16562561561949,25.208944345505618,0.0,100.0
0.1,1.175,86.09920893948474,1.0368398090979412,-0.39981323325881135,0.6337978486795635,1.036838806118746,1.4815775607852402,2.1825421016945588,54.16697833977765,25.206517561884933,0.0,100.0
0.675,0.8,86.09930929240966,1.0367394561730237,-0.39991358618372885,0.7448476444269829,1.036739127836998,1.3732482430274473,2.089414029646661,54.15288569387923,25.146417199673646,0.0,100.0
0.725,0.75,86.0995227274409,1.036526021141782,-0.40012702121497057,0.7605435010657828,1.0365257444545564,1.3538585321604444,2.0766904004094835,54.15035555652972,25.126401641714853,0.0,100.0
0.4,0.425,86.10053483274628,1.035513915836404,-0.40113912652034855,0.8853604207527894,1.0355129145662603,1.1806179853499543,1.9748858235204905,54.11405667454559,24.69821193910967,0.0,100.0
0.55,0.4,86.1009787961829,1.0350699523997804,-0.4015830899569721,0.887376050448907,1.0350691861037575,1.1777130211639388,1.9842819281108262,54.11631620067818,24.74511952356051,0.002190597754200385,100.0
0.525,0.925,86.10136934717254,1.0346794014101448,-0.4019736409466077,0.7040792251882095,1.0346789092293676,1.4161898632422094,2.1220801956461153,54.15854887038171,25.185158447011467,0.0,100.0
0.7,0.4,86.1014122913951,1.034636457187574,-0.4020165851691786,0.8795539198553541,1.034635939920537,1.1944871122590115,1.9945655320634965,54.1207766211975,24.813724895137284,0.02292037573035416,100.0
0.85,0.525,86.10159949427381,1.0344492543088677,-0.4022037880478848,0.8321252590068013,1.0344490536136561,1.260124556401749,2.0244381008867287,54.13594434657448,24.990569878187124,0.0,100.0
0.3,0.45,86.1016162154959,1.034432533086786,-0.40222050926996644,0.8790253756842077,1.034431379874158,1.2015561089696405,1.9684306365248265,54.11329357430929,24.674192607936163,0.0,100.0
0.65,0.825,86.10287193707411,1.033176811508568,-0.4034762308481845,0.733561167999909,1.0331764578556886,1.3791124518165248,2.095796755987014,54.154134051215486,25.156432845643806,0.0,100.0
0.75,0.725,86.103340274161,1.032708474421682,-0.4039445679350706,0.7648206446211105,1.0327082239183085,1.3403169742217074,2.0703825825718383,54.14907821642292,25.116415839486255,0.0,100.0
0.25,1.1,86.10361293103885,1.0324358175438277,-0.40421722481292477,0.6499146275200332,1.0324350007238678,1.464525305015897,2.16653657186398,54.164940474240446,25.21019077596374,0.0,100.0
0.85,0.5,86.10392453004418,1.032124218538499,-0.4045288238182536,0.838289939113011,1.0321240045517641,1.2469892957110176,2.0192985713033265,54.1338578501402,24.969032259406557,0.0,100.0
0.05,1.2,86.10414615821757,1.0319025903651067,-0.40475045199164583,0.6222969819151842,1.0319015245422491,1.47983869071237,2.1873250620878015,54.16764708050703,25.20532733187747,0.0,100.0
0.85,0.55,86.10437854774892,1.0316702008337586,-0.4049828415229939,0.8209745257331775,1.0316700136852035,1.2680001511423171,2.029641005952401,54.137977943505824,25.012075881661463,0.0,100.0
0.825,0.45,86.10475634995983,1.0312923986228526,-0.4053606437338999,0.8550831798157077,1.0312921171248548,1.2231469169161215,2.008916902544652,54.12885976413482,24.914352077772424,0.0,100.0
0.525,0.4,86.10708743221984,1.0289613163628388,-0.4076917259939137,0.8829521501603068,1.0289605086133178,1.1681339126032384,1.9818899760935835,54.11556677758943,24.733743030399285,0.0,100.0
0.075,0.525,86.10728160825045,1.028767140332235,-0.4078859020245176,0.8672610233901565,1.028765657209172,1.2437013354482502,1.953557101065361,54.11321336951667,24.636411276233495,0.0,100.0
0.725,0.4,86.10764850897633,1.0284002396063556,-0.4082528027503969,0.8725283516914857,1.0283997635951891,1.190503535878591,1.9955958596727843,54.12151547684509,24.825219738896756,0.0249413721668309,100.0
-0.2,1.3,86.1085497510211,1.0274989975615796,-0.4091540447951729,0.591914754199081,1.0274976031321899,1.4726577051712582,2.1983355408522494,54.16927544149089,25.178115644564944,0.0,100.0
0.825,0.625,86.10857697994857,1.0274717686341148,-0.4091812737226377,0.7920278782624024,1.0274715838855286,1.2949955133222772,2.0463639928683803,54.143268988355445,25.065008092843527,0.0,100.0
0.625,0.85,86.10887748566242,1.0271712629202625,-0.40948177943649,0.7199614879890817,1.02717088431242,1.382447391305874,2.1022198691119898,54.15536966751049,25.1664533648109,0.0,100.0
0.8,0.425,86.10932116352241,1.0267275850602715,-0.409925457296481,0.8597855166779595,1.0267272474636513,1.205857946405871,2.003258248606287,54.12593687572544,24.881260424333583,0.006282720754748228,100.0
0.775,0.7,86.10964834284793,1.0264004057347478,-0.41025263662200473,0.7666914010700623,1.0264001815668877,1.3242070434895652,2.0641034852050026,54.14778226563732,25.106428704274393,0.0,100.0
-0.15,0.625,86.11014915704138,1.0258995915413038,-0.4107534508154487,0.8475530306102002,1.0258977955321853,1.2861772323700364,1.9407297387442317,54.11531498116178,24.620194890777533,0.0,100.0
0.85,0.475,86.11147245862365,1.024576289959029,-0.41207675239772357,0.8394454246641772,1.0245760625380824,1.228557601829678,2.0140959361169273,54.13172921685959,24.947483753415632,0.0,100.0
0.3,1.075,86.11150647347111,1.0245422751115711,-0.41211076724518136,0.6491498223322765,1.0245415209166595,1.4514437480533644,2.160708432930117,54.16424848942624,25.211456257138554,0.0,100.0
-0.1,0.6,86.1116214271952,1.0244273213874777,-0.4122257209692748,0.8513014533277357,1.0244255930008592,1.2749051124689572,1.9429749560149696,54.11460357550514,24.621416719845556,0.0,100.0
-0.275,1.325,86.11194967496745,1.0240990736152327,-0.41255396874151984,0.58068847485238,1.02409757897625,1.463778501517993,2.198185645182464,54.16938255108421,25.165689369485015,0.0,100.0
-0.2,0.65,86.11197210590046,1.0240766426822177,-0.41257639967453485,0.8406592622080069,1.0240747792157918,1.2941301992253216,1.938219439006589,54.116025830077405,24.6190051773798,0.0,100.0
0.85,0.575,86.11223398422983,1.0238147643528492,-0.41283827800390327,0.8048551782554654,1.0238145914367238,1.2707327432238174,2.0349372754311252,54.13997455934637,25.03357557622098,0.0,100.0
0.0,1.225,86.11231693047132,1.023731818111358,-0.41292122424539457,0.6077856477306511,1.0237306898447343,1.4743884210535185,2.1918467318991963,54.16831318292625,25.204149508561233,0.0,100.0
-0.125,1.275,86.1124001356896,1.0236486128930835,-0.413004429463669,0.5956997838217291,1.0236473203520178,1.473199877178132,2.19767506086552,54.169138268977825,25.190546693063997,0.0,100.0
0.425,1.0,86.11484975567471,1.0211989929079692,-0.4154540494487833,0.6679427732987051,1.0211983892815197,1.4276424772368443,2.1417955878761408,54.1616642143271,25.203949767210634,0.0,100.0
0.5,0.4,86.11497037949589,1.0210783690867942,-0.41557467326995834,0.8768717758439237,1.0210775198583235,1.1566041239025822,1.9793006653571452,54.114816373040014,24.72238440080234,0.0,100.0
0.375,0.425,86.11501560719867,1.0210331413840095,-0.41561990097274304,0.8708702813880791,1.0210320984686803,1.1721724321634355,1.9714537796019351,54.113304791357976,24.686919833998687,0.0,100.0
0.75,0.4,86.11564536550418,1.0204033830785022,-0.4162496592782503,0.86384831454194,1.020402948379558,1.1845748222605437,1.9964487993994418,54.122253906501044,24.836733445266063,0.026962368603307585,100.0
-0.05,0.575,86.1163963838487,1.019652364733986,-0.4170006776227666,0.8519042291465269,1.019650703984405,1.2603281919352156,1.944942026670545,54.11388892815988,24.622666657957193,0.0,100.0
0.5,0.95,86.11667547371448,1.019373274868201,-0.41727976748855156,0.681375787335682,1.019372758788657,1.4099831450006661,2.128610627285785,54.1597480557419,25.195212853840165,0.0,100.0
-0.25,0.675,86.11705822165099,1.0189905269316881,-0.4176625154250644,0.8306203331952844,1.0189885963583691,1.2987692142372396,1.9354840631347547,54.11673690941474,24.617849727427572,0.0,100.0
0.6,0.875,86.11729638383233,1.0187523647503554,-0.41790067760639715,0.7039710472488565,1.0187519614357199,1.3832930596692279,2.1086583516111297,54.15659578181798,25.17648130701599,0.0,100.0
0.2,0.475,86.1182212185927,1.0178275299899866,-0.4188255123667659,0.8605052619580391,1.0178262249557464,1.2069530944926044,1.959914706171444,54.11251559045389,24.650315241834726,0.0,100.0
0.8,0.675,86.11841728729753,1.0176314612851485,-0.41902158107160403,0.7661751378999639,1.017631263578656,1.3055490202995088,2.0578383084941567,54.146476383946926,25.096450220926847,0.0,100.0
0.275,0.45,86.12092342614943,1.0151253224332493,-0.42152771992350324,0.8607259698604679,1.0151241275437002,1.1882887164430542,1.9643513869451377,54.11253756174311,24.662945449178,0.0,100.0
0.35,1.05,86.122612153572,1.013436595010674,-0.42321644734607844,0.6453948823988895,1.0134359039922174,1.4346705973235458,2.154651159956911,54.163549361303744,25.21273591213982,0.0,100.0
0.125,0.5,86.12316360997775,1.0128851386049291,-0.4237679037518234,0.8542497126028792,1.0128837235788637,1.2179507176517035,1.954505005534993,54.11248604132419,24.637748733871867,0.0,100.0
-0.05,1.25,86.12368159227435,1.0123671563083292,-0.4242858860484233,0.5902160817260977,1.0123659662289242,1.4652369318925338,2.1961102977692306,54.16897615546988,25.202996669329888,0.0,100.0
0.85,0.45,86.12420413315843,1.011844615424252,-0.42480842693250054,0.8355866964501928,1.0118443749394317,1.2048196897911225,2.008815637297376,54.129570652709624,24.925946354932307,0.0,100.0
0.0,0.55,86.12445510584547,1.0115936427372105,-0.425059399619542,0.8493944620243497,1.0115920496985324,1.2424568070078976,1.9466358720202792,54.11317093012569,24.623943153884436,0.0,100.0
0.475,0.4,86.12462561201144,1.0114231365712385,-0.425229905785514,0.8688274297481371,1.0114222457724709,1.1431231838961082,1.976511445747923,54.114065712806536,24.711045190911676,0.0,100.0
0.825,0.425,86.124845667134,1.0112030814486843,-0.4254499609080682,0.8440565891115881,1.0112027853224845,1.191772751439629,2.0034294320902655,54.126662220168335,24.892835456366665,0.003956372889583948,100.0
0.85,0.6,86.12524035332534,1.0108083952573423,-0.42584464709941017,0.7838556727915318,1.010808236794881,1.2682659458227192,2.0401952307714657,54.14192768770074,25.05505831486393,0.0,100.0
0.775,0.4,86.12540006838844,1.0106486801942367,-0.4260043621625158,0.8535460324041537,1.010648286882781,1.176701620288327,1.997115737562323,54.12298961921976,24.848261754703866,0.02898336503978427,100.0
-0.3,0.7,86.12543711814229,1.010611630440394,-0.42604141191635847,0.8174372818994584,1.0106096329438459,1.300088833149431,1.932478401152297,54.11744591007204,24.616729538594495,0.0,100.0
0.575,0.9,86.1281486532818,1.007900095300883,-0.4287529470558695,0.6855745134778317,1.0078996675415681,1.381699992284311,2.1151615902509464,54.15781241831582,25.186523992839398,0.0,100.0
0.875,0.525,86.1294132195817,1.0066355290009739,-0.43001751335577865,0.8046623099494639,1.0066353687107494,1.2329175889184114,2.0237379257007606,54.13658820324411,25.002139630054035,0.0,100.0
0.875,0.5,86.12954874137255,1.0065000072101355,-0.43015303514661696,0.8129289505417745,1.0064998338852065,1.2220857115308519,2.0187120246927055,54.13452769524697,24.980623455808697,0.0,100.0
0.825,0.65,86.12966611184915,1.0063826367335338,-0.4302704056232187,0.7632442403848643,1.0063824655427738,1.2843325328325506,2.0515993963219463,54.14516298691806,25.086485178156103,0.0,100.0
0.35,0.425,86.13127067126723,1.00477807731545,-0.4318749650413025,0.8549074897854609,1.004776992734125,1.1619556053275062,1.967822448468402,54.11255215115898,24.67564630661987,0.0,100.0
0.175,1.15,86.13132706057858,1.0047216880040963,-0.43193135435265617,0.6086669650128442,1.0047207867431098,1.4492061013247053,2.1785267550858114,54.16677060925078,25.21907000557469,0.0,100.0
-0.175,1.3,86.13150617032194,1.0045425782607396,-0.43211046409601295,0.5685242335060678,1.0045412239710572,1.4551600233965019,2.201154039720121,54.16978242587963,25.189433535645538,0.0,100.0
0.125,1.175,86.13182417326725,1.0042245753154333,-0.4324284670413192,0.6014104041233423,1.0042236125184103,1.452715925640291,2.1838289992872157,54.16744679407117,25.217860526833313,0.0,100.0
-0.25,1.325,86.13205048721946,1.003998261363222,-0.4326547809935306,0.5595690221810656,1.0039968061497462,1.4495599755733366,2.2013574930526243,54.169908663626614,25.177015802835925,0.0,100.0
0.225,1.125,86.13404364564855,1.0020051029341346,-0.4346479394226179,0.6128805433696272,1.0020042635234774,1.4419909460755207,2.1729893117683607,54.16608864929317,25.22030041758614,0.0,100.0
0.875,0.55,86.13434122150957,1.0017075270731084,-0.4349455152836441,0.7914245134030153,1.0017073805349468,1.238501715725846,2.0288864022444253,54.138598951704225,25.02363014672471,0.0,100.0
0.475,0.975,86.13438065979935,1.0016680887833331,-0.4349849535734194,0.6563704431277557,1.0016675489475233,1.4012558274113758,2.135148447148697,54.160941391019925,25.20527356696463,0.0,100.0
0.875,0.475,86.13486603474696,1.0011827138357177,-0.43547032852103484,0.8161944215492127,1.0011825272207546,1.205972312219771,2.0136494082967134,54.13241850304183,24.959084315050788,0.0,100.0
0.075,1.2,86.13550908167751,1.0005396669051692,-0.43611337545158335,0.5910838722673475,1.0005386412533226,1.4525139610600206,2.188832389698039,54.16811900600735,25.216663425887635,0.0,100.0
0.05,0.525,86.13575227514941,1.0002964734332664,-0.43635656892348607,0.8419531743341793,1.0002949485438593,1.2212834472183403,1.9481175247659461,54.11244942816291,24.625244333051064,0.0,100.0
0.45,0.4,86.1360545219012,0.9999942266814799,-0.43665881567527265,0.8566737661622597,0.99999329425616,1.1351213058208316,1.9735232400790796,54.113314165636545,24.69972324121158,0.0,100.0
0.8,0.4,86.13690187674268,0.9991468718399972,-0.43750617051675533,0.8415914532309756,0.9991465200239361,1.1668840583473639,1.997619386244336,54.12372249087897,24.859804413510123,0.03100436147626101,100.0
0.4,1.025,86.13692950035808,0.9991192482246021,-0.43753379413215043,0.6387626534976789,0.9991186209775321,1.414188155553802,2.1483247624889303,54.16284182417433,25.214035361195304,0.0,100.0
0.725,0.775,86.13742390837379,0.9986248402088904,-0.4380282021478621,0.7155340106832426,0.9986245773374037,1.3263232845349222,2.082151572478655,54.15212991899207,25.147865007382386,0.0,100.0
-0.1,1.275,86.13828896603573,0.9977597825469502,-0.4388932598098023,0.569539376073493,0.9977585304181048,1.4523838043136124,2.2000983066657454,54.16963187438727,25.201867431492595,0.0,100.0
0.75,0.75,86.13831066883407,0.9977380797486148,-0.43891496260813767,0.7226266768307852,0.9977378428499748,1.3157190783999084,2.0757581936799108,54.15086897653158,25.13787227076945,0.0,100.0
0.7,0.8,86.13897634733777,0.9970724012449068,-0.4395806411118457,0.7061721651235047,0.9970721128505602,1.3343834767214275,2.088564068081848,54.153382285244646,25.157870902703866,0.0,100.0
0.275,1.1,86.13996650727223,0.9960822413104466,-0.44057080104630586,0.6140278911503714,0.9960814642334072,1.4310766294894819,2.167157232751351,54.16539939702127,25.221554353862892,0.0,100.0
0.65,0.375,86.14056736089259,0.9954813876900914,-0.4411716546666611,0.8526956812207658,0.9954807733138864,1.1383029688947488,1.9854095148069482,54.117061975244034,24.769525432190644,0.032964174862462864,100.0
0.675,0.375,86.14103381787234,0.9950149307103402,-0.4416381116464123,0.8510268549585192,0.9950143578452725,1.1405308912377876,1.9869832453808813,54.117805962385134,24.7809633774093,0.03498517129893958,100.0
0.55,0.925,86.1414361198731,0.9946126287095751,-0.4420404136471774,0.6647874400544538,0.9946121768636544,1.3776924184725772,2.121713953763946,54.15901603806261,25.196571849032786,0.0,100.0
0.775,0.725,86.14167693589917,0.9943718126835108,-0.4422812296732417,0.7273389425149617,0.9943716019553562,1.302545586334972,2.0693969200643756,54.14959805103632,25.1278914757546,0.0,100.0
0.625,0.375,86.14186262752914,0.994186121053545,-0.4424669213032075,0.852757878299613,0.9941854652108049,1.1341275893583997,1.9836392323714274,54.11631747471976,24.758106312777187,0.03094317842598615,100.0
0.25,0.45,86.14200593661644,0.9940428119662386,-0.44261023039051395,0.8409539787442526,0.9940415753742912,1.1732497172222764,1.9600718071122152,54.11178037314972,24.651716150379134,0.0,100.0
0.85,0.425,86.14212086462304,0.9939278839596426,-0.4427251583971099,0.8266839207752952,0.9939276294028161,1.1757694570388537,2.003431373181156,54.12738402852043,24.904423468779253,0.001630025024419668,100.0
0.175,0.475,86.14235846226705,0.9936902863156263,-0.4429627560411262,0.8383979270910515,0.9936889395550821,1.1888628256920697,1.9551825839461363,54.111755513954876,24.639113313650235,0.0,100.0
0.025,1.225,86.14242189579242,0.993626852790257,-0.44302618956649553,0.5777552620276367,0.9936257646707218,1.4485979428172726,2.193578377474298,54.168789110542996,25.215481082436845,0.0,100.0
0.675,0.825,86.14297612458533,0.9930726239973495,-0.443580418359403,0.6944448648379478,0.9930723103532557,1.3398979583638209,2.095007290952622,54.15462046770559,25.167873913460095,0.0,100.0
0.7,0.375,86.14325465169351,0.9927940968891704,-0.4438589454675821,0.8477904141662549,0.9927935656386012,1.1408118022402505,1.9883566792050076,54.118548027411066,24.792417513616847,0.03700616773541626,100.0
0.85,0.625,86.14339785053573,0.9926508980469464,-0.4440021443098061,0.7578940932014859,0.992650753513334,1.2605550118899487,2.0453843750337732,54.14384069446561,25.076533073738375,0.0,100.0
0.875,0.575,86.14439526416572,0.9916534844169576,-0.44499955793979495,0.7732528264287453,0.9916533521238364,1.238955453408721,2.0340553871571703,54.14057637934786,25.045122183736588,0.0,100.0
0.6,0.375,86.14492418172358,0.9911245668590993,-0.4455284754976532,0.8511643860665998,0.9911238695548349,1.128030495873631,1.9816809492546112,54.11557197150036,24.746705138378207,0.028922181989509438,100.0
0.875,0.45,86.14539843723651,0.9906503113461724,-0.4460027310105801,0.8144437527798516,0.990650111513969,1.184558061393787,2.0085179257485186,54.13027312184076,24.93754455552345,0.0,100.0
-0.175,0.625,86.14547420250861,0.9905745460740718,-0.4460784962826807,0.8160082901345902,0.990572708170393,1.2569235483606462,1.9340884312519677,54.11454552195585,24.609082931683748,0.0,100.0
-0.125,0.6,86.14566878719243,0.9903799613902464,-0.4462730809665061,0.8209323603627325,0.9903781911332942,1.2469256011310819,1.9365897435193848,54.113834148767694,24.610293304828723,0.0,100.0
0.725,0.375,86.14723597773809,0.9888127708445893,-0.4478402715121632,0.8429001994038856,0.9888122810499794,1.139162857868456,1.9895356300163636,54.119287158124095,24.80388593872667,0.039027164171893,100.0
0.8,0.7,86.14752674316449,0.98852200541819,-0.4481310369385625,0.7296486095863628,0.9885218210443668,1.286804515053916,2.063070841272715,54.14831580974947,25.117922386561236,0.0,100.0
-0.225,0.65,86.1485733132357,0.9874754353469797,-0.44917760700977283,0.8079388312977898,0.9874735299653452,1.2636033456719105,1.9313240772862827,54.11525659134673,24.60790408097917,0.0,100.0
0.325,1.075,86.14908653276034,0.986962215822345,-0.4496908265344075,0.6121166573366423,0.9869615016312026,1.4164866963518534,2.161125253593275,54.16470537032557,25.222828234669265,0.0,100.0
-0.075,0.575,86.1491685956372,0.9868801529454743,-0.44977288941127824,0.822710912888553,0.9868784504282047,1.233608956926247,1.9388150187323057,54.113120682656756,24.61153326825349,0.0,100.0
0.425,0.4,86.14925784982269,0.9867908987599918,-0.4498621435967607,0.8430475033224525,0.9867899246800278,1.1279545680709901,1.9703369653720297,54.11256174071872,24.688419111291264,0.0,100.0
0.325,0.425,86.14930038167918,0.9867483669034982,-0.4499046754532543,0.8374720163241136,0.9867472406343097,1.149967298417181,1.9639914518805506,54.1117974192965,24.664388900233032,0.0,100.0
0.65,0.85,86.149383575375,0.9866651732076832,-0.4499878691490693,0.6803819517348728,0.9866648346303435,1.3429035085091243,2.1014712611331405,54.155848624921425,25.177885420809435,0.0,100.0
0.575,0.375,86.14975555024185,0.9862931983408316,-0.4503598440159209,0.8479148012211937,0.9862924595764696,1.1200022595911037,1.9795312959871878,54.11482405410528,24.735319316824945,0.024565166633804703,100.0
0.825,0.4,86.15017083867203,0.9858779099106556,-0.4507751324460969,0.8279863176622229,0.9858775995573211,1.1551222317484928,1.9979318142597409,54.1244527232044,24.87136176947421,0.033025357912737696,100.0
0.1,0.5,86.15035488209733,0.9856938664853487,-0.4509591758714038,0.8298057450412699,0.9856924097049585,1.1968104823288712,1.9493194879242264,54.111723158730996,24.626573131527614,0.0,100.0
-0.025,1.25,86.15252480028721,0.9835239482954705,-0.453129094061282,0.5613559974153617,0.9835227983613777,1.4409842979795826,2.198075548790139,54.16945579637779,25.214321556353298,0.0,100.0
0.75,0.375,86.15297857990466,0.9830701686780259,-0.45358287367872663,0.8363552962165954,0.983069720149939,1.1355781678382186,1.9905191899153738,54.120026132998156,24.815373766703605,0.04104816060836969,100.0
-0.225,1.325,86.15380327730205,0.9822454712806348,-0.45440757107611773,0.5370340399795026,0.9822440559249828,1.4335736714025984,2.2044017583813647,54.17041875339669,25.188330101362872,0.0,100.0
0.45,1.0,86.15448189836516,0.9815668502175185,-0.45508619213923396,0.6290691322385413,0.9815662868839012,1.3899867702995579,2.14172857589,54.16212431167013,25.215344882564665,0.0,100.0
-0.275,0.675,86.15493091715454,0.9811178314281364,-0.45553521092861615,0.7967241277138584,0.9811158589608965,1.2669677851320102,1.9283412993582585,54.11596742995596,24.606760996785614,0.0,100.0
0.825,0.675,86.15586132393254,0.9801874246501399,-0.45646561770661265,0.7295488658701572,0.9801872668253708,1.2684991321747674,2.0567748011987854,54.147019804862786,25.10795761469,0.0,100.0
-0.025,0.55,86.15595604484913,0.980092703733547,-0.45656033862320555,0.821356717651895,0.980091068873142,1.2170166748750688,1.9407608876068858,54.1124034454574,24.612802151674995,0.0,100.0
-0.15,1.3,86.15613559624815,0.9799131523345324,-0.45673989002222015,0.5436980961163584,0.979911838440961,1.4358692329665672,2.2038178276892824,54.170279225532305,25.200750994395307,0.0,100.0
0.55,0.375,86.15635973967235,0.9796890089103272,-0.45696403344642533,0.8430089270300556,0.9796882286701049,1.1100235811531434,1.977186953044035,54.11407438402651,24.72395010006708,0.01758651624270291,100.0
0.9,0.5,86.15690462107445,0.9791441275082349,-0.45750891484851763,0.7859275772837435,0.9791439945851721,1.1952550522214551,2.0179461415218034,54.135184098031644,24.99220926951526,0.0,100.0
0.525,0.95,86.15715123563992,0.9788975129427655,-0.457755529413987,0.641694412561236,0.9788970371130062,1.3711494671612172,2.128261925790278,54.16021269677129,25.20661977283061,0.0,100.0
0.625,0.875,86.15820530807287,0.9778434405098153,-0.4588096018469372,0.6639548584381316,0.9778430774078117,1.343491393628554,2.1079878572778927,54.15706929336132,25.187910040634165,0.0,100.0
-0.3,1.35,86.15866244754429,0.9773863010383934,-0.4592667413183591,0.5244690722955596,0.9773847853435569,1.4227977681590431,2.2040684868526887,54.170533311500456,25.175928665226284,0.0,100.0
0.9,0.525,86.15892262697547,0.9771261216072133,-0.45952692074953916,0.7755755690826902,0.9771260018506609,1.2037988598409441,2.022912349812857,54.13721648096526,25.013700044510085,0.0,100.0
0.875,0.6,86.15959582691217,0.9764529216705142,-0.4602001206862383,0.7501778057792166,0.976452803552931,1.23419723802472,2.0391727725699513,54.142506040128325,25.06658805929235,0.0,100.0
0.9,0.475,86.16000971212017,0.9760390364625096,-0.46061400589424295,0.7913037674642567,0.9760388905775272,1.1814565275137596,2.0130193180645306,54.13309901583792,24.97068810184674,0.0,100.0
0.775,0.375,86.16048958773584,0.9755591608468421,-0.4610938815099104,0.8281622157912096,0.9755587535883677,1.1300474631229775,1.9913124105532907,54.12076471258525,24.82688052805014,0.04306915704484637,100.0
0.875,0.425,86.16110982007362,0.9749389285090615,-0.461714113847691,0.807663727299385,0.9749387156252312,1.1578348971890335,2.0033018927324133,54.12810186956395,24.916023584514022,0.0,100.0
0.375,1.05,86.16143013599549,0.974618612587193,-0.46203442976955955,0.6072569029423249,0.9746179617795292,1.3981864772777755,2.154847453626241,54.16400426095594,25.224119132790946,0.0,100.0
0.4,0.4,86.16423441179946,0.9718143367832255,-0.464838705573527,0.8279486022849767,0.9718133210344888,1.11901664263047,1.966954103407302,54.11180895179647,24.67713416628893,0.0,100.0
0.525,0.375,86.16473675624371,0.9713119923389684,-0.46534105001778414,0.8364359588988179,0.971311170551914,1.098094122294043,1.9746440536130732,54.113323257051434,24.712598061315948,0.010607865851601062,100.0
0.225,0.45,86.16486381264141,0.9711849359412668,-0.46546810641548575,0.8197094782791652,0.9711836576218701,1.156438983365021,1.9555916319826212,54.111021846035776,24.640504434139675,0.0,100.0
0.85,0.4,86.1652060580033,0.9708426905793743,-0.4658103517773782,0.8127358615194851,0.9708424216887351,1.1414188291495861,1.998054987089461,54.12518125538683,24.88293553129509,0.031977250094419374,100.0
-0.075,1.275,86.16587327619204,0.9701754723906362,-0.46647756996611633,0.5418553840895441,0.9701742607266055,1.4296805111928137,2.2023165557791216,54.17011480660737,25.213185868355747,0.0,100.0
0.025,0.525,86.16599857818498,0.9700501703976983,-0.46660287195905426,0.8151725749881251,0.9700486037149346,1.1970938380392653,1.942475550658331,54.11168410496437,24.61409497310419,0.0,100.0
0.9,0.55,86.1660390578998,0.9700096906828861,-0.4666433516738664,0.760248579132579,0.9700095847152028,1.2070923552387285,2.027956630280899,54.139211608593264,25.03518776339696,0.0,100.0
0.15,1.175,86.16611243506597,0.9699363135167118,-0.4667167288400407,0.5674603649089818,0.9699353905805538,1.4219551993660673,2.1849282503671046,54.16790807290145,25.22920688074678,0.0,100.0
0.85,0.65,86.16666330663399,0.9693854419486883,-0.46726760040806425,0.7270478879303681,0.9693853108166962,1.2476396025580385,2.050494073239876,54.14571207715096,25.097994696572872,0.0,100.0
0.2,1.15,86.16685443830686,0.9691943102758245,-0.46745873208092803,0.5735841023642507,0.9691934487769572,1.4169215721396,2.1793939017351915,54.16722804382026,25.23042091296756,0.0,100.0
0.15,0.475,86.16827054709898,0.9677782014836964,-0.4688748408730561,0.8148178530624222,0.9677768129770896,1.1690005816161744,1.9502500509452283,54.11099406061625,24.627928933226066,0.0,100.0
0.9,0.45,86.16832507870247,0.9677236698802147,-0.46892937247653776,0.7916562541440015,0.9677235107686585,1.16236293614746,2.008038676847847,54.130969003151016,24.949150029685683,0.0,100.0
0.1,1.2,86.16854644990312,0.9675022986795625,-0.46915074367719,0.5583060895438905,0.9675013130826897,1.4232883262777989,2.1901644047270112,54.16858303454252,25.228001024272114,0.0,100.0
0.3,0.425,86.16910390051838,0.9669448480643013,-0.46970819429245125,0.8185638462871196,0.9669436800914554,1.136207474929762,1.9599618399250642,54.111041313592885,24.653148974452076,0.0,100.0
0.6,0.9,86.169469141223,0.9665796073596766,-0.4700734349970759,0.6451333559075181,0.9665792200385284,1.3416781139932965,2.1145681487778996,54.15827903552375,25.197947140597133,0.0,100.0
0.8,0.375,86.16976028127031,0.9662884673123671,-0.47036457504438545,0.8183408590508776,0.9662881013865985,1.1225719200386663,1.9919200546341655,54.12150183253635,24.83840422979591,0.045090153481323114,100.0
0.25,1.125,86.17080673734263,0.9652420112400506,-0.4714110311167019,0.5766676190184512,0.9652412117190551,1.4081815894737133,2.173623928907067,54.16654237540126,25.231658399816077,0.0,100.0
0.05,1.225,86.17421583257732,0.9618329160053634,-0.47482012635138915,0.5461329145142599,0.961831867797548,1.4209085168148192,2.195122478792847,54.16925571321312,25.226813558611635,0.0,100.0
0.5,0.375,86.17488676294076,0.9611619856419225,-0.47549105671483005,0.8251461058298872,0.9611611222347932,1.0862869466508727,1.9719022054150275,54.11257178544141,24.701265290995075,0.0036292154604992133,100.0
0.5,0.975,86.17527662452893,0.9607721240537472,-0.4758809183030053,0.6163213365714455,0.960771624524267,1.3620660212152131,2.134853939182554,54.16139954447203,25.216677247344876,0.0,100.0
0.425,1.025,86.17700490368581,0.9590438448968683,-0.47760919745988417,0.5994656040349184,0.9590432579608944,1.3761701926954544,2.1483004035250493,54.16329595711039,25.225427859689248,0.0,100.0
-0.2,1.325,86.17718623944553,0.9588625091371483,-0.4777905332196042,0.5130656066000228,0.9588611340326253,1.4157981107672697,2.2072883073462837,54.170917490631915,25.199642734993347,0.0,100.0
0.3,1.1,86.17797241102214,0.9580763375605414,-0.47857670479621106,0.5766416965026053,0.9580756005446347,1.3957615203004536,2.167588173308568,54.16585110452546,25.232921459051187,0.0,100.0
0.9,0.575,86.17829027632602,0.957758472256657,-0.4788945701000955,0.7400363962607628,0.9577583805328658,1.2052623861864618,2.0329932399980644,54.1411623230222,25.05665885336799,0.0,100.0
0.75,0.775,86.17836364614685,0.9576851024358319,-0.47896793992092057,0.6756732276176649,0.957684879460652,1.2859245164451636,2.0810837922832843,54.15262263740586,25.15932325848828,0.0,100.0
0.775,0.75,86.17881010521926,0.957238643363425,-0.4794143989933275,0.683142070475995,0.9572384463204088,1.2756814491323922,2.0746500438406184,54.15137047639701,25.149340091049982,0.0,100.0
-0.275,1.35,86.17920570342106,0.9568430451616194,-0.47980999719513306,0.5027988060346757,0.9568415692884799,1.408297033874348,2.2073285062743966,54.17104637857261,25.18723787851208,0.0,100.0
0.075,0.5,86.17932180512989,0.956726943452793,-0.47992609890395954,0.8038890294967445,0.9567254448938911,1.1738980997994588,1.9439321033051689,54.11095968738318,24.615415000393558,0.0,100.0
0.875,0.625,86.17993471566486,0.9561140329178244,-0.48053900943892813,0.7221486921952049,0.9561139284680564,1.224223811193383,2.0442331217338645,54.14439800900681,25.088050494910366,0.0,100.0
0.725,0.8,86.18034554810292,0.9557032004797605,-0.48094984187699197,0.6658948203221087,0.9557029520672273,1.2936212856767497,2.0875426383007922,54.153866839345895,25.169319960704065,0.0,100.0
0.825,0.375,86.18077161242617,0.9552771361565107,-0.48137590620024184,0.80686577657481,0.9552768117331368,1.1131519198776232,1.9923753221294926,54.12223613826224,24.849942341653225,0.0471111499177998,100.0
0.375,0.4,86.18098588430466,0.9550628642780197,-0.48159017807873283,0.8113770367205007,0.9550618068357295,1.1083074033293627,1.9633725089235456,54.1110550475271,24.6658670890921,0.0,100.0
-0.15,0.6,86.1814905764198,0.9545581721628764,-0.4820948701938761,0.7889054088696099,0.9545563599978578,1.2171771273302738,1.9300012788964165,54.11306442681918,24.599189360242573,0.0,100.0
0.8,0.725,86.18172668670069,0.9543220618819959,-0.48233098047475664,0.6882621467006516,0.9543218909898655,1.2628784096877155,2.0682445328961365,54.1501101715488,25.139371986181924,0.0,100.0
0.9,0.425,86.18182466953077,0.9542240790519116,-0.48242896330484086,0.7869959043608645,0.9542239070274803,1.1379646140842397,2.002964766395525,54.12880949086599,24.92762418602134,0.0,100.0
0.875,0.4,86.18200135851052,0.9540473900721622,-0.4826056522845903,0.7958355999979716,0.9540471626699656,1.125796040521962,1.99799757077579,54.12590528463977,24.8945205032816,0.029650902229255094,100.0
-0.125,1.3,86.18245250796068,0.9535962406220051,-0.4830568017347474,0.5174595862868188,0.9535949671725547,1.4147042896690891,2.2062765044420556,54.17076554240449,25.21206821320923,0.0,100.0
-0.2,0.625,86.18257375823288,0.9534749903498039,-0.48317805200694863,0.7828056776667438,0.9534731105004767,1.225902756562661,1.9272426893518553,54.11377553029104,24.59799020499955,0.0,100.0
0.0,1.25,86.18306589711291,0.9529828514697698,-0.4836701908869827,0.5309028463006484,0.9529817413831069,1.4148287758947475,2.1998397945046615,54.16992365434646,25.225643919032176,0.0,100.0
0.575,0.925,86.18317632291571,0.9528724256669676,-0.4837806166897849,0.6239142831881992,0.9528720140491316,1.3373241245529357,2.1211438396551925,54.15947598417164,25.20798606889238,0.0,100.0
-0.1,0.575,86.18371262253577,0.9523361260469159,-0.48431691630983664,0.7918596830370888,0.9523343816471908,1.2051345364185693,1.9324826067121414,54.11235162680951,24.600418571294828,0.0,100.0
0.7,0.825,86.18473586768376,0.9513128808989251,-0.48534016145782743,0.6537225683111245,0.9513126074187681,1.298811376153452,2.0940384036658646,54.15509792570051,25.17931752642909,0.0,100.0
0.925,0.5,86.18597543274952,0.9500733158331656,-0.48657972652358694,0.7572895332066452,0.9500732233001316,1.1665130723704493,2.0170324018085566,54.13582466133793,25.003785274572206,0.0,100.0
0.475,0.375,86.18681139200199,0.9492373565806957,-0.48741568577605676,0.8123836868957994,0.9492364515230207,1.080398316651781,1.9689625568661884,54.11181963626564,24.689950916403806,0.0,100.0
0.925,0.475,86.18689618587581,0.9491525627068711,-0.4875004796498814,0.7647713634806337,0.9491524574026358,1.155012768746161,2.0122081596110855,54.13376648790005,24.982287249906904,0.0,100.0
-0.25,0.65,86.1869433442911,0.9491054042915863,-0.4875476380651662,0.7735604624923127,0.9491034570121087,1.2313051476208159,1.9242341760842867,54.11448684742648,24.596822278025694,0.0,100.0
0.825,0.7,86.187124072743,0.9489246758396774,-0.4877283665170751,0.691000701897579,0.9489245312907286,1.2475045712364476,2.061868864646467,54.14883555946415,25.12940986180867,0.0,100.0
0.35,1.075,86.18833850241478,0.947710246167901,-0.4889427961888515,0.5735626509746652,0.9477095721865737,1.379640943178785,2.1613575840772765,54.165154978890364,25.234205607054328,0.0,100.0
-0.05,0.55,86.18922824382015,0.9468205047625275,-0.48983253759422496,0.7916681378607962,0.9468188280845226,1.189804682171868,1.9346869363983425,54.111635837890894,24.601678379959054,0.0,100.0
0.2,0.45,86.18949712009436,0.9465516284883222,-0.4901014138684303,0.7969922287045819,0.9465503084162237,1.1378564783080094,1.9509107220749284,54.11026212432959,24.62931059384205,0.0,100.0
0.925,0.525,86.19015573297438,0.9458930156083056,-0.4907600267484469,0.7448542656145918,0.9458929363594791,1.17276603766841,2.0219264454998993,54.137835667043575,25.025262992672722,0.0,100.0
0.7,0.35,86.19037118317993,0.9456775654027467,-0.4909754769540058,0.8109926089135371,0.945677020225844,1.0818084785272646,1.9820822082630596,54.11631374217912,24.77116747975112,0.051091959740478365,100.0
0.675,0.35,86.19038958051688,0.9456591680658022,-0.4909938742909503,0.8122264965433317,0.9456585814287137,1.0791814395909256,1.980553326026957,54.11556941701638,24.75973620872751,0.04907096330400168,100.0
0.275,0.425,86.19068223467663,0.9453665139060519,-0.49128652845070064,0.7981829611369164,0.9453653042068908,1.1206761172690847,1.9557326994540614,54.11028452479678,24.641927840151073,0.0,100.0
0.675,0.85,86.19154064321837,0.9445081053643065,-0.492144936992446,0.6392134228318298,0.9445078071653512,1.3015866079211236,2.1005796803726473,54.15632024326437,25.189322958932486,0.0,100.0
0.725,0.35,86.19210401090508,0.9439447376775973,-0.49270830467915516,0.8082027739488922,0.9439442340858676,1.0824884251398856,1.98341265846035,54.11705680097774,24.782616169167735,0.053112956176955106,100.0
0.65,0.35,86.19217900752106,0.9438697410616186,-0.4927833012951339,0.8118066810784654,0.9438691129430594,1.074606924201234,1.978831457817926,54.11482444607371,24.748323531863996,0.04704996686752497,100.0
0.925,0.45,86.19298734398322,0.9430614045994616,-0.49359163775729087,0.7672359889758695,0.9430612862473964,1.1382363070323862,2.007362806666043,54.13165733121302,24.960760981373728,0.0,100.0
0.85,0.375,86.19354773099596,0.9425010175867214,-0.49415202477003106,0.7937382908655763,0.9425007346347144,1.1017876466851817,1.9926433017503569,54.122967232950174,24.86149410666696,0.04913214635427654,100.0
-0.3,0.675,86.19457870449772,0.9414700440849657,-0.4951829982717868,0.7611701619809992,0.9414680296964747,1.2333952231961405,1.9209944856709977,54.115197219756986,24.595691150947292,0.0,100.0
0.85,0.675,86.19500134404666,0.9410474045360218,-0.49560563782073075,0.6913399257847743,0.941047286541513,1.2295588312102552,2.055527157462059,54.14754948803932,25.119457104794595,0.0,100.0
-0.05,1.275,86.19515333973727,0.9408954088454067,-0.49575763351134583,0.5125793813115536,0.9408942371629309,1.4050748137743625,2.2043201175449583,54.17058521394486,25.22450045031761,0.0,100.0
0.75,0.35,86.19558819138965,0.9404605571930347,-0.49619248516371783,0.803793771163555,0.9404600950292632,1.0812379737700724,1.9845447474952864,54.11779715106801,24.79407957958146,0.05513395261343179,100.0
0.9,0.6,86.19567901171163,0.9403697368710482,-0.4962833054857043,0.7148683075181168,0.9403696591260768,1.198244041369307,2.0379869258693364,54.1430753978039,25.078120440672834,0.0,100.0
0.625,0.35,86.19573437265376,0.9403143759289208,-0.49633866642783175,0.8097312769532152,0.9403137063378153,1.068118815202908,1.976922028509387,54.11407862455147,24.73692909541793,0.045028970431048254,100.0
0.475,1.0,86.19581569300097,0.9402330555817144,-0.49641998677503807,0.5885969845515433,0.9402325325718692,1.3504361641037548,2.141476168659523,54.16257509543796,25.226741854460226,0.0,100.0
0.125,0.475,86.19595773725787,0.9400910113248102,-0.4965620310319423,0.7897650297471586,0.9400895810415989,1.1473676563127384,1.945116105816404,54.110231240606275,24.61676138820174,0.0,100.0
0.0,0.525,86.19801605904365,0.9380326895390283,-0.4986203528177242,0.7869191927037349,0.9380310809109631,1.1711550700204754,1.9366269545750652,54.11091733884937,24.602963024162186,0.0,100.0
0.55,0.95,86.19931795176772,0.9367307968149561,-0.49992224554179643,0.6004583703038691,0.9367303611785331,1.3304238974203173,2.127732283517951,54.16066790952423,25.218028342169227,0.0,100.0
0.925,0.55,86.19947192513536,0.9365768234473251,-0.5000762189094274,0.7274665077648308,0.936576758043276,1.1737663426569895,2.0268476243173907,54.13981002094335,25.046738441816704,0.0,100.0
0.35,0.4,86.19951190106354,0.936536847519136,-0.5001161948376165,0.7933327812742306,0.9365357483621437,1.0958266785719104,1.9595915199930922,54.11030019330044,24.654617021876714,0.0,100.0
0.45,0.375,86.20051076476491,0.9355379838177669,-0.5011150585389856,0.7981486543935006,0.9355370370804593,1.0727391559909023,1.9658248452108587,54.11106674229329,24.67865481474509,0.0,100.0
0.9,0.4,86.20051818601313,0.9355305625695536,-0.5011224797871989,0.7772920889134269,0.9355303769549664,1.1082550608626889,1.9978136838423548,54.12662689946879,24.90612050779007,0.027324554364090814,100.0
0.65,0.875,86.20078345351376,0.9352652950689162,-0.5013877472878363,0.6223531107697795,0.9352649724154048,1.301939908942387,2.107172659237775,54.157533420916764,25.199340525751335,0.0,100.0
0.775,0.35,86.20083645602278,0.9352122925598962,-0.5014407497968563,0.7977299298708118,0.9352118716758469,1.078052278237564,1.985482228560357,54.11853632301508,24.80556051503911,0.05715494904990848,100.0
0.6,0.35,86.20106162982071,0.9349871187619669,-0.5016659235947856,0.8059997334718787,0.9349864076859064,1.0596909717283722,1.9748190695915335,54.1133301138875,24.725549514016464,0.04300797399457154,100.0
-0.25,1.35,86.20139078064142,0.9346579679412628,-0.5019950744154897,0.47969179374258886,0.9346565323976165,1.392052584845331,2.210465048384655,54.17154916740101,25.19854738739023,0.0,100.0
0.4,1.05,86.20192450963094,0.934124238951739,-0.5025288034050135,0.5676037976610218,0.9341236284998076,1.3598108390640533,2.154852510372314,54.16444896961695,25.23550133593167,0.0,100.0
0.175,1.175,86.20206700904343,0.9339817395392487,-0.5026713028175038,0.5320113108802218,0.9339808561057907,1.3893097594340276,2.185805826984763,54.16835978770708,25.240550254023436,0.0,100.0
-0.175,1.325,86.20225640168748,0.9337923468952027,-0.5028606954615498,0.4876890386887993,0.9337910121129852,1.3961227388974464,2.2099823475420206,54.171407088110335,25.210955861985315,0.0,100.0
0.125,1.2,86.20326940265576,0.9327793459269174,-0.5038736964298351,0.5239932322532326,0.9327784002597269,1.392168540014353,2.191302208250777,54.16903667560885,25.23933857166091,0.0,100.0
0.225,1.15,86.20404525839395,0.932003490188734,-0.5046495521680185,0.5369904983131732,0.9320026683518222,1.3827573709699976,2.180049381877739,54.16767698180654,25.241773788975625,0.0,100.0
0.925,0.425,86.20428327406744,0.9317654745152453,-0.5048875678415072,0.764681907205528,0.9317653431849123,1.1161604712079338,2.002448336581595,54.129511832519,24.939234475343437,0.0,100.0
0.875,0.65,86.20536179242737,0.9306869561553128,-0.5059660862014397,0.689271516024121,0.9306868649246667,1.209055016434064,2.0492142768862234,54.14625296628899,25.109508232593235,0.0,100.0
0.075,1.225,86.20768874194673,0.9283600066359554,-0.5082930357207971,0.5129437675113451,0.9283589982628427,1.3913188964587846,2.196494683553267,54.169711559561414,25.238144215969733,0.0,100.0
0.8,0.35,86.20785325836371,0.9281954902189682,-0.5084575521377843,0.7900244046715272,0.928195110617122,1.0729203114194235,1.9862274327843954,54.11927517562535,24.81706053822427,0.05917594548638522,100.0
0.875,0.375,86.2080908087879,0.9279579397947799,-0.5086951025619726,0.7789645345831104,0.9279576983039248,1.0884794153993056,1.9927216298803057,54.12369729172025,24.873063515448084,0.051153142790753225,100.0
0.575,0.35,86.20816105081181,0.9278876977708705,-0.508765344585882,0.8006117657531178,0.9278869451581813,1.0493126792124485,1.9725200162743457,54.112580119824166,24.714187049863867,0.03996108512230723,100.0
0.275,1.125,86.20924184635766,0.9268069022250245,-0.509846140131728,0.5389085880029825,0.926806142460282,1.3725057455950775,2.1740619580375493,54.16698908014405,25.24302208603073,0.0,100.0
0.05,0.5,86.21006446490577,0.925984283676911,-0.5106687586798415,0.7764995566875115,0.9259827433158705,1.149213405937573,1.938342703696641,54.11019498686315,24.60427424644286,0.0,100.0
-0.1,1.3,86.2104791115258,0.9255696370568813,-0.5110834052998712,0.48980215428736074,0.9255684038975318,1.3916355995911402,2.208531482689759,54.171240030154514,25.223380635673212,0.0,100.0
0.625,0.9,86.2124710290125,0.9235777195701758,-0.5130753227865767,0.6030917010281343,0.9235773724670849,1.2997755382707226,2.1137725342307294,54.158735196357135,25.20936968320681,0.0,100.0
0.925,0.575,86.21390805597495,0.9221406926077265,-0.514512349749026,0.705187858482887,0.9221406413338314,1.1696830110127223,2.0317594283153153,54.14174044207437,25.06819916137717,0.0,100.0
0.25,0.425,86.21403597839148,0.922012770191202,-0.5146402721655505,0.7763293389922126,0.9220115187401063,1.1033730646365,1.9513033057840479,54.109526309996596,24.630724139342863,0.0,100.0
0.025,1.25,86.2152976025429,0.9207511460397768,-0.5159018963169757,0.4988848327675157,0.9207500755662977,1.3867719276018704,2.201411058789137,54.170382836111514,25.236969374007387,0.0,100.0
0.95,0.475,86.21550312410393,0.9205456244787484,-0.5161074178780041,0.7365988908682226,0.9205455595368306,1.1266424595874156,2.0112319651914907,54.13441963152034,24.993879301332118,0.0,100.0
0.175,0.45,86.21590591808749,0.9201428304951946,-0.5165102118615579,0.7728022294219272,0.9201414686454712,1.1175020943409635,1.94602887109095,54.10950133093849,24.618134883555076,0.0,100.0
0.425,0.375,86.21598331347053,0.92006543511215,-0.5165876072446025,0.7824409701546386,0.9200644466812491,1.063308842488425,1.962490928988332,54.110312767210324,24.66737633271737,0.0,100.0
0.825,0.35,86.21663365880579,0.9194150897768907,-0.5172379525798618,0.7806837356581866,0.9194147514935708,1.06584274646454,1.9867835611239724,54.120012990108485,24.82857829395052,0.0611969419228619,100.0
0.95,0.5,86.2167501313503,0.9192986172323856,-0.5173544251243669,0.7270347717927166,0.9192985650966449,1.1358550851768427,2.015975530717786,54.13645015800023,25.01535286648761,0.0,100.0
0.55,0.35,86.21703249856483,0.9190162500178474,-0.5176367923389051,0.7907774759172241,0.9190154557987285,1.0369835093101045,1.970023757183822,54.111829063634964,24.70284250979915,0.032982434731205434,100.0
0.325,1.1,86.21763408399555,0.9184146645871323,-0.5182383777696202,0.537717141139737,0.9184139675460926,1.3585586041270545,2.167842848023766,54.16629398311177,25.2442908327897,0.0,100.0
0.525,0.975,86.21787338055873,0.9181753680239524,-0.5184776743328001,0.574670840964771,0.9181749088007223,1.3209840738401084,2.134377207122677,54.161847214597756,25.22807878482336,0.0,100.0
0.9,0.625,86.21819290075045,0.9178558478322287,-0.5187971945245238,0.6847926828040016,0.9178557834526145,1.1859930837073165,2.0429129311789223,54.14494610995428,25.099569868865135,0.0,100.0
0.45,1.025,86.2187613266155,0.917287421967174,-0.5193656203895785,0.5586508228962259,0.9172868753571806,1.3362632606320517,2.148082802094739,54.1637379547291,25.236815353032245,0.0,100.0
-0.175,0.6,86.21908785351766,0.9169608950650172,-0.5196921472917353,0.7552205887523513,0.9169590409656536,1.1856569744075074,1.923209342533549,54.112293857266074,24.588104075165038,0.0,100.0
0.95,0.45,86.21939948942519,0.9166492591574951,-0.5200037831992574,0.7411744030543588,0.916649181507205,1.1121801112653884,2.006506325657031,54.13233682627185,24.972375034226324,0.0,100.0
0.325,0.4,86.21981253695371,0.91623621162897,-0.5204168307277826,0.7738158304544243,0.9162350707360958,1.0815744084135162,1.9556108151116052,54.109544362390885,24.643385034713898,0.0,100.0
-0.125,0.575,86.22003154570905,0.9160172028736326,-0.5206358394831199,0.7593505430658922,0.9160154165687885,1.1748885017874642,1.925947747567973,54.11158177068361,24.58932261178768,0.0,100.0
0.925,0.4,86.22076610184318,0.9152826467394988,-0.5213703956172537,0.7571004629588742,0.9152825024832196,1.0887772191827878,1.9974454163119881,54.127341832247694,24.917727659954515,0.024998206498926534,100.0
0.775,0.775,86.22098717447129,0.915061574111391,-0.5215914682453615,0.6342292340237634,0.9150613912070753,1.2436258190545715,2.0798422530296126,54.1531055788192,25.1707825601024,0.0,100.0
0.8,0.75,86.22101745610573,0.9150312924769537,-0.5216217498797988,0.6420940937422444,0.9150311353002024,1.2337478778179474,2.073361531287198,54.15186024577648,25.16080520029404,0.0,100.0
-0.225,0.625,86.22144868897853,0.9146000596041546,-0.5220529827525979,0.7479451359944136,0.9145981377820249,1.1931105220880909,1.9201932174194292,54.11300553014365,24.586915971486675,0.0,100.0
0.95,0.525,86.2231234093531,0.912925339229588,-0.5237277031271645,0.7125005539846683,0.9129253005503983,1.1398206540388145,2.0207745759976095,54.13844614179713,25.036828912448264,0.0,100.0
0.75,0.8,86.22335634009147,0.9126924084912105,-0.523960633865542,0.6240235848659808,0.9126922004120785,1.2510006695972322,2.086362113787618,54.15434262289658,25.18077189260307,0.0,100.0
0.825,0.725,86.22348960774245,0.91255914084023,-0.5240939015165225,0.6476172877358266,0.9125590098127787,1.2213078868361862,2.0669130254817305,54.15060800721267,25.150845358438357,0.0,100.0
-0.075,0.55,86.22427349220598,0.9117752563766999,-0.5248777859800526,0.7603347871552302,0.9117735378729833,1.160820816163124,1.9284091540825776,54.11086678722825,24.59057213640965,0.0,100.0
0.9,0.375,86.2243986596224,0.9116500889602861,-0.5250029533964664,0.7625418753016362,0.9116498889383792,1.0732389496983359,1.992614046472323,54.12442425056705,24.88464673492877,0.05317413922722991,100.0
-0.225,1.35,86.22524777096142,0.910800977621264,-0.5258520647354885,0.455166381786114,0.9107995821843076,1.3739112322684122,2.2134140241053664,54.17204136860882,25.20985625703958,0.0,100.0
0.1,0.475,86.2254204372039,0.9106283113787867,-0.5260247309779658,0.7632394562910321,0.9106268392910067,1.1239632752226498,1.9397804483755559,54.10946777096684,24.605612296436824,0.0,100.0
-0.025,1.275,86.22611434345676,0.9099344051259237,-0.5267186372308288,0.4817376522872081,0.9099332730684921,1.3785673511861916,2.206131682848389,54.17104760296425,25.2358193325945,0.0,100.0
0.6,0.925,86.22661727506292,0.90943147351976,-0.5272215688369926,0.5814716899904226,0.9094311020683932,1.2950606542979841,2.120389064971208,54.159928510462315,25.21940098879015,0.0,100.0
-0.275,0.65,86.22708855589356,0.908960192689122,-0.5276928496676305,0.7375241725163448,0.9089582034851901,1.197235624449874,1.9169404658454068,54.11371672725719,24.585760035560313,0.0,100.0
0.85,0.35,86.22716634256463,0.9088824060180514,-0.5277706363387011,0.7696887334993647,0.9088821091520088,1.0568204624107977,1.9871725293464222,54.120748146468515,24.84011076252045,0.06321793835933864,100.0
0.525,0.35,86.22767817033574,0.9083705782469451,-0.5282824641098074,0.7788788531619559,0.9083697423824703,1.0295040578261734,1.9673300603178574,54.1110771774133,24.691516350650247,0.026003784340103586,100.0
0.725,0.825,86.22814741842637,0.9079013301563066,-0.5287517122004459,0.6114166890149875,0.9079010971637246,1.2559726253809629,2.0929278444241737,54.15556658626234,25.19076322651443,0.0,100.0
0.85,0.7,86.22843668143959,0.9076120671430914,-0.5290409752136611,0.6507716599582949,0.907611962476156,1.2063038517201647,2.060492868089418,54.14934532144066,25.14089804633316,0.0,100.0
0.95,0.425,86.2284829250377,0.907565823544985,-0.5290872188117675,0.7407236329289475,0.9075657328792545,1.0924238781700524,2.001747570611662,54.130208263276515,24.950853271816307,0.0,100.0
-0.3,1.375,86.22873393971852,0.9073148088641574,-0.5293382334925951,0.4435233712081441,0.907313312297157,1.3646258509888725,2.2133181005684643,54.172171473906225,25.19746801597575,0.0,100.0
-0.15,1.325,86.2290342440026,0.9070145045800757,-0.5296385377766768,0.46089826065394846,0.90701320997413,1.3745440985555035,2.2124708159005477,54.17188635490962,25.222265609706866,0.0,100.0
0.375,1.075,86.22925896627702,0.9067897823056654,-0.5298632600510871,0.5334834324757622,0.9067891482845937,1.340907532934665,2.1613905210293427,54.16559171762409,25.245578361516532,0.0,100.0
-0.025,0.525,86.23180053978498,0.9042482087976964,-0.5324048335590561,0.7571934145530008,0.9042465582170849,1.1434503524858144,1.9305853316263952,54.11014931670505,24.591848905013155,0.0,100.0
0.4,0.375,86.23323067312889,0.9028180754537942,-0.5338349669029583,0.7652606178504158,0.9028170453054827,1.0521071699551072,1.958958708811101,54.109558679136136,24.656116501425092,0.0,100.0
0.925,0.6,86.2334857070425,0.9025630415401764,-0.5340900008165761,0.6779369832014766,0.902563004008303,1.1603789458691978,2.0366260011196706,54.143632451042976,25.089649381484833,0.0,100.0
0.95,0.55,86.23463241921647,0.9014163293662136,-0.5352367129905389,0.6930768650779555,0.9014163045839524,1.1385454160812998,2.0255707490232666,54.140396073235145,25.058285608011783,0.0,100.0
0.7,0.85,86.23537733541187,0.9006714131708122,-0.5359816291859403,0.5964481130378232,0.9006711554192464,1.2585111420206658,2.099541751085901,54.156781997277285,25.200761355774333,0.0,100.0
0.875,0.675,86.235860983076,0.9001877655066863,-0.5364652768500662,0.6515354485393487,0.9001876873865882,1.1887299229888697,2.0541032185330437,54.148068791696254,25.130955179558427,0.0,100.0
0.5,1.0,86.23881470648446,0.8972340420982192,-0.5394190002585333,0.5466802151483137,0.8972335594250126,1.309005836367703,2.1410237307558755,54.1630144019856,25.23813671973406,0.0,100.0
0.225,0.425,86.23916516805852,0.8968835805241611,-0.5397694618325914,0.7530029593634708,0.8968822872957076,1.0842982475106027,1.946673441553744,54.10876721015191,24.61953890544257,0.0,100.0
0.875,0.35,86.2394512928341,0.8965974557485765,-0.540055586608176,0.7570405768565962,0.8965972003414379,1.0458538005248244,1.9873920361285613,54.12148018396413,24.851657065958324,0.06523893479581533,100.0
0.15,1.2,86.23965031165748,0.896398436925196,-0.5402546054315565,0.48818908723379195,0.896397531011712,1.3591892593771888,2.192219331327005,54.16948183891911,25.250676735916446,0.0,100.0
0.2,1.175,86.23968585252247,0.8963628960602108,-0.5402901462965417,0.4950344301551155,0.8963620520744342,1.3548202796487772,2.1864932679994116,54.1688022315951,25.251894099386437,0.0,100.0
0.5,0.35,86.24009852476478,0.8959502238179056,-0.5407028185388469,0.7655076553550799,0.8959493462789709,1.0231231651963952,1.9644389215742926,54.11032476981851,24.680209171985695,0.019025133949001738,100.0
-0.075,1.3,86.24018410444705,0.8958646441356279,-0.5407883982211246,0.46071277944184885,0.8958634506905412,1.3666648066502347,2.2105814593699176,54.17170445986799,25.234690062556194,0.0,100.0
0.3,0.4,86.24188794397423,0.8941608046084468,-0.5424922377483057,0.7528261820609004,0.894159621957462,1.0655505861101062,1.9514301709578918,54.10878765796072,24.632171498764396,0.0,100.0
0.725,0.325,86.24222729952265,0.8938214490600274,-0.5428315932967251,0.7685528373382482,0.8938209317772163,1.0204853927211985,1.977217081243749,54.11482040526322,24.76140319914809,0.06719874818201721,100.0
0.925,0.375,86.24243694790955,0.8936118006731277,-0.5430412416836248,0.7444713481574325,0.8936116423615715,1.0560791105855003,1.9923697085153582,54.12514659844165,24.896240951048632,0.05519513566370665,100.0
0.025,0.5,86.24258233259043,0.8934664159922505,-0.543186626364502,0.7476373109064269,0.8934648337886614,1.1227593612735802,1.9325505611298677,54.10942888479629,24.59315107819581,0.0,100.0
0.7,0.325,86.24273975584732,0.8933089927353564,-0.5433440496213962,0.7693048916561196,0.8933084339815679,1.017459199672885,1.9757364640782007,54.11407541798535,24.749978021617174,0.06517775174554047,100.0
0.95,0.4,86.24274889520034,0.8932998533823451,-0.5433531889744074,0.735261387566382,0.8932997500269806,1.0673640397673978,1.996886697160103,54.12804709073239,24.92933642288088,0.022671858633762254,100.0
0.1,1.225,86.24282795408207,0.893220794500607,-0.5434322478561455,0.47826642706330347,0.893219826033237,1.359870798492878,2.1976658166194896,54.17015836049119,25.24947663098353,0.0,100.0
0.25,1.15,86.24290319453983,0.8931455540428459,-0.5435074883139066,0.49883590205391215,0.8931447717478733,1.3467460722401796,2.180537171101752,54.16811473257867,25.253124352287045,0.0,100.0
0.575,0.95,86.2431602735678,0.8928884750148853,-0.5437645673418672,0.5577069170177396,0.8928880796882368,1.2878260989283916,2.1270229035175205,54.161112909689116,25.229437100096487,0.0,100.0
0.75,0.325,86.24348150532174,0.8925672432609417,-0.5440857990958108,0.7661618981742748,0.8925667674677271,1.021564388174923,1.97850671568776,54.11556432604706,24.77284617833398,0.0692197446184939,100.0
0.425,1.05,86.24408706585699,0.8919616827256931,-0.5446913596310594,0.5264668303723141,0.891961112355105,1.3195463661238591,2.1546554090352203,54.164883115790914,25.246882828004846,0.0,100.0
0.15,0.45,86.244089585507,0.8919591630756827,-0.5446938792810698,0.747139472443834,0.8919577594283765,1.095375733153105,1.9409466954078076,54.10873937900654,24.60697716723927,0.0,100.0
0.675,0.325,86.24502458137403,0.8910241672086556,-0.5456288751480969,0.7684016238864473,0.891023566951867,1.0124873839027373,1.9740616409445328,54.11332992261019,24.738571706897737,0.06315675530906378,100.0
0.675,0.875,86.24505074342079,0.8909980051618902,-0.5456550371948623,0.5791413841458848,0.89099772275041,1.258505386840156,2.106158358172268,54.15798792696191,25.21077229006586,0.0,100.0
0.9,0.65,86.24576958131377,0.8902791672689148,-0.5463738750878377,0.6498968240428411,0.8902791158730963,1.1685837047462542,2.0477509354617096,54.14677984502806,25.121015167154162,0.0,100.0
0.975,0.475,86.24582004542825,0.8902287031544347,-0.5464243392023178,0.7067901415834399,0.8902286785462167,1.09636562249554,2.0101120015648917,54.135055772193354,25.005459299778277,0.0,100.0
0.775,0.325,86.246469103494,0.8895796450886877,-0.5470733972680648,0.76223411926739,0.8895792106928212,1.0207124440465805,1.9795912815741807,54.116305992120154,24.78430473133686,0.07124074105497058,100.0
0.975,0.45,86.24753701618641,0.8885117323962675,-0.548141309960485,0.7134712845514599,0.8885116952063242,1.0841963815528146,2.0054796387208906,54.13300190482751,24.983981909094645,0.0,100.0
0.65,0.325,86.2490742372314,0.8869745113512835,-0.549678531005469,0.7658442701578707,0.8869738696098324,1.0056063077779953,1.9722005261685687,54.11258306267833,24.727182692247403,0.06113575887258707,100.0
0.05,1.25,86.24920084149892,0.8868479070837623,-0.5498051352729902,0.46533218277018307,0.8868468763401325,1.3568554727825273,2.202814916509921,54.17083194319959,25.248295358742194,0.0,100.0
0.975,0.5,86.24926426205207,0.8867844865306154,-0.5498685558261371,0.6951430136102204,0.8867844748299433,1.1032903819734514,2.014750770859836,54.13706848482569,25.02692650453726,0.0,100.0
0.3,1.125,86.24934897296347,0.8866997756192063,-0.5499532667375462,0.4995788669069725,0.8866990554505122,1.3349644506488403,2.1743315599228468,54.1674220038731,25.254376345337988,0.0,100.0
-0.2,1.35,86.25078628311806,0.8852624654646206,-0.5513905768921319,0.4292271243894561,0.8852611099960654,1.3538867538021009,2.2161590460197242,54.172521743992505,25.22116095069156,0.0,100.0
0.8,0.325,86.25122235414958,0.8848263944331052,-0.5518266479236473,0.7566515034071415,0.8848260013362363,1.0179257494364577,1.980483075081303,54.11704579300624,24.795779553143923,0.07326173749144732,100.0
0.95,0.575,86.2512536935215,0.8847950550611756,-0.5518579872955769,0.6687076806312575,0.8847950442009761,1.132199591364028,2.030359313796039,54.14230749492483,25.07973756767309,0.0,100.0
-0.275,1.375,86.25135249567288,0.884696252909805,-0.5519567894469475,0.41987484626761784,0.8846947967470442,1.3480294195737486,2.216507931735526,54.172668114066916,25.208770319820946,0.0,100.0
0.375,0.375,86.25225311547564,0.8837956331070416,-0.5528574092497109,0.746607577874542,0.8837945612165015,1.0391340116483718,1.955227687749462,54.108803717114746,24.644875083942164,0.0,100.0
0.9,0.35,86.25350195356405,0.8825467950186265,-0.554106247338126,0.7427422556693841,0.882546581080453,1.0329430238514021,1.9874263979901292,54.12221090697338,24.86322051152186,0.06725993123229201,100.0
0.475,0.35,86.25429368785181,0.8817550607308675,-0.554897981625885,0.7506638383706985,0.8817541414892787,1.0149715502991228,1.9613500549178078,54.109571129813716,24.66891967775557,0.01204648355789989,100.0
0.975,0.425,86.25441340962135,0.8816353389613312,-0.5550177033954213,0.7151340627194855,0.8816352890322122,1.0667563755992404,2.0008459600495785,54.13089417562953,24.962472081664416,0.0,100.0
0.625,0.325,86.25489643626737,0.881152312315308,-0.5555007300414445,0.7616306345395003,0.8811516290474373,0.9967788552330319,1.9701439910266914,54.11183456985066,24.715810504688466,0.05911476243611036,100.0
0.075,0.475,86.25665883398918,0.8793899145935029,-0.5572631277632496,0.7352411286988456,0.8793884006769929,1.098786697332116,1.9342430290087087,54.10870329011691,24.59448130747139,0.0,100.0
0.65,0.9,86.25716548008734,0.8788832684953434,-0.5577697738614091,0.5595021415883537,0.8788829616273859,1.2560033590559954,2.112798260960442,54.15918556747667,25.220795636281235,0.0,100.0
-0.125,1.325,86.25749510779804,0.878553640784645,-0.5580994015721075,0.4326784219529145,0.8785523860253847,1.3510870568655946,2.214756706001728,54.172355285986505,25.233575475220608,0.0,100.0
0.825,0.325,86.2577428451204,0.8783059034622767,-0.5583471388944758,0.7494339970807289,0.8783055516760498,1.0131927807180148,1.9811822622685933,54.117784871425386,24.80727273039719,0.075282733927924,100.0
0.975,0.525,86.25781934298303,0.8782294055996545,-0.558423636757098,0.678544127347493,0.8782294074901585,1.1049764762531566,2.01944941411333,54.13904171040082,25.048386631454463,0.0,100.0
-0.15,0.575,86.2581260469147,0.877922701667984,-0.5587303406887685,0.7251835021458959,0.8779208734319411,1.1428706681815441,1.9192096087773778,54.11081163309674,24.578246384033317,0.0,100.0
0.925,0.625,86.25815179892474,0.8778969496579379,-0.5587560926988147,0.6458564678967207,0.8778969251315857,1.145882396891551,2.0414156567836144,54.14548388507112,25.111089384980385,0.0,100.0
-0.2,0.6,86.25845977817663,0.8775889704060518,-0.5590640719507007,0.7198778706898565,0.8775870743239125,1.1523691955412971,1.9162131768612025,54.111523124787816,24.577038753443357,0.0,100.0
0.0,1.275,86.25876761283816,0.8772811357445249,-0.5593719066122276,0.44934263004422803,0.8772800432848499,1.3501912127170783,2.2077560152688087,54.17150040135768,25.24713963863699,0.0,100.0
0.35,1.1,86.25896820436122,0.8770805442214566,-0.5595724981352959,0.49729006362267114,0.8770798870321841,1.3194852686177256,2.167907243017472,54.166721239273386,25.255650112061435,0.0,100.0
-0.1,0.55,86.26109382839391,0.8749549201887703,-0.5616981221679822,0.7273434715661438,0.8749531598375853,1.1300650138576742,1.9219290949322347,54.11009665265,24.579483746629226,0.0,100.0
-0.25,0.625,86.26209312504615,0.8739556235365313,-0.5626974188202212,0.711426651054694,0.8739536597552842,1.1585468040834996,1.9129484463494264,54.11223543290085,24.575861227756903,0.0,100.0
0.55,0.975,86.26211378439642,0.8739349641862617,-0.5627180781704908,0.5316427934870092,0.8739345452897765,1.2780474835338111,2.1336974286572374,54.16228513905747,25.23948134887601,0.0,100.0
0.475,1.025,86.26216528652536,0.8738834620573215,-0.562769580299431,0.51642630809026,0.8738829556992898,1.2944935818320005,2.14765883772163,54.16416956405897,25.248201799792085,0.0,100.0
0.95,0.375,86.26222171957207,0.8738270290106129,-0.5628260133461396,0.724756245785187,0.8738269125352588,1.0369945376264127,1.9919644560158118,54.125865950040364,24.907849115633365,0.05301908370376196,100.0
0.6,0.325,86.26249115397577,0.8735575946069076,-0.5630954477498449,0.7535678415261344,0.8735568697363902,0.9860009746911942,1.967889856677689,54.11108417661768,24.704454673100255,0.057093765999633644,100.0
0.825,0.75,86.2648953369438,0.8711534116388862,-0.5654996307178664,0.5994671151293005,0.8711532946166785,1.1899147994900972,2.071904456615,54.152340383692454,25.172271608949032,0.0,100.0
0.8,0.775,86.26526015915235,0.8707885894303331,-0.5658644529264194,0.5912028009933294,0.8707884469581529,1.199471818666126,2.0784546623203033,54.153580331080335,25.18224577562704,0.0,100.0
0.275,0.4,86.2657380965766,0.8703106520060828,-0.5663423903506697,0.7303638168908577,0.8703094275753671,1.0477551547776898,1.9470504842142962,54.10803004691362,24.620976377998073,0.0,100.0
0.85,0.325,86.26603126042228,0.8700174881603999,-0.5666355541963526,0.7405742741345307,0.8700171776845054,1.0065137207587043,1.98168978720734,54.11852279589428,24.81878343923774,0.07730373036440075,100.0
0.2,0.425,86.26606985553754,0.8699788930451433,-0.5666741493116092,0.7282038187680939,0.8699775580140795,1.063451595417206,1.9418428919191684,54.108007525569235,24.60837272421859,0.0,100.0
0.975,0.4,86.26647508726964,0.8695736613130407,-0.5670793810437118,0.7117764551760075,0.8695735986501205,1.0440181090624776,1.9961463418926093,54.12874873930291,24.940957934564064,0.020345510768597974,100.0
0.85,0.725,86.26695056330148,0.869098185281203,-0.5675548570755495,0.6053942198633564,0.8690980942160422,1.1778436705773174,2.0654031247321,54.151094694625,25.162317282720984,0.0,100.0
-0.05,0.525,86.26734589532445,0.8687028532582275,-0.567950189098525,0.7259963232758082,0.8687011608011233,1.113973739062061,1.9243615948450212,54.10938000152442,24.580752140893335,0.0,100.0
0.775,0.8,86.26802451317832,0.8680242354043628,-0.5686288069523897,0.5805506138815844,0.8680240678869608,1.2066541978708756,2.0850389161797622,54.1548100170138,25.192227358890385,0.0,100.0
-0.3,0.65,86.26900857033914,0.867040178243542,-0.5696128641132105,0.6998299885862878,0.8670381470789238,1.1613965538184772,1.9094425941258923,54.112946444009786,24.574717778043304,0.0,100.0
0.925,0.35,86.26931944708218,0.8667293015004987,-0.5699237408562539,0.7267982413739276,0.8667291290284396,1.0180890441737205,1.9872725174467165,54.122940028818945,24.87480054508264,0.06928092766876875,100.0
0.45,0.35,86.27026253111606,0.8657862174666207,-0.5708668248901319,0.7343473629874211,0.8657852565047733,1.00504881075733,1.958064692182816,54.10881651878585,24.657648379837806,0.005067833166798069,100.0
0.875,0.7,86.27146037691661,0.8645883716660734,-0.5720646706906791,0.6089591372290641,0.8645883068780478,1.16320335368043,2.0589431669442253,54.149841723545954,25.152380760292463,0.0,100.0
0.975,0.55,86.2715157347484,0.8645330138342757,-0.5721200285224768,0.6570577150336163,0.8645330296265286,1.1014388070014007,2.024126628680413,54.140972633087216,25.069834493899485,0.0,100.0
-0.05,1.3,86.27156726696032,0.8644814816223629,-0.5721715607343896,0.4301956138297669,0.8644803277612141,1.3398581375249705,2.212447441114317,54.17216096949708,25.2460034417354,0.0,100.0
0.625,0.925,86.27169999589064,0.8643487526920381,-0.5723042896647144,0.5376226253086713,0.8643484216280513,1.2509576122392474,2.119453219795905,54.160372430317814,25.23081890902531,0.0,100.0
0.4,1.075,86.2718294141686,0.8642193344140878,-0.5724337079426647,0.49199265609833276,0.864218740463491,1.3003252867485173,2.1612263451672074,54.16601586049226,25.256945730552676,0.0,100.0
0.575,0.325,86.27185815483561,0.8641905937470682,-0.5724624486096843,0.7425329829682994,0.8641898272349267,0.9752735366014917,1.9654407683636435,54.11033317751427,24.69311762647157,0.05507276956315693,100.0
0.95,0.6,86.27300449766823,0.8630442509144558,-0.5736087914422967,0.6394173180138694,0.8630442534861487,1.1206170383014324,2.035090124972216,54.14417797761947,25.101176280443656,0.0,100.0
0.35,0.375,86.27305020955384,0.8629985390288368,-0.5736545033279157,0.7264818393362305,0.862997425374806,1.0243892822246181,1.9512972725326996,54.10804747590579,24.63365135157939,0.0,100.0
0.75,0.825,86.27323849865964,0.8628102499230437,-0.5738427924337088,0.567500194621914,0.8628100574296298,1.2113760524985935,2.091671004841363,54.1560274396274,25.20221155592432,0.0,100.0
0.125,0.45,86.27404860333189,0.8620001452507893,-0.5746528971059632,0.720004341004369,0.861998699782933,1.0714773453508286,1.935663316460365,54.1079760048513,24.59583697849476,0.0,100.0
-0.25,1.375,86.27565421892923,0.8603945296534476,-0.5762585127033049,0.39482536493611065,0.8603931138702791,1.329546280588005,2.2195105841547567,54.17315501597632,25.22007312630534,0.0,100.0
0.875,0.325,86.27607772818637,0.8599710203963156,-0.5766820219604369,0.7300599239075609,0.859970751298792,0.9978893958158608,1.9820233123864859,54.11925942264378,24.830311388659826,0.07932472680087743,100.0
0.0,0.5,86.27687088312305,0.8591778654596283,-0.5774751768971242,0.7173022594103742,0.8591762412460013,1.094558906748432,1.9265513716808027,54.10866108517524,24.58204496838917,0.0,100.0
1.0,0.45,86.2773925646616,0.8586561839210844,-0.5779968584356681,0.6841283042378876,0.8586561870706333,1.0542917350678067,2.0042977411258844,54.133651603203695,24.99557981398929,0.0,100.0
0.175,1.2,86.27770284462682,0.8583459039558647,-0.5783071384008878,0.45086880932545625,0.8583450376650148,1.3243681394402955,2.1929465322949473,54.16991826657076,25.262016913976765,0.0,100.0
1.0,0.475,86.27786327393302,0.8581854746496589,-0.5784675677070936,0.6753584469126537,0.8581854904521549,1.0641775018564914,2.0088356023035825,54.13568179355372,25.01703994339397,0.0,100.0
-0.175,1.35,86.2779883082338,0.8580604403488792,-0.5785926020078733,0.4018738560256594,0.8580591247010545,1.3319824267175306,2.218684882420165,54.172995238754055,25.23246957534256,0.0,100.0
0.9,0.675,86.27843465551803,0.8576140930646545,-0.579038949292098,0.6101466671569256,0.8576140548419545,1.1460000918590083,2.0525060172936693,54.14857558714903,25.14244868227708,0.0,100.0
0.225,1.175,86.27896274587926,0.8570860027034257,-0.5795670396533268,0.4565433198889508,0.857085198075282,1.3184732243666701,2.1870087171427657,54.169230068193094,25.26322987769888,0.0,100.0
0.125,1.225,86.2796269133788,0.856421835203875,-0.5802312071528775,0.4421082470915536,0.8564209063674497,1.3265570904786443,2.198620233646193,54.17059732611328,25.260813605554734,0.0,100.0
0.725,0.85,86.28088558711325,0.8551631614694344,-0.5814898808873181,0.5521523023008541,0.8551629441659401,1.2135768358125034,2.09831496551052,54.15723481570471,25.212202266450074,0.0,100.0
1.0,0.425,86.28208253795012,0.8539662106325636,-0.5826868317241889,0.6879018184449137,0.8539662013136393,1.039160126677828,1.999770963444959,54.13157123444034,24.974093941204018,0.0,100.0
0.55,0.325,86.2829996563706,0.8530490922120748,-0.5836039501446777,0.7300255736933963,0.8530482840330194,0.9701704037067316,1.9627952717117216,54.10958104589034,24.681798412363364,0.048378353219707904,100.0
0.275,1.15,86.2834115570248,0.852637191557875,-0.5840158507988775,0.4592390252001337,0.8526364487114393,1.3088659485151197,2.1808341298582987,54.168536426522195,25.264461854974623,0.0,100.0
0.525,1.0,86.28347102568281,0.8525777228998663,-0.5840753194568862,0.5032915067305765,0.8525772805146374,1.2657292017528619,2.1403837694275647,54.16344444790255,25.249532985568866,0.0,100.0
1.0,0.5,86.28350589228133,0.8525428563013548,-0.5841101860553977,0.661615090153532,0.8525428850957126,1.0688239510974284,2.013368310515167,54.1376762176433,25.0384998878266,0.0,100.0
0.975,0.375,86.28372800876906,0.8523207398136208,-0.5843323025431317,0.7033933378999535,0.8523206643842428,1.0159737018275479,1.9913589242088667,54.12657823952092,24.919463713466737,0.05069273583859768,100.0
0.075,1.25,86.2847583403435,0.8512904082391799,-0.5853626341175726,0.430292652115142,0.8512894171573265,1.3250973105987498,2.20400442356222,54.17127175357132,25.25962326369644,0.0,100.0
0.95,0.35,86.28687736401332,0.8491713845693596,-0.5874816577873929,0.7092035166877793,0.8491712537374922,1.0013119737231335,1.986969400950972,54.1236649763576,24.88639239441013,0.07130192410524544,100.0
-0.1,1.325,86.28761486696582,0.848433881616856,-0.5882191607398966,0.40302689530332714,0.8484326666332833,1.3258297302755153,2.216868286453936,54.172813982614876,25.24488517445368,0.0,100.0
0.9,0.325,86.2878750796137,0.8481736689689825,-0.58847937338777,0.717891471420046,0.8481734413044762,0.9873205178582509,1.9821904827384773,54.11999207463392,24.841851604597625,0.08134572323735412,100.0
0.925,0.65,86.28788747060996,0.8481612779727215,-0.5884917643840311,0.6089409982224652,0.8481612665139806,1.126228651941048,2.046108368425661,54.147296094407004,25.132521639333856,0.0,100.0
0.45,1.05,86.28790556938765,0.8481431791950342,-0.5885098631617183,0.4838429179420274,0.8481426490074853,1.2774672689640454,2.1542759619439202,54.16530486994891,25.258259120035095,0.0,100.0
0.425,0.35,86.28800578207374,0.8480429665089417,-0.5886100758478108,0.7165582174881706,0.8480419638058236,0.9933547027955143,1.9545818103909702,54.10806171119791,24.646396585054635,0.0,100.0
0.6,0.95,86.28865541212178,0.8473933364608968,-0.5892597058958557,0.5135070709591645,0.8473929815228672,1.2433685152144136,2.1261297167776707,54.161549287047904,25.240848911163877,0.0,100.0
0.05,0.475,86.28967300566558,0.8463757429171039,-0.5902772994396486,0.705770029360977,0.8463741871479982,1.0718378021317108,1.9285036888143914,54.10793801238303,24.583367152746465,0.0,100.0
0.975,0.575,86.29032390120088,0.8457248473818026,-0.5909281949749499,0.6306033494100234,0.845724876894107,1.0928066286224976,2.0287903439558295,54.142863244074434,25.091274279322242,0.0,100.0
0.7,0.875,86.29097564990731,0.8450730986753712,-0.5915799436813813,0.5344545638830169,0.8450728566735706,1.213238025092366,2.104973542614648,54.15843595224388,25.22221102216128,0.0,100.0
0.325,1.125,86.29107268778986,0.844976060792817,-0.5916769815639356,0.45888358253868944,0.8449753803080341,1.2955778714606936,2.1744257572468726,54.16784080187616,25.265723525140615,0.0,100.0
0.25,0.4,86.29136306522244,0.8446856833602396,-0.5919673589965129,0.7064286830339341,0.8446844171286273,1.0281879685407205,1.9424715596244049,54.107270939030975,24.609798597792576,0.0,100.0
1.0,0.4,86.29194632921615,0.8441024193665356,-0.5925506229902169,0.6866489364879982,0.8441023973167688,1.0187404187773552,1.9952261913383533,54.129445142020444,24.95258916527752,0.018019162903433694,100.0
0.025,1.275,86.29306515698028,0.8429835916024047,-0.5936694507543478,0.4154668453950734,0.8429825389051615,1.3199943741485924,2.209199697021161,54.17194347035683,25.258461095306835,0.0,100.0
1.0,0.525,86.29423859506528,0.8418101535174003,-0.5948428888393522,0.642979139991084,0.8418101960878317,1.0682392938565215,2.017964457106382,54.1396271977551,25.059944999168682,0.0,100.0
0.175,0.425,86.29475003438033,0.8412987142023525,-0.5953543281544,0.7019322140564981,0.8412973373439655,1.0408330314449756,1.9368113829367237,54.107246514732246,24.597224238912876,0.0,100.0
0.325,0.375,86.29562171380475,0.8404270347779317,-0.5962260075788208,0.7048834007930793,0.8404258793409184,1.007872968498532,1.9471670991995096,54.10729021816561,24.622445818770743,0.0,100.0
0.525,0.325,86.29591582067026,0.8401329279124212,-0.5965201144443313,0.7160455787186351,0.8401320780362027,0.9632969911104254,1.9599526225003034,54.10882779642326,24.67049708356701,0.041399702828606055,100.0
0.75,0.3,86.29661108664389,0.8394376619387884,-0.5972153804179641,0.7236594750669383,0.8394371727174104,0.9565614841341272,1.9723924432529851,54.1133257035929,24.751670113882497,0.083305536623556,100.0
0.775,0.3,86.2973740688517,0.8386746797309854,-0.5979783626257671,0.7217349124147319,0.8386742319918454,0.9580395594270783,1.9736357689780861,54.11407023540808,24.76310689847665,0.08532653306003268,100.0
0.725,0.3,86.29761953434544,0.8384292142372374,-0.5982238281195151,0.7239295734356972,0.8384286835194473,0.9531362189378427,1.9709576222522143,54.112579909788955,24.740250781633357,0.08128454018707931,100.0
-0.175,0.575,86.29799535380629,0.8380533947763951,-0.5985996475803574,0.6893585537570459,0.8380515245626328,1.109084773978708,1.9122674689128631,54.110041367032665,24.567189662245386,0.0,100.0
-0.225,0.6,86.29960685489176,0.8364418936909175,-0.600211148665835,0.6828771918186192,0.8364399555915043,1.1173112611669325,1.9090131862568396,54.11075242327129,24.565992806248826,0.0,100.0
-0.125,0.55,86.29968712961538,0.8363616189673024,-0.6002914233894501,0.6926941897155814,0.8363598167028556,1.0975457831148105,1.9152449989304274,54.10932642370466,24.568414828424196,0.0,100.0
0.95,0.625,86.29982257863442,0.8362261699482616,-0.6004268724084909,0.6053288618636969,0.8362261852710248,1.1038826892834521,2.0397390551695724,54.14600872874815,25.122604250305233,0.0,100.0
0.8,0.3,86.29987957691975,0.8361691716629309,-0.6004838706938216,0.7182212187979218,0.8361687651902429,0.9575861363112352,1.9746764775478995,54.1148125893831,24.77455941162266,0.08734752949650942,100.0
0.7,0.3,86.30039922608208,0.8356495225006029,-0.6010035198561496,0.7225437174268166,0.835648950260628,0.9477696393137052,1.969330451511325,54.11183367594943,24.728850451510407,0.07926354375060257,100.0
0.925,0.325,86.30144025267126,0.834608495911425,-0.6020445464453275,0.7040704297027105,0.8346083096753517,0.974807351682756,1.982170724972212,54.12072345809976,24.853409060244143,0.08336671967383086,100.0
-0.225,1.375,86.30163298326124,0.8344157653214381,-0.6022372770353144,0.3683457586946304,0.8344143895418938,1.3091895175732873,2.222303611810891,54.173634345041584,25.23138108639873,0.0,100.0
0.375,1.1,86.30194183416424,0.8341069144184416,-0.6025461279383109,0.4554256730138633,0.8341062969205012,1.2786081315160658,2.167783955354199,54.167139363872934,25.267009478786107,0.0,100.0
0.675,0.9,86.30350276003207,0.8325459885506064,-0.6041070538061462,0.5144531604344706,0.8325457220536066,1.2103746189111035,2.1116520185688668,54.15962831286045,25.232224767835223,0.0,100.0
-0.3,1.4,86.30367116367157,0.8323775849111144,-0.6042754574456382,0.3576773221907814,0.8323761083623878,1.3015397888150773,2.2225305603604153,54.17377623857403,25.21899703753011,0.0,100.0
0.825,0.3,86.30413768054231,0.8319110680403696,-0.6047419743163829,0.7131198177425091,0.831910702886438,0.9551984619699425,1.975522711705566,54.1155540172894,24.78602994636223,0.08936852593298611,100.0
-0.275,0.625,86.30450791339726,0.8315408351854217,-0.6051122071713309,0.6732502097837312,0.8315388294521625,1.1222117007287835,1.905507043892818,54.11146506779134,24.56482628809606,0.0,100.0
-0.025,1.3,86.30462683583121,0.8314219127514662,-0.6052311296052864,0.3975562974217439,0.8314207985723499,1.3112002471715698,2.2141281116991847,54.17260911713071,25.2573204695158,0.0,100.0
-0.075,0.525,86.30466653547637,0.8313822131063091,-0.6052708292504434,0.6929060315486879,0.8313804787497077,1.0827251734023093,1.9179355990032518,54.10861023794567,24.56967229629624,0.0,100.0
0.675,0.3,86.3049437938444,0.8311049547382794,-0.6055480876184731,0.7195032339301406,0.8311043409856239,0.9404928882644867,1.9675169011993623,54.111086167185455,24.71746760074689,0.07724254731412589,100.0
0.1,0.45,86.3057829619257,0.8302657866569803,-0.6063872556997723,0.6913971567723678,0.8302642993398905,1.0458077802041856,1.9301780774402906,54.107211628930166,24.58471494639497,0.0,100.0
0.975,0.35,86.30618033477144,0.8298684138112407,-0.6067846285455119,0.6899628347621842,0.8298683247596046,0.9826157132754929,1.9865086132970273,54.12438577389805,24.897996075847157,0.07332292054172218,100.0
-0.15,1.35,86.3068602215714,0.8291885270112829,-0.6074645153454696,0.3731027650401586,0.8291872512244879,1.3082257109863917,2.2210282934212033,54.17345980654779,25.24377566055227,0.0,100.0
1.0,0.375,86.30697895455275,0.8290697940299339,-0.6075832483268186,0.6803831555389337,0.8290697595390952,0.993018230201713,1.9905794131393244,54.12728295659125,24.931083777874438,0.0483663879734334,100.0
0.5,1.025,86.30723560645725,0.8288131421254263,-0.6078399002313262,0.4726192830678997,0.8288126759707637,1.2508981442311722,2.1470665913632114,54.164589970062714,25.259585953389603,0.0,100.0
0.4,0.35,86.3075240344709,0.8285247141117793,-0.6081283282449732,0.6972963788345652,0.8285236696431895,0.9798891050421901,1.950900513154469,54.10730637510366,24.63516343658369,0.0,100.0
0.575,0.975,86.30801843730643,0.828030311276251,-0.6086227310805015,0.48707695281980534,0.8280299327386956,1.233252702025979,2.132852672916813,54.16271342739127,25.250885107324706,0.0,100.0
1.025,0.45,86.30896799845011,0.8270807501325663,-0.6095722922241862,0.6531515540656727,0.8270807936456066,1.022483945525721,2.0029662564664545,54.13428359868076,25.007164460551074,0.0,100.0
1.0,0.55,86.3101210210375,0.825927727545178,-0.6107253148115745,0.6194068714654719,0.8259277837987469,1.0624238030034832,2.022512104404165,54.14153905253221,25.081383892137715,0.0,100.0
0.85,0.3,86.31016180938542,0.825886939197261,-0.6107661031594915,0.7063903278976653,0.8258866153735397,0.9508644920834968,1.9761762365881745,54.11629335337438,24.797516316462485,0.09138952236946285,100.0
0.85,0.75,86.31043156336858,0.8256171852140994,-0.6110358571426531,0.5552574871582436,0.8256171086661481,1.1442444509938525,2.070324551339242,54.15281441681481,25.18374571099893,0.0,100.0
0.5,0.325,86.31060685822152,0.8254418903611622,-0.6112111519955903,0.7005929398288657,0.8254409987604732,0.9546526631515206,1.9569125815051436,54.108074204012524,24.659215107173182,0.03442105243750421,100.0
0.825,0.775,86.31117181728116,0.8248769313015174,-0.6117761110552351,0.5465590871475854,0.8248768295362112,1.1536409808783503,2.076937001399262,54.15404646262675,25.193710808027284,0.0,100.0
0.65,0.3,86.31126040892896,0.8247883396537219,-0.6118647027030306,0.7135171396643329,0.8247876843106325,0.9312658216648941,1.9655062163445756,54.110337499994735,24.706102470610496,0.07522155087764917,100.0
1.025,0.425,86.31146535165071,0.8245833969319705,-0.612069645424782,0.6590283994925272,0.8245834279671328,1.0096410421809736,1.9985362106910627,54.13223484795096,24.98571039235195,0.0,100.0
1.025,0.475,86.31164492606452,0.824403822518164,-0.6122492198385885,0.642289972587136,0.8244038787759649,1.0300861221590054,2.007393669588794,54.1362988431467,25.0286233179463,0.0,100.0
0.875,0.725,86.31207665286111,0.8239720957215724,-0.6126809466351801,0.5615978198008804,0.8239720449355019,1.1325009398696153,2.0637463623423273,54.151572778407704,25.173792360149132,0.0,100.0
-0.025,0.5,86.3129352841532,0.8231134644294826,-0.6135395779272699,0.6854943855892799,0.8231117981793631,1.0645864338727051,1.920349609565656,54.10789202682032,24.570956761225375,0.0,100.0
0.975,0.6,86.31422351324211,0.8218252353405688,-0.6148278070161837,0.5993058202949726,0.8218252777597058,1.0789825735026142,2.0333753251425,54.14471214920438,25.112701425422408,0.0,100.0
0.8,0.8,86.31434384042015,0.8217049081625305,-0.614948134194222,0.5355320542307567,0.8217047813264486,1.1605605318581809,2.0835794080196495,54.155269379902,25.20368602257372,0.0,100.0
0.425,1.075,86.31603813143519,0.8200106171474886,-0.6166424252092639,0.4490071437334109,0.8200100630012599,1.2579479232052222,2.1608854532521944,54.16643196602095,25.268314647407788,0.0,100.0
0.9,0.7,86.31615805755418,0.8198906910285046,-0.6167623513282479,0.5655727429454203,0.8198906664219322,1.1182334330905945,2.0572264125496043,54.15032506136052,25.163858343629343,0.0,100.0
0.95,0.325,86.31676566495602,0.819283083626658,-0.6173699587300945,0.6886035599339664,0.8192829388656492,0.9603506883131985,1.9819730575497132,54.121453696876344,24.8649839586304,0.08538771611030754,100.0
0.2,1.2,86.31740277244602,0.8186459761366649,-0.6180070662200876,0.4120163895197919,0.8186451488952458,1.2876664419556505,2.193486490647935,54.17033972076018,25.273348653290864,0.0,100.0
0.875,0.3,86.31795555386903,0.8180931947136543,-0.6185598476430982,0.6980118145279732,0.8180929122108609,0.9445843792985329,1.9766390329831742,54.11703162550563,24.80902039764765,0.09341051880593954,100.0
0.15,1.225,86.31809108295151,0.8179576656311696,-0.618695376725583,0.4043467719773446,0.8179567757087198,1.2914058012381417,2.1993856536671688,54.1710261228249,25.272148532574978,0.0,100.0
0.65,0.925,86.3184444157999,0.8176043327827784,-0.6190487095739741,0.49224629643209994,0.8176040422329549,1.2049891114679525,2.1183569953557684,54.16080683166745,25.24223824236444,0.0,100.0
0.225,0.4,86.31876355048287,0.8172851980998104,-0.6193678442569421,0.6810207613933983,0.817283890041827,1.0068489625524109,1.9376922472055715,54.106511529741375,24.598640412890685,0.0,100.0
1.025,0.4,86.31914121391243,0.8169075346702499,-0.6197455076865026,0.6598886560167472,0.8169075533602381,0.9915333457055624,1.9941058858728937,54.130129301644644,24.964217223618984,0.015692815038269414,100.0
0.625,0.3,86.31935008446726,0.816698664115421,-0.6199543782413315,0.7033460062645673,0.8166979671240171,0.9200882977518745,1.9632986906731351,54.10958702185571,24.694753875209532,0.07320055444117246,100.0
-0.075,1.325,86.31941992200865,0.816628826574032,-0.6200242157827205,0.3719615425969778,0.8166276512378261,1.298704021885996,2.218778112863463,54.17326774450484,25.25620089463104,0.0,100.0
1.025,0.5,86.31945971858073,0.8165890300019498,-0.6200640123548027,0.626484535242696,0.8165890994436495,1.0324641947391058,2.0118353248041343,54.138271173234024,25.050068986824293,0.0,100.0
0.25,1.175,86.31987854372598,0.8161702048567037,-0.6204828375000488,0.41659820476681375,0.8161694392219914,1.2802538444443883,2.187330231895798,54.169647199931546,25.27456494342305,0.0,100.0
0.3,0.375,86.31996828194201,0.8160804666406705,-0.620572575716082,0.6818122608665504,0.8160792693967125,0.9895850628357863,1.9428371304045091,54.10653225770897,24.61125909610923,0.0,100.0
0.775,0.825,86.31997379948425,0.8160749490984358,-0.6205780932583167,0.5221096621556711,0.8160747973332804,1.1649442347962662,2.090250876090493,54.15647932402389,25.213662324810915,0.0,100.0
0.1,1.25,86.32197253209864,0.8140762164840396,-0.6225768258727129,0.3936788421011812,0.8140752643903454,1.2914919219390129,2.20500269411155,54.17170432449598,25.270956794538016,0.0,100.0
0.925,0.675,86.32270028055947,0.8133484680232073,-0.6233045743335452,0.5671647135284985,0.8133484698451724,1.1013957816556825,2.050746136576519,54.14907154586097,25.153941300715154,0.0,100.0
0.025,0.475,86.32446066964991,0.8115880789327719,-0.6250649634239807,0.6748261291302526,0.8115864812213716,1.04312841676483,1.922560082296653,54.10717135424776,24.572270470090558,0.0,100.0
0.15,0.425,86.32520511025419,0.8108436383284925,-0.62580940402826,0.674187866896375,0.8108422196227736,1.0164424703675081,1.9315796403659364,54.10648365555859,24.58609250025261,0.0,100.0
0.3,1.15,86.32557738662527,0.8104713619574113,-0.6261816803993412,0.41813466319320014,0.8104706582402315,1.269156177780701,2.1809414842439407,54.16895171472823,25.27580590826298,0.0,100.0
0.475,0.325,86.32707208241254,0.808976666170139,-0.6276763761866135,0.6836676197875136,0.8089757328238676,0.9442372101095344,1.9536757732207788,54.10731957734238,24.647951223009862,0.02744240204640236,100.0
1.0,0.35,86.32722678275452,0.8088219658281588,-0.6278310765285937,0.6690763280968781,0.8088219184782617,0.9619879225851662,1.9858769217012273,54.12510264756585,24.909611984766332,0.07534391697819887,100.0
0.9,0.3,86.32751670487708,0.808532043705597,-0.6281209986511556,0.6879787046229779,0.8085318025333066,0.9363583803504554,1.9769152721273884,54.117768968425686,24.820542413718155,0.09543151524241622,100.0
0.75,0.85,86.32804632119793,0.8080024273847499,-0.6286506149720026,0.5063222202489754,0.8080022506113778,1.166787751141868,2.096927817629307,54.15768134650604,25.223650481875048,0.0,100.0
-0.275,1.4,86.3284175630389,0.8076311855437837,-0.6290218568129688,0.3320514466375357,0.8076297490616298,1.2827132939755472,2.2255843305075604,54.17426019516641,25.230301870560254,0.0,100.0
0.375,0.35,86.328817546173,0.8072312024096817,-0.6294218399470708,0.676561824683148,0.8072301161502622,0.9646519180508903,1.9470203325111688,54.10654972154247,24.623946700418433,0.0,100.0
0.05,1.275,86.32903886822861,0.8070098803540731,-0.6296431620026794,0.37999765145606546,0.8070088667565727,1.2879226768554588,2.210427127631773,54.17237756405967,25.269785042501383,0.0,100.0
0.6,0.3,86.32921397476775,0.8068347738149271,-0.6298182685418254,0.6917023197536878,0.8068340351515133,0.9138818781265599,1.9608957802897606,54.108836155655005,24.683424483674184,0.07117955800469575,100.0
-0.2,1.375,86.32928533068457,0.8067634178981109,-0.6298896244586416,0.340441882720242,0.8067620818163874,1.2869657882599057,2.2248981277932596,54.174101409319675,25.2426856560942,0.0,100.0
0.55,1.0,86.32978690954931,0.8062618390333682,-0.6303912033233843,0.45831714994798745,0.8062614367762932,1.2206346643036738,2.139581349436549,54.163865830162834,25.260930133472577,0.0,100.0
1.0,0.575,86.33110383056805,0.8049449180146269,-0.6317081243421256,0.5909344023041996,0.804944987791697,1.0515139404598415,2.0270393595549967,54.14340738396278,25.1028087838446,0.0,100.0
0.95,0.65,86.33171066818575,0.8043380803969313,-0.6323149619598212,0.566386000930649,0.8043381089180514,1.0819898856711774,2.0443059067536296,54.147800086596554,25.14402416018192,0.0,100.0
1.025,0.375,86.33197260424542,0.8040761443372588,-0.6325768980194937,0.6557273483085453,0.8040761504965473,0.9681309488202317,1.9896144462391592,54.127984533795065,24.942717443874827,0.04604004010826912,100.0
1.025,0.525,86.33238633640444,0.803662412178241,-0.6329906301785115,0.6057867705879971,0.8036624954446694,1.0295897210052232,2.0163091863800022,54.140201616295734,25.071502186747615,0.0,100.0
0.475,1.05,86.33335358051022,0.8026951680724608,-0.6339578742842917,0.43971117584993635,0.8026946777660072,1.2335887612558878,2.1537225835470326,54.165720538510854,25.26964125858329,0.0,100.0
0.975,0.325,86.33384261380633,0.8022061347763554,-0.6344469075803971,0.6714875036830961,0.8022060315900916,0.9439557334175532,1.9816110627847503,54.12218094075138,24.87657286125284,0.08740871254678428,100.0
0.35,1.125,86.33446376768228,0.801584980900401,-0.6350680614563515,0.4165902534920889,0.8015843398562594,1.25438233917032,2.1743562371662524,54.168254309583624,25.277079789532365,0.0,100.0
0.625,0.95,86.3358133096529,0.800235438929775,-0.6364176034269775,0.4677767117157572,0.80023512443546,1.197083490950689,2.125074470895359,54.16197523516157,25.252260292411055,0.0,100.0
-0.125,1.35,86.33742514455768,0.7986236040249963,-0.6380294383317562,0.3429054915094838,0.7986223679768927,1.2825891700485954,2.2231742661919403,54.17391764386995,25.255087410834403,0.0,100.0
0.725,0.875,86.33856600690169,0.7974827416809944,-0.6391703006757581,0.48820883902688195,0.7974825400524708,1.166100679887947,2.103621993004407,54.15887654127965,25.233648734593057,0.0,100.0
0.925,0.3,86.33882155006177,0.7972271985209147,-0.6394258438358378,0.676290944138259,0.7972269987979047,0.926187456900152,1.9770376287738163,54.11850312034102,24.832078158020373,0.09745251167889296,100.0
0.075,0.45,86.3392928712326,0.7967558773500798,-0.6398971650066727,0.6613172112399468,0.7967543481541611,1.018366951425648,1.9244909997813664,54.106446214802375,24.573610505996143,0.0,100.0
0.0,1.3,86.33934058062422,0.7967081679584567,-0.6399448743982958,0.3632539963872148,0.7967070930173576,1.280662485661125,2.2155958997060594,54.17304630655612,25.26863640424864,0.0,100.0
-0.2,0.575,86.33963980394341,0.7964089446392677,-0.6402440977174848,0.6518756512397914,0.7964070324114203,1.073529005766943,1.9051216204280512,54.10927041825908,24.5561517240523,0.0,100.0
-0.15,0.55,86.34005358819267,0.7959951603900066,-0.6406578819667459,0.6563869672731641,0.7959933161463851,1.0632629484925786,1.908356700185652,54.10855584284852,24.557365551612538,0.0,100.0
0.575,0.3,86.34085125206772,0.7951974965149589,-0.6414555458417937,0.6785860605544656,0.7951967161607769,0.9082864242369766,1.9582983559834841,54.10808303662344,24.672110854864673,0.06915856156821903,100.0
1.05,0.45,86.34227756170502,0.7937711868776631,-0.6428818554790894,0.6205495460910555,0.7937712708296146,0.9887670984600874,2.001471618411126,54.13490901056448,25.0187562249282,0.0,100.0
-0.25,0.6,86.34252936663205,0.793519381950631,-0.6431336604061215,0.6442185184367304,0.7935174018063208,1.08048189544715,1.901609522722224,54.109982131801296,24.55496574983771,0.0,100.0
1.05,0.425,86.34258223682934,0.793466511753337,-0.6431865306034155,0.6285152791663506,0.7934665831352362,0.9782083871090208,1.997139379649041,54.13287990162206,24.99731202186387,0.0,100.0
0.975,0.625,86.3431938523802,0.7928548962024848,-0.6437981461542677,0.56321065779197,0.7928549515055181,1.0600153145307019,2.0378903546901626,54.1465222887709,25.134117442452673,0.0,100.0
-0.1,0.525,86.34376266807038,0.792286080512298,-0.6443669618444545,0.6577543103470163,0.7922843042320921,1.049704609160088,1.911307030037258,54.10784010494989,24.558612049958978,0.0,100.0
0.45,0.325,86.34531119463159,0.7907375539510895,-0.645915488405663,0.6652696115245078,0.7907365788416569,0.9320504133303444,1.9502423532309028,54.106564511600816,24.636706565261992,0.02046375165530054,100.0
0.275,0.375,86.34609029175466,0.7899584568280176,-0.6466945855287349,0.6572683900015761,0.7899572177511146,0.9695254816760013,1.9383072371212382,54.10577367506913,24.600090164640314,0.0,100.0
0.4,1.1,86.34657709896095,0.7894716496217313,-0.6471813927350212,0.4119702248251258,0.7894710717071206,1.235912670447732,2.167504556885433,54.16755419401284,25.27837999949969,0.0,100.0
1.05,0.475,86.34715149161984,0.7888972569628407,-0.6477557853939118,0.6075918636225879,0.7888973536996502,0.9941067568311723,2.005789240631891,54.136903046863175,25.040202295407713,0.0,100.0
0.2,0.4,86.34793958728638,0.7881091612963047,-0.6485438810604478,0.6541400528209778,0.7881078113865044,0.9837380915054297,1.9327123389694625,54.105751016396695,24.587500352289112,0.0,100.0
1.05,0.4,86.34804701862176,0.788001729960925,-0.6486513123958275,0.631486090206451,0.788001789050702,0.9624045607774434,1.9928237657883205,54.13080281292432,24.975845020484467,0.013366467173105134,100.0
-0.3,0.625,86.34869798944898,0.7873507591337017,-0.6493022832230508,0.6334157777087199,0.7873487114212765,1.084105244475765,1.897861866575052,54.11069467937302,24.553811636276205,0.0,100.0
1.025,0.35,86.34999387303867,0.7860548755440107,-0.6505981668127419,0.6465422918582107,0.7860548691295606,0.9394245274031618,1.9850480986670151,54.125812977869266,24.921235268075492,0.07638726517826883,100.0
1.025,0.55,86.35045245362676,0.7855962949559228,-0.6510567474008297,0.5801436362377643,0.7855963916269075,1.0214982573184983,2.020725846181793,54.1420925751353,25.092928742389322,0.0,100.0
-0.05,0.5,86.35075704153837,0.7852917070443084,-0.6513613353124441,0.6522140771587743,0.7852899988585278,1.032841991055605,1.9139715479017743,54.10712212543409,24.559887258584215,0.0,100.0
0.7,0.9,86.35149950917466,0.7845492394080225,-0.65210380294873,0.46787620599053525,0.7845490134090198,1.1629091704389793,2.1103528755161833,54.160061709201464,25.24365368844434,0.0,100.0
0.35,0.35,86.35188579573779,0.7841629528448948,-0.6524900895118577,0.6543545534551072,0.7841618247729741,0.9476431351465209,1.9429408000331525,54.10579266599158,24.61274902433603,0.0,100.0
0.95,0.3,86.35189461984211,0.7841541287405676,-0.652498913616185,0.6629495027939498,0.7841539704486905,0.9140722076757726,1.9769725510224148,54.11923490225194,24.84362912010962,0.09947350811536965,100.0
1.0,0.325,86.35265786269254,0.7833908858901424,-0.6532621564666101,0.6527210156571925,0.7833908244665508,0.925640094723704,1.9811036796562236,54.12290384321622,24.888173255684404,0.08942970898326097,100.0
-0.05,1.325,86.35288704700172,0.7831617015809655,-0.653491340775787,0.33951975390102973,0.7831605655129493,1.2696956481006083,2.2204783247010007,54.17370979873481,25.26751001491699,0.0,100.0
0.775,0.275,86.35352475578644,0.7825239927962429,-0.6541290495605097,0.6763122271889301,0.7825235317911023,0.8900366542326026,1.9676080002517378,54.11182891353442,24.74196691943053,0.09941232506509479,100.0
0.8,0.275,86.35379227239838,0.7822564761843012,-0.6543965661724513,0.6748697664252461,0.7822560566830561,0.8919138388316981,1.9688056163865146,54.1125744902409,24.753398294481386,0.10143332150157153,100.0
0.525,1.025,86.35393574279462,0.7821130057880623,-0.6545400365686902,0.4273203194355517,0.7821125795743086,1.2055117160612099,2.146299264030287,54.16500503983395,25.27097908533863,0.0,100.0
0.55,0.3,86.35426323518546,0.7817855133972245,-0.654867528959528,0.6639971900756763,0.7817846913226333,0.900920564222929,1.9555041206095627,54.107329342247624,24.660816133434505,0.06377427170821043,100.0
-0.25,1.4,86.35482882714979,0.7812199214328928,-0.6554331209238597,0.3050080012894796,0.7812185249187251,1.2620218394332738,2.2284272558239486,54.17473452579093,25.2416072106987,0.0,100.0
0.75,0.275,86.35502909227897,0.7810196563037124,-0.6556333860530401,0.676100352492,0.7810191537775779,0.8862144748699592,1.9662183955154235,54.11108299399081,24.73055471433255,0.0973913286286181,100.0
0.6,0.975,86.35558097618252,0.7804677724001579,-0.6561852699565947,0.4409317924356344,0.7804674338812049,1.1866617832803428,2.1318402065356543,54.16313313612433,25.2622919551543,0.0,100.0
0.825,0.275,86.35581584304725,0.7802329055354278,-0.6564201368213247,0.6717719288045174,0.7802325271682804,0.8918589311329441,1.9698010951516867,54.1133174539069,24.76484460360316,0.10345431793804821,100.0
1.05,0.5,86.35714143367983,0.7789073149028525,-0.6577457274539,0.5897403681335476,0.7789074250514773,0.994193964741541,2.010136388886517,54.138854278078384,25.061635309276305,0.0,100.0
1.0,0.6,86.35715042514518,0.7788983234375024,-0.6577547189192501,0.5576243226424964,0.77889840579154,1.0354652761451888,2.0314944600815976,54.14523486583801,25.124223127824617,0.0,100.0
0.125,0.425,86.35743566584758,0.7786130827351059,-0.6580399596216466,0.6449707488465322,0.7786116221585815,0.9902798343331085,1.9261468880533783,54.10571877719274,24.574977213540443,0.0,100.0
0.875,0.75,86.35757740720447,0.7784713413782072,-0.6581817009785453,0.5094997694241243,0.7784713057466603,1.096918527629029,2.0686080309581314,54.153279783972984,25.195222819139744,0.0,100.0
0.175,1.225,86.35820220663278,0.7778465419498986,-0.658806500406854,0.365137239036315,0.777845691168227,1.2544098302100934,2.1999829786362897,54.17144170332052,25.283476011667492,0.0,100.0
0.725,0.275,86.3583030375446,0.7777457110380794,-0.6589073313186731,0.6742324530735004,0.7777451669749127,0.8804548151767904,1.9646388775127965,54.11033587858394,24.719160122711525,0.09537033219214142,100.0
-0.175,1.375,86.35860804013228,0.7774407084503991,-0.6592123339063534,0.3111152483736106,0.7774394120928889,1.262860812258296,2.2272898853471523,54.17456197604036,25.25399536726818,0.0,100.0
1.05,0.375,86.35871193223527,0.7773368163474146,-0.6593162260093379,0.6294306461335424,0.7773368630796739,0.9413170332955048,1.988474715159528,54.12867816867354,24.954355856718294,0.04371369224310484,100.0
0.85,0.775,86.35871682578535,0.7773319227973303,-0.6593211195594222,0.5004444633915455,0.7773318618881632,1.1060294990445527,2.075268589088333,54.15450451102389,25.205179266865173,0.0,100.0
0.225,1.2,86.35875575630773,0.7772929922749512,-0.6593600500818013,0.37163549901639215,0.7772922041390047,1.2491734683585918,2.1938698304767814,54.1707523783846,25.2846822852766,0.0,100.0
0.9,0.725,86.35886133284245,0.7771874157402294,-0.6594656266165231,0.5162076175265895,0.7771874055601927,1.0853392806155853,2.061973156741409,54.15204516544427,25.18527586058763,0.0,100.0
0.85,0.275,86.35958250928151,0.7764662393011719,-0.6601868030555806,0.6671360824081631,0.7764659022354266,0.889870266861081,1.9706018695793837,54.11405980156637,24.776309521524645,0.10547531437452495,100.0
0.125,1.25,86.36084814250496,0.7752006060777177,-0.6614524362790348,0.3555465317831903,0.7751996929419362,1.2560370055979035,2.2058271789504107,54.172123235595215,25.282282584300837,0.0,100.0
0.0,0.475,86.36102085923515,0.7750278893475269,-0.6616251530092256,0.642409408795757,0.7750262495761546,1.0126635586327097,1.916411167722944,54.10640321477844,24.561191288619938,0.0,100.0
0.45,1.075,86.36191060582883,0.7741381427538556,-0.6625148996028969,0.40446275645264507,0.774137628378648,1.2137384295797773,2.1603849701490323,54.16684513248797,25.27969580443555,0.0,100.0
0.825,0.8,86.36232733390122,0.7737214146814608,-0.6629316276752917,0.48898083115136615,0.7737213285950901,1.112589582857126,2.0819529226751015,54.15571947186374,25.21514645060143,0.0,100.0
0.275,1.175,86.36246513722989,0.773583611352791,-0.6630694310039615,0.37506369556921015,0.7735828848732098,1.240257573679287,2.1875074529919583,54.17005828019465,25.285906488220302,0.0,100.0
0.925,0.7,86.36253630774992,0.7735124408327607,-0.6631406015239918,0.5206072486968196,0.7735124565856296,1.0713657657364024,2.0553638901547955,54.15080185231504,25.175341501995778,0.0,100.0
0.7,0.275,86.36334191260453,0.7727068359781555,-0.663946206378597,0.6706295161622506,0.7727062503328626,0.8727784479410161,1.9628703737780464,54.109588124827,24.70778420516673,0.09334933575566468,100.0
0.875,0.275,86.36511041991623,0.7709383286664462,-0.6657147136903063,0.6608936772203293,0.7709380329533986,0.8859352802155627,1.9712101421798665,54.11480052382462,24.787791153083422,0.10749631081100164,100.0
0.425,0.325,86.36532539403099,0.7707233545516914,-0.6659296878050611,0.6453989003258158,0.7707223376542714,0.9180921278895653,1.9466107295182444,54.10580879986604,24.625480774789327,0.01348510126419869,100.0
0.075,1.275,86.36669523231572,0.7693535162669605,-0.667299526089792,0.3429513758064502,0.7693525413211801,1.2539717560126462,2.211456007341665,54.17280048854814,25.28110642259301,0.0,100.0
0.975,0.3,86.36673561004717,0.7693131385355088,-0.6673399038212438,0.6479582064177549,0.7693130216716753,0.9000129958605356,1.9767205591204575,54.119965598463004,24.85519764684783,0.10149450455184639,100.0
0.675,0.925,86.36684497617574,0.7692037724069394,-0.6674492699498131,0.445350582451681,0.7692035224122293,1.1572114788069428,2.117104518385668,54.16123106677999,25.25365709405813,0.0,100.0
0.8,0.825,86.36838329284771,0.7676654557349707,-0.6689875866217818,0.47511470741109463,0.767665344457393,1.1166303144404282,2.0886516495448197,54.15692550104385,25.225121438471717,0.0,100.0
0.95,0.675,86.36865081615008,0.7673979324326012,-0.6692551099241513,0.5226181477451064,0.7673979745350465,1.054893365080332,2.048821772597757,54.14955303561843,25.16542638149254,0.0,100.0
0.325,1.15,86.36939953714968,0.7666492114330055,-0.670003830923747,0.37543290537537644,0.766648547063707,1.2276454705747994,2.1809216603726376,54.16936082918705,25.28715743474591,0.0,100.0
0.525,0.3,86.36945012146782,0.7665986271148597,-0.6700544152418928,0.6479356661797624,0.7665977632925746,0.8917837525038408,1.952512797637177,54.106575620082154,24.64954136484556,0.05679562131710858,100.0
-0.1,1.35,86.36967142817538,0.766377320407301,-0.6702757219494515,0.3113007976139528,0.7663761235514499,1.2550621052336624,2.2251050247223088,54.1743640275711,25.26639719649561,0.0,100.0
0.675,0.275,86.37015349085911,0.7658952577235709,-0.6707577846331816,0.6613211394929834,0.7658946304380976,0.8631517737026826,1.9609058305631966,54.10883959722039,24.6964267360961,0.09132833931918799,100.0
1.05,0.525,86.37225878357683,0.7637899650058557,-0.6728630773508968,0.5669653207141891,0.7637900887503519,0.989027168733557,2.014477387573008,54.14076593983818,25.083059956506283,0.0,100.0
0.9,0.275,86.37240952273038,0.7636392258523017,-0.6730138165044508,0.6529965425897046,0.763638971476027,0.8800541339218455,1.9716284764062053,54.11553920313743,24.799288696760556,0.10951730724747832,100.0
1.025,0.325,86.37322990299576,0.7628188455869207,-0.6738341967698318,0.6323104860115478,0.7628188259844506,0.9054059311786062,1.9804217986664467,54.12362361722308,24.89978735386131,0.09145070541973765,100.0
1.025,0.575,86.37357504625972,0.7624737023229642,-0.6741793400337883,0.5496716113960503,0.762473812016313,1.0083651086883663,2.0251177297568215,54.14393901027387,25.114339399505816,0.0,100.0
0.25,0.375,86.37398744381034,0.7620613047723452,-0.6745917375844073,0.6312517176646679,0.7620600238394133,0.9476941052072618,1.9335777786819692,54.105014262050524,24.588939646672646,0.0,100.0
1.05,0.35,86.37451485892329,0.7615338896593897,-0.6751191526973628,0.6223613206533827,0.7615339241569018,0.9149280543895202,1.9840433347275293,54.12651725418233,24.93286680006185,0.07406091731310455,100.0
0.05,0.45,86.3745786145272,0.7614701340554859,-0.6751829083012666,0.6297644744908695,0.7614685629566168,0.9891537827598995,1.9186020984586427,54.10567989133769,24.562524505767655,0.0,100.0
1.075,0.425,86.37541915679438,0.7606295917883017,-0.6760234505684508,0.5963708595578794,0.7606297036197077,0.9448643342047518,1.9955958315744622,54.13350981516952,25.008905081703595,0.0,100.0
0.025,1.3,86.37574242018448,0.760306328398201,-0.6763467139585515,0.327353556610845,0.7603052921888803,1.248232106431857,2.216854949040611,54.17347483770516,25.279953029483863,0.0,100.0
0.325,0.35,86.37672821295631,0.7593205356263724,-0.6773325067303801,0.6306745634273341,0.759319365724221,0.928862755035297,1.938661490459643,54.1050347544616,24.6015698869043,0.0,100.0
0.775,0.85,86.37688459415295,0.7591641544297261,-0.6774888879270264,0.458906988502747,0.7591640180724255,1.118139960174858,2.0953720527002377,54.15811827848472,25.235098472678786,0.0,100.0
0.975,0.65,86.37722887316761,0.758819875415071,-0.6778331669416815,0.5222425541724647,0.7588199440738009,1.0358550014911003,2.0423272530821808,54.148294125328384,25.155525454527258,0.0,100.0
1.075,0.45,86.37731395417909,0.758734794403594,-0.6779182479531585,0.5863106341189308,0.7587349188701211,0.9531639446242792,1.9998201034867171,54.13552577126515,25.030351295755946,0.0,100.0
0.575,1.0,86.37773914490806,0.7583096036746184,-0.6783434386821341,0.4118330734709872,0.7583092412057055,1.173729092199551,2.138597495640283,54.1642795572962,25.27233101566539,0.0,100.0
1.075,0.4,86.3786954203577,0.7573533282249798,-0.6792997141317727,0.6014426600650751,0.7573534276803116,0.9313490186312379,1.9913715500486533,54.13146379825338,24.987469081831623,0.011040119307940854,100.0
0.65,0.275,86.37873919069204,0.7573095578906361,-0.6793434844661164,0.6505402223854588,0.7573088889328261,0.8542549236319275,1.9587458864458467,54.108088948218004,24.68508523771773,0.08930734288271128,100.0
0.175,0.4,86.3788912245269,0.7571575240557848,-0.6794955183009677,0.6257865640569946,0.7571561322687671,0.958855300361563,1.9275316367494342,54.10498919698363,24.576378064536556,0.0,100.0
0.375,1.125,86.37953328800428,0.7565154605783988,-0.6801375817783537,0.372701044544101,0.7565148589817454,1.2113467160544502,2.174127007908083,54.16866148277741,25.288441252349806,0.0,100.0
0.5,1.05,86.3804850915335,0.7555636570491799,-0.6810893853075726,0.39400281509622914,0.7555632065518978,1.18784958127425,2.152998759909738,54.16613058602298,25.28102856656501,0.0,100.0
0.925,0.275,86.3814787779486,0.7545699706340798,-0.6820830717226727,0.6434446921949615,0.7545697575853751,0.872226974923862,1.9718569483281856,54.11627730302287,24.81080483541989,0.11153830368395506,100.0
-0.175,0.55,86.382195689338,0.7538530592446762,-0.6827999831120763,0.6184218094597753,0.7538511729961016,1.0272082033298346,1.901265195666716,54.107784978001035,24.546336069711987,0.0,100.0
-0.225,1.4,86.38292751503506,0.753121233547617,-0.6835318088091356,0.2765475230162764,0.7531198769106993,1.2394465511948027,2.2310809912067695,54.17519985995345,25.252915079016546,0.0,100.0
-0.225,0.575,86.3830589276327,0.7529898209499777,-0.6836632214067748,0.6127347354049277,0.7529878666591714,1.036205644781944,1.8977716454887912,54.10849906292468,24.545133362380543,0.0,100.0
1.0,0.3,86.38333358816216,0.7527151604205216,-0.683937881936231,0.6313208125964564,0.752715085050724,0.884010232559703,1.976296271062857,54.120694590232446,24.866782571007114,0.10351550098832307,100.0
-0.3,1.425,86.38351549264033,0.7525332559423532,-0.6841197864143993,0.26692411627611534,0.7525317992762013,1.2333998107218633,2.2316135375795967,54.17535684189341,25.240544647169592,0.0,100.0
1.075,0.475,86.38438638145406,0.7516623671286169,-0.6849906752281356,0.5712851713094551,0.7516625044126528,0.956213852809185,2.0040171972510987,54.137496609292334,25.051780887930224,0.0,100.0
0.65,0.95,86.38462001642226,0.75142873216042,-0.6852243101963325,0.42046117672219907,0.7514284577076211,1.1489824637995554,2.1238651367879813,54.1623919463509,25.263672963137164,0.0,100.0
-0.125,0.525,86.38463086192328,0.7514178866593966,-0.6852351556973559,0.6209628380218959,0.7514160684556884,1.0149119701293756,1.9044743179340835,54.10706942331967,24.547571093173158,0.0,100.0
0.5,0.3,86.38641170180146,0.749637046781217,-0.6870159955755355,0.6304014625980727,0.7496361411866473,0.8808758105394503,1.9493244389770736,54.10582141876089,24.638285735876448,0.04981697092600673,100.0
0.4,0.325,86.38711475747888,0.7489339911037973,-0.6877190512529552,0.6240554725499976,0.7489329323937113,0.9023622554954187,1.9427806193023194,54.10505203299379,24.614273115154454,0.0065064508730968695,100.0
1.075,0.375,86.38714682950304,0.7489019190796427,-0.6877511232771099,0.6014998270275527,0.7489020063766503,0.9125764687321549,1.987154024232053,54.129361800793085,24.965995202148807,0.04138734437794056,100.0
-0.275,0.6,86.38721979785639,0.748828950726292,-0.6878240916304605,0.6039018285724609,0.7488269285606635,1.0418811932010357,1.8940129536300623,54.10921174661025,24.543958609372577,0.0,100.0
0.75,0.875,86.38780704186314,0.7482417067195399,-0.6884113356372126,0.44045949993252975,0.748241545713455,1.1171560292590073,2.1021276344289954,54.159306434169714,25.245085479577188,0.0,100.0
-0.025,1.325,86.38802635312354,0.7480223954591452,-0.6886306468976073,0.3056877048403521,0.7480212982331494,1.238800561050411,2.221974976219108,54.17414237759742,25.27882071776222,0.0,100.0
1.0,0.625,86.38827170701637,0.7477770415663088,-0.6888760007904438,0.5194867382404453,0.7477771369210956,1.014244977555279,2.0358701960108174,54.14702453420427,25.145628872530317,0.0,100.0
0.625,0.275,86.38909949086701,0.74694925771567,-0.6897037846410825,0.6382867505485876,0.7469485470591536,0.8499376020808427,1.9563903404648106,54.10733734421899,24.67376190311751,0.08728634644623456,100.0
-0.15,1.375,86.3896206008906,0.746428147692086,-0.6902248946646665,0.2803697737618478,0.7464268908040907,1.2368634284038649,2.229477710388812,54.17501361644817,25.265306050863114,0.0,100.0
-0.075,0.5,86.39034987910158,0.7456988694811031,-0.6909541728756494,0.6174624682887355,0.7456971193660735,0.9993255414701849,1.9073966577232342,54.10635145581574,24.54883592315371,0.0,100.0
0.1,0.425,86.39144194138805,0.7446068071946286,-0.6920462351621239,0.6142808636236339,0.7446053047227934,0.9623450259914108,1.9205127484495772,54.104953632025776,24.5638816761056,0.0,100.0
0.95,0.275,86.39229614427066,0.7437526043120215,-0.692900438044731,0.6322381454269674,0.7437524326935033,0.8624542302342348,1.971926970263851,54.117012942199494,24.822336064152196,0.11355930012043175,100.0
1.05,0.55,86.39248855655225,0.7435601920304293,-0.6930928503263232,0.539318710665043,0.7435603291349793,0.9786926618809133,2.0187734841888583,54.14263334387525,25.104469281075257,0.0,100.0
0.425,1.1,86.39290381707144,0.7431449315112388,-0.6935081108455137,0.3669190142427965,0.7431443931193883,1.1913494049051536,2.167054976568487,54.167957657142836,25.289748552218832,0.0,100.0
1.05,0.325,86.3955291127608,0.7405196358218831,-0.6961334065348694,0.6102529031752084,0.7405196576664309,0.8832353058560045,1.9795650508007558,54.12433799643481,24.91141095606949,0.0934717018562144,100.0
1.075,0.5,86.39655306524637,0.7394956833363153,-0.6971573590204372,0.5513775462741961,0.7394958342255251,0.9540100947800738,2.008271453437555,54.13942772930729,25.073202926681013,0.0,100.0
-0.025,0.475,86.39935678083121,0.7366919677514687,-0.6999610746052838,0.6085198594054333,0.7366902858965204,0.9804263889386817,1.9100600964227685,54.10563371979256,24.550129868660928,0.0,100.0
0.2,1.225,86.39998032222171,0.7360684263609727,-0.7005846159957798,0.3243263303897095,0.736067614880153,1.2156572401577534,2.2004238214742036,54.17184588253719,25.294801484766875,0.0,100.0
1.075,0.35,86.40077328949391,0.7352754590887685,-0.701377583267984,0.5965349505996329,0.735275534204419,0.8885072120263686,1.9828582642143031,54.12721770214248,24.94451065491467,0.07173456944794027,100.0
0.725,0.9,86.40114914415722,0.7348996044254648,-0.7017534379312877,0.41979925324874046,0.7348994190983404,1.1136434364303511,2.1089042247326044,54.160483805838155,25.255080745571917,0.0,100.0
0.6,0.275,86.40123343648102,0.7348153121016594,-0.7018377302550931,0.6245607064013825,0.7348145597244894,0.8438498141191246,1.9538401398454888,54.10658428800913,24.66245583282108,0.08526535000975785,100.0
0.15,1.25,86.40137896365991,0.7346697849227724,-0.7019832574339802,0.3158968002083924,0.7346689109690772,1.2187524175836302,2.2064762114572836,54.17252967447829,25.293604381770976,0.0,100.0
1.025,0.3,86.40165960821473,0.7343891403679521,-0.7022639019888004,0.6130327317941635,0.7343891067521013,0.8660786889671073,1.9757426404457532,54.121419534337505,24.878379542356264,0.10553649742479976,100.0
0.25,1.2,86.40176835073207,0.7342803978506112,-0.7023726445061413,0.32966541448840303,0.7342796488585719,1.2088856807696686,2.1940940034026033,54.171154470910984,25.296013731550516,0.0,100.0
1.025,0.6,86.40178232125906,0.7342664273236181,-0.7023866150331344,0.5143421879379702,0.7342665496692404,0.9900669728355069,2.0294376432194072,54.145746346155256,25.13574274409383,0.0,100.0
0.55,1.025,86.40231724130105,0.7337315072816324,-0.7029215350751201,0.3804421576132313,0.7337311209078109,1.158255115362664,2.1453602992246905,54.16541161122779,25.282374490616466,0.0,100.0
0.3,0.35,86.40334598854028,0.7327027600424003,-0.7039502823143522,0.6055218480598796,0.7327015482843138,0.9083107418166492,1.9341825423321244,54.104276238394974,24.590409783076502,0.0,100.0
-0.075,1.35,86.40355485454684,0.7324938940358408,-0.7041591483209118,0.27835689733640834,0.7324927359359862,1.225662904648587,2.2268157149571572,54.17479877284368,25.277703826725165,0.0,100.0
0.225,0.375,86.40365923306406,0.7323895155186193,-0.7042635268381332,0.6037622288496891,0.7323881927103798,0.92409088666966,1.928649374743568,54.104254419478856,24.577808408811297,0.0,100.0
0.625,0.975,86.40478706014284,0.7312616884398437,-0.7053913539169088,0.39325156589619326,0.731261389746922,1.1382476600476679,2.130662911110114,54.16354595758873,25.273704802452194,0.0,100.0
0.975,0.275,86.40487611402298,0.731172634559698,-0.7054804077970545,0.6193770679692534,0.7311725043803563,0.8507370606611744,1.9718178109808622,54.11774554976415,24.833881301852905,0.11558029655690849,100.0
0.475,0.3,86.40514665451995,0.7309020940627278,-0.7057509482940247,0.6113945714769784,0.7309011466818334,0.8681965326404679,1.9459403736339802,54.10506669190749,24.627049187208453,0.04283832053490488,100.0
0.1,1.275,86.40599090233837,0.730057846244307,-0.7065951961124455,0.3044602092545148,0.7300569102522815,1.2181734652136385,2.2122948446670243,54.1732095062529,25.292421066293613,0.0,100.0
0.9,0.75,86.4063717481986,0.7296770003840862,-0.7069760419726663,0.4622235470741316,0.7296770056669459,1.0477991030401341,2.0667382693067045,54.15373638847161,25.20670273357446,0.0,100.0
0.3,1.175,86.40672180859167,0.7293269399910116,-0.7073261023657409,0.3319587823396404,0.7293262527805296,1.1984360529997389,2.187517692213426,54.17045892486993,25.29724758555962,0.0,100.0
0.925,0.725,86.40724293165304,0.7288058169296363,-0.7078472254271162,0.46935017453751016,0.7288058477905451,1.0364992294731081,2.0600503624793536,54.15250997176052,25.19676433138633,0.0,100.0
0.875,0.775,86.4079494965419,0.7280992520407779,-0.7085537903159747,0.45272637089226464,0.7280992319303152,1.0565628031902463,2.0734416965855997,54.154953215582296,25.216649454573297,0.0,100.0
0.475,1.075,86.40948056719517,0.7265681813875062,-0.7100848609692463,0.3583152095604447,0.726567706697989,1.1676450919920853,2.1597110710007135,54.16724574990981,25.29107119161954,0.0,100.0
1.1,0.425,86.40998651234297,0.7260622362397129,-0.7105908061170396,0.562598706474347,0.7260623885963383,0.9096351787359112,1.9938917218561363,54.134134332058,25.020507423832658,0.0,100.0
-0.275,1.425,86.41038056519302,0.7256681833896579,-0.7109848589670946,0.23932489952815672,0.7256667665501368,1.2123529769551027,2.2345172435010636,54.175827730104444,25.25185005839434,0.0,100.0
0.95,0.7,86.41055354412632,0.7254952044563652,-0.7111578379003873,0.4740889066955134,0.7254952609854911,1.022718081117418,2.053390658858324,54.151273126470436,25.186833399038264,0.0,100.0
0.375,0.325,86.41067941754388,0.7253693310388059,-0.7112837113179467,0.6012393275402275,0.7253682304895335,0.8848609320321543,1.9387516249266168,54.104294675498004,24.60308443879728,0.0,100.0
1.1,0.4,86.41106903629353,0.724979712289155,-0.7116733300675975,0.5697595228201351,0.7249798521269184,0.8983833164781174,1.9897634566657803,54.132105446258706,24.999076881882374,0.008713771442776574,100.0
0.15,0.4,86.4116177916852,0.7244309568974785,-0.712222085459274,0.5959602983730008,0.7244295232130298,0.9322005067783437,1.9221508132330285,54.10422510615995,24.565271771957505,0.0,100.0
0.025,0.45,86.411636113073,0.7244126355096796,-0.7122404068470729,0.5967389249142769,0.7244110223693582,0.9581889328175777,1.9125074413734495,54.10491292138817,24.551455612602982,0.0,100.0
0.85,0.8,86.41197859839767,0.724070150185014,-0.7125828921717385,0.44082393807313736,0.7240701046959857,1.0627883702011474,2.0801526843136493,54.15616278034158,25.22661155067505,0.0,100.0
-0.2,1.4,86.41272563104685,0.723323117535827,-0.7133299248209255,0.24666702152768494,0.7233218006368276,1.2149755007745568,2.233531307884151,54.17565636789683,25.26422465211606,0.0,100.0
0.825,0.25,86.41273906695066,0.723309681632017,-0.7133433607247355,0.6255511075324165,0.7233092904729006,0.8231870044121905,1.9640138456564284,54.11107695637247,24.743720154294955,0.11754010994311032,100.0
0.8,0.25,86.41296881903733,0.7230799295453494,-0.7135731128114031,0.6265112577906109,0.7230794969082467,0.8209113215394552,1.9628638123790252,54.11033115772706,24.73229573430919,0.11551911350663363,100.0
0.05,1.3,86.41379437848857,0.722254370094106,-0.7143986722626465,0.28994711928132233,0.7222533726754705,1.2139442250742292,2.217894949554931,54.17388895191723,25.29126132957166,0.0,100.0
1.075,0.525,86.41384735879838,0.7222013897843027,-0.7144516525724498,0.526549911897348,0.7222015540421808,0.9465787032797834,2.0124833400431856,54.14131948813284,25.094617041580314,0.0,100.0
1.1,0.45,86.41408616001117,0.7219625885715146,-0.7146904537852379,0.5504360279202558,0.7219627535282427,0.9156500454651706,1.9980015894367387,54.13612769447965,25.041938302436336,0.0,100.0
0.85,0.25,86.4142669673836,0.7217817811990841,-0.7148712611576684,0.6229353124185053,0.7217814311830011,0.8235306054324525,1.9649635405987977,54.11182037239614,24.755159948524348,0.11956110637958706,100.0
0.35,1.15,86.41489216254591,0.7211565860367699,-0.7154964563199826,0.331171080233446,0.7211559611307081,1.1842878619665527,2.1807423940918955,54.16975847205665,25.298506794302867,0.0,100.0
0.775,0.25,86.41496877821416,0.7210799703685211,-0.7155730719882314,0.6258172360611525,0.7210794961879486,0.8166916663825106,1.9615198714532533,54.10958467287311,24.720889861046448,0.11349811707015689,100.0
0.575,0.275,86.41514139881617,0.720907349766506,-0.7157456925902466,0.6093622775902361,0.7209065556449161,0.8359914516383498,1.9510944193655362,54.105830576256395,24.65116853481649,0.08324435357328114,100.0
0.975,0.675,86.41627709302361,0.7197716555590716,-0.7168813867976809,0.4764817614036474,0.7197717380826589,1.0065216442828557,2.0467590893310725,54.1500281900431,25.176918718659245,0.0,100.0
0.7,0.925,86.41690663851148,0.7191421100712034,-0.7175109322855491,0.3968648130816348,0.7191419000903778,1.1076054838513585,2.1156784873979686,54.161646619627945,25.265078724232907,0.0,100.0
1.1,0.375,86.41731558173049,0.7187331668521892,-0.7179198755045633,0.5719273267701084,0.7187332945335981,0.8819082375535032,1.9856550095637548,54.13003105955706,24.97762742541563,0.03906099651277628,100.0
0.875,0.25,86.41755573548294,0.7184930130997458,-0.7181600292570067,0.6187050567488797,0.7184927042827696,0.8219409670491871,1.965722006403739,54.11256310262623,24.766618235666183,0.12158210281606374,100.0
1.05,0.575,86.41776716074251,0.7182815878401669,-0.7183714545165856,0.5068099977101355,0.7182817374487172,0.9633134850193414,2.0230236327872726,54.14445815814373,25.125866158319614,0.0,100.0
0.825,0.825,86.41846396902865,0.7175847795540307,-0.7190682628027218,0.42653290113997855,0.7175847088376173,1.0665134940241785,2.086897276804434,54.157358475116844,25.236575243972215,0.0,100.0
0.75,0.25,86.41873602819535,0.7173127203873264,-0.7193403219694261,0.6234670486228424,0.7173122046102804,0.8105389013538229,1.9599857177626552,54.108837363321456,24.709502303725632,0.1114771206336802,100.0
1.0,0.275,86.4192251062561,0.7168236423265739,-0.7198294000301786,0.6048628301648336,0.7168235535773106,0.8370755237401966,1.9715218810876853,54.11847612402135,24.845442366810648,0.11760129299338518,100.0
1.075,0.325,86.41956676081698,0.7164819877657038,-0.7201710545910487,0.5865476909837355,0.7164820505357937,0.8591342554839798,1.9785123425786784,54.12504647913325,24.923043110503304,0.0927724442254588,100.0
1.05,0.3,86.4217469010162,0.7143018475664746,-0.7223511947902779,0.5930947575741214,0.7143018557338621,0.8462267477378589,1.9750110910189533,54.12214134787569,24.889990225497392,0.1075574938612765,100.0
-0.125,1.375,86.42226934883162,0.7137793997510613,-0.7228736426056912,0.24829005718976305,0.7137781814540773,1.2089803463355224,2.231410628406097,54.17545245455189,25.276607634208567,0.0,100.0
0.9,0.25,86.42258923802929,0.7134595105533919,-0.7231935318033607,0.6129438940790379,0.7134592431026135,0.8184049718376798,1.966284837966722,54.11330509243579,24.778094888406244,0.12360309925254043,100.0
1.1,0.475,86.42334345164038,0.7127052969423033,-0.7239477454144492,0.5333602967826465,0.7127054748679456,0.916409475362201,2.0020929003141323,54.13807764309095,25.063355620388045,0.0,100.0
0.725,0.25,86.42426989169478,0.7117788568879035,-0.724874185468849,0.6164559087149257,0.711778299482188,0.8024629508945935,1.9582629102663336,54.10808940874231,24.69813342195524,0.10945612419720352,100.0
1.0,0.65,86.42442550394018,0.7116232446424959,-0.7250297977142566,0.47652720389343983,0.711623353666863,0.9878312821599167,2.0402066462623636,54.14877545568586,25.167022066188167,0.0,100.0
0.0,1.325,86.42482939469636,0.711219353886321,-0.7254336884704315,0.27057917883082894,0.711218295418476,1.206022427810538,2.2232368512551868,54.17456288894136,25.290128269645916,0.0,100.0
0.45,0.3,86.4256567593658,0.7103919892168875,-0.726261053139865,0.5909149803776614,0.7103910000241911,0.8537457945182183,1.9423583301103615,54.10431094539364,24.615830824025743,0.03585967014380306,100.0
-0.2,0.55,86.4261130945005,0.7099356540821873,-0.7267173882745652,0.5787986377623753,0.7099337257950851,0.9893830250289568,1.893970226284832,54.107013861121835,24.53532646919499,0.0,100.0
0.4,1.125,86.42628454959289,0.709764198989788,-0.7268888433669645,0.3272734003854225,0.7097636369074763,1.1664352556397546,2.173723919985531,54.16905561122805,25.299796484364894,0.0,100.0
0.075,0.425,86.42722389564535,0.708824852937326,-0.7278281894194265,0.5821181962874675,0.7088233085425998,0.9326385364780805,1.9146769584242362,54.104187525354995,24.55280461653508,0.0,100.0
-0.15,0.525,86.42727427281147,0.7087744757712073,-0.7278785665855452,0.5825153970028367,0.708772615619327,0.9783476874476946,1.897438433086644,54.10629839299899,24.536549825804027,0.0,100.0
0.6,1.0,86.42732084784136,0.708727900741323,-0.7279251416154295,0.3637894507275661,0.7087275783801033,1.124968261563012,2.137514502513483,54.16468547775385,25.28373636023586,0.0,100.0
0.8,0.85,86.42738044838667,0.7086683001960097,-0.7279847421607428,0.40999847486081364,0.7086682045486498,1.0676983999389904,2.093662563438226,54.15854619574612,25.246542942342558,0.0,100.0
-0.25,0.575,86.4282536221696,0.7077951264130746,-0.7288579159436779,0.5719357949826218,0.7077931300320784,0.9971106612423455,1.8902181195092171,54.1077276730842,24.534133960720858,0.0,100.0
1.1,0.35,86.42876023934997,0.7072885092327112,-0.7293645331240413,0.5690693741163102,0.7072886249111775,0.8601557832727451,1.9815168611041418,54.12790917580631,24.95615734373903,0.06940822158277599,100.0
0.525,1.05,86.42925557711584,0.7067931714668418,-0.7298598708899107,0.3466950508416602,0.7067927610802229,1.1402378887475777,2.152180765784049,54.16653085598639,25.292413737138183,0.0,100.0
0.925,0.25,86.42939350466378,0.7066552439189024,-0.7299977984378501,0.6055279924873815,0.7066550178215124,0.8129228167884719,1.9666588951855057,54.114045248925045,24.789587856005895,0.12562409568901717,100.0
0.55,0.275,86.43082413145812,0.7052246171245571,-0.7314284252321954,0.5926918893762689,0.7052237812322005,0.8263621379680757,1.9481517469864116,54.105076850158774,24.639901229303895,0.0791701901967129,100.0
0.7,0.25,86.43157731784133,0.70447143074135,-0.7321816116154025,0.6065386847721186,0.7044708316646193,0.7924366760286858,1.9563451223746402,54.107340698671635,24.686783036467332,0.10743512776072678,100.0
-0.1,0.5,86.43171849116986,0.7043302574128205,-0.732322784943932,0.5812380353177105,0.7043284653431925,0.964036988427182,1.900619078545916,54.10558097281333,24.537802991608466,0.0,100.0
0.275,0.35,86.43173926108969,0.704309487492992,-0.7323435548637605,0.578896360126862,0.7043082338530013,0.8859869967940739,1.929503757504155,54.10351719405415,24.579268881914988,0.0,100.0
-0.3,0.6,86.4336822728251,0.7023664757575858,-0.7342865665991667,0.561927119864265,0.7023644115662051,1.0015090926830794,1.8862175199601265,54.10844116274352,24.53297147097613,0.0,100.0
1.025,0.625,86.43503625652897,0.7010124920537066,-0.7356405503030459,0.4741887414449195,0.7010126276807312,0.9665801073601017,2.033697079798612,54.14751560520772,25.157138769582176,0.0,100.0
0.675,0.95,86.43504881680632,0.7009999317763658,-0.7356531105803867,0.3716098893407178,0.7009996974605202,1.099061561342154,2.122535396145195,54.16280249501525,25.275093077721344,0.0,100.0
0.2,0.375,86.43510663216564,0.7009421164170391,-0.7357109259397134,0.5747999229379559,0.7009407517077222,0.8987157912799404,1.9235204917535391,54.1034926606168,24.566693765440967,0.0,100.0
1.025,0.275,86.43534058076312,0.7007081678195561,-0.7359448745371964,0.588702993840954,0.7007081205060871,0.8214701686019197,1.9710405428775994,54.119205365961264,24.857020529091407,0.11962228942986186,100.0
0.35,0.325,86.43601864414029,0.7000301044423907,-0.7366229379143618,0.5769504639487053,0.7000289620328715,0.8655880924918762,1.9345232644175316,54.10353657911199,24.591913428614912,0.0,100.0
1.075,0.55,86.43622543886963,0.6998233097130537,-0.7368297326436988,0.496901359881889,0.6998234868709687,0.9340136003377495,2.016640723680398,54.143162721232365,25.116007959855963,0.0,100.0
1.1,0.5,86.43768478452934,0.6983639640533426,-0.73828907830341,0.5113828678407089,0.6983641555454454,0.9119337805823307,2.006239818590221,54.13998944703289,25.084768112367893,0.0,100.0
0.95,0.25,86.4379681364131,0.6980806121695764,-0.7385724301871761,0.596457379247525,0.6980804274152632,0.8054946725065406,1.9668434721365444,54.114783857390115,24.801097638499556,0.12764509212549385,100.0
0.775,0.875,86.43871527960708,0.6973334689756001,-0.7393195733811524,0.3912105052734063,0.6973333486159305,1.0663709643824575,2.10046007366689,54.159726333404315,25.256522720062183,0.0,100.0
-0.25,1.425,86.43894451816927,0.6971042304134158,-0.7395488119433367,0.21030333922074362,0.6971028532569562,1.189412275578448,2.2372222866419316,54.17628780242772,25.263153803089132,0.0,100.0
-0.05,1.35,86.43909534015681,0.6969534084258697,-0.7396996339308828,0.24414023314707833,0.6969522892104806,1.194415868240199,2.2283093793768987,54.17522495116794,25.2890105782685,0.0,100.0
-0.05,0.475,86.4394616085366,0.696587140046077,-0.7400659023106755,0.5731574786445606,0.696585416129426,0.9464171446457783,1.903516461551705,54.10486302652979,24.53908652914151,0.0,100.0
0.675,0.25,86.44065888627179,0.6953898623108898,-0.7412631800458627,0.5951489104482164,0.6953892215391108,0.7882505081889377,1.954232418113734,54.10658958853016,24.6754481159746,0.1054141313242501,100.0
0.45,1.1,86.44085105528411,0.6951976932985673,-0.7414553490581852,0.3203456440110841,0.6951971948479724,1.1448987986849772,2.166507517079395,54.168348260968074,25.301112399369632,0.0,100.0
0.225,1.225,86.44340454409479,0.6926442044878911,-0.7440088378688614,0.28199584004558176,0.6926434324996193,1.175042081514519,2.2006676113073573,54.17224433829327,25.30613521640776,0.0,100.0
0.175,1.25,86.44354505008178,0.6925036985009001,-0.7441493438558524,0.2747179838668501,0.6925028640183427,1.1796688117210437,2.2069408926585368,54.17292928926218,25.30493110204223,0.0,100.0
1.075,0.3,86.44358265109767,0.6924660974850099,-0.7441869448717426,0.5715141419722158,0.6924661475504706,0.8244504942731226,1.9741178818748992,54.122859670685465,24.901613933096662,0.10679517898669691,100.0
-0.175,1.4,86.44417168454977,0.6918770640329086,-0.7447759783238439,0.21545722944971146,0.6918757861950467,1.1886225848032836,2.235734583310484,54.1761001804773,25.275529193964523,0.0,100.0
1.125,0.4,86.44516792376739,0.6908808248152951,-0.7457722175414574,0.5364475402000863,0.6908810051761549,0.8635198652598746,1.988008188150771,54.13273441024103,25.01068060483419,0.0063874235776122945,100.0
1.1,0.325,86.44535399534247,0.6906947532402086,-0.7459582891165439,0.5611959798908401,0.6906948568967664,0.8331030387055023,1.9772874765453883,54.12574961938026,24.93468481152645,0.08947051193526231,100.0
0.125,0.4,86.44611988514772,0.6899288634349574,-0.7467241789217951,0.5646614070687548,0.6899273878295645,0.9037735966249016,1.9165690091012644,54.10346013730783,24.554184101704905,0.0,100.0
1.125,0.425,86.44628429947375,0.6897644491089352,-0.7468885932478173,0.527189740746195,0.6897646419870995,0.8725019233155535,1.9920285655875705,54.13474895637833,25.03211078350754,0.0,100.0
0.275,1.2,86.44643306788697,0.6896156806957094,-0.7470373616610431,0.2861712102980647,0.6896149709681054,1.166725357432398,2.194128079767788,54.17155028615648,25.307352425289167,0.0,100.0
0.125,1.275,86.44691131323066,0.6891374353520234,-0.7475156070047291,0.2644278358686023,0.6891365387349111,1.1806045314165345,2.212955378841093,54.17361184347986,25.303739945887074,0.0,100.0
0.425,0.3,86.44794193299057,0.6881068155921071,-0.7485462267646454,0.5689626724818595,0.6881057845634814,0.8375234851420856,1.9385782174547428,54.10355453935025,24.60463134336627,0.028881019752701215,100.0
1.05,0.6,86.44811212031333,0.6879366282693553,-0.7487164140873972,0.4694542859653268,0.6879367907794546,0.9427659245437638,2.0272079764756317,54.14624740990022,25.147262223676506,0.0,100.0
0.525,0.275,86.44828183877384,0.6877669098088433,-0.7488861325479093,0.5745488153495444,0.6877660321192536,0.8149616869760479,1.9450120375976077,54.10432289509167,24.628653543790293,0.07219153980561105,100.0
0.975,0.25,86.44830009181459,0.6877486567680933,-0.7489043855886592,0.5857320742494778,0.6877485134098464,0.7961206717439211,1.9668579771998955,54.115520338733894,24.812623140180282,0.1296660885619706,100.0
1.125,0.375,86.44922603814233,0.686822710440353,-0.7498303319163995,0.5407142508173735,0.6868228784698118,0.8493172298515219,1.9839825990835334,54.13068927135659,24.989258616696784,0.036734648647612,100.0
0.0,0.45,86.45046790585168,0.6855808427309995,-0.751072199625753,0.5622405455283257,0.6855791874814259,0.9254596096204324,1.9062093044251456,54.10414384342998,24.540403088852923,0.0,100.0
0.65,0.25,86.45151504031843,0.6845337082642544,-0.7521193340924981,0.5822865829130137,0.6845330257709265,0.7834406414210235,1.951924443110804,54.10583784676699,24.66413197439143,0.10339313488777338,100.0
0.575,1.025,86.45227355594278,0.6837751926398994,-0.7528778497168531,0.33198106551522244,0.6837748468884485,1.109144467295053,2.1444124841225825,54.16581031017694,25.29377097040098,0.0,100.0
0.75,0.9,86.45243871587284,0.6836100327098364,-0.7530430096469161,0.37014853048972896,0.6836098875753465,1.062511094130116,2.107301556386129,54.16089734980883,25.266510906440995,0.0,100.0
1.125,0.45,86.45258441370237,0.6834643348803127,-0.7531887074764398,0.5129477783010401,0.6834645403975145,0.8762242532114328,1.996023734477312,54.13671788161041,25.053522906813466,0.0,100.0
0.325,1.175,86.4526330352334,0.6834157133492766,-0.7532373290074759,0.2873167985209619,0.6834150655619282,1.1547297026042145,2.1873500703960733,54.170852545921086,25.308594566060314,0.0,100.0
1.05,0.275,86.45318728415089,0.6828614644317952,-0.7537915779249573,0.5708934710023499,0.682861458794082,0.8039219965216944,1.9704263276156848,54.11993245115814,24.868614242019916,0.1216432858663386,100.0
0.075,1.3,86.4534670329216,0.6825817156610867,-0.7540713266956658,0.2510848142582489,0.682580757487122,1.1778503467913026,2.2187575786259757,54.17429349276232,25.30257094348614,0.0,100.0
0.65,0.975,86.45556956712402,0.680479181458665,-0.7561738608980875,0.3440383249937895,0.6804789233384071,1.0879715029404622,2.1294467198291263,54.16395049103472,25.285119816645917,0.0,100.0
-0.1,1.375,86.45656712262601,0.6794816259566687,-0.7571714164000838,0.21493338210201784,0.6794804463938903,1.1792238008641647,2.2331336845219845,54.175880746706156,25.287907854541903,0.0,100.0
0.925,0.75,86.456854523084,0.6791942254986765,-0.757458816858076,0.4133414086461471,0.6791942715782738,0.9968158706712131,2.0647075665703096,54.15418248010879,25.218182202217577,0.0,100.0
1.1,0.525,86.45714491729952,0.678903831283165,-0.7577492110735875,0.48457617893625127,0.678904035942233,0.9022291820340058,2.010310934576997,54.14185730160483,25.106164349362423,0.0,100.0
0.95,0.725,86.45729049044081,0.678758258141869,-0.7578947842148835,0.4208957356760834,0.6787583299525949,0.985859480135872,2.0579832242885367,54.15296414028466,25.208251172093938,0.0,100.0
1.125,0.35,86.45845138676208,0.6775973618206024,-0.7590556805361501,0.5399682818819826,0.6775975178628869,0.8298754265409087,1.979982597547625,54.1285886452696,24.967801273818026,0.0670818737176117,100.0
0.5,1.075,86.45861333092122,0.6774354176614565,-0.759217624695296,0.3106481224447748,0.6774349834553817,1.1196811037537344,2.1590180901092957,54.1676360002374,25.302443626073906,0.0,100.0
0.9,0.775,86.45885387021427,0.677194878368411,-0.7594581639883415,0.40340176014490225,0.6771948989292553,1.005252850955003,2.0714377382133753,54.15539316180763,25.228122411709393,0.0,100.0
1.135,0.4,86.45929057221932,0.6767581763633643,-0.7598948659933882,0.5226671747266494,0.6767583729717217,0.8490489680592077,1.98726464444468,54.13298458095338,25.015324867409355,0.0054568844315465714,100.0
0.975,0.7,86.46018427938307,0.6758644691996096,-0.7607885731571429,0.4260687907820824,0.6758645668277439,0.972363600874246,2.0512754586001956,54.15173797927004,25.19833236565667,0.0,100.0
1.0,0.25,86.46038632151705,0.6756624270656317,-0.7609906152911208,0.5733521343690029,0.6756623251573558,0.7848017022862166,1.9667053516611859,54.11625444919925,24.824163884859374,0.13168708499844728,100.0
1.135,0.425,86.46128924750325,0.6747595010794356,-0.7618935412773169,0.5125681653306344,0.6747597101634597,0.8571124089608873,1.991237486396369,54.13499001186142,25.036748694518355,0.0,100.0
0.25,0.35,86.46190810228688,0.6741406462957968,-0.7625123960609557,0.5507980590482617,0.6741393507482144,0.8618914027566547,1.9246249608909156,54.102756904232564,24.56814587037418,0.0,100.0
0.375,1.15,86.46198362528561,0.6740651232970691,-0.7625879190596834,0.2853637176352777,0.6740645384183438,1.1390535212781572,2.1804677239366885,54.17014934571734,25.30986246354862,0.0,100.0
1.135,0.375,86.46247384774955,0.6735749008331311,-0.7630781415236214,0.5277698636109704,0.6735750850157359,0.8357477325461957,1.9832717649967526,54.13094691335607,24.99390611853496,0.03580410950154628,100.0
0.325,0.325,86.46313219986865,0.6729165487140278,-0.7637364936427247,0.5511888768585465,0.6729153644256428,0.8445436221676772,1.9300952474423718,54.10277834966368,24.580761388938104,0.0,100.0
0.025,1.325,86.46327157677895,0.6727771718037303,-0.7638758705530222,0.23408118927433463,0.6727761523364194,1.171409127318384,2.2243024936862614,54.1749699488512,25.301429604227696,0.0,100.0
0.875,0.8,86.46330920279279,0.672739545789895,-0.7639134965668575,0.39107668304012577,0.6727395409760248,1.0111707669829997,2.0781978776165113,54.15659401148144,25.238073375007477,0.0,100.0
1.075,0.575,86.46365676518226,0.6723919834004164,-0.7642610589563361,0.4623479073270005,0.6723921730721827,0.9163829478800096,2.0207622815157333,54.144968324604754,25.13739541028037,0.0,100.0
1.125,0.475,86.46401369645214,0.6720350521305392,-0.7646179902262134,0.4938273806683213,0.672035270863924,0.87470671787284,2.000025900349362,54.13864776405298,25.074929430546536,0.0,100.0
0.625,0.25,86.4641457820027,0.6719029665799781,-0.7647500757767745,0.5679516746498194,0.6719022423352896,0.7768605081330264,1.9494206952485067,54.10508518419503,24.652834099571894,0.10137213845129667,100.0
0.05,0.425,86.46478128541652,0.6712674631661599,-0.7653855791905926,0.5484828355015026,0.6712658768127255,0.9011618056189974,1.908639041192323,54.103420720025746,24.54174606382501,0.0,100.0
1.0,0.675,86.46551972161313,0.6705290269695467,-0.7661240153872058,0.4288649035991057,0.6705291505103332,0.9563843626914235,2.0445920293442015,54.150498323304824,25.188420683995005,0.0,100.0
1.1,0.3,86.46713811150978,0.6689106370728979,-0.7677424052838546,0.5482853785744766,0.6689107282848823,0.8007447888005714,1.973030654688344,54.123572482786045,24.913246916202816,0.10349324669650042,100.0
0.5,0.275,86.46751284497022,0.6685359036124652,-0.7681171387442873,0.5549330493346929,0.668534984111983,0.8017899129091859,1.9416770229369624,54.103568018697175,24.61742421510098,0.0652128894145092,100.0
-0.3,1.45,86.46831287010706,0.6677358784756251,-0.7689171638811274,0.1712062328402908,0.6677344416665107,1.160182896993959,2.240601554374818,54.17691504040921,25.262109598902978,0.0,100.0
0.175,0.375,86.46832969099628,0.667719057586396,-0.7689339847703565,0.5443648026630541,0.6677176509502146,0.8715687749400445,1.9181909208831893,54.102729746538714,24.55559721585662,0.0,100.0
1.135,0.45,86.46846735921147,0.6675813893712075,-0.769071652985545,0.4975006011662515,0.6675816111347729,0.8599198226690419,1.9951872358155507,54.13695056576608,25.05815588027049,0.0,100.0
0.725,0.925,86.46854588286394,0.6675028657187454,-0.7691501766380071,0.34684490255132516,0.6675026962290843,1.0561545497169362,2.114207930749003,54.16205539842268,25.276506676717787,0.0,100.0
-0.225,1.425,86.46914487504665,0.6669038735360289,-0.7697491688207236,0.1799867344677466,0.6669025355532113,1.1645898037338611,2.2396692811118957,54.17673649211368,25.274454798584113,0.0,100.0
0.85,0.825,86.47022058081734,0.6658281677653406,-0.7708248745914119,0.3764270324377179,0.6658281377799653,1.0145487587263347,2.0849818747851514,54.15778425909422,25.2480320766629,0.0,100.0
1.135,0.35,86.47081565030581,0.6652330982768717,-0.7714199440798808,0.5278682185320491,0.6652332704825568,0.8172237021151147,1.9793158298452902,54.12885684380941,24.9724576482501,0.06615133457154598,100.0
-0.175,0.525,86.47168964667316,0.6643591019095254,-0.7722939404472271,0.5424099591740799,0.6643571996966443,0.9400277918041695,1.8901972366349717,54.105527107828664,24.5255484499872,0.0,100.0
-0.225,0.55,86.47180473881737,0.6642440097653122,-0.7724090325914403,0.5375174372575202,0.664242039375759,0.9497928649184502,1.8864707623902173,54.1062426706229,24.524336629206246,0.0,100.0
0.4,0.3,86.47200241965712,0.6640463289255649,-0.7726067134311876,0.5455376466679809,0.6640452560354589,0.81952956069739,1.9345995642226903,54.10279735738481,24.593450554590284,0.021902369361599394,100.0
1.075,0.275,86.4727863460447,0.6632624025379812,-0.7733906398187713,0.5514335096664382,0.6632624386677349,0.784454483242186,1.9696479025400695,54.120656290114674,24.88022146535586,0.12081791374793499,100.0
1.125,0.325,86.47286862426135,0.6631801243213289,-0.7734729180354236,0.5341990484868688,0.6631802685361038,0.8051414353448934,1.9758906034125934,54.12644824588173,24.94633756049895,0.08616857964506594,100.0
1.025,0.65,86.47328010819572,0.6627686403869575,-0.773884401969795,0.4292828188747677,0.6627687900416447,0.9379716445243247,2.037946994869198,54.14924958520447,25.178524116417762,0.0,100.0
0.85,0.225,86.47421611890293,0.6618326296797505,-0.774820412677002,0.5737785747875108,0.6618322670009207,0.751859009022624,1.959262698085987,54.109578231218535,24.734073622406793,0.13364689838464916,100.0
1.025,0.25,86.47424182839558,0.6618069201871037,-0.7748461221696488,0.5593180138591549,0.6618068597204797,0.7715380555142133,1.9663666705794607,54.116985207336484,24.835718032605865,0.13370808143492396,100.0
0.425,1.125,86.47457650269878,0.6614722458838997,-0.7751807964728528,0.2803059550836906,0.6614717242316829,1.1196692022311225,2.1733016976799684,54.16944462963748,25.311161040208656,0.0,100.0
-0.125,0.5,86.47486239778614,0.661186350796541,-0.7754666915602115,0.5435408023308526,0.6611845167338999,0.9269787089970691,1.8936383152421272,54.10481040456145,24.5267901467571,0.0,100.0
0.825,0.225,86.47494304382215,0.66110570476053,-0.7755473375962225,0.5742565593078695,0.6611053006441153,0.7491864678376601,1.9581606416161619,54.10883197282556,24.722655736255362,0.13162590194817242,100.0
-0.275,0.575,86.47522386823263,0.6608248803500487,-0.7758281620067038,0.5294788231695833,0.6608228418510663,0.9562441540070807,1.8824609934004013,54.10695650364926,24.52315425500822,0.0,100.0
0.875,0.225,86.47524871670227,0.660800031880413,-0.7758530104763395,0.5716447698690104,0.6607997103641253,0.7526011198137894,1.9601671570346793,54.11032239738126,24.74550743400086,0.13566789482112585,100.0
-0.025,1.35,86.47630377674275,0.6597449718399275,-0.776908070516825,0.20850282090292183,0.6597438914810454,1.16130412079076,2.229609719314811,54.17563740199124,25.30030796028045,0.0,100.0
-0.15,1.4,86.47723757715549,0.6588111714271889,-0.7778418709295636,0.18296597368117773,0.6588099320813541,1.1603947082506636,2.237679515827411,54.1765324960781,25.286830141659923,0.0,100.0
0.8,0.225,86.47743770613583,0.6586110424468501,-0.7780419999099024,0.5730803920158678,0.6586105967365882,0.7445676447592007,1.9568615324518013,54.10808497533625,24.711256312411052,0.12960490551169573,100.0
0.9,0.225,86.47804781636616,0.6580009322165239,-0.7786521101402286,0.5678698933763968,0.658000651879928,0.7514105120917236,1.9608829774918093,54.11106488108186,24.756957904172193,0.13768889125760253,100.0
0.625,1.0,86.47852003804829,0.6575287105343932,-0.7791243318223593,0.3141765571172783,0.6575284288039427,1.0743360843033969,2.136360650850272,54.16508320774062,25.29514467032698,0.0,100.0
0.6,0.25,86.47854974862173,0.65749899996095,-0.7791540423958025,0.5521441493163337,0.6574982339477401,0.7685096350611218,1.9467231201824682,54.10433166186256,24.641554631216028,0.09935114201481995,100.0
0.825,0.85,86.47951628091766,0.6565324676650164,-0.7801205746917361,0.3595908862159689,0.656532412848378,1.0153849469781164,2.091815548410523,54.15896583320239,25.257991008195564,0.0,100.0
0.55,1.05,86.47962679687791,0.6564219517047718,-0.7802310906519807,0.2978809223227188,0.6564215820126066,1.0907778983248164,2.1512885279927083,54.16692109570409,25.30379930834099,0.0,100.0
1.125,0.5,86.48053100308547,0.6555177454972068,-0.7811352968595457,0.4698269141836988,0.6555179775747689,0.8679604704067998,2.004033639324594,54.14054213968505,25.096335723252036,0.0,100.0
1.135,0.475,86.48076606392384,0.6552826846588431,-0.7813703576979094,0.4775571437555044,0.6552829197265708,0.8574971314966575,1.9991528797268372,54.13887336365363,25.07955980070144,0.0,100.0
1.15,0.4,86.48099478181187,0.655053966770808,-0.7815990755859445,0.5015055503070158,0.6550541877167178,0.8267676929828269,1.9860987613624432,54.13335765694788,25.022293010554456,0.004061075712448015,100.0
-0.075,0.475,86.48132658690571,0.6547221616769718,-0.7819308806797807,0.5363226382139175,0.6547203957809387,0.9106358145413367,1.8967927589446365,54.10409158559658,24.528062138481044,0.0,100.0
1.1,0.55,86.48167387401998,0.6543748745627056,-0.7822781677940469,0.4528712738316756,0.6543750916833602,0.887429928325048,2.014343931358679,54.14367975136143,25.127543002283563,0.0,100.0
0.775,0.225,86.48169934518391,0.6543494033987685,-0.782303638957984,0.5687486418179759,0.6543489160450605,0.7380217138450433,1.9553727225318973,54.107337477797294,24.69987582087562,0.127583909075219,100.0
0.1,0.4,86.48239772773469,0.6536510208479882,-0.7830020215087643,0.5318898913258465,0.6536495032971998,0.8735744817098094,1.910785887568077,54.10269488458116,24.54311619047503,0.0,100.0
0.925,0.225,86.48259799602846,0.653450752554221,-0.7832022898025315,0.5625407626234278,0.6534505135204938,0.7482735175849342,1.961401694889868,54.11180665714689,24.768426814792857,0.13970988769407927,100.0
1.15,0.375,86.48285873291597,0.6531900156667092,-0.7834630266900433,0.5078613848308464,0.6531902241529792,0.8148245827842544,1.982169511826089,54.13132832395154,25.000873860632563,0.03440830078244772,100.0
1.05,0.625,86.48347971653331,0.6525690320493709,-0.7840840103073816,0.42729805539636345,0.6525692081137435,0.91707427699059,2.0313781073508816,54.14799480740295,25.168645571918155,0.0,100.0
1.15,0.425,86.48431462153422,0.6517341270484565,-0.784918915308296,0.4901454137080634,0.6517343604617623,0.8334537381466305,1.990005816626604,54.135347881520076,25.043704486416676,0.0,100.0
1.135,0.325,86.48435347376261,0.6516952748200708,-0.7849577675366817,0.5229398558584251,0.6516954352815503,0.7934163412540585,1.9752948123245648,54.12672541515592,24.95099987659259,0.08484780672898737,100.0
0.7,0.95,86.48708168734508,0.6489670612375988,-0.7876859811191537,0.32121154871573765,0.6489668676404449,1.0472540461972812,2.121132411268083,54.163205726858614,25.286518516237805,0.0,100.0
0.2,1.25,86.48738711565518,0.6486616329274995,-0.787991409429253,0.2319692517543217,0.6486608379676454,1.1387119837411035,2.2072238969101927,54.1733214848385,25.31626162402656,0.0,100.0
0.75,0.225,86.48772843234869,0.6483203162339919,-0.7883327261227606,0.5596952888166129,0.6483197872118864,0.7295461944744943,1.9536956974304118,54.1065893185913,24.688513987833446,0.1255629126387423,100.0
0.25,1.225,86.48848036077422,0.6475683878084624,-0.7890846545482901,0.2380791028296727,0.6475676555599449,1.1325498965721152,2.200762246479424,54.17263518893109,25.31747373562384,0.0,100.0
0.475,0.275,86.48851879928652,0.6475299492961568,-0.7891230930605957,0.5338445802913583,0.6475289879605555,0.7868467031355806,1.938144576502219,54.10281240716275,24.606213616345222,0.05823423902340735,100.0
0.95,0.225,86.48890775859293,0.6471409899897509,-0.7895120523670016,0.5556061155986498,0.64714079232335,0.7431903789573937,1.9617310460306614,54.112548269730794,24.779915147591517,0.14173088413055596,100.0
0.15,1.275,86.48949542899625,0.646553319586431,-0.7900997227703215,0.22282321582973452,0.6465524624993663,1.1411722308153855,2.2134564816176887,54.1740070450368,25.315063057508237,0.0,100.0
1.05,0.25,86.48986565157577,0.6461830970069116,-0.7904699453498409,0.5436339601042448,0.6461830779767042,0.756330293199369,1.9658420515500235,54.11771476151449,24.847289527628966,0.1357290778714007,100.0
1.15,0.35,86.48988722328193,0.6461615253007551,-0.7904915170559974,0.5092258759457309,0.6461617217386078,0.7976686670437516,1.978262821994976,54.12925630327444,24.97944277334707,0.06475552585244743,100.0
0.475,1.1,86.49039660175494,0.645652146827743,-0.7910008955290095,0.27224581006341,0.64565168890353,1.0966109855819326,2.1658662530082955,54.16873595331555,25.31248825149709,0.0,100.0
-0.025,0.45,86.49107510523301,0.6449736433496724,-0.7916793990070801,0.5262693287999696,0.6449719459714061,0.8909577026763742,1.8997096854239106,54.10337368315817,24.529368481735116,0.0,100.0
0.8,0.875,86.49120205404105,0.6448466945416271,-0.7918063478151254,0.34038667353071617,0.6448466148445846,1.0137139142807001,2.0987290788018806,54.1601378015177,25.267962314438467,0.0,100.0
0.3,0.325,86.49202124723726,0.6440275013454198,-0.7926255410113328,0.5239545392162768,0.6440262751519015,0.8217274678376043,1.9254676756664804,54.10201920620717,24.56962784617776,0.0,100.0
1.125,0.3,86.49244467533141,0.643604073251268,-0.7930489691054845,0.5234091294934586,0.6436042053570447,0.7751050421579606,1.9717558375794197,54.12427883090296,24.924887393336896,0.10019131440630405,100.0
-0.075,1.375,86.49255453262919,0.6434942159534955,-0.793158826403257,0.18015224639397331,0.6434930750886849,1.1475912573541223,2.2346738572891485,54.176295189882914,25.299201558816296,0.0,100.0
0.3,1.2,86.49268783200147,0.6433609165812157,-0.7932921257755368,0.24109562523888428,0.6433602468027203,1.1226840160680638,2.1940824995556967,54.17193961299511,25.31869796403831,0.0,100.0
1.15,0.45,86.49280683244626,0.643241916136418,-0.7934111262203345,0.4738428588007366,0.6432421623145729,0.8349002325709307,1.9938899684317,54.137296005283176,25.065104490372633,0.0,100.0
0.225,0.35,86.49385243817085,0.6421963104118333,-0.7944567319449192,0.5212269401325216,0.6421949729315315,0.8360239569368417,1.9195461197509158,54.10199554886825,24.557041109780283,0.0,100.0
1.1,0.275,86.49414259737273,0.6419061512099518,-0.7947468911468007,0.5303254663164267,0.6419062291643058,0.7630712553723953,1.9686975101247892,54.121377133123225,24.891842636701423,0.1175159814577385,100.0
0.575,0.25,86.49472850966782,0.641320238914858,-0.7953328034418945,0.5348639704374563,0.6413194311066149,0.7583878097270542,1.9438292822118446,54.10357795257212,24.63029484867139,0.09733014557834324,100.0
0.1,1.3,86.49480627937547,0.6412424692072136,-0.7954105731495389,0.21065121662540776,0.6412415504489815,1.1399482033027937,2.219470685583543,54.17469146403554,25.313886966810486,0.0,100.0
0.725,0.225,86.49553176351999,0.6405169850626891,-0.7961360572940634,0.5491693560882283,0.6405164143467488,0.7232251404616932,1.951824691427279,54.10584013363021,24.677170162376736,0.12354191620226562,100.0
1.075,0.6,86.49612187020155,0.6399268783811323,-0.7967261639756202,0.4229962816300912,0.6399270812537026,0.8936040721902145,2.0248443702311625,54.14673688889743,25.158779408054258,0.0,100.0
0.975,0.225,86.49698759229253,0.639061156290154,-0.7975918860665985,0.5470167522621523,0.6390609999830617,0.7361612428131536,1.9618718251987948,54.113287259570164,24.791418320005146,0.1437518805670327,100.0
-0.275,1.45,86.49727578638094,0.6387729622017417,-0.7978800801550108,0.1417863170299256,0.6387715647280998,1.1368838166688704,2.243288547169622,54.17736680423635,25.273404948591274,0.0,100.0
0.375,0.3,86.49783826402415,0.6382104845585275,-0.798442557798225,0.5206399024390294,0.6382093697811684,0.7997640199351252,1.9304221145396219,54.102039225525964,24.582288158822557,0.014923718970497546,100.0
1.135,0.5,86.49815115615094,0.6378975924317416,-0.7987554499250109,0.45276711680681103,0.6378978407636566,0.8498367281997332,2.0031027869581957,54.14075815702244,25.100958795489166,0.0,100.0
0.35,1.175,86.50007200350785,0.6359767450748279,-0.8006762972819246,0.24108864528611207,0.635976137766059,1.1091575336292152,2.1871875567375967,54.17123980707995,25.319948611922527,0.0,100.0
-0.2,1.425,86.50101280335748,0.6350359452251979,-0.8016170971315546,0.148337643111077,0.6350346461845447,1.137880852605008,2.241891042094238,54.17717478220754,25.285755714256283,0.0,100.0
1.15,0.325,86.502097530667,0.6339512179156799,-0.8027018244410726,0.5055645595890041,0.6339514025403616,0.7752499453627166,1.9743393304837853,54.12713761906932,24.957992616441544,0.08286664735486957,100.0
1.125,0.525,86.50214703076111,0.6339017178215727,-0.8027513245351798,0.440993586872267,0.6339019626895919,0.8560048205058308,2.007975077254805,54.14238325758789,25.11770892607879,0.0,100.0
1.135,0.3,86.50305700143062,0.6329917471520616,-0.8036612952046909,0.5129976587061122,0.6329918956008271,0.7643080123478683,1.9711979396249593,54.12455999087177,24.929546469888475,0.09887054149022548,100.0
0.15,0.375,86.50332774720442,0.6327210013782576,-0.8039320409784949,0.5124568778784635,0.632719552794643,0.8426497398482411,1.9126613159387815,54.10196554684116,24.544518541885257,0.0,100.0
0.05,1.325,86.50335588378758,0.6326928647951036,-0.803960177561649,0.1953826692885201,0.6326918846676989,1.1350239942105702,2.2252391328450867,54.175369962630526,25.31273543343877,0.0,100.0
0.6,1.025,86.5039006077899,0.6321481407927791,-0.8045049015639734,0.2820008680019299,0.6321478357106628,1.058156794822665,2.143295478006173,54.166200190503766,25.30517003734614,0.0,100.0
0.025,0.425,86.50410884638157,0.6319399022011112,-0.8047131401556413,0.513375632783422,0.6319382737117933,0.8679405756841874,1.9023938914910141,54.102652959179366,24.530705220917987,0.0,100.0
0.7,0.225,86.50510948498197,0.630939263600709,-0.8057137787560436,0.5371708361786034,0.6309386511651696,0.7196934211317796,1.949759170527962,54.10508912409379,24.665842884682913,0.12152091976578888,100.0
0.775,0.9,86.50530652908964,0.6307422194930439,-0.8059108228637086,0.3189557851271161,0.6307421151163368,1.0095332982025553,2.105657024035148,54.161303532183474,25.277946311087156,0.0,100.0
1.15,0.475,86.50640744255584,0.6296413060268407,-0.8070117363299119,0.45267944305903995,0.6296415654946372,0.8311102618362298,1.9977874405744227,54.139209412609134,25.08650665351229,0.0,100.0
1.0,0.225,86.50683197315988,0.6292167754228046,-0.8074362669339479,0.5367726948331608,0.6292166604922358,0.7271863458723544,1.9618337549590672,54.11402495032643,24.802938756032987,0.14577287700350938,100.0
1.075,0.25,86.50722866166471,0.628820086917969,-0.8078329554387835,0.5263031242975273,0.6288201095150641,0.7391793437210765,1.9651729224962062,54.11844376548607,24.85887955169866,0.1348406485091731,100.0
0.675,0.975,86.50802830885641,0.6280204397262708,-0.8086326026304818,0.2932675569887664,0.6280202222909252,1.035807971962484,2.1280765023704546,54.164348093046634,25.296540558619967,0.0,100.0
0.95,0.75,86.50901377071511,0.6270349778675666,-0.8096180644891859,0.3628460269928695,0.6270350646948912,0.944008226126769,2.06250487486088,54.15462178341509,25.229666124708398,0.0,100.0
0.975,0.725,86.50903465254342,0.627014096039261,-0.8096389463174916,0.37083264863221643,0.6270142086148184,0.9333600850518167,2.0557506658056335,54.15340840197813,25.21973821695113,0.0,100.0
0.525,1.075,86.50940946550539,0.6266392830772958,-0.8100137592794567,0.2614034468977451,0.6266388895416384,1.0698753191113042,2.1581691343236833,54.16802424569641,25.313830835431947,0.0,100.0
0.4,1.15,86.51069029307006,0.6253584555126253,-0.8112945868441273,0.23797137175922956,0.6253579110630312,1.0919343931173984,2.1800852838466125,54.170536874549896,25.321229269299128,0.0,100.0
1.1,0.575,86.51123646869226,0.6248122798904205,-0.811840762466332,0.41629355857995165,0.6248125097896662,0.8675613138570384,2.0183359841624897,54.14546828507653,25.1489248934554,0.0,100.0
0.45,0.275,86.51129985059697,0.624748897985711,-0.8119041443710415,0.5112833896964446,0.6247478947904369,0.7701319586641944,1.9344143390589879,54.102056430994,24.59502246480734,0.05125558863230553,100.0
0.925,0.775,86.51144315155626,0.6246055970264166,-0.8120474453303359,0.35248928029132287,0.6246056583275645,0.9521065611531583,2.06927411720435,54.15582415842616,25.239597764942708,0.0,100.0
1.0,0.7,86.51148765568627,0.624561092896414,-0.8120919494603385,0.3764507344234005,0.6245612315062743,0.9201957635339113,2.0490000346402266,54.15218993533724,25.209826586484347,0.0,100.0
-0.125,1.4,86.51197838760434,0.6240703609783367,-0.8125826813784158,0.14905953080231882,0.6240691602001419,1.1302837007309137,2.23945994748596,54.176950389260085,25.298119061047277,0.0,100.0
0.55,0.25,86.51268224786367,0.6233665007190154,-0.8132865416377371,0.5161111050372966,0.6233656510893468,0.7464948351962164,1.940738744172384,54.1028239906949,24.619054656617354,0.09456610868521542,100.0
0.0,1.35,86.5151541978594,0.6208945507232784,-0.8157584916334741,0.1714502034467813,0.6208935094665975,1.1263966864738961,2.230748546753577,54.17604013228716,25.31160638888613,0.0,100.0
0.9,0.8,86.51631756330089,0.6197311852817933,-0.8169218570749592,0.33977002034426107,0.6197312213001964,0.9576743618152506,2.076095330151706,54.15701840842594,25.249541427746095,0.0,100.0
1.025,0.675,86.51641004432356,0.6196387042591169,-0.8170143380976356,0.3796572799064677,0.6196388688462093,0.9045035641695165,2.0422808754880735,54.15096132198398,25.19992840487195,0.0,100.0
0.675,0.225,86.5164614977483,0.6195872508343854,-0.8170657915223671,0.5236997223731379,0.6195865966540509,0.7143910649769936,1.9474986103949756,54.10433745028014,24.654534339309436,0.1194999233293122,100.0
1.125,0.275,86.5172339725451,0.6188147760375813,-0.8178382663191712,0.5075736671941229,0.6188148958049169,0.7397589152136419,1.9675908362552335,54.12209326686886,24.903474574348255,0.11421404916754213,100.0
-0.2,0.525,86.51788002904281,0.6181687195398666,-0.8184843228168859,0.500646476970843,0.6181667752448903,0.8999359486326313,1.8827537739367641,54.10475573096211,24.514566392098875,0.0,100.0
1.175,0.375,86.51821367400674,0.617835074575936,-0.8188179677808165,0.47338217925468484,0.6178353236805918,0.7784468658504835,1.9802141537691758,54.13195747438816,25.01249011915289,0.03208195291728344,100.0
1.025,0.225,86.5184260945231,0.6176226540595877,-0.8190303882971648,0.524873959646385,0.6176225805775403,0.7162658794517114,1.9616351450264857,54.114760094728325,24.81447412192687,0.14779387343998607,100.0
1.175,0.4,86.5185521308828,0.6174966176998851,-0.8191564246568674,0.4649271628587286,0.617496879197995,0.788100024812465,1.9840297587280455,54.133969269016205,25.033903225209492,0.0017347278472837346,100.0
-0.25,0.55,86.51927178159839,0.6167769669842897,-0.8198760753724628,0.4945781875447892,0.6167749544570711,0.908432412993875,1.8787676132970965,54.10547123383613,24.51336642527999,0.0,100.0
1.15,0.3,86.51949604171851,0.6165527068641694,-0.8201003354925831,0.4968868333516525,0.6165528797627218,0.7475329457123507,1.970308799664319,54.12498044379054,24.936538522267252,0.09688938211610768,100.0
-0.15,0.5,86.51978192562946,0.6162668229532215,-0.820386219403531,0.5035797155704671,0.6162649468685203,0.8881490184581367,1.8864546208953101,54.10403941488611,24.51579681209301,0.0,100.0
0.075,0.4,86.52045143115579,0.6155973174268894,-0.8210557249298631,0.49764554555626717,0.6155957579065102,0.8416030129831427,1.9048013654514717,54.101928507947854,24.532066493923505,0.0,100.0
1.135,0.525,86.52062880345582,0.6154199451268596,-0.8212330972298929,0.42310553651819305,0.6154202060724885,0.8369812214721151,2.0069959553595664,54.14259129643436,25.122327769245974,0.0,100.0
0.75,0.925,86.52184239450125,0.614206354081432,-0.8224466882753205,0.2952775412013722,0.6142062253284621,1.0028157411635732,2.1125941099803303,54.162457981737,25.287941974504495,0.0,100.0
0.275,0.325,86.52268584659689,0.6133629019857949,-0.8232901403709576,0.49524741288654184,0.6133616338612455,0.7971395138605004,1.9206403600422215,54.101259668889625,24.558513798062485,0.0,100.0
1.175,0.35,86.52305985931969,0.6129888892629936,-0.823664153093759,0.47684307172956153,0.612989126042146,0.7635469902642313,1.9763786061536015,54.12991163490619,24.991080877475174,0.062429177987283146,100.0
0.875,0.825,86.52355696683959,0.6124917817430884,-0.8241612606136641,0.3248609808990466,0.6124917929449907,0.9607001190935449,2.0829967926856257,54.158200817741225,25.259486396125233,0.0,100.0
1.05,0.65,86.52376673487956,0.6122820137031226,-0.8243710286536299,0.3805055796609622,0.6122822043894558,0.8863184613315269,2.0355833981434035,54.149718232772074,25.190034941928293,0.0,100.0
-0.3,0.575,86.52396043400174,0.6120883145809444,-0.8245647277758081,0.4853638069906481,0.6120862339994517,0.9136061849087582,1.8745135064375014,54.10618505198751,24.512193710836826,0.0,100.0
1.175,0.425,86.52407279467695,0.611975953905727,-0.8246770884510255,0.4514822440111175,0.6119762279313192,0.7925087773254518,1.9878260732242836,54.135936262681994,25.055297956453764,0.0,100.0
0.45,1.125,86.52453971712531,0.6115090314573735,-0.825144010899379,0.2317474356522098,0.6115085503063483,1.0710524241944341,2.1727105701138516,54.16983228600052,25.322541685825428,0.0,100.0
-0.1,0.475,86.52496710037516,0.6110816482075165,-0.825571394149236,0.498016516257195,0.6110798403086732,0.8730823505208889,1.8898660693307776,54.1033202429111,24.517057368131404,0.0,100.0
1.15,0.5,86.5250874838105,0.610961264772186,-0.8256917775845665,0.4266965114840673,0.6109615372424543,0.8220786056193674,2.0016493831529223,54.14107670396022,25.10788907261475,0.0,100.0
0.35,0.3,86.52544848494927,0.6106002636334154,-0.8260527787233372,0.4942694369126599,0.6105991069497492,0.778226861083084,1.9260453118764564,54.101280444451184,24.571144743367746,0.007945068579395698,100.0
1.1,0.25,86.52634543529841,0.6097033132842711,-0.8269497290724814,0.5073216466062007,0.6097033775911512,0.72009469310089,1.9643389660901813,54.11916872863653,24.870481634088097,0.13153871621897661,100.0
1.135,0.275,86.52695178985012,0.6090969587325645,-0.827556083624188,0.49801147522347833,0.6090970949143866,0.7298919815060003,1.9670871396555214,54.12237857739433,24.90813068082028,0.11289327625146356,100.0
0.2,0.35,86.52757124121896,0.6084775073637161,-0.8281755349930364,0.4901830013833859,0.6084761279329314,0.8083846166399411,1.9142686198285863,54.10123314958315,24.545953524964542,0.0,100.0
-0.25,1.45,86.52790284146498,0.6081459071177022,-0.8285071352390503,0.1109854041201146,0.6081445485047112,1.111696169059357,2.245758555349197,54.17781066328383,25.284704755049223,0.0,100.0
1.125,0.55,86.52881637702313,0.6072323715595473,-0.8294206707972052,0.4072442862631931,0.6072326288070456,0.8389657686691692,2.0118770967715855,54.14418784154115,25.13908059715871,0.0,100.0
0.65,0.225,86.52958806768305,0.6064606808996302,-0.8301923614571223,0.5087559763618685,0.6064599849443824,0.7073185156778976,1.9450426433530674,54.10358496648953,24.643244281136596,0.11747892689283548,100.0
-0.05,1.375,86.53017557991146,0.6058731686712235,-0.830779873685529,0.14395982644857952,0.6058720666978388,1.114108719322644,2.236012636056878,54.17669916689674,25.310494029266238,0.0,100.0
0.65,1.0,86.53140676553974,0.6046419830429386,-0.8320110593138139,0.26302714918455194,0.6046417419758626,1.0218173789550349,2.1350249334217466,54.1654736657662,25.306556962610458,0.0,100.0
0.575,1.05,86.5316838811789,0.604364867403774,-0.8322881749529785,0.24747191395682933,0.6043645384273816,1.0394358746220718,2.150219336809151,54.16730898465275,25.315198076202677,0.0,100.0
1.05,0.225,86.53178781962409,0.6042609289585954,-0.8323921133981571,0.5113207622122218,0.6042608969303018,0.7034002683414826,1.9612538944977311,54.115492572891256,24.82602417193938,0.1498148698764628,100.0
0.525,0.25,86.53240976873384,0.6036389798488386,-0.8330140625079139,0.49588554927788664,0.6036380883806061,0.7328305583310879,1.9374526550396465,54.10206907358371,24.607832771788942,0.08758745829411357,100.0
0.225,1.25,86.53282942031025,0.6032193282724307,-0.8334337140843218,0.1876403741255075,0.6032185734430641,1.095871628117564,2.207437967009342,54.17370837512923,25.32759743492372,0.0,100.0
1.175,0.325,86.53306129735282,0.6029874512298647,-0.8336655911268878,0.4752933910392443,0.6029876762041596,0.7434305437380573,1.9725914194536271,54.127813605977856,24.96964235671622,0.07956471506467308,100.0
0.85,0.85,86.53322809420291,0.6028206543797694,-0.8338323879769831,0.3075968739366175,0.6028206405042227,0.9612007644161764,2.08992142614834,54.15937497822599,25.26943863293296,0.0,100.0
-0.05,0.45,86.53345827325306,0.6025904753296203,-0.8340625670271322,0.48882527620516214,0.6025887357967917,0.8546835741141479,1.893007717024121,54.1026021526443,24.51835149098869,0.0,100.0
1.075,0.625,86.53356288178253,0.6024858668001514,-0.8341671755566011,0.3789571226670887,0.6024860837592826,0.8656890052482566,2.0289274848047065,54.148468802707534,25.18015874302536,0.0,100.0
0.175,1.275,86.5337379468336,0.6023108017490841,-0.8343422406076684,0.1796571014454429,0.6023099843543094,1.0998591184068545,2.2138122074331537,54.174396464600676,25.326392940655573,0.0,100.0
-0.175,1.425,86.53453927084284,0.6015094777398389,-0.8351435646169136,0.1153014499012528,0.6015082173659578,1.1092926087403896,2.2439047990186443,54.177598296363165,25.297048586679903,0.0,100.0
1.175,0.45,86.53475386004465,0.6012948885380354,-0.8353581538187171,0.43313592019174507,0.60129517546398,0.7916774468834262,1.991596240531019,54.1378634451771,25.076685554444673,0.0,100.0
0.275,1.225,86.53513880269486,0.6009099458878211,-0.8357430964689314,0.1925813965545018,0.6009092541084897,1.0881787227015138,2.2008305819271614,54.173019663412646,25.32881759038022,0.0,100.0
0.425,0.275,86.53585616052432,0.6001925880583627,-0.8364604542983898,0.48724948056933215,0.6001915429782543,0.7516455978122423,1.9304859385787496,54.101299630806544,24.583849930046014,0.044276938241203684,100.0
0.125,1.3,86.53782363343649,0.5982251151461924,-0.8384279272105601,0.16864674320993345,0.5982242358264187,1.100161765099557,2.220009919572464,54.17508415797984,25.32521046485436,0.0,100.0
0.875,0.2,86.53822244785252,0.5978263007301621,-0.8388267416265904,0.5195520355825209,0.5978259666922213,0.6779308699094173,1.9545553555275892,54.10807785551111,24.724457883665256,0.14975368682618795,100.0
0.9,0.2,86.53875928451949,0.5972894640631949,-0.8393635782935576,0.5179002472381029,0.5972891712103205,0.6790703819294919,1.9554154450961547,54.10882248200092,24.73588515569528,0.15177468326266463,100.0
0.85,0.2,86.53944646296411,0.5966022856185731,-0.8400507567381794,0.5195479302502406,0.5966019101504656,0.6748603562682973,1.9534989217091128,54.10733114476194,24.713046564838827,0.14773269038971126,100.0
0.125,0.375,86.54010145087766,0.595947297705024,-0.8407057446517285,0.47907615249867774,0.5959458071500364,0.8119585270766265,1.906930876366897,54.10120075460402,24.53345906497523,0.0,100.0
0.325,1.2,86.54057373488544,0.5954750136972393,-0.8411780286595132,0.19445199906664357,0.5954743841897454,1.0767781471449496,2.1939312524889534,54.17232302203381,25.33005135931258,0.0,100.0
0.725,0.95,86.54079680487654,0.5952519437061454,-0.8414010986506071,0.26927338621852925,0.5952517908857715,0.9935593477712388,2.1195531103709144,54.16360187713653,25.2979482026175,0.0,100.0
0.925,0.2,86.54106114158941,0.5949876069932714,-0.8416654353634812,0.514614190031395,0.5949873553526572,0.6782787910588581,1.9560874864913291,54.10956549047456,24.747329218734667,0.15379567969914137,100.0
0.5,1.1,86.54160284292307,0.5944459056596116,-0.8422071366971409,0.22258555934816115,0.594445488399623,1.0464895923315254,2.1650670099187463,54.1691226032125,25.32387703290915,0.0,100.0
1.15,0.275,86.5420539633334,0.5939947852492793,-0.8426582571074732,0.4831737992492293,0.5939949459787044,0.7145113648711572,1.9662756087053972,54.122804386818075,24.915116688925607,0.11091211687734576,100.0
0.825,0.2,86.54243669116627,0.5936120574164079,-0.8430409849403446,0.5178892957449932,0.5936116403085719,0.669842374184114,1.952243783253943,54.10658427875824,24.70165480644061,0.14571169395323452,100.0
0.625,0.225,86.5444889702073,0.5915597783753839,-0.8450932639813686,0.49233958189975624,0.591559040621189,0.6984751182827722,1.9423916492800606,54.10283176983027,24.631972917153956,0.11545793045635877,100.0
0.075,1.325,86.5451145426572,0.5909342059254783,-0.8457188364312742,0.15453858055298042,0.5909332652114699,1.0967683378444093,2.2260095141742338,54.17576575372237,25.32405223909078,0.0,100.0
0.95,0.2,86.54513211598739,0.5909166325952953,-0.8457364097614573,0.5096842615638053,0.5909164221656994,0.6755407933113133,1.9565681625860627,54.11030731450449,24.758790851508287,0.15581667613561806,100.0
0.0,0.425,86.54521181325296,0.5908369353297189,-0.8458161070270336,0.4767955862055828,0.5908352646853927,0.8329467150678767,1.8959475433539683,54.1018835530124,24.51967999374207,0.0,100.0
0.825,0.875,86.54532676971209,0.5907219788705902,-0.8459310634861623,0.2880115578050635,0.590721940004937,0.9592117669242555,2.0968826749743488,54.1605426382091,25.279406823954915,0.0,100.0
1.1,0.6,86.54579578864147,0.5902529599412105,-0.846400082415542,0.37499103302809544,0.5902532034876231,0.8425882248688765,2.022337176002848,54.14721444992586,25.170293658176305,0.0,100.0
1.075,0.225,86.54691872798386,0.5891300205988159,-0.8475230217579366,0.4961139248179194,0.5891300300143655,0.6885902871298697,1.9606873503148645,54.116222443542775,24.837588987933554,0.14886338327041118,100.0
0.8,0.2,86.5471923920806,0.5888563565020775,-0.847796685854675,0.5100098184099409,0.5888558977090923,0.6629032191910795,1.9508012132945378,54.105836556020066,24.690281331878058,0.14369069751675784,100.0
1.125,0.25,86.54722001310478,0.5888287354779038,-0.8478243068788487,0.486689864705383,0.5888288415486699,0.6990945468168803,1.9633336391953324,54.119892233919835,24.882100513230423,0.12823678392878024,100.0
1.135,0.55,86.54814271048878,0.5879060380939052,-0.8487470042628473,0.3885547265899163,0.5879063114626092,0.8190613584540074,2.0108465764665273,54.14438858339938,25.14369636004642,0.0,100.0
1.175,0.3,86.54824844426791,0.5878003043147686,-0.8488527380419839,0.4687194152498506,0.5878005177892589,0.7180307894044944,1.9687189677104882,54.125676085191266,24.94819800454192,0.09358744982591119,100.0
-0.1,1.4,86.54836565069327,0.5876830978894105,-0.848969944467342,0.11374201366091086,0.5876819359533926,1.0983070701007875,2.2410348675342457,54.17735698834898,25.30940501608748,0.0,100.0
1.15,0.525,86.54885370219266,0.587195046390022,-0.8494579959667306,0.39579292908634045,0.5871953313768813,0.8078754347386052,2.0054691950854147,54.14289906358281,25.129253862618608,0.0,100.0
0.375,1.175,86.5491944543002,0.5868542942824746,-0.8497987480742779,0.19327467187903835,0.5868537274336546,1.0617289782034618,2.1868432354573963,54.17162194531231,25.331311942258242,0.0,100.0
1.175,0.475,86.55051257205398,0.5855361765287057,-0.8511168658280468,0.40997265264206817,0.5855364766438754,0.7856048673888694,1.9953730049576592,54.13976008351763,25.098082623021586,0.0,100.0
0.975,0.2,86.55094819303895,0.5851005555437325,-0.85155248681302,0.5032309011910598,0.5851003864895461,0.6708566833648604,1.956851747232949,54.111048905422074,24.770271791742662,0.1578376725720948,100.0
0.775,0.2,86.55371793420711,0.5823308143755668,-0.8543222279811857,0.500347417727653,0.5823303138872774,0.6548615777018938,1.9491696969863634,54.105087943894645,24.678926106287037,0.1416697010802811,100.0
0.5,0.25,86.5539116684683,0.5821370801143786,-0.8545159622423739,0.4741876162759695,0.5821361467872379,0.7173948492781221,1.9339699506091743,54.10131343066014,24.596629648378634,0.08060880790301173,100.0
0.325,0.3,86.55483335053884,0.5812153980438381,-0.8554376443129144,0.46642622719518556,0.5812141994333047,0.7549180362644421,1.9214689984293096,54.10052077191454,24.560019882344008,0.0009664181882938772,100.0
0.25,0.325,86.55512604387802,0.5809227047046619,-0.8557303376520906,0.4650674747199304,0.5809213946233769,0.7707796863259375,1.9156131430142296,54.10049881552293,24.54741754736783,0.0,100.0
1.2,0.375,86.55530198851612,0.5807467600665603,-0.8559062822901922,0.43727035644309353,0.5807470497705026,0.7401600743417873,1.9780968587286574,54.13257875076567,25.024111093486113,0.02975560505211916,100.0
0.025,1.35,86.55565966703487,0.580389081547807,-0.8562639608089455,0.13299019350695573,0.5803880796301797,1.0896744634163298,2.231741518433118,54.176439143448924,25.322916712583353,0.0,100.0
1.135,0.25,86.55605774589854,0.5799910026841388,-0.8566620396726137,0.47797514919137996,0.5799911255047278,0.6901594021957891,1.9628897093123285,54.12018035128913,24.886751146034584,0.12691601101270167,100.0
0.625,1.025,86.55721110217839,0.5788376464042955,-0.857815395952457,0.23042133672048237,0.5788373819341132,1.0052838972200107,2.1420039032633706,54.16658698362881,25.316580045298668,0.0,100.0
1.2,0.4,86.5578394892494,0.5782092593332777,-0.8584437830234748,0.4267134384466402,0.5782095614303018,0.7475316562751289,1.9818066369299503,54.134565315166185,25.04550396560683,0.0,100.0
1.2,0.35,86.557943589827,0.578105158755676,-0.8585478836010765,0.4428204573388115,0.5781054361231724,0.7275410011129111,1.9743744264177454,54.130549612785856,25.002706334691467,0.06010283012211887,100.0
-0.3,1.475,86.55795641416893,0.5780923344137534,-0.8585607079429991,0.0708635285979966,0.5780909166056489,1.0818661943327896,2.2493516296702394,54.178439038911094,25.283674575022562,0.0,100.0
1.0,0.2,86.55853276710978,0.5775159814728994,-0.8591370608838531,0.49512280780781737,0.5775158537970497,0.6642265803664174,1.956949450135057,54.11178949107586,24.78177058217833,0.15985866900857149,100.0
0.8,0.9,86.55985156881694,0.5761971797657424,-0.8604558625910101,0.2662208006129987,0.5761971162577225,0.9546744127047617,2.1038549837964817,54.16170453723818,25.289390894996355,0.0,100.0
-0.225,1.45,86.56020761010106,0.5758411384816213,-0.8608119038751312,0.07882405702981998,0.57583981865007,1.084627259103769,2.248019185453548,54.178239627745654,25.295996043139493,0.0,100.0
0.05,0.4,86.56027908568491,0.5757696628977698,-0.8608833794589827,0.4619283641737155,0.5757680613291001,0.8078689952368165,1.8986134816917901,54.10116122665768,24.521035448007122,0.0,100.0
1.125,0.575,86.56048640790185,0.5755623406808326,-0.86109070167592,0.368664936218579,0.5755626111265968,0.816913897774711,2.0157883872714843,54.145955266051445,25.160449525173952,0.0,100.0
0.425,1.15,86.56106210336824,0.5749866452144374,-0.8616663971423151,0.1889870915441918,0.5749861413431546,1.0430252087093237,2.179531780771512,54.170919030931046,25.33260489632324,0.0,100.0
0.6,0.225,86.56116357318463,0.5748851753980517,-0.8617678669587008,0.474450545112191,0.5748843958259442,0.6878607657751559,1.939546323655795,54.10207816751149,24.62072084624799,0.11343693401988206,100.0
0.55,1.075,86.56188102436577,0.5741677242169061,-0.8624853181398464,0.21056612659032226,0.5741673713722747,1.0182152815571897,2.157146313109113,54.168409780439895,25.325231674148608,0.0,100.0
0.75,0.2,86.5620171631095,0.574031585473179,-0.8626214568835735,0.489212774722219,0.5740310432683373,0.6526079116880936,1.9473453276517676,54.10433851682579,24.66758929390179,0.1396487046438044,100.0
0.7,0.975,86.56217148809425,0.5738772604884304,-0.8627757818683222,0.24094833335824717,0.5738770837955997,0.9817581054200559,2.1265351292642722,54.16473741867011,25.3079627981424,0.0,100.0
0.4,0.275,86.56218782026305,0.5738609283196325,-0.86279211403712,0.4617428538634982,0.5738598413289508,0.7313876194069451,1.9263590457430508,54.100541890833995,24.572695821721005,0.03729828785010186,100.0
1.0,0.725,86.56245902333016,0.5735897252525177,-0.8630633171042348,0.31915964784876394,0.5735898785981334,0.8790404366445586,2.053353014192111,54.15384709781667,25.23123380622212,0.0,100.0
0.975,0.75,86.56284267806899,0.5732060705136917,-0.8634469718430609,0.310773164365699,0.5732061982654756,0.8893308727072906,2.0601585454869706,54.155051019543045,25.241150035536972,0.0,100.0
0.175,0.35,86.56306576263206,0.5729829859506168,-0.8636700564061357,0.45766624166942904,0.5729815645433518,0.7789733276432429,1.9087905537052607,54.10046962219181,24.534883858356768,0.0,100.0
1.1,0.225,86.56379764284696,0.5722511057357167,-0.8644019366210358,0.4792615612601878,0.5722511567290723,0.671836897162521,1.9599638499901444,54.11695193168637,24.84917265615171,0.1455614509802147,100.0
1.025,0.7,86.56448556884268,0.5715631797399965,-0.865089862616756,0.3252173768339901,0.5715633591650857,0.8662023192798927,2.0465645873384126,54.15263263467268,25.221322650143954,0.0,100.0
1.2,0.425,86.56556339276085,0.5704853558218304,-0.8661676865349222,0.41120315605292035,0.5704856705088105,0.7496607564739577,1.985480822390545,54.13651106894229,25.066885623907,0.0,100.0
0.95,0.775,86.56564582267649,0.570402925906194,-0.8662501164505585,0.2999965115201917,0.5704030285237905,0.8970748650276192,2.067061002485412,54.15624541164428,25.251072726250065,0.0,100.0
1.2,0.325,86.56576289315898,0.5702858554237054,-0.8663671869330472,0.44338121869434133,0.5702861207500888,0.7096864761656292,1.9706548550601766,54.12847782241308,24.981289730256886,0.0762627827744767,100.0
-0.225,0.525,86.5658459297605,0.5702028188221817,-0.8664502235345708,0.45722494400625635,0.5702008324118225,0.858073410297223,1.875106911366215,54.10398425970945,24.503604488746614,0.0,100.0
-0.175,0.5,86.56647541843837,0.5695733301443084,-0.8670797122124441,0.4613228229769675,0.5695714120246151,0.8475472367091186,1.879067429034619,54.10326796089818,24.50482301869661,0.0,100.0
1.025,0.2,86.56788815167786,0.5681605969048178,-0.8684924454519347,0.48536001334291257,0.5681605105942339,0.6556508386311322,1.9568607016605284,54.11252781496545,24.793284867080423,0.16187966544504817,100.0
-0.275,0.55,86.5685144397498,0.5675343088328759,-0.8691187335238766,0.44998088390531166,0.5675322541401726,0.8653003771669461,1.8708610340653813,54.10469982582065,24.502414393214394,0.0,100.0
1.175,0.275,86.56862657043861,0.5674221781440707,-0.8692308642126818,0.45712671721923925,0.5674223797009347,0.6873305943414891,1.964777557741448,54.123509062863825,24.926766320562567,0.10761018458714927,100.0
1.05,0.675,86.56897636246589,0.5670723861167914,-0.8695806562399611,0.328869967071725,0.5670725917280919,0.8508073285000108,2.039796421735111,54.151411940681065,25.21143230648536,0.0,100.0
-0.025,1.375,86.56944015396324,0.5666085946194386,-0.8700444477373139,0.10636793116748322,0.5666075317708987,1.0788772448729276,2.237209003055013,54.17709825839364,25.3217928662924,0.0,100.0
-0.15,1.425,86.56970897810432,0.5663397704783648,-0.8703132718783877,0.08085354192439809,0.5663385490112034,1.078836244118449,2.2457307998492304,54.17800808823994,25.308335292657496,0.0,100.0
1.15,0.25,86.56983848620935,0.5662102623733318,-0.8704427799834207,0.46441201073260174,0.5662104103555577,0.6761758038487784,1.962176092221635,54.12061200818703,24.893731972340472,0.12493485163858387,100.0
-0.125,0.475,86.57038342276495,0.5656653258177329,-0.8709877165390196,0.45823758484976906,0.5656634758907814,0.8337567403287949,1.8827368018674364,54.102549220081094,24.506071550480772,0.0,100.0
0.925,0.8,86.57085321929901,0.5651955292836703,-0.8714575130730822,0.2870339456115545,0.5651956068530609,0.9022970629968938,2.0739805027290803,54.15743270739705,25.26100579938162,0.0,100.0
1.175,0.5,86.57134833896885,0.5647004096138346,-0.8719526327429179,0.3819456004801225,0.5647007223438635,0.7743202928229209,1.9991114558024572,54.1416017555864,25.119443954851114,0.0,100.0
0.725,0.2,86.57209082455121,0.5639579240314703,-0.8726951183252822,0.47660554481429074,0.5639573400839992,0.6485835902312971,1.9453267741970297,54.10358786947783,24.656270166685868,0.13762770820732773,100.0
1.075,0.65,86.57591939619984,0.5601293523828446,-0.876523689973908,0.33013378068601185,0.5601295841005225,0.8329215259858955,2.0330694009526997,54.15017980891279,25.201551621651884,0.0,100.0
0.475,1.125,86.57616264574068,0.5598861028420004,-0.8767669395147522,0.1815965236919368,0.5598856623912554,1.0206264188507248,2.17194204343016,54.170214277667185,25.333930611832226,0.0,100.0
0.775,0.925,86.57680186266113,0.5592468859215529,-0.8774061564351996,0.2421663831286196,0.5592467981036322,0.9475940366967706,2.110821989454568,54.162853717176255,25.299383413011515,0.0,100.0
0.475,0.25,86.57718861350777,0.5588601350749087,-0.8777929072818438,0.4510175703036907,0.5588591598642779,0.7001876602277548,1.930289508058882,54.10055766841025,24.58544644448027,0.07363015751190988,100.0
-0.075,0.45,86.5776002594155,0.5584484891671764,-0.8782045531895761,0.4499083873949701,0.5584467075714429,0.816637343039659,1.8861280341910007,54.10183056840971,24.507354788451952,0.0,100.0
1.15,0.55,86.5776349198211,0.5584138287615872,-0.8782392135951653,0.36003461919020197,0.5584141264067511,0.7886646710450833,2.0092685680843116,54.14468698713832,25.150620710582515,0.0,100.0
1.2,0.45,86.57841968335909,0.557629065223594,-0.8790239771331585,0.3908530920004267,0.5576293929441221,0.7465492538652967,1.9891332114690758,54.13842418900656,25.088273371689414,0.0,100.0
0.9,0.825,86.5784994888829,0.5575492596997833,-0.8791037826569692,0.271703154518363,0.5575493120541779,0.9049769609270015,2.0809302349545327,54.15860910255351,25.270943842010094,0.0,100.0
0.1,0.375,86.57865099756991,0.5573977510127719,-0.8792552913439806,0.4442226090132806,0.5573962184620512,0.7794950031539258,1.9009993141724444,54.10043539839372,24.52241886502214,0.0,100.0
1.2,0.3,86.57874113831147,0.5573076102712093,-0.8793454320855432,0.4389161798373067,0.5573078640231955,0.6865998370880533,1.9669447110640241,54.126362313207125,24.959859483954705,0.09028551753571482,100.0
1.05,0.2,86.5789886158694,0.5570601327132749,-0.8795929096434776,0.4739425283397338,0.557060087861393,0.6451292335138135,1.9566182098894076,54.11326360798233,24.80481412268144,0.1639006618815249,100.0
0.2,1.275,86.57954331396785,0.5565054346148344,-0.8801476077419181,0.13491084039043244,0.5565046577442245,1.0566981103232678,2.214116820897838,54.17478118493285,25.337728848934724,0.0,100.0
0.575,0.225,86.57961316110254,0.5564355874801379,-0.8802174548766146,0.4550888236654913,0.5564347660636628,0.6754752635927161,1.9365046301292754,54.10132413471751,24.609488048755228,0.11141593758340534,100.0
0.25,1.25,86.57988445359858,0.5561642949841001,-0.8804887473726524,0.1417299277851214,0.556163580779193,1.0511966771027659,2.2075289648339522,54.174091312478694,25.338942546371968,0.0,100.0
1.135,0.575,86.58064666306284,0.5554020855198445,-0.881250956836908,0.34921041847172773,0.555402372310246,0.7961234427815214,2.0147259715749195,54.14614611842167,25.165057454612207,0.0,100.0
0.15,1.3,86.58242147356131,0.5536272750213698,-0.8830257673353827,0.12504869120107287,0.553626435864959,1.0585093729838917,2.2204758456387146,54.17546975875734,25.336538947505055,0.0,100.0
1.125,0.225,86.58242361273142,0.5536251358512629,-0.8830279065054896,0.46075870818403075,0.553625228555046,0.6531452854353006,1.9590862679981187,54.11767932185694,24.86077198254787,0.14225951869001832,100.0
0.3,1.225,86.58342959761353,0.55261915096915,-0.8840338913876025,0.14549957224251386,0.552618499788187,1.0419884762815883,2.2007310240211195,54.173401173086155,25.340174636145075,0.0,100.0
0.7,0.2,86.58393889514315,0.5521098534395321,-0.8845431889172204,0.4625257197696584,0.5521092277218855,0.6427888548938654,1.943113548578484,54.1028361936588,24.644969108092546,0.13560671177085099,100.0
1.1,0.625,86.58530350407106,0.5507452445116172,-0.8859077978451353,0.3290182471096017,0.5507455024437945,0.8125200617625978,2.0263547660779455,54.14893429490467,25.191673987415232,0.0,100.0
0.6,1.05,86.58541540031267,0.5506333482700114,-0.8860196940867411,0.19546471668387255,0.5506330600108186,0.9862433140624205,2.148979212881938,54.16769333717307,25.326606960236585,0.0,100.0
0.675,1.0,86.5859688446165,0.5500799039661786,-0.886573138390574,0.21027857277287865,0.550079703623038,0.967413444430278,2.133533736981739,54.16585874236116,25.317978033466918,0.0,100.0
0.3,0.3,86.58599376338898,0.5500549851936967,-0.8865980571630558,0.4371102500278994,0.5500537446300371,0.7298374731474553,1.9166932151481662,54.09976149273489,24.54891407738139,0.0,100.0
-0.075,1.4,86.58639922677528,0.549649521807396,-0.8870035205493565,0.07702894018396478,0.5496483987326315,1.064520991261162,2.2424289714428616,54.177755126866145,25.320694303371205,0.0,100.0
-0.025,0.425,86.58809078821669,0.5479579603659914,-0.8886950819907611,0.43874268277963324,0.5479562475434449,0.7961802024389044,1.889299253200276,54.101112793450326,24.508672611350192,0.0,100.0
0.1,1.325,86.5885153228828,0.5475334256998821,-0.8891196166568704,0.11211093331746724,0.5475325246645099,1.0566330540167854,2.226614539930686,54.17615361433865,25.335371476027365,0.0,100.0
0.875,0.85,86.58858272133463,0.5474660272480492,-0.8891870151087033,0.254049457805678,0.5474660544648031,0.9051674701572523,2.0879095256337563,54.15977965023159,25.28089671188497,0.0,100.0
-0.275,1.475,86.58899698752997,0.5470517610527139,-0.8896012813040386,0.0395542868879204,0.5470503822256603,1.056308952372916,2.2518369821480007,54.17887274760034,25.294962234517904,0.0,100.0
0.225,0.325,86.58934189990167,0.546706848681012,-0.8899461936757405,0.43341471884781413,0.5467054966170025,0.7426479659290237,1.9103858261973372,54.09973684935665,24.536339499508806,0.0,100.0
0.35,1.2,86.59009979154106,0.5459489570416167,-0.8907040853151358,0.14621785645461216,0.5459483680775179,1.0290737584196137,2.193628640157804,54.172704012939526,25.341418924182996,0.0,100.0
0.375,0.275,86.59029484700196,0.5457539015807242,-0.8908991407760283,0.4347635068950808,0.5457527726537108,0.7093580070194889,1.9220334265008188,54.09978302788878,24.561559823362664,0.030319637459000015,100.0
1.135,0.225,86.59036738507125,0.5456813635114344,-0.8909716788453181,0.45289541694879176,0.545681472906432,0.6451286415817634,1.9586858804038,54.11796932560469,24.865415417127085,0.14093874577393975,100.0
1.075,0.2,86.59185680242182,0.5441919461608649,-0.8924610961958876,0.46087047662736325,0.5441919427715419,0.6326620045772557,1.956193857583085,54.11399745095504,24.816359398252143,0.1628861180316493,100.0
1.225,0.375,86.59411502851563,0.5419337200670498,-0.8947193222897027,0.39952263070902916,0.5419340504020795,0.6999698691627572,1.9758305854258633,54.133186874524185,25.03572707819055,0.02742925718695488,100.0
-0.2,1.45,86.59414227320032,0.5419064753823619,-0.8947465669743906,0.04524799359350595,0.5419051943113488,1.055685522863996,2.2500701723682663,54.17865312847659,25.30727711706771,0.0,100.0
1.175,0.25,86.5941891585394,0.5418595900432877,-0.8947934523134649,0.44048912501874327,0.5418597795497192,0.651321220395829,1.9608397603918755,54.12132594166914,24.90537209835725,0.12163291934838738,100.0
0.525,1.1,86.59446764161311,0.5415811069695735,-0.895071935387179,0.17134181096926682,0.5415807305833937,0.9945474231465994,2.164078277889958,54.169503576299995,25.33527303044633,0.0,100.0
1.225,0.35,86.59456089362344,0.541487854959243,-0.8951651873975095,0.4071740894342639,0.5414881729690336,0.6896333182297951,1.9722105998899193,54.13117881266884,25.014334857922755,0.05777648225695459,100.0
0.75,0.95,86.59617678063994,0.5398719679427444,-0.8967810744140081,0.21577707947473357,0.5398718560850739,0.937978877447307,2.1178304970382382,54.163991208703465,25.309383213613433,0.0,100.0
1.2,0.475,86.59632283843344,0.5397259101492438,-0.8969271322075087,0.365677598672562,0.5397262506272767,0.7381910759473556,1.9927844523595788,54.140292254128994,25.10964371910653,0.0,100.0
1.2,0.275,86.59691640597863,0.5391323426040486,-0.8975206997527039,0.4294339502031619,0.5391325849889512,0.6582177615580065,1.9631403061174333,54.12420902221015,24.938426625347702,0.1043082522969529,100.0
1.125,0.6,86.59713503301798,0.5389137155647035,-0.897739326792049,0.3254937487490821,0.5389140000287114,0.789672393611923,2.0196848211361176,54.14768542096061,25.181814662381303,0.0,100.0
1.175,0.525,86.5972428317833,0.538805916799376,-0.8978471255573766,0.3490152012896459,0.53880624201079,0.7578959338800217,2.0028111877177794,54.14340436373907,25.14079847680553,0.0,100.0
0.675,0.2,86.59756134373357,0.5384874048491071,-0.8981656375076454,0.4469732528825432,0.5384867373334629,0.6352237724733527,1.940705255633556,54.10208397419006,24.633687046940068,0.1335857153343743,100.0
0.05,1.35,86.59782363070347,0.5382251178792075,-0.898427924477545,0.09321042473401064,0.5382241554013433,1.0510688880775518,2.232528950279125,54.17683180763154,25.33423128934048,0.0,100.0
1.225,0.4,86.59886274737056,0.5371860012121203,-0.8994670411446322,0.3868755277223812,0.5371863439456945,0.7050613847163305,1.979419601614404,54.13515043576786,25.057103619114542,0.0,100.0
0.55,0.225,86.59983703308662,0.5362117154960657,-0.9004413268606868,0.43425441422309063,0.5362108522145406,0.6613184731595823,1.933267140670414,54.1005695492883,24.59827432334208,0.10939494114692866,100.0
0.4,1.175,86.59996213068143,0.5360866179012476,-0.9005664244555049,0.14387009008075324,0.5360860917873851,1.01252733188646,2.186346031581796,54.17200257208232,25.342691071102475,0.0,100.0
1.225,0.325,86.60018403592083,0.5358647126618479,-0.9007883296949046,0.4098287271495167,0.5358650184770909,0.67405705798177,1.9685836189859622,54.12913131104686,24.99293663084768,0.07296085048428022,100.0
0.15,0.35,86.60033535716877,0.535713391413907,-0.9009396509428456,0.4236766610599716,0.5357119280097521,0.7477899227196758,1.9031126224377304,54.09970520407053,24.523832845791944,0.0,100.0
0.85,0.875,86.60110540855734,0.5349433400253361,-0.9017097023314165,0.23411369224467649,0.5349433422666181,0.9028216918927683,2.094904774887598,54.16094353947643,25.29086249583243,0.0,100.0
0.025,0.4,86.60187809909064,0.5341706494920402,-0.9024823928647123,0.4247383352512202,0.5341690057398012,0.7723832253476957,1.8922206892545934,54.100392432898616,24.510021940706466,0.0,100.0
0.45,0.25,86.60224074003027,0.5338080085524126,-0.9028450338043399,0.42637480106793646,0.5338069914337182,0.6812088500854401,1.9264113200943123,54.099801216954376,24.57428212339716,0.06665150712080806,100.0
1.15,0.225,86.60281058000409,0.5332381685785919,-0.9034148737781607,0.44060539369084495,0.5332383030252743,0.6325310075574322,1.958033736918856,54.11840397269927,24.872385753605435,0.13895758639982195,100.0
0.9,0.175,86.60475202346348,0.5312967251192049,-0.9053563172375476,0.4628714325941701,0.5312964199183596,0.6014025693117873,1.9499009415879967,54.10657651420796,24.71487424604277,0.16586047526772674,100.0
0.925,0.175,86.60479414589243,0.5312546026902538,-0.9053984396664987,0.461701710128807,0.5312543386956179,0.602938342376703,1.9507157609531538,54.10732183609703,24.726295394583595,0.16788147170420348,100.0
0.875,0.175,86.60647193026936,0.5295768183133163,-0.9070762240434362,0.4623850438082968,0.5295764716689717,0.597932898773621,1.948889841870136,54.10582976814913,24.703470289473305,0.16383947883125005,100.0
1.1,0.2,86.60649339446472,0.5295553541179601,-0.9070976882387924,0.44614415785311223,0.529555392188891,0.6182499316220742,1.9555863758628051,54.114728693345924,24.827919466186284,0.1595841857414528,100.0
-0.125,1.425,86.60651732340212,0.529531425180565,-0.9071216171761876,0.04499549694813254,0.5295302426770832,1.0465331807585585,2.2473557262654573,54.17840847129556,25.319621141085516,0.0,100.0
0.95,0.175,86.6065992165014,0.5294495320812871,-0.9072035102754654,0.45890452179095576,0.5294493093282995,0.6025457681874826,1.95134298483977,54.10806470299226,24.737731793987088,0.16990246814068016,100.0
1.225,0.425,86.60877860723069,0.5272701413519911,-0.9093829010047614,0.3693130904811994,0.5272704967832709,0.7049107449947485,1.9829785229802144,54.137077571836144,25.078477112874886,0.0,100.0
0.85,0.175,86.60995704210944,0.5260917064732382,-0.9105613358835143,0.45748367855897243,0.526091318140945,0.5925157535362331,1.9476791875627277,54.10508253400434,24.692085289183893,0.16181848239477337,100.0
0.975,0.175,86.61017537784618,0.5258733707365053,-0.9107796716202472,0.454455680886781,0.525873189210239,0.6002067825580895,1.9517801424764758,54.108806965697866,24.74918685302818,0.1719234645771569,100.0
0.0,1.375,86.61034730027336,0.5257014483093201,-0.9109515940474324,0.06745050517932327,0.5257004248450385,1.041802871535026,2.2382244008932566,54.177492336269296,25.333096648226178,0.0,100.0
1.225,0.3,86.61097791110168,0.525070837480996,-0.9115822048757565,0.40747514436577603,0.5250711315554639,0.6532426372181135,1.964986483028348,54.12703633846755,24.971517809029773,0.08698358524551833,100.0
1.15,0.575,86.6113976545075,0.5246510940751818,-0.9120019482815707,0.3195627226856175,0.5246514053784381,0.7643675022570449,2.0130804527345663,54.14643130869606,25.171972993755514,0.0,100.0
0.65,1.025,86.61217885658854,0.5238698919941385,-0.912783150362614,0.1772442234886995,0.523869668297138,0.950559243763621,2.1405645151456287,54.166969992097016,25.32800031705384,0.0,100.0
0.65,0.2,86.6129585794566,0.5230901691260783,-0.9135628732306742,0.4299481295613248,0.5230894597851801,0.6258878530827019,1.9381016134443925,54.101331300235294,24.622424176035427,0.1315647188978976,100.0
0.45,1.15,86.61308163925229,0.5229671093303949,-0.9136859330263576,0.13841597070265266,0.5229666462831914,0.992303737155467,2.178824371316312,54.17129898036201,25.34399505190804,0.0,100.0
-0.2,0.5,86.61494062249096,0.5211081260917183,-0.9155449162650342,0.41741900187128067,0.5211061658774099,0.8051823839044658,1.871475088498936,54.10249617232087,24.49386903590585,0.0,100.0
0.825,0.175,86.6152081461876,0.5208406023950829,-0.9158124399616696,0.4486844157934087,0.5208401723638986,0.5851833123041956,1.9462830110525342,54.1043343333779,24.680718382239853,0.15979748595829663,100.0
1.0,0.175,86.61551263099336,0.520536117589316,-0.9161169247674366,0.44840236057403615,0.5205359773438858,0.5959217080568067,1.9520249702849573,54.10954886127306,24.76066098482791,0.1739444610136336,100.0
-0.25,0.525,86.61558602165516,0.5204627269275193,-0.9161903154292332,0.41214535662724927,0.5204606983323288,0.8144467450426021,1.8672554637397516,54.103212568875385,24.492662622948377,0.0,100.0
0.575,1.075,86.61600128990821,0.520047458674469,-0.9166055836822835,0.1581348474977773,0.5200471467706848,0.9647578320472263,2.155963766563332,54.16878942464355,25.33663975199355,0.0,100.0
0.825,0.9,86.61605262423774,0.5199961243449422,-0.9166569180118103,0.21194630377236479,0.5199961019641052,0.8979286564470499,2.1019051840050538,54.16209840300913,25.300841080271198,0.0,100.0
1.025,0.725,86.61745887376337,0.5185898748193125,-0.91806316753744,0.2659235282489334,0.5185900697464604,0.8228285974212639,2.0509275588254403,54.154275391820896,25.242729129210492,0.0,100.0
-0.15,0.475,86.61757557311513,0.5184731754675482,-0.9181798668892043,0.41698585478226846,0.5184712834876251,0.7926589088977636,1.8754049129311492,54.101778045336985,24.49510587421287,0.0,100.0
0.725,0.975,86.61796993252038,0.5180788160622996,-0.918574226294453,0.18702971601463503,0.5180786803337327,0.925823078631268,2.124861047083858,54.16512280091188,25.319395635801428,0.0,100.0
1.135,0.6,86.6181345340315,0.5179142145511832,-0.9187388278055693,0.30524631321092954,0.5179145153931671,0.76800336213023,2.0185904089567517,54.147871529528466,25.186424157598672,0.0,100.0
1.0,0.75,86.61823066718819,0.5178180813944948,-0.9188349609622577,0.25711124665306784,0.5178182510341145,0.8327644153355322,2.0578449547832127,54.15547092173695,25.252634494896295,0.0,100.0
0.275,0.3,86.61892976878951,0.5171189797931675,-0.919534062563585,0.4063214813481295,0.5171176972506771,0.7029850390713364,1.9117178152696408,54.09900127080448,24.53782660044928,0.0,100.0
0.075,0.375,86.61897644180378,0.5170723067788998,-0.9195807355778527,0.4078962427046946,0.5170707322086059,0.7452590356755024,1.8948665178963842,54.09966859935504,24.511396323102588,0.0,100.0
1.05,0.7,86.619121667166,0.5169270814166822,-0.9197259609400703,0.27238222034225146,0.5169273020051122,0.8103520208183852,2.0440331855991283,54.15307083475288,25.232829182607727,0.0,100.0
1.2,0.5,86.61930063708428,0.5167481114984014,-0.9199049308583511,0.3355752947748698,0.5167484646297567,0.7246820096611941,1.99641675162697,54.142115331726146,25.130996760392293,0.0,100.0
-0.3,0.55,86.61953253395512,0.5165162146275577,-0.9201368277291948,0.4037255271304332,0.5165141177423805,0.8203968144279656,1.8627511972818944,54.10392809210098,24.491482166266863,0.0,100.0
0.35,0.275,86.62017610984178,0.5158726387409018,-0.9207804036158507,0.4063114167059325,0.5158714678597874,0.6855567304692158,1.9175085126306377,54.09902321471701,24.550442283372583,0.023340987067898167,100.0
1.2,0.25,86.62027384942829,0.515774899154394,-0.9208781432023585,0.4149182387040611,0.5157751295425271,0.6245323863692818,1.9593003523179602,54.12203470749241,24.917022104721838,0.118330987058191,100.0
0.975,0.775,86.62141842874445,0.5146303198382327,-0.9220227225185198,0.24607355991606994,0.514630464105798,0.8401690195777576,2.0647704397921443,54.15665872695573,25.262551377024714,0.0,100.0
-0.25,1.475,86.6216994926698,0.514349255912876,-0.9223037864438766,0.006855689191681336,0.5143479159594619,1.0288764343696783,2.254110743462657,54.17929126764054,25.306241107464807,0.0,100.0
0.525,0.225,86.6218348412194,0.5142139073632848,-0.9224391349934677,0.41194730964855353,0.5142130021994689,0.645390246198744,1.929834030506841,54.09981392340188,24.587078786517033,0.10298337678261607,100.0
0.8,0.175,86.62223133715516,0.5138174114275245,-0.922835630929228,0.43841260370562907,0.5138169396719775,0.5821842275377236,1.9446957688236697,54.10358551700447,24.669370246816218,0.15777648952181994,100.0
1.025,0.175,86.6226043041134,0.513444444469286,-0.9232085978874665,0.44077559608868455,0.5134443456048189,0.5896906943596179,1.9520762852710365,54.11029006258294,24.77215355642834,0.17596545745011027,100.0
1.125,0.2,86.62288671046888,0.5131620381138049,-0.9234910042429476,0.42976795019121994,0.5131621177200543,0.6018951854907186,1.95481133122863,54.115458975697145,24.839497331642928,0.15628225345125643,100.0
1.075,0.675,86.62319718049913,0.5128515680835477,-0.9238014742732048,0.27647067578651274,0.512851814781149,0.7953133416580158,2.0372041512523302,54.15185257082981,25.222936704952147,0.0,100.0
-0.1,0.45,86.62351297968166,0.5125357689010173,-0.9241172734557352,0.40951901365792764,0.5125339452521473,0.7768189624889317,1.8790531876730086,54.10105876925944,24.496378099433063,0.0,100.0
1.225,0.45,86.62378921804506,0.5122595305376194,-0.9243935118191331,0.3469875429469198,0.5122598989127283,0.6995118542483283,1.986506362539462,54.13897067511158,25.099854084787218,0.0,100.0
1.175,0.225,86.62495317586048,0.5110955727221977,-0.9255574696345548,0.41880189894583,0.5110957489803951,0.6099951888778179,1.9568143036590673,54.11912670866508,24.884015466073393,0.13565565410962546,100.0
0.2,0.325,86.62533346237137,0.5107152862113082,-0.9259377561454443,0.4002891422464927,0.510713892138611,0.7127443011818855,1.904958248298247,54.098973111480944,24.525278447170304,0.0,100.0
-0.05,1.4,86.62608475023892,0.509963998343764,-0.9266890440129885,0.038964332567203996,0.5099629143650247,1.028927182608058,2.243659308284561,54.17814847066651,25.331988055988937,0.0,100.0
1.225,0.275,86.62693030388678,0.5091184446959005,-0.927534597660852,0.4000960613401219,0.509118727461751,0.6271755629913969,1.9613274310746198,54.124901472425584,24.950092439915988,0.10100632000675641,100.0
0.225,1.275,86.62700741456165,0.5090413340210347,-0.9276117083357178,0.08857917392829506,0.5090405978392141,1.011704842187541,2.214273800100629,54.175162358534884,25.349069608061082,0.0,100.0
0.95,0.8,86.62703801714477,0.5090107314379111,-0.9276423109188414,0.23270969892733717,0.5090108502972214,0.8450370789102521,2.071728745643959,54.15784017557456,25.27247387982205,0.0,100.0
1.175,0.55,86.62812092970232,0.5079278188803613,-0.9287252234763912,0.31128283623336017,0.5079281572856701,0.7364887657776649,2.006527808447251,54.145171585979014,25.162153100897413,0.0,100.0
0.275,1.25,86.62860091151383,0.5074478370688524,-0.9292052052879001,0.09423505340062377,0.5074471635811477,1.0046729726211652,2.2074694797645926,54.17447254061346,25.350294535376182,0.0,100.0
0.175,1.3,86.62864169459583,0.5074070539868529,-0.9292459883698996,0.07986831833225949,0.5074062554285547,1.0150416370161253,2.220845329604869,54.17585032326509,25.34787007631452,0.0,100.0
0.425,0.25,86.62906822895991,0.5069805196227719,-0.9296725227339806,0.4002593071019618,0.506979460570335,0.6604584014973938,1.9223349532788556,54.09904334546083,24.563135345943497,0.05967285672970621,100.0
0.5,1.125,86.62943169856118,0.5066170500215037,-0.9300359923352488,0.12985532103641617,0.5066166504348161,0.9683712432022418,2.171018416294269,54.1705920265628,25.345330158176782,0.0,100.0
-0.175,1.45,86.62972709598766,0.5063216525950196,-0.9303313897617329,0.01026428524286871,0.5063204104749275,1.0248790769597065,2.2519294466169173,54.17905695308959,25.318559339491067,0.0,100.0
1.1,0.65,86.62972751304461,0.5063212355380671,-0.9303318068186854,0.2781536990030986,0.5063215084172669,0.7777108557521899,2.030412240169846,54.150629377521845,25.213065001181032,0.0,100.0
1.135,0.2,86.62992798515867,0.5061207634240077,-0.9305322789327448,0.4227567137965309,0.506120859719573,0.5948117408778444,1.9544654935871641,54.11575061011194,24.84413306809257,0.15496148053517786,100.0
0.625,0.2,86.63012965310259,0.5059190954800954,-0.9307339468766571,0.4114503385655297,0.5059183442941247,0.6147809668450464,1.9353037834052387,54.10057767128765,24.611179588707852,0.12954372246142087,100.0
0.775,0.175,86.63102723159136,0.5050215169913201,-0.9316315253654324,0.42666885683422606,0.5050210034912226,0.5794379497461648,1.9429170188182106,54.10283622305895,24.65804116616243,0.1557554930853432,100.0
1.05,0.175,86.63146496070317,0.5045837878795112,-0.9320692544772413,0.43149427346777713,0.5045837303955665,0.5815140765776334,1.9519442555208446,54.111029314114816,24.783662215716873,0.17798645388658701,100.0
-0.05,0.425,86.63274579928684,0.5033029492958434,-0.9333500930609091,0.39921692410246123,0.5033011942705485,0.7576412169743918,1.8824488505084558,54.10034097992848,24.497683659715555,0.0,100.0
1.25,0.35,86.63290190260618,0.5031468459765023,-0.9335061963802502,0.36989271517158784,0.5031472046377985,0.6498229814555856,1.9698977693587665,54.13179757722294,25.025963386818663,0.05545013439179031,100.0
0.325,1.225,86.6333842038695,0.5026645447131841,-0.9339884976435684,0.0968218808569219,0.5026639340173403,0.9939422933354223,2.2004563942867965,54.17378029581586,25.351538518248574,0.0,100.0
0.8,0.925,86.63342601108397,0.5026227374987116,-0.934030304858041,0.18750068164975175,0.5026226908011978,0.8904902307634615,2.1089059750613015,54.16324186119929,25.310828693244257,0.0,100.0
0.125,1.325,86.63348388073933,0.502564867843347,-0.9340881745134055,0.06810556445823579,0.5025640072634531,1.014695107286883,2.2271924677284445,54.17653507984561,25.34669196096841,0.0,100.0
1.25,0.375,86.63466621102194,0.5013825375607439,-0.9352705047960086,0.3601399536990897,0.5013829085266878,0.657878197233174,1.9734004807473895,54.13378228533416,25.04733885058526,0.0251029093217906,100.0
0.925,0.825,86.6351044846624,0.5009442639202746,-0.9357087784364779,0.21698548479926671,0.5009443574450956,0.8474074388687001,2.0787213698435076,54.159012744095186,25.282411421129552,0.0,100.0
1.25,0.325,86.63633134034714,0.49971740823554,-0.9369356341212125,0.3746368523033681,0.49971775468280555,0.6365186103194418,1.9663729286736897,54.129768509262824,25.004572822813415,0.06965891819408385,100.0
1.125,0.625,86.63870565929636,0.49734308928631776,-0.9393099530704347,0.27747531860624974,0.4973433883225852,0.7576101484319366,2.023660785307078,54.14939345125703,25.203196412328158,0.0,100.0
0.125,0.35,86.63938068196622,0.4966680666164649,-0.9399849757402876,0.38821426036072637,0.49666656119161984,0.7148342359784863,1.8972339893733592,54.09894011215678,24.512800919287297,0.0,100.0
0.625,1.05,86.64076713428632,0.49528161429635986,-0.9413714280603926,0.14186181675461285,0.49528136709081705,0.9312508978935625,2.1476216549769886,54.16807197623375,25.338023607390316,0.0,100.0
1.15,0.2,86.64101931749295,0.4950294310897334,-0.9416236112670191,0.41174448473491054,0.49502955242230084,0.583603720973926,1.9538931871803675,54.11618769978686,24.851091864463218,0.15298032116106006,100.0
0.375,1.2,86.64128095905212,0.494767789530556,-0.9418852528261965,0.09638801698905297,0.494767241272001,0.9795442412271171,2.193186055549382,54.173083680415694,25.352798482741235,0.0,100.0
0.075,1.35,86.64155799959666,0.4944907489860242,-0.9421622933707283,0.052032514357563286,0.4944898267309014,1.0106474312926963,2.2332850298494105,54.17721587191928,25.345544184092585,0.0,100.0
0.75,0.175,86.64159744552684,0.49445130305583973,-0.9422017393009128,0.4134529119658339,0.4944507477859531,0.5749210157699309,1.9409443366505612,54.1020859807223,24.646730290673116,0.15373449664886651,100.0
1.25,0.4,86.6416172828843,0.4944314656983835,-0.942221576658369,0.34542773173684793,0.49443184912099697,0.6606877632371351,1.9768693741810348,54.135723316565674,25.068699896257318,0.0,100.0
1.075,0.175,86.64207776358545,0.49397098499723313,-0.9426820573595194,0.42055824789785845,0.49397096895304743,0.5713914830930094,1.95164988962114,54.1117657965032,24.795185416780498,0.1769088527928874,100.0
0.7,1.0,86.64216585339179,0.4938828951908931,-0.9427701471658594,0.15593300152748668,0.49388273581408554,0.9111711770942179,2.1319106248189894,54.166239174380145,25.32940919465935,0.0,100.0
1.225,0.475,86.64382665659507,0.4922220919876139,-0.9444309503691386,0.3197579241200259,0.4922224728301757,0.6889159690897486,1.9900485854927925,54.14081489801802,25.121206308688254,0.0,100.0
1.25,0.3,86.6449358823567,0.4911128662259756,-0.9455401761307769,0.37439330093474155,0.4911132006804394,0.6179819510849427,1.9628480240130413,54.12769762194844,24.983171968426337,0.08368165295532196,100.0
-0.1,1.425,86.64495097553245,0.49109777305022817,-0.9455552693065243,0.007781515648858317,0.4910966295607892,1.012429568958936,2.2487914916468834,54.178803689195156,25.330905422333824,0.0,100.0
0.0,0.4,86.6452529900739,0.49079575850878143,-0.9458572838479711,0.38607544693449825,0.490794072550824,0.7351247870912232,1.8856263768129722,54.09962208565886,24.4990243741387,0.0,100.0
0.5,0.225,86.64560785710863,0.49044089147405145,-0.946212150882701,0.38816748536692103,0.4904399444022062,0.6276905430054569,1.9262036265489748,54.099058185096474,24.575903196740903,0.09600472639151422,100.0
0.9,0.85,86.64561502979497,0.49043371878771325,-0.9462193235690393,0.19896788715884384,0.49043378716162633,0.8472460950212195,2.0857337776852676,54.16017915481082,25.292363962742918,0.0,100.0
1.2,0.525,86.64730911920515,0.4887396293775339,-0.9479134129792186,0.3006363356730333,0.48873999512106536,0.7060739398487641,2.000019983109327,54.14390296769916,25.1523496993808,0.0,100.0
1.225,0.25,86.6480927266075,0.4879560219751795,-0.948697020381573,0.38770053401049154,0.4879562931384072,0.5958108045897745,1.9576012008208825,54.122737716931155,24.928680879843107,0.11502905476799452,100.0
1.2,0.225,86.64883864830945,0.48721010027323075,-0.9494429420835218,0.39535448759330905,0.4872103184944791,0.5855340537658265,1.9554434433157266,54.11984451974485,24.895655545059537,0.1323537218194291,100.0
0.55,1.1,86.64897001675058,0.48707873183209927,-0.9495743105246532,0.11850845893600592,0.4870783964487856,0.9407494475309193,2.1629377348909764,54.169879804328936,25.346678942560647,0.0,100.0
0.6,0.2,86.64907508408501,0.4869736644976683,-0.9496793778590842,0.39147982867476117,0.48697287144451024,0.6019029291946367,1.9323108315880142,54.099823572815396,24.599954216310348,0.12752272602494416,100.0
1.15,0.6,86.6501255362316,0.48592321235108216,-0.9507298300056704,0.27439286444325717,0.4859235378037738,0.7349964452296831,2.0169178722909007,54.14814868910567,25.19334036785451,0.0,100.0
0.325,0.275,86.65183227920713,0.4842164693755535,-0.952436572981199,0.3763865748420727,0.4842152565183568,0.6599837358361782,1.9127842544839841,54.09826321832324,24.539344662057978,0.016362336676796346,100.0
-0.3,1.5,86.65239112855369,0.4836576200289926,-0.9529954223277599,-0.034319021330688315,0.48365622076568116,0.9984247036753118,2.2579003320891298,54.17992459967857,25.305222028639555,0.0,100.0
0.425,1.175,86.65239646596068,0.4836522826220033,-0.9530007597347492,0.09287059073400883,0.48365179722153756,0.9614578456019132,2.185688838071813,54.17238108081156,25.35408179496276,0.0,100.0
0.025,1.375,86.65287571801724,0.4831730305654389,-0.9534800117913136,0.02713939439112778,0.4831720468998185,1.0028970789208955,2.2391209027542036,54.177881107381346,25.344405763669005,0.0,100.0
0.775,0.95,86.65322010824747,0.4828286403352138,-0.9538244020215387,0.1606813636594353,0.48282856955234477,0.8805200737792944,2.115973108137765,54.16437759527496,25.32082937319996,0.0,100.0
0.25,0.3,86.65364142149713,0.48240732708555356,-0.954245715271199,0.3740599018864259,0.48240600253853927,0.6743606809295386,1.9065426318402652,54.09823967505068,24.526756852411047,0.0,100.0
1.25,0.425,86.65370115630161,0.48234759228107293,-0.9543054500756796,0.3258916379331538,0.4823479886012791,0.6582506349851798,1.9803118569955682,54.13763424840028,25.090069613747062,0.0,100.0
0.725,0.175,86.65394216477996,0.4821065838027181,-0.9545464585540344,0.3987643665031726,0.4821059867334327,0.5686338653279108,1.9387773564004842,54.10133435201774,24.635436831246967,0.15171350021238983,100.0
1.1,0.175,86.65445350229741,0.4815952462852664,-0.9550577960714861,0.4079675708050132,0.48159527170435296,0.5593229911681163,1.9511805486338467,54.112499921411555,24.806723895952988,0.17360692050269091,100.0
-0.225,1.475,86.65605950048898,0.4799892480937018,-0.9566637942630507,-0.027253302181961203,0.4799879467237048,0.9995866025349898,2.2561952751285506,54.17969867659103,25.317516321067036,0.0,100.0
0.4,0.25,86.65767111045442,0.47837763812826495,-0.9582754042284876,0.3726710857795439,0.47837653711617917,0.63793631286579,1.9180601888341202,54.09828451188909,24.552006992963253,0.05269420633860439,100.0
0.875,0.875,86.65855905489813,0.4774896936845465,-0.959163348672206,0.17869297682052832,0.47748973709570064,0.8445447944975086,2.0927566748668713,54.161337130081726,25.302323444399686,0.0,100.0
1.25,0.275,86.65869190855051,0.47735684003217216,-0.9592962023245803,0.3691243534709088,0.4773571630868105,0.5942063247275371,1.9593383495778296,54.12558535318744,24.96176178777908,0.09770438771656004,100.0
1.135,0.625,86.66050820861241,0.47554053997026813,-0.9611125023864844,0.2564059685053337,0.4755408556469575,0.735137073100006,2.0225666721663527,54.149574655096714,25.20780614118342,0.0,100.0
1.175,0.2,86.66091754787385,0.4751312007088302,-0.9615218416479223,0.392070103454472,0.4751313637703731,0.5633721441712254,1.9527952271450186,54.11691370005022,24.86270088474706,0.14967838887086357,100.0
0.05,0.375,86.66107372148846,0.47497502709421724,-0.9616780152625353,0.37009734439013187,0.4749734103809601,0.7092691127410546,1.88852927435319,54.098900763468535,24.500392224550286,0.0,100.0
0.175,0.325,86.66309965988596,0.4729490886967227,-0.9637039536600298,0.36569074363013954,0.47294765259750593,0.6810685855739393,1.8993319070789014,54.09820892617812,24.514236893963822,0.0,100.0
1.175,0.575,86.66399245295268,0.4720562956299972,-0.9645967467267553,0.2688975099871982,0.4720566478494305,0.7099218789318797,2.0102268173008246,54.14690022485847,25.183502224661733,0.0,100.0
-0.225,0.5,86.66517984853648,0.47086890004619875,-0.9657841423105538,0.36108022607930934,0.47086689766948664,0.7610533345531394,1.863678714842931,54.10172417760046,24.482935131070853,0.0,100.0
-0.175,0.475,86.66654367468821,0.4695050738944673,-0.9671479684622852,0.3649402724886812,0.46950313983580827,0.7497888581194019,1.8678702456699547,54.101006525160216,24.484160003661007,0.0,100.0
0.475,1.15,86.66676738411427,0.46928136446841506,-0.9673716778883374,0.08625077853227481,0.469280942144664,0.939703544924825,2.1779491760099594,54.17167486230102,25.355394313375253,0.0,100.0
-0.15,1.45,86.66694079447592,0.46910795410676087,-0.9675450882499916,-0.026075170499026967,0.46910675121927736,0.9922606096333482,2.253599471349103,54.179453652265224,25.329840233048785,0.0,100.0
-0.275,0.525,86.66710151302124,0.46894723556144413,-0.9677058067953084,0.3537389486842386,0.46894516475042847,0.7690491700949451,1.8592005418618183,54.10244079366834,24.481739718222595,0.0,100.0
-0.025,1.4,86.66739670343641,0.46865204514627123,-0.9680009972104813,-0.0004955899454870405,0.46865100057908365,0.99149136996067,2.2447135059017578,54.1785391739129,25.343291829522222,0.0,100.0
0.7,0.175,86.66806126910296,0.4679874794797172,-0.9686655628770353,0.38260317554934886,0.4679868405841489,0.5605762260262992,1.9364156999181434,54.10058226107974,24.6241625353337,0.1496925037759131,100.0
1.125,0.175,86.66859624916636,0.46745249941632494,-0.9692005429404276,0.39372249425424855,0.46745256630798054,0.5453091442070246,1.9505312449704324,54.113233071857174,24.81828018773948,0.17030498821249454,100.0
0.675,1.025,86.66876504820445,0.46728370037823197,-0.9693693419785205,0.12247079930672555,0.46728351757856784,0.8940256540494858,2.1390120792152754,54.16734760679495,25.339428658113672,0.0,100.0
1.225,0.5,86.66893966010699,0.467109088475695,-0.9695439538810575,0.28764764921639596,0.4671094820478231,0.6731972984318872,1.9935691678542817,54.142618697727656,25.14254976959253,0.0,100.0
0.575,0.2,86.66979530615124,0.4662534424314373,-0.9703995999253152,0.37003659095748276,0.4662526074870357,0.5872535855305614,1.9291218770612582,54.09906924303432,24.588748529891433,0.12550172958846745,100.0
1.25,0.45,86.67084556344278,0.4652031851398988,-0.9714498572168537,0.30152035556307055,0.4652035938687419,0.6505770395633448,1.9837269128120956,54.1395028737946,25.111427566660982,0.0,100.0
0.475,0.225,86.67115601503762,0.46489273354505656,-0.971760308811696,0.36291493706026756,0.46489174454067095,0.6082192500897889,1.922375836097911,54.09830129830502,24.56474564578293,0.08902607600041237,100.0
-0.125,0.45,86.67120124999293,0.46484749858974794,-0.9718055437670046,0.36531684833548184,0.4648456328645295,0.735228398856421,1.8717755047854432,54.10028699825858,24.485420733929658,0.0,100.0
0.6,1.075,86.67173398133512,0.4643147672475578,-0.9723382751091947,0.10412531678137782,0.4643144964423215,0.9094252766390127,2.15463804735477,54.16916456903864,25.348054224609008,0.0,100.0
0.95,0.15,86.67335891464087,0.46268983394180907,-0.9739632084149434,0.40305228846453645,0.4626895989616401,0.5242065872749038,1.94605945275738,54.1058205958947,24.716738441415476,0.18398826014574227,100.0
0.925,0.15,86.67381102162366,0.46223772695901744,-0.9744153153977351,0.4037368201996827,0.4622374507046487,0.5222729222059002,1.945288039843288,54.105074644817,24.705323559768743,0.18196726370926558,100.0
0.85,0.9,86.67392075059834,0.46212799798433934,-0.9745250443724132,0.1561258611020122,0.4621280167557785,0.8392969353383819,2.099783953949786,54.162486069132356,25.31229849736513,0.0,100.0
1.05,0.725,86.67407120261608,0.46197754596660445,-0.974675496390148,0.2110928853082754,0.4619777829048644,0.7647318184104108,2.0484456439344325,54.15469408069484,25.25422470258988,0.0,100.0
1.225,0.225,86.67444387950115,0.4616048690815262,-0.9750481732752263,0.3702605753903043,0.46160512846061863,0.5591377387242602,1.9538719487375356,54.12055693342879,24.907305092870256,0.1290517895292326,100.0
0.975,0.15,86.67466801624687,0.46138073233581167,-0.9752723100209408,0.4007414487645633,0.46138053862096057,0.5242114393792718,1.946641822355848,54.10656343474972,24.7281673666406,0.186009256582219,100.0
1.135,0.175,86.674748680207,0.46130006837567805,-0.9753529739810745,0.387561318187565,0.461300151853942,0.5391594104639097,1.9502201612695278,54.11352530147071,24.822906284928084,0.16898421529641597,100.0
1.025,0.75,86.6752416796692,0.460807068913482,-0.9758459734432705,0.20198235974326906,0.46080728022523376,0.7743193408513775,2.0553807724094466,54.15588300108425,25.264123334258187,0.0,100.0
1.075,0.7,86.67531131690346,0.4607374316792203,-0.9759156106775322,0.2179645639379686,0.46073769433876066,0.7526098777746739,2.041508565906015,54.15349824826614,25.244334738334544,0.0,100.0
0.75,0.975,86.67539593309972,0.460652815482959,-0.9760002268737935,0.1315143859310126,0.46065272075748,0.8680689104158148,2.1230507821712012,54.165501387701624,25.33083465937962,0.0,100.0
0.9,0.15,86.67602786576361,0.46002088281906595,-0.9766321595376866,0.4021151252245829,0.46002056513213463,0.5184040826727596,1.9443231247349573,54.10432769060151,24.693926665256583,0.17994626727278884,100.0
0.25,1.275,86.67616001331795,0.45988873526472673,-0.9767643070920258,0.04067416298799742,0.45988803967255476,0.9648357841614228,2.2142411104133255,54.17553969417134,25.360421492837354,0.0,100.0
0.2,1.3,86.67653972562691,0.45950902295577123,-0.9771440194009813,0.03312359355263084,0.4595082649136145,0.9697003627474601,2.2210313874961685,54.17622782582288,25.359212161313824,0.0,100.0
1.25,0.25,86.67764067345509,0.4584080751275934,-0.9782449672291591,0.35883733628593006,0.4584083870683429,0.565157506594872,1.955755542398654,54.12343501064545,24.940348476799077,0.11172712247779815,100.0
1.0,0.15,86.6777490934107,0.45829965517198445,-0.978353387184768,0.39677487969319714,0.4582995027014789,0.5222714885685207,1.947035600073834,54.10730604450148,24.739615661445473,0.1880302530186957,100.0
1.0,0.775,86.67883658691014,0.45721216167254397,-0.9794408806842085,0.19058315087808353,0.45721234734687355,0.7813768239837202,2.062341568365493,54.157064538379025,25.274029632836626,0.0,100.0
0.3,1.25,86.67899208089071,0.4570566676919725,-0.97959637466478,0.04516297087612031,0.4570560348859459,0.9562884082946113,2.2072394283081183,54.17484993933589,25.3616556431135,0.0,100.0
1.1,0.675,86.67901201440388,0.4570367341788,-0.9796163081779525,0.2224716257461523,0.4570370226385222,0.7379325041974596,2.0345894301045,54.15229034340648,25.234454544238424,0.0,100.0
-0.075,0.425,86.67917123955722,0.4568775090254604,-0.9797755333312921,0.35821830993833714,0.4568757118093913,0.7173300623478838,1.8754042189860303,54.09956903424597,24.48671489168712,0.0,100.0
0.875,0.15,86.68000835963731,0.45604038894536814,-0.9806126534113844,0.39417967495681694,0.4560400295370215,0.512587766254498,1.943157401129066,54.10357998655734,24.682548254411383,0.17792527083631215,100.0
0.15,1.325,86.68011870698228,0.4559300416003964,-0.9807230007563561,0.022587573451062326,0.45592922160390403,0.9708802043516869,2.2275933295196633,54.17691325415316,25.358025035801923,0.0,100.0
0.1,0.35,86.68020190664976,0.45584684193292446,-0.980806200423828,0.351279018376232,0.45584529446317956,0.6801061578378267,1.8911543977655163,54.09817436863123,24.50178814667266,0.0,100.0
1.2,0.55,86.6802908824555,0.45575786612718616,-0.9808951762295663,0.26101394967075464,0.45575824537566234,0.6824119588953153,2.0036147096014747,54.145645538931134,25.173684847938127,0.0,100.0
1.2,0.2,86.6825736704501,0.45347507813258403,-0.9831779642241685,0.37074521030000085,0.453475282976666,0.5412203962722657,1.9515277864986096,54.11763827009915,24.8743267523715,0.1463764565806672,100.0
1.025,0.15,86.6826012581684,0.4534474904142769,-0.9832055519424756,0.39115259500714217,0.4534473791732069,0.5183854501571687,1.9472399549023092,54.10804803122743,24.75108256834041,0.19005124945517238,100.0
0.675,0.175,86.6839550235794,0.45209372500328016,-0.9845593173534724,0.3649693298993526,0.45209304425509345,0.5507477523145639,1.933859014783009,54.099829597667394,24.61290722404885,0.1476715073394364,100.0
0.525,1.125,86.68435754331873,0.45169120526395545,-0.984961837092797,0.07654027807012653,0.4516908464742528,0.9142420596608645,2.169931501032855,54.1709655568366,25.356736313828527,0.0,100.0
1.15,0.175,86.6845024134431,0.4515463351395823,-0.9851067072171702,0.377823530668735,0.45154644353350476,0.5293558882872276,1.9497064553864882,54.11396364589101,24.829851302780764,0.16700305592229817,100.0
0.975,0.8,86.68487736688087,0.4511713817018119,-0.9854816606549406,0.17681531748773693,0.4511715418498142,0.7859362962068559,2.0693444928667577,54.15824262688529,25.283951401660772,0.0,100.0
0.35,1.225,86.68499464977658,0.4510540988060967,-0.9855989435506558,0.046572884846796114,0.45105352860639697,0.9440666909214173,2.200029370094809,54.174156022576,25.36290968551555,0.0,100.0
-0.075,1.425,86.68502046422546,0.4510282843572213,-0.9856247579995312,-0.030828111344348486,0.45102718012376214,0.9765299461257371,2.2500740379275945,54.179196687479966,25.342202733964847,0.0,100.0
1.125,0.65,86.68514914241983,0.4508996061628494,-0.9857534361939031,0.2245912539369641,0.4508999205545535,0.7206928367026819,2.027696649620384,54.15107086339354,25.22458190121973,0.0,100.0
0.3,0.275,86.68526402880535,0.4507847197773316,-0.9858683225794209,0.3449889519290963,0.4507834649179102,0.632638947369415,1.9078606547692354,54.09750270006362,24.528266352965723,0.009011754274749706,100.0
-0.275,1.5,86.68553214496013,0.4505166036225461,-0.9861364387342064,-0.06755630701103144,0.45051524315142333,0.9706420059598315,2.260184013339793,54.18033527463339,25.316486623298754,0.0,100.0
0.85,0.15,86.68575400373412,0.4502947448485628,-0.9863582975081897,0.38477167583388905,0.4502943437259006,0.5084254404428492,1.941808195594545,54.1028313660927,24.67118804349476,0.17590427439983547,100.0
0.1,1.35,86.68692988580334,0.44911886277934343,-0.9875341795774091,0.008949067053634963,0.4491179810498636,0.9683743623839547,2.233905356386093,54.177595034608785,25.356866768107306,0.0,100.0
0.375,0.25,86.68804912911604,0.4479996194666427,-0.9886534228901098,0.343610115403834,0.44799847647081775,0.6136425761403217,1.9135867416062626,54.09752494835514,24.540897524310527,0.04571555594750254,100.0
1.05,0.15,86.68920403252608,0.4468447160566029,-0.9898083263001496,0.3839761567128761,0.4468446461714109,0.5125536187063773,1.9472500708956013,54.1087895474586,24.76256834358283,0.19207224589164912,100.0
0.225,0.3,86.69012877721954,0.4459199713631392,-0.9907330709936133,0.34032550487530955,0.44591860478564344,0.6439643819574741,1.9011674852138545,54.09747685102539,24.51570513061722,0.0,100.0
-0.025,0.4,86.69040398429203,0.44564476429064825,-0.9910082780661043,0.3459396974755009,0.44564303610349043,0.6960936486917149,1.878830240473289,54.09885075384502,24.488043947454106,0.0,100.0
0.825,0.925,86.69171134829482,0.44433740028786417,-0.9923156420688883,0.13123565511168067,0.4443373945764705,0.8315188321666938,2.1068453440911608,54.163625312360445,25.3222828759161,0.0,100.0
-0.2,1.475,86.69204065610204,0.44400809248064377,-0.9926449498761087,-0.06272634696487955,0.44400682999790037,0.9684632967999391,2.2580932751748204,54.18010037985053,25.328790253914107,0.0,100.0
0.55,0.2,86.6922889700435,0.4437597785391745,-0.992893263817578,0.347120634236731,0.4437589016896652,0.5708328113877883,1.9257382188702266,54.09831346075211,24.577560276572346,0.12348073315199076,100.0
1.25,0.475,86.69303158594828,0.4430171626344048,-0.9936358797223477,0.2722367245299466,0.4430175839903825,0.6377738647147595,1.9871564052891348,54.14132739850212,25.132769235950253,0.0,100.0
0.825,0.15,86.69327344985602,0.44277529872665866,-0.9938777436300938,0.3738911255544366,0.44277485586172816,0.50695528493425,1.9402668816589836,54.102082656879745,24.659847598396684,0.17388327796335873,100.0
0.95,0.825,86.69336560807575,0.44268314050692936,-0.9939699018498231,0.16074382728498904,0.44268327532220153,0.7879498317747959,2.0763674255006026,54.159411657014694,25.29388895555123,0.0,100.0
1.15,0.625,86.69371507033613,0.44233367824655545,-0.9943193641101971,0.22432259642715735,0.442334018869812,0.7008910501677121,2.0208836290086487,54.149842662683426,25.214719421378337,0.0,100.0
0.4,1.2,86.6941245207646,0.4419242278180775,-0.994728814538675,0.044978499147902085,0.44192372020426945,0.9281454779412144,2.192575440089036,54.17345731313218,25.364182194715113,0.0,100.0
0.05,1.375,86.69698143734495,0.4390673112377357,-0.9975857311190168,-0.014584181064705604,0.4390663680602131,0.9621844717135417,2.239967204829836,54.178264919337124,25.355723793866574,0.0,100.0
1.075,0.15,86.69757198536944,0.43847676321324514,-0.9981762791435074,0.37517612743481266,0.4384767347098034,0.5047760387153346,1.9470720089152425,54.10953008487166,24.774072018706278,0.19093158755412548,100.0
0.65,1.05,86.69774816105839,0.4383005875242958,-0.9983524548324567,0.08667160475333446,0.43830038134513527,0.8743836543444132,2.1460849362161922,54.1684439331178,25.349446626485907,0.0,100.0
0.45,0.225,86.69847950403499,0.43756924454768864,-0.9990837978090639,0.33618966410716666,0.4375682135852742,0.5869763178879879,1.9183502387958524,54.09754347617859,24.553606557588644,0.08204742560931055,100.0
1.225,0.525,86.69903892349883,0.4370098250838481,-0.9996432172729044,0.2507892198240995,0.4370102317229708,0.6523544202485141,1.9970698954433603,54.14438494985036,25.163889400925115,0.0,100.0
0.725,1.0,86.69999514469528,0.43605360388740166,-1.0005994384693508,0.09999115878524378,0.43605348541638306,0.8530922899732332,2.130154832726311,54.16661329419964,25.340846272809873,0.0,100.0
0.65,0.175,86.70162366757495,0.43442508100773125,-1.0022279613490213,0.34586282061647466,0.4344243583800534,0.5391482851122618,1.931106985038412,54.09907609901429,24.601670433553185,0.1456505109029597,100.0
1.25,0.225,86.70178239062868,0.4342663579540016,-1.002386684402751,0.3435188491033756,0.43426665810033854,0.5308078610691638,1.9521225957929376,54.12126255798786,24.918961520662414,0.12574985723903623,100.0
1.175,0.175,86.70214380524736,0.43390494333532104,-1.0027480990214315,0.3602792492006017,0.43390509345404665,0.5114621191911795,1.9487447489009746,54.11469355670165,24.841440751406672,0.16370112363210168,100.0
0.8,0.15,86.7025662680814,0.4334824805012829,-1.0031705618554696,0.3615380178177503,0.43348199587000524,0.503715246485271,1.9385338764029094,54.10133349723792,24.6485262729707,0.17186228152688204,100.0
0.15,0.325,86.70264079492672,0.4334079536559585,-1.003245088700794,0.32961951828913527,0.4334064755112109,0.6476206892917133,1.8935061207816712,54.09744399651733,24.503214310192064,0.0,100.0
0.925,0.85,86.70429922440786,0.43174952417481904,-1.0049035181819335,0.14235530462865142,0.43174963380924397,0.7874379621984389,2.083412078030892,54.1605716212841,25.30383513509875,0.0,100.0
1.175,0.6,86.70472416047866,0.43132458810401886,-1.0053284542527336,0.22167932647798239,0.43132495509124735,0.6785841568311923,2.0141185461168707,54.14860557625525,25.204872910558564,0.0,100.0
0.025,0.375,86.70494468997042,0.431104058612263,-1.0055489837444895,0.33082557851884076,0.43110239967816144,0.6715167890470184,1.8819890528108045,54.09813105727446,24.489405033262603,0.0,100.0
0.575,1.1,86.70511810857208,0.430930640010601,-1.0057224023461515,0.06408441705758605,0.43093034563124777,0.885083731448006,2.161657997630075,54.17025100026428,25.358094226878332,0.0,100.0
-0.125,1.45,86.7057849706063,0.4302637779763785,-1.006389264380374,-0.06381825230545246,0.4302626144543268,0.9578856102167634,2.2550914789518877,54.17984651111939,25.34112812327157,0.0,100.0
1.225,0.2,86.70598315088809,0.4300655976945933,-1.0065874446621592,0.34777042972670813,0.43006584440349516,0.5171494179509608,1.950094124863013,54.118359534954294,24.885965984457624,0.1430745242904707,100.0
0.45,1.175,86.70650354544064,0.42954520314204103,-1.0071078392147115,0.040294558280251636,0.4295447583190054,0.9085203783814677,2.1848559979329307,54.17275267904063,25.365474027840527,0.0,100.0
1.1,0.15,86.70769711806767,0.42835163051501013,-1.0083014118417424,0.3647213907382678,0.4283516434318642,0.4950524749015557,1.9467258771115339,54.11026716128725,24.78558896848805,0.187629655263929,100.0
1.135,0.65,86.7077656983614,0.42828305022128177,-1.0083699921354707,0.202714595787171,0.4282833813351402,0.6973554978472691,2.026603074114026,54.15124649625515,25.22919197714447,0.0,100.0
0.0,1.4,86.71024469061325,0.42580405796942955,-1.010848984387323,-0.04136668082929873,0.42580305383253575,0.9522942479032963,2.2457559390090243,54.17892722036599,25.354602737932126,0.0,100.0
0.8,0.95,86.711890038527,0.4241587100556785,-1.012494332301074,0.10398933388346165,0.42415868022346503,0.8212532138382898,2.1139622527028807,54.1647549191095,25.332277448140626,0.0,100.0
0.775,0.15,86.71363251817682,0.4224162304058581,-1.0142368119508944,0.3477129126558083,0.42241570398119277,0.4987056931664853,1.936608045685729,54.10058352824353,24.63722342572497,0.1698412850904053,100.0
0.525,0.2,86.7165578318148,0.4194909167678844,-1.017162125588868,0.3227319614509412,0.4194899979875061,0.5526405697488315,1.922157609758214,54.09755744133455,24.566391751721447,0.11837929527111857,100.0
-0.25,0.5,86.71719358523181,0.4188551633508695,-1.017797879005883,0.29985832382043043,0.4188531187669895,0.7151562584988369,1.855679237401804,54.100951511797554,24.472020459372935,0.0,100.0
-0.2,0.475,86.71728773178022,0.41876101680246336,-1.0178920255542891,0.30524280528703684,0.4187590406383606,0.7051467196845778,1.8601327250305963,54.10023451349382,24.473233691363763,0.0,100.0
0.9,0.875,86.71764556461152,0.41840318397116505,-1.0182498583855875,0.12168619772613454,0.4184032686459602,0.784381983598962,2.0904763955531003,54.1617241304203,25.313790946799962,0.0,100.0
1.2,0.575,86.71817236732062,0.4178763812620616,-1.018776661094691,0.21662978317036163,0.4178767749275522,0.6537473250966457,2.0073525102057372,54.14736067966387,25.1950347596084,0.0,100.0
1.125,0.15,86.71957815403428,0.4164705945484002,-1.0201824478083523,0.3526119534074468,0.41647064894450525,0.4833829423754423,1.9462145590069615,54.11100170659822,24.797120887044198,0.18432772297373262,100.0
0.35,0.25,86.72020171117724,0.4158470374054417,-1.0208060049513108,0.31307639311854984,0.4158458524061615,0.5875771340977991,1.9089141786308144,54.0967647491035,24.529807142674194,0.03873690555640069,100.0
1.25,0.5,86.7202396120921,0.41580913649058004,-1.0208439058661725,0.23816058887810243,0.41580957082124426,0.619872716795598,1.9905983048319402,54.14311595103895,25.15411044063004,0.0,100.0
-0.25,1.5,86.72028270731936,0.41576604126332484,-1.0208870010934277,-0.10216086311662309,0.41576471970747664,0.9410320845798879,2.2623099610003545,54.1807414383114,25.327751934568948,0.0,100.0
-0.3,0.525,86.72039202487706,0.4156567237056237,-1.0209963186511288,0.2909906405105147,0.41565461065494846,0.7218800277992017,1.8509420644715937,54.10166886755957,24.470835236800674,0.0,100.0
0.275,0.275,86.72047141964642,0.41557732893626564,-1.0210757134204869,0.312118537454225,0.4155760320488753,0.6035222505488491,1.9027375507450113,54.096741263861645,24.517205880841765,0.0,100.0
-0.15,0.45,86.72066549233655,0.4153832562461304,-1.0212697861106221,0.3071460875893308,0.41538134841913177,0.6918655474554498,1.8642953188295073,54.09951539496177,24.47448233665649,0.0,100.0
0.625,0.175,86.72106567572996,0.4149830728527206,-1.0216699695040319,0.325283605778381,0.41498230833022376,0.5257776744644787,1.928161662075907,54.098321949351416,24.590452533717766,0.14362951446648298,100.0
1.2,0.175,86.72154984357022,0.414498905012465,-1.0221541373442875,0.34108407935127616,0.414499096868019,0.4916256374156802,1.9476053762249395,54.115421507874835,24.85304611208059,0.1603991913419053,100.0
0.5,1.15,86.72211247831815,0.4139362702645286,-1.022716772092224,0.03250790086133293,0.41393588858081787,0.8852302742477178,2.1769078388205667,54.17204429369832,25.366794853481284,0.0,100.0
0.075,0.35,86.72279884051073,0.41324990807194695,-1.0234031342848056,0.3128709290873104,0.4132483185350395,0.6436055983816829,1.8848740185275403,54.09740692271907,24.490792585387933,0.0,100.0
1.135,0.15,86.72482631874684,0.41122242983584556,-1.025430612520907,0.34730490597040387,0.4112225008197015,0.478170283409284,1.9459584805546764,54.1112952057697,24.80173856177071,0.18300695005765405,100.0
0.225,1.3,86.72608484483308,0.409963903749599,-1.0266891386071535,-0.015126928009834728,0.4099631861307159,0.9225116518009457,2.2210455811760776,54.176602251429216,25.370565217901458,0.0,100.0
0.75,0.15,86.72647309671913,0.4095756518635483,-1.0270773904932042,0.33241563254455286,0.40957508361589134,0.4919261033755902,1.9344881327756214,54.099831835573745,24.6259373795347,0.16782028865392862,100.0
-0.05,1.425,86.72667449008306,0.40937425849962494,-1.0272787838571276,-0.07084025317541887,0.40937319419760454,0.9388663266378927,2.2512776571769253,54.17958749227736,25.353508605503702,0.0,100.0
0.275,1.275,86.72696617786568,0.40908257071700405,-1.0275704716397485,-0.00878032961423969,0.4090819155026537,0.9161092911568858,2.2140359457988286,54.17591299128796,25.371783767024013,0.0,100.0
0.7,1.025,86.72698706805176,0.4090616805309253,-1.0275913618258272,0.06611292509232669,0.40906153878875956,0.8356254858674816,2.137266373270616,54.167716676811345,25.350859171639986,0.0,100.0
-0.1,0.425,86.72735594533006,0.40869280325262025,-1.0279602391041323,0.3055625359286154,0.40869096393496707,0.6752467195578902,1.8681814502156595,54.09879678269873,24.47576600864276,0.0,100.0
0.425,0.225,86.72757830442704,0.4084704441556397,-1.0281825982011128,0.30799207435522646,0.40846937120988114,0.5639617455960462,1.91412644866477,54.09678497275582,24.542486432941676,0.0750687752182087,100.0
0.2,0.3,86.72839190274433,0.40765684583834627,-1.0289961965184062,0.30511828713413536,0.40765543720465586,0.6117960385594046,1.8955922264641016,54.09671218423519,24.504670309875173,0.0,100.0
0.175,1.325,86.72841513403544,0.4076336145472368,-1.0290194278095157,-0.02450237462272753,0.40763283498354497,0.925249426682285,2.2278259011103745,54.177288909360016,25.36937022813589,0.0,100.0
0.625,1.075,86.72913098766021,0.4069177609224681,-1.0297352814342844,0.048539989089803726,0.4069175312347994,0.8522183306905617,2.153135855484542,54.16953376328298,25.35947552710174,0.0,100.0
-0.175,1.475,86.72966345355849,0.40638529502419374,-1.0302677473325588,-0.09959996367577162,0.406384071659744,0.935581411189176,2.2598218957353158,54.18049835464782,25.34006787280224,0.0,100.0
0.325,1.25,86.73102995364148,0.4050187949411992,-1.0316342474155533,-0.005491003609691347,0.4050182027684883,0.9060655428966982,2.2068558223866,54.17522198759045,25.373024902024397,0.0,100.0
1.25,0.2,86.73113073185368,0.40491801672899896,-1.0317350256277535,0.3231537825093369,0.4049183052453628,0.491146326291485,1.9484976836605459,54.119075378108555,24.897614653670367,0.13977259200027434,100.0
1.075,0.725,86.73234302529589,0.4037057232867909,-1.0329473190699616,0.15476020446145355,0.4037060018169484,0.7047564701027795,2.0457788059823248,54.1551045521495,25.26572266331993,0.0,100.0
1.1,0.7,86.73318201430646,0.4028667342762162,-1.0337863080805363,0.1619520779109962,0.40286703873236435,0.6929831053403319,2.0388211742874334,54.15391598191247,25.255841300328402,0.0,100.0
1.15,0.15,86.73322844907909,0.40282029950358833,-1.0338327428531642,0.33884802555525084,0.4028203953735698,0.4697686171244868,1.9455209219383187,54.11173542371328,24.808670901795203,0.18102579068353625,100.0
0.875,0.9,86.73341598990332,0.4026327586793599,-1.0340202836773926,0.09871208366402584,0.4026328186108287,0.7788097051829652,2.0975554546735844,54.16286644677747,25.32375983452759,0.0,100.0
1.05,0.75,86.73391791125368,0.4021308373289969,-1.0345222050277556,0.1453234652379649,0.40213108998649716,0.713991399837596,2.0527412389742583,54.15628690465799,25.275614860043657,0.0,100.0
0.125,1.35,86.73397166875961,0.40207707982307284,-1.0345759625336797,-0.0369711034103517,0.4020762385909137,0.9242896438878461,2.234365437640675,54.17797280952339,25.368201042914837,0.0,100.0
1.225,0.55,86.73408339344775,0.4019653551349336,-1.034687687221819,0.20916770524583228,0.40196577567327835,0.6264576952194432,2.000646492139443,54.146111523577304,25.185220807375423,0.0,100.0
0.775,0.975,86.73447524045424,0.4015735081284362,-1.0350795342283163,0.07440600508171258,0.401573454370299,0.8084518372301233,2.121087916711281,54.16587343310422,25.34228030394842,0.0,100.0
1.125,0.675,86.73644715276899,0.39960159581369226,-1.0370514465430603,0.16688542165236697,0.3996019263106376,0.6786609373101129,2.0318708324130084,54.152717216143095,25.245970834422593,0.0,100.0
-0.05,0.4,86.7373308682922,0.3987178802904765,-1.037935162066276,0.300631505998993,0.398716109851614,0.6552898823834994,1.8718319692411178,54.098078734168716,24.477082677961917,0.0,100.0
1.025,0.775,86.73792964942157,0.3981190991611072,-1.0385339431956453,0.13351216382362452,0.39811932612062717,0.7207403376721828,2.0597544499928664,54.15746746937315,25.285518910625115,0.0,100.0
0.375,1.225,86.73825064992872,0.39779809865396487,-1.0388549437027876,-0.0052513805948137815,0.39779756891735757,0.8923158917072982,2.19944354835122,54.174523216406094,25.374283282732584,0.0,100.0
0.55,1.125,86.74091858052894,0.3951301680537398,-1.0415228743030127,0.02170636033035578,0.3951298502177963,0.8582384598606438,2.168678287873794,54.171332730547896,25.368142051969475,0.0,100.0
0.725,0.15,86.74108832331017,0.3949604252725152,-1.0416926170842373,0.31564571143833575,0.3949598151744397,0.4833758397253547,1.9321739972055854,54.09907974210334,24.614670625625447,0.16579929221745193,100.0
1.15,0.65,86.74217432086115,0.3938744277215278,-1.0427786146352247,0.16942543753330597,0.393874784050368,0.6617818309504315,2.024941697253648,54.151508208568224,25.236108923547818,0.0,100.0
0.6,0.175,86.74228271992199,0.39376602866069277,-1.0428870136960597,0.3032316648109372,0.3937652222175956,0.5106357625385272,1.9250204200529952,54.097567462766605,24.57925413713212,0.14160851803000626,100.0
0.5,0.2,86.74260189981833,0.39344684876435565,-1.0432061935923969,0.29687056549420276,0.3934458880279152,0.5326767764324956,1.918379863441947,54.09680050078749,24.55524170417351,0.11140064488001672,100.0
1.225,0.175,86.74271872605685,0.3933300225258307,-1.0433230198309218,0.3202381154410574,0.3933302561391514,0.46985794240404744,1.946290773323292,54.116147109655,24.864666636461465,0.15709725905170882,100.0
0.075,1.375,86.74275064146418,0.3932981071184969,-1.0433549352382556,-0.057715096357057405,0.39329720452935246,0.9196296654725842,2.240639062820434,54.17864531419954,25.36704873033427,0.0,100.0
0.125,0.325,86.74395776743165,0.3920909811510285,-1.044562061205724,0.2920754414474942,0.39208946093665703,0.6124004499140625,1.887479780168087,54.096678183850294,24.492209374290404,0.0,100.0
1.0,0.8,86.74438389409701,0.39166485448566846,-1.044988187871084,0.11941414576138243,0.3916650558646836,0.7249477129433615,2.0667831550021902,54.1586412800157,25.295440553562738,0.0,100.0
0.975,0.125,86.74445212535278,0.3915966232299013,-1.0450564191268512,0.3419534851424686,0.3915964173835619,0.44287417632203585,1.9414455082841557,54.104318378601675,24.70721362346387,0.2000950485872811,100.0
1.0,0.125,86.74526756478421,0.3907811837984667,-1.0458718585582858,0.34012488956649634,0.39078101927224507,0.4432757958989555,1.9419847000233774,54.10506193438535,24.718636436616546,0.2021160450237578,100.0
0.95,0.125,86.74540066060062,0.39064808798205775,-1.0460049543746948,0.34214883403470253,0.3906478408194573,0.44054190896970624,1.940718618694702,54.103572118695986,24.695805624011868,0.19807405215080437,100.0
-0.1,1.45,86.74625061955601,0.38979812902667277,-1.0468549133300797,-0.10297258886159,0.38979700514574345,0.9217483212406847,2.2564759606518123,54.18023984834851,25.352422080278863,0.0,100.0
1.025,0.125,86.74785324005474,0.38819550852794293,-1.0484575338288096,0.33664042376693715,0.38819538526580005,0.4417349016412402,1.9423348848575321,54.105804544137115,24.73007730235537,0.20413704146023448,100.0
0.925,0.125,86.74811423534256,0.3879345132401255,-1.048718529116627,0.33683251560179883,0.38793422465014943,0.4362738913818305,1.9397995332254852,54.10282464561265,24.68441523467471,0.19605305571432768,100.0
0.425,1.2,86.74862749027554,0.3874212583071426,-1.04923178404961,-0.00801885962114568,0.38742079118026707,0.8748688277555345,2.1917649848860012,54.17382171586625,25.37556410230698,0.0,100.0
1.175,0.15,86.74864496605319,0.38740378252948915,-1.0492492598272634,0.3234298848669255,0.387403919885881,0.454216205006702,1.94464876298039,54.11246770347141,24.820237860345706,0.17772385839333976,100.0
1.175,0.625,86.75035563287716,0.38569311570552145,-1.050959926651231,0.16957571527630932,0.3856934980312616,0.6423401872108201,2.018021295947353,54.1502848148748,25.226248229777934,0.0,100.0
0.0,0.375,86.75059140814703,0.38545734043565005,-1.0511957019211025,0.29008094543826246,0.38545563924735404,0.6319935489747621,1.8752469494992001,54.09735922145428,24.47843428739048,0.0,100.0
0.85,0.925,86.75160941418862,0.38443933439405953,-1.052213707962693,0.07337722641901223,0.38443936980058313,0.7707255271382252,2.104662788198131,54.16400227076667,25.333742060134544,0.0,100.0
-0.3,1.525,86.75167619637783,0.38437255220485156,-1.052280490151901,-0.14434447151323582,0.3843711717560382,0.9099760189535857,2.2663101902815534,54.18137589482042,25.3267314253614,0.0,100.0
1.05,0.125,86.7522103325491,0.3838384160335835,-1.052814626323169,0.3315002325894625,0.383838334018381,0.4382479055243067,1.9424963794355474,54.1065468635673,24.741537411514546,0.20615803789671122,100.0
1.25,0.525,86.75240736761646,0.3836413809662247,-1.0530116613905278,0.19935984100938242,0.3836418288475613,0.5967797301151023,1.9940361726915183,54.144856201256445,25.175428290587018,0.0,100.0
0.9,0.125,86.75258970196545,0.38345904661723296,-1.0531939957395196,0.3282883257788285,0.38345871628905004,0.4313302086119819,1.9386799717153682,54.10207660755656,24.6730436863717,0.19403205927785094,100.0
0.975,0.825,86.75328797559094,0.3827607729917446,-1.053892269365008,0.10297111160811312,0.3827609489446445,0.7266074819455923,2.073841246730138,54.15980222072989,25.30536986032705,0.0,100.0
0.325,0.25,86.75412924134874,0.3819195072339454,-1.054733535122807,0.2810699092093074,0.3819182802093053,0.5597399182503153,1.9040423742027293,54.09600371289002,24.51873549758989,0.03175825516529887,100.0
0.025,1.4,86.7547506110633,0.38129813751938,-1.0553549048373725,-0.0836347777005102,0.38129717398118146,0.9112674013108233,2.2466446099529067,54.179310969760685,25.365921454050955,0.0,100.0
0.675,1.05,86.75638123404954,0.3796675145331392,-1.0569855278236133,0.029894053842824064,0.3796673495002835,0.8156453401612254,2.144364612235854,54.16881197798286,25.360880953450813,0.0,100.0
-0.225,1.5,86.75667041905986,0.37937832952282236,-1.0572747128339302,-0.1381675852729103,0.379377047030286,0.9096577602810072,2.26427051566271,54.181142915181745,25.339019532443825,0.0,100.0
0.25,0.275,86.75745451936879,0.3785942292138884,-1.058058813142864,0.27777531382857035,0.37859289027255727,0.5726336082063028,1.8974147800627295,54.09597891578243,24.5061628951066,0.0,100.0
0.7,0.15,86.75747801493492,0.37857073364776284,-1.0580823087089897,0.29740313800026286,0.3785700816741098,0.47305475669163854,1.9296651565679808,54.09832704291984,24.60342280843626,0.1637782957809752,100.0
1.075,0.125,86.75833429178685,0.3777144567958288,-1.0589385855609237,0.32472318236257536,0.3777144160418032,0.43281525752368566,1.9424682750133573,54.10728836823712,24.75301576437397,0.2049543223153636,100.0
0.4,0.225,86.7584524284658,0.37759632011687927,-1.0590567222398732,0.2783222545657935,0.37759520516235623,0.5391755315554008,1.9097042260124677,54.09602526944266,24.531384327879326,0.06809012482710688,100.0
0.875,0.125,86.75883082793983,0.377217920642849,-1.0594351217139035,0.3182715864223269,0.3772175485785681,0.43113747578911443,1.937376581467583,54.10132814633971,24.661691269402066,0.19201106284137426,100.0
0.75,1.0,86.75946814959647,0.37658059898620877,-1.0600724433705437,0.04246654126933436,0.37658052165826633,0.7931581698249346,2.128206147420255,54.166983216445345,25.352291939481635,0.0,100.0
1.135,0.675,86.75989551234363,0.3761532362390483,-1.0604998061177042,0.14420409868185402,0.3761535835522068,0.654425649595936,2.0307398813265394,54.15288475300777,25.25057663542519,0.0,100.0
1.2,0.6,86.76097474390288,0.3750740046798029,-1.0615790376769496,0.16736460240966267,0.37507441321890556,0.620363674814854,2.0111584606263717,54.14905447901483,25.216407419384236,0.0,100.0
0.475,1.175,86.76222724643011,0.37382150215256615,-1.0628315402041864,-0.013865453419327878,0.3738210981281327,0.8537149127616033,2.1838796676996672,54.17311461294816,25.37686724190737,0.0,100.0
0.6,1.1,86.76292073188276,0.3731280166999227,-1.0635250256568298,0.008085899546927067,0.37312776340590686,0.827549118452751,2.160186766176741,54.1706165158087,25.369510185748442,0.0,100.0
0.95,0.85,86.76463743505242,0.3714113135302597,-1.0652417288264928,0.08414621029282898,0.37141146415437165,0.7257439876527769,2.0809368381224838,54.16095607055388,25.315310033137525,0.0,100.0
0.575,0.175,86.76527312411034,0.37077562447234413,-1.0658774178844084,0.27970699444333036,0.3707747760951662,0.4937224467581558,1.9216849109298884,54.0968120674195,24.568074202581993,0.13958752159352955,100.0
1.25,0.175,86.7656398077987,0.37040894078397457,-1.066244101572778,0.297741703529141,0.3704092162468754,0.44616717531457084,1.9448107999096835,54.11687089999389,24.87630329197846,0.15379532676151245,100.0
1.2,0.15,86.76579729709883,0.37025145148385263,-1.0664015908728999,0.306361816341564,0.3702516305457664,0.43672020494013,1.9436413521304226,54.1131977543449,24.831820271316115,0.1744219261031434,100.0
1.1,0.125,86.76620708233634,0.3698416662463444,-1.066811376110408,0.31640467183075316,0.3698416668922192,0.425436716404505,1.9422476884701132,54.108029060589374,24.764512339458282,0.2016523900251671,100.0
0.85,0.125,86.76684621069876,0.3692025378839219,-1.0674505044728306,0.30678229461859985,0.3692021240548883,0.4291746421660889,1.9358811181149225,54.10057949637392,24.650358446823596,0.18999006640489757,100.0
0.05,0.35,86.76716585146832,0.36888289711436073,-1.0677701452423918,0.27298998344974734,0.36888126533779086,0.6053599571240511,1.878387892371238,54.096637992017605,24.47981454477011,0.0,100.0
0.175,0.3,86.76843085074147,0.3676178978412139,-1.0690351445155386,0.2684382456078964,0.3676164471258033,0.5778555756975692,1.8898167193305218,54.095947329681046,24.49365551520594,0.0,100.0
-0.15,1.475,86.76892013503164,0.36712861355104565,-1.0695244288057069,-0.13789392363680975,0.36712742949574706,0.9009498536380249,2.2614166872240733,54.18089288232646,25.351354797275356,0.0,100.0
-0.225,0.475,86.76980749721479,0.36624125136789587,-1.0704117909888566,0.24352191051963246,0.36623923306725886,0.6587333823814134,1.8521922552700467,54.09946205456147,24.462327046499194,0.0,100.0
-0.025,1.425,86.76994263958753,0.3661061089951545,-1.070546933361598,-0.11225082437948686,0.3661050850724962,0.8993250929086969,2.252388253333073,54.179974650272854,25.3648204272548,0.0,100.0
0.475,0.2,86.77042122557847,0.365627523004207,-1.0710255193525455,0.2695364451541735,0.3656265202866166,0.5109413586912837,1.91440473148026,54.09604271992637,24.54411031095007,0.10442199448891487,100.0
-0.275,0.5,86.77098217070193,0.3650665778807536,-1.071586464475999,0.23661303730351335,0.3650644910496624,0.667490140881057,1.8474766864529468,54.10017874412165,24.461125668917433,0.0,100.0
-0.175,0.45,86.77190575323695,0.36414299534573047,-1.072510047011022,0.2469518395079291,0.36414104539119024,0.6467304095817497,1.8566125713127422,54.098743480919126,24.463563851328402,0.0,100.0
0.825,0.95,86.77218973483401,0.3638590137486659,-1.0727940286080866,0.04570724471911092,0.3638590249771994,0.7601049929770056,2.111820008291746,54.165128536316104,25.34373699301918,0.0,100.0
1.225,0.575,86.77400709429293,0.36204165428975443,-1.074611388066998,0.1627553195002207,0.3620420894760542,0.5958818974221458,2.0043664978773132,54.14781691472987,25.206578295851017,0.0,100.0
0.675,0.15,86.77564252773169,0.36040622085099017,-1.0762468215057623,0.27768790356741135,0.36040552697533884,0.4609626821618491,1.9269613276845368,54.09757370084904,24.592193885062578,0.1617572993444985,100.0
1.125,0.125,86.7758466498879,0.3602020986947849,-1.0764509436619676,0.3064312382242491,0.3602021407267301,0.4161121913185184,1.941846564115197,54.10876764555717,24.776024710354175,0.19835045773497073,100.0
0.825,0.125,86.77663597662523,0.3594127719574516,-1.077240270399301,0.29382044744264135,0.35941231633757126,0.4254412030680186,1.934193245402332,54.09983050492914,24.639044961205634,0.18796906996842083,100.0
0.25,1.3,86.77723673222363,0.35881201635905313,-1.0778410259976994,-0.06496466667056211,0.35881133949062305,0.8735215721083023,2.220956055497829,54.176972348473456,25.381923440182174,0.0,100.0
-0.125,0.425,86.77731660887522,0.3587321397074561,-1.0779209026492964,0.24689512733867502,0.35873025826267907,0.6313911163707928,1.8607562817484917,54.0980239506475,24.464836522123637,0.0,100.0
0.2,1.325,86.77834641667168,0.35770233191099976,-1.0789507104457527,-0.07318723080807388,0.357701592802789,0.8777604404815378,2.2279190197086396,54.17765992776094,25.38072124981931,0.0,100.0
0.925,0.875,86.7783826024253,0.3576661461573849,-1.0789868961993676,0.06310475329566145,0.3576662718151198,0.7223787589260979,2.0880372080888585,54.16210340787917,25.32526292431318,0.0,100.0
0.525,1.15,86.77906498553065,0.3569837630520283,-1.0796692793047242,-0.022820049984844104,0.3569834224208222,0.8288801846914993,2.175757912444046,54.17240464530638,25.378197415395768,0.0,100.0
0.3,1.275,86.77933074047935,0.35671800810332854,-1.079935034253424,-0.05977945464564982,0.3567173939749296,0.8656182123241649,2.213773388025184,54.17627914373074,25.383148014479804,0.0,100.0
1.135,0.125,86.78018868395135,0.35586006463132946,-1.080792977725423,0.30197854423100523,0.35586012326308775,0.4118375058264405,1.9416474284022083,54.1090617824,24.780632765392998,0.19702968481889216,100.0
0.15,1.35,86.78266263010771,0.3533861184749725,-1.08326692388178,-0.08441916448093423,0.3533853175876459,0.8783266353419776,2.234640991621695,54.17834554184933,25.379542905734255,0.0,100.0
0.35,1.25,86.78462245066272,0.35142629791995716,-1.0852267444367953,-0.05768247898858192,0.3514257470375156,0.8540137721049774,2.206408388644349,54.17558272197074,25.38439164701411,0.0,100.0
1.225,0.15,86.78471053868567,0.35133820989700837,-1.0853148324597441,0.28764601964799397,0.3513384307067611,0.4172812487978632,1.9424616192724256,54.11392680881548,24.84342038778625,0.1711199938129469,100.0
-0.075,0.4,86.78603370849116,0.3500150400915203,-1.0866380022652322,0.24338100777295324,0.3500132273759789,0.6127137796163424,1.8646317165490347,54.0973062755297,24.466141058562176,0.0,100.0
-0.275,1.525,86.78684318021094,0.3492055683717439,-1.0874474739850086,-0.17948718624103321,0.3492042270376402,0.880094823265523,2.268474012872183,54.18178096174465,25.337993163011937,0.0,100.0
0.725,1.025,86.78685655516139,0.34919219342128827,-1.0874608489354642,0.00816559814386153,0.3491920929461088,0.7753580186691664,2.1353331492373626,54.168083770703184,25.36230390510367,0.0,100.0
0.1,0.325,86.787050601669,0.34899814691368647,-1.087654895443066,0.2530585081168226,0.34899658460589933,0.5754077901332693,1.8812527687884333,54.09591153129696,24.481222956491706,0.0,100.0
1.15,0.125,86.78723294813504,0.34881580044763894,-1.0878372419091136,0.29480309112864234,0.3488158839746376,0.4048416848831238,1.9412935901162658,54.10950252556065,24.78754988940871,0.19504852544477436,100.0
0.65,1.075,86.78816625863188,0.3478824899508055,-1.088770552405947,-0.00862558744307762,0.34788230146171484,0.7931434859161755,2.1514533461742897,54.169899158165066,25.37090181989409,0.0,100.0
0.8,0.125,86.78819860522327,0.347850143359409,-1.0888028989973435,0.27938602779825317,0.3478496459291563,0.41993773802499845,1.9323144442077902,54.0990807079494,24.627749975070692,0.18594807353194415,100.0
-0.075,1.45,86.78827982629953,0.3477689222831515,-1.088884120073601,-0.1435098826760992,0.3477678385902664,0.883733329842542,2.2578100101545577,54.18062996338056,25.36372610765385,0.0,100.0
1.25,0.55,86.7894961997983,0.3465525487843877,-1.0901004935723648,0.1557311078023247,0.34655301086022516,0.5688339100831286,1.9975990905915413,54.14657120361167,25.196763982180574,0.0,100.0
0.3,0.25,86.78983239254627,0.34621635603640755,-1.090436686320345,0.24759063778041934,0.3462150869602965,0.5301308686057524,1.8989713584866268,54.095242529988845,24.507683907530883,0.024779604774197023,100.0
0.55,0.175,86.79003850058504,0.3460102479976399,-1.0906427943591126,0.2547095744136101,0.3460093576621631,0.47503766753777654,1.918153037234156,54.09605582873769,24.556912878655353,0.13756652515705287,100.0
0.1,1.375,86.79018128725865,0.34586746132403334,-1.0907855810327192,-0.10223274376807012,0.3458665991874284,0.8751965370460795,2.241122607691493,54.179021308296605,25.378384223642286,0.0,100.0
0.375,0.225,86.79110149283589,0.34494725574678853,-1.091705786609964,0.24717967700762244,0.34494609876106497,0.512617626814631,1.905083334929006,54.09526478376762,24.5203010494966,0.06111147443600504,100.0
1.1,0.725,86.79227382136226,0.3437749272204229,-1.0928781151363296,0.09693103329372832,0.34377524702612733,0.6428933163435602,2.0429294062092267,54.15550872738635,25.277227731087972,0.0,100.0
1.125,0.7,86.79271344377781,0.3433353048048673,-1.0933177375518852,0.10443134825152356,0.3433356508117214,0.6314738443779646,2.035962585906223,54.15432469906078,25.26735004861019,0.0,100.0
0.4,1.225,86.79304984688144,0.34299890170123604,-1.0936541406555165,-0.05861611710245995,0.34299841326436253,0.8387058801785656,2.198815738330035,54.1748808684319,25.385657673434032,0.0,100.0
1.075,0.75,86.79426021985067,0.3417885287320104,-1.0948645136247421,0.08707597897397079,0.3417888224684503,0.6518219084395156,2.0499400896369546,54.15668930203337,25.287114966165454,0.0,100.0
0.9,0.9,86.79455458076569,0.3414941678169896,-1.095158874539763,0.03970817207040511,0.34149426877950473,0.7164855082763921,2.095166400915677,54.16324343606985,25.3352313947127,0.0,100.0
-0.2,1.5,86.79471033109184,0.3413384174908458,-1.0953146248659067,-0.17558985579518094,0.34133717410043973,0.8764929220835711,2.2660823232264447,54.18153943692854,25.350296769664478,0.0,100.0
0.8,0.975,86.79516676182413,0.3408819867585464,-1.095771055598206,0.015709967818494874,0.34088197416572824,0.7469806681802709,2.1189534058132495,54.166243022626226,25.353739478112704,0.0,100.0
1.15,0.675,86.79556671744507,0.34048203113761133,-1.0961710112191412,0.10970619554919381,0.3404824034115279,0.6175056367856655,2.0289873093865576,54.15313480052756,25.257488594843363,0.0,100.0
0.65,0.15,86.79558147517656,0.3404672734061194,-1.0961857689506331,0.2564999709548488,0.3404665376055561,0.44709949196779064,1.924062983031034,54.09681964763642,24.58098375427662,0.1597363029080218,100.0
0.225,0.275,86.79621338508288,0.3398353634998017,-1.0968176788569508,0.2419592731051523,0.33983398247872854,0.5399729396463329,1.8918922021886149,54.095214861102015,24.495136875882,0.0,100.0
-0.025,0.375,86.7980142275911,0.3380345209915845,-1.098618521365168,0.236625880483615,0.3380327775246485,0.5906977500293351,1.8683031959422869,54.0965867234898,24.46748147993814,0.0,100.0
1.05,0.775,86.79867947384766,0.33736927473502476,-1.0992837676217277,0.0749515784112873,0.33736954272955016,0.6582208332625186,2.056978818760214,54.15786526471032,25.29701710622052,0.0,100.0
0.575,1.125,86.79907151622335,0.33697723235933097,-1.0996758099974215,-0.034710737826699756,0.3369769559408297,0.8003601140275833,2.16733340755315,54.17169270280292,25.379553195687173,0.0,100.0
0.45,0.2,86.80001595295252,0.3360327956301603,-1.1006202467265922,0.240729594799987,0.3360317509054539,0.4874342997417642,1.9102318414130202,54.0952840946687,24.532997590405284,0.09744334409781305,100.0
1.175,0.125,86.80038892201588,0.33565982656679694,-1.1009932157899556,0.2815203349373263,0.3356599515810075,0.39162987950648187,1.940558181792312,54.11023657167246,24.799093167407154,0.19174659315457787,100.0
1.175,0.65,86.8008618498236,0.33518689875907626,-1.1014661435976763,0.11267134767808784,0.3351872972015769,0.6009933251160646,2.0220311753125615,54.15193366761823,25.247632552015755,0.0,100.0
0.05,1.4,86.80092632171225,0.33512242687042715,-1.1015306154863254,-0.12727538402985772,0.3351215038236887,0.8683646620604861,2.2473448818180883,54.17969024495477,25.377246400247433,0.0,100.0
0.775,0.125,86.8015352374646,0.33451351111807526,-1.1021395312386773,0.26347951609911036,0.3345129718412778,0.41266550769913124,1.930241651552135,54.09832911085382,24.616471660699904,0.1839270770954674,100.0
0.45,1.2,86.80464584391,0.33140290467268585,-1.1052501376840667,-0.06258655445984118,0.3314024791623865,0.8197150263390967,2.190988190044353,54.17417851482768,25.386949133744206,0.0,100.0
1.25,0.15,86.80538967804227,0.3306590705404062,-1.1059939718163463,0.26727921471234595,0.3306593330986033,0.3958999910103529,1.9411021933994557,54.114654188121584,24.85503692635661,0.16781806152275053,100.0
1.025,0.8,86.80554754908177,0.3305011995009153,-1.1061518428558372,0.060471937404273035,0.3305014418705582,0.6620724662861903,2.06405377238356,54.15902985161858,25.3069299220701,0.0,100.0
1.2,0.625,86.8086168117991,0.32743193678358296,-1.1092211055731696,0.11324565146945531,0.32743236124073294,0.5819353921272068,2.015103192271454,54.15072052334563,25.23778393629676,0.0,100.0
-0.125,1.475,86.80976594965794,0.326282798924737,-1.1103702434320155,-0.17755122254671107,0.32628165480057303,0.8644556938689618,2.2629182001292953,54.181282689514425,25.36264960510792,0.0,100.0
0.15,0.3,86.81024408254828,0.3258046660344007,-1.1108483763223518,0.23028536094209073,0.325803173223224,0.5421428625726747,1.8838429670292833,54.095182146141276,24.482660508917533,0.0,100.0
0.875,0.925,86.8131502478666,0.32289850071607873,-1.1137545416406738,0.013926274484887813,0.3228985771374653,0.7080502534800814,2.1022992425084195,54.16437609008117,25.345213996763352,0.0,100.0
0.025,0.35,86.81330868609848,0.3227400624842005,-1.113912979872552,0.22638004118448407,0.32273838843678676,0.5653430145405451,1.8717002427032028,54.095867526532146,24.468854031130704,0.0,100.0
1.0,0.825,86.81487390284812,0.3211748457345607,-1.1154781966221918,0.04359735313727242,0.3211750625537121,0.6633824836299596,2.071161929956203,54.160185366664265,25.316855661891072,0.0,100.0
0.0,1.425,86.81487685175506,0.3211718968276216,-1.115481145529131,-0.15502969963247892,0.32117091317309987,0.8579065106844723,2.2532986450062715,54.180356466321136,25.376137275507997,0.0,100.0
1.2,0.125,86.81531239943276,0.3207363491499251,-1.1159166932068274,0.2665832348514243,0.32073651565724787,0.3764759249234686,1.939643702248452,54.11097013563811,24.810655169379707,0.1884446608643815,100.0
0.525,0.175,86.81657894700989,0.3194698015727937,-1.1171832407839588,0.22823939221474632,0.3194688692545526,0.45458136063291477,1.9144245882590674,54.095298696213156,24.545770096812326,0.1337752137596211,100.0
0.7,1.05,86.81664573568102,0.3194030129016596,-1.1172500294550929,-0.02845287350501735,0.31940288904446845,0.7550320827041048,2.142474146665098,54.16917736137392,25.372318577037735,0.0,100.0
0.75,0.125,86.8166463922647,0.31940235631797975,-1.1172506860387728,0.2461008584641462,0.31940177516828216,0.40362257294921733,1.9279748758732294,54.097576865970034,24.60521219235758,0.18190608065899072,100.0
1.135,0.7,86.8169933478502,0.3190554007324806,-1.1175976416242719,0.08099538489499025,0.3190557632398082,0.6063415256054157,2.0347657735911784,54.154486710142024,25.2719560565278,0.0,100.0
0.625,0.15,86.81729437261713,0.318754375965554,-1.1178986663911985,0.2338393214185004,0.31875359822179516,0.4314650016088848,1.9209706661320376,54.096065151982216,24.569792944200177,0.15771530647154508,100.0
1.0,0.1,86.81807595568894,0.31797279289374103,-1.1186802494630115,0.27840038990629523,0.31797261632364665,0.35894040063189436,1.9368757832282062,54.10281551135008,24.69772158594118,0.20136931609487535,100.0
1.025,0.1,86.81839652135193,0.31765222723075226,-1.1190008151260002,0.2770541859674154,0.3176520920210436,0.3597409017691007,1.9373716739849238,54.10355980011128,24.709138296499567,0.20324782706922295,100.0
1.225,0.6,86.81882293622724,0.31722581235544567,-1.1194272300013068,0.1114363562875269,0.3172262630280187,0.5603166771395394,2.008177239046531,54.14949573286744,25.227946643847314,0.0,100.0
0.5,1.175,86.81948588050857,0.31656286807411504,-1.1200901742826375,-0.06961345337182934,0.3165625057654552,0.7970328225264183,2.1828981324564674,54.173470094262164,25.388264841859282,0.0,100.0
0.975,0.1,86.81952057996891,0.31652816861377175,-1.1201248737429808,0.2766429644307067,0.31652795067054174,0.35620949860813766,1.9361928324687525,54.10206903385792,24.686320659005933,0.19949080512052775,100.0
1.05,0.1,86.82048798291935,0.315560765663335,-1.1210922766934175,0.27405193643913606,0.31556067176112207,0.35859699249260757,1.9376788088486945,54.1043027566622,24.720572356006947,0.20512633804357056,100.0
0.775,1.0,86.82054763183375,0.31550111674893344,-1.121151925607819,-0.016646211688382095,0.31550108066820143,0.7313594901000187,2.12608384999455,54.167348673059536,25.3637479526281,0.0,100.0
0.625,1.1,86.8222814460516,0.3137673025310761,-1.1228857398256764,-0.049491957280849874,0.3137670909330012,0.7681388528621937,2.158667327405317,54.17097736280521,25.380929924635044,0.0,100.0
0.95,0.1,86.82273167949042,0.313317069092264,-1.1233359732644885,0.26896256306172006,0.31331680974809617,0.3515422988871677,1.9353202141744617,54.10132104118762,24.67493679407146,0.19761229414618015,100.0
-0.25,1.525,86.8236511557149,0.31239759286778224,-1.1242554494889703,-0.2160308690200452,0.31239629062327195,0.8483956157479184,2.2704905246699334,54.18217971526789,25.349262097346834,0.0,100.0
-0.25,0.475,86.82409529677203,0.3119534518106519,-1.1246995905461006,0.179779260557126,0.3119513912831934,0.6105650910385378,1.8440451661116941,54.098688961652805,24.451439745238567,0.0,100.0
1.075,0.1,86.82435000471617,0.31169874386651486,-1.1249542984902376,0.2693938644219429,0.31169869122868193,0.3555091027903501,1.9377977171355478,54.10504517552489,24.732025213713364,0.2070048490179181,100.0
-0.2,0.45,86.82492202280375,0.31112672577893363,-1.1255263165778189,0.1847340714865311,0.3111247336705446,0.5998230753455687,1.8487272209577614,54.09797092294186,24.452664679410265,0.0,100.0
0.35,0.225,86.82552545766892,0.31052329091376407,-1.1261297514429884,0.2145643401148618,0.3105220918751854,0.48428796139619124,1.9002635122784584,54.09450386520127,24.50923727827942,0.05413282404490319,100.0
-0.3,0.5,86.82654563625904,0.3095031123236396,-1.127149930033113,0.17134436001016695,0.3095009832021674,0.6180553988907178,1.8390708661090756,54.09940632723143,24.450249618696613,0.0,100.0
0.975,0.85,86.82662865480735,0.30942009377533,-1.1272329485814225,0.02436940522758846,0.30942028535024235,0.6622248486809923,2.0783007041338766,54.16133598482353,25.32679427513255,0.0,100.0
0.275,0.25,86.8273112215507,0.30873752703197965,-1.1279155153247729,0.21263857573779887,0.3087362158785993,0.49874987722471076,1.8937009972482566,54.09448041497282,24.496650928328588,0.016836680353069344,100.0
0.925,0.1,86.82770174050525,0.3083470080774333,-1.1283060342793192,0.2598096300256003,0.3083467069807028,0.3519819462180749,1.934247027490064,54.10057290775258,24.66357257295325,0.1957337831718326,100.0
-0.15,0.425,86.82905300594068,0.3069957426420018,-1.1296572997147507,0.18620410241580032,0.30699381904647394,0.5857632084694018,1.8531283532658718,54.0972513279647,24.453926115711592,0.0,100.0
0.225,1.325,86.82982320606223,0.3062255425204512,-1.1304274998363013,-0.1234287049782381,0.3062248447393358,0.8284284248196343,2.2279703811560716,54.17802538744203,25.392078799973767,0.0,100.0
0.275,1.3,86.82995345285562,0.3060952957270615,-1.130557746629691,-0.11638238663029199,0.3060946602395518,0.8226832335474086,2.2207961012740554,54.17733303854549,25.393282492176823,0.0,100.0
1.1,0.1,86.8299823781337,0.3060663704489741,-1.1305866719077784,0.26308006766606695,0.3060663590657214,0.3504755889034925,1.9377280216651454,54.10578676929498,24.74349630985304,0.2088833599922657,100.0
0.425,0.2,86.83138609174283,0.3046626568398523,-1.1319903855169002,0.2104499982934982,0.3046615700821036,0.4621555908509265,1.9058609893279475,54.094524495269894,24.521903325519546,0.0904646937067112,100.0
1.25,0.575,86.83147854480612,0.30457020377656363,-1.1320828385801889,0.10727144394485322,0.3045706807383596,0.5361594968828598,2.0012702081921847,54.148264757240455,25.21812521559437,0.0,100.0
0.075,0.325,86.83191733663784,0.3041314119448373,-1.1325216304119152,0.21256871872559202,0.3041298074819935,0.5366501688645116,1.8748241447238163,54.095143681158255,24.47025473536884,0.0,100.0
-0.05,1.45,86.83196791380861,0.30408083477406933,-1.1325722075826832,-0.18543666106278067,0.3040797912358215,0.8438412505698807,2.2589617936315745,54.1810154148129,25.375038357021563,0.0,100.0
1.225,0.125,86.83198017688393,0.3040685716987497,-1.1325844706580028,0.2499921990885241,0.3040687798605063,0.35937793044746513,1.9385839995375511,54.111701181589524,24.822232103153418,0.185142728574185,100.0
0.175,1.35,86.83288570045328,0.30316304812940587,-1.1334899942273466,-0.1334318370501535,0.30316228857500677,0.8304955766305682,2.2349081737650676,54.1787122443335,25.39089234766053,0.0,100.0
0.325,1.275,86.8332872183226,0.302761530260085,-1.1338915120966675,-0.11236074517115924,0.30276095762795874,0.8132527805754535,2.2134172180147966,54.17663536990729,25.39450863167107,0.0,100.0
0.725,0.125,86.83353226812717,0.30251648045550894,-1.1341365619012436,0.22724955049390871,0.3025158574057315,0.392808855071749,1.9255138371092198,54.09682389487965,24.593971449825105,0.17988508422251404,100.0
0.85,0.95,86.83413636362279,0.30191238495989126,-1.1347406573968613,-0.014163768484522166,0.30191243726750655,0.6970870213795735,2.109468196826209,54.16549938836179,25.3552098854976,0.0,100.0
-0.175,1.5,86.83438743633914,0.30166131224353876,-1.1349917301132137,-0.2143805480811949,0.30166010812941124,0.8415199652424263,2.2677475992762943,54.18193197159674,25.361585106222382,0.0,100.0
0.9,0.1,86.83443871054507,0.3016100380376088,-1.1350430043191437,0.24918414571048686,0.3016096951810027,0.35129681894783005,1.9329888716754635,54.09982429930193,24.652227400757937,0.193855272197485,100.0
-0.1,0.4,86.8364965393759,0.29955220920678016,-1.1371008331499723,0.18418692435416517,0.2995503542991088,0.5683654307034374,1.8572525998498206,54.09653327478368,24.45521892200515,0.0,100.0
0.2,0.275,86.83674806645621,0.29930068212647143,-1.137352360230281,0.20467041301898803,0.2992992590002359,0.5055401362242549,1.8861696951218065,54.09445003442408,24.484129802917654,0.0,100.0
1.125,0.1,86.8373727389763,0.29867600960638185,-1.1379770327503707,0.25517970383710065,0.2986760395532656,0.3434960877919906,1.937468780136884,54.10652731335273,24.754985201822088,0.2107618709666133,100.0
0.55,1.15,86.83755799371497,0.29849075486771426,-1.1381622874890382,-0.07973208124246867,0.29849045603810964,0.7706537315654742,2.1745667822391788,54.17276084483004,25.389602332693304,0.0,100.0
0.125,1.375,86.8391579102237,0.29689083835897634,-1.1397622039977762,-0.14811735362142997,0.2968900174293708,0.828885804687431,2.2415896348959885,54.179391259361864,25.389723680171617,0.0,100.0
0.375,1.25,86.83980410274513,0.2962446458375467,-1.1404083965192058,-0.11144171236452394,0.2962441365682736,0.8001173998110147,2.2058715372849234,54.175937170030636,25.39575986846027,0.0,100.0
0.95,0.875,86.84076595211059,0.2952827964720939,-1.1413702458846586,0.002933275842892158,0.29528296329725096,0.6585235647473695,2.085437394073504,54.162480271213944,25.336748804301397,0.0,100.0
0.6,0.15,86.84078113464834,0.2952676139343424,-1.14138542842241,0.2097059439122262,0.2952667942302213,0.41405913723598076,1.9176838499056823,54.095309484450674,24.558620118285166,0.15569431003506837,100.0
1.135,0.1,86.84081982300722,0.2952289255754579,-1.1414241167812946,0.25158153774729897,0.29522897208448173,0.3401594118138149,1.937311853941912,54.10682310349363,24.759585487748073,0.21105241958013027,100.0
0.875,0.1,86.84295000715119,0.2930987414314927,-1.1435543009252598,0.23708610972987287,0.2930983567879736,0.3488412807423771,1.931539107049114,54.099075646329275,24.640902105804876,0.1919767612231374,100.0
0.5,0.175,86.84489410906944,0.2911546395132376,-1.145498402843515,0.20029644667921787,0.29115366519069424,0.43235346320543044,1.910499862230507,54.09454103869954,24.534646573149008,0.12679656336851924,100.0
1.15,0.1,86.84652146847593,0.28952728010675344,-1.147125762249999,0.24568774608390243,0.2895273514417852,0.3345706026319988,1.937020652175785,54.10726643187343,24.766491166092212,0.20907126020601247,100.0
-0.05,0.375,86.84721315631364,0.288835592269038,-1.1478174500877145,0.1788794449480804,0.28883380649977825,0.5476292731067502,1.861157794463616,54.0958143128838,24.45654762251113,0.0,100.0
0.75,1.025,86.8483251492885,0.287723599294182,-1.1489294430625705,-0.051359954139030606,0.2877235399206427,0.7132202756293395,2.1332755291386127,54.168447874729324,25.37375034622659,0.0,100.0
0.075,1.4,86.84866312763063,0.2873856209520511,-1.1492674214047014,-0.1722959842021936,0.28738473894230765,0.823583722772824,2.24800764225783,54.18006088736422,25.388573942810442,0.0,100.0
0.675,1.075,86.8487395552423,0.2873091933403771,-1.1493438490163754,-0.06737271188359273,0.2873090466397258,0.7322022170596227,2.149758310338319,54.170261725169944,25.382330619404602,0.0,100.0
0.425,1.225,86.84942843159303,0.28662031698965507,-1.1500327253670974,-0.11354939185429203,0.2866198702661592,0.783284070318274,2.198093850303575,54.175234767744314,25.397035710148973,0.0,100.0
1.25,0.125,86.85040036881281,0.28564837976986723,-1.1510046625868853,0.23175582952215734,0.2856486296897657,0.34033664745737724,1.9373643398095213,54.11243127083648,24.83382682836236,0.18184079628398864,100.0
0.7,0.125,86.85219267721067,0.2838560713720142,-1.1527969709847383,0.2069255828604355,0.2838554063976261,0.3802241615387203,1.9228581086649605,54.09607052287472,24.582750066664193,0.1778640877860373,100.0
-0.1,1.475,86.85221031188479,0.28383843669789144,-1.152814605658861,-0.2186103537096642,0.2838373329599932,0.8260878921806949,2.264317324835378,54.18166677687118,25.373951485385113,0.0,100.0
0.85,0.1,86.8532357890753,0.28281295950738183,-1.1538400828493707,0.2235155205478918,0.28281253305030135,0.34461511914989273,1.9298972054253194,54.098326792335016,24.629596423875835,0.1900982502487898,100.0
0.125,0.3,86.85383274854074,0.2822160000419416,-1.154437042314811,0.19065961898934347,0.2822144651137421,0.5046577965404992,1.877669469648076,54.09441601550199,24.471684158740818,0.0,100.0
1.125,0.725,86.85387204937675,0.2821766992059338,-1.1544763431508187,0.037506958055217865,0.28217705995009795,0.5791824521432005,2.0399134872076568,54.155907662524534,25.288739919054922,0.0,100.0
1.15,0.7,86.85390132176762,0.2821474268150581,-1.1545056155416944,0.04540500112973689,0.2821478138842849,0.5680826425479779,2.032904832505805,54.15472805335484,25.278867584410342,0.0,100.0
-0.3,1.55,86.85569257151697,0.2803561770657126,-1.15629686529104,-0.2592358958110026,0.2803548149854748,0.8166727390213708,2.2746736719269824,54.1828129557979,25.348252038402915,0.0,100.0
1.1,0.75,86.85625498288603,0.2797937656966525,-1.1568592766601,0.0273560349989026,0.2797941005441714,0.5877680515686876,2.046972697410473,54.157086235924154,25.29862365541225,0.0,100.0
1.175,0.675,86.85634369140071,0.27970505718197103,-1.1569479851747815,0.051008539981083345,0.2797054708695185,0.5544978589514784,2.0259266883227847,54.153543407194334,25.26900805411249,0.0,100.0
0.925,0.9,86.85734273582895,0.2787060127537302,-1.1579470296030223,-0.020889551244309246,0.27870615487606754,0.6522796145099647,2.092582655315807,54.16361860400398,25.346716997697172,0.0,100.0
1.175,0.1,86.85741796229523,0.27863078628745086,-1.1580222560693016,0.23454092015990113,0.2786308990991898,0.32370008493751357,1.9364187702315994,54.108002692032954,24.77801152132956,0.20576932791581598,100.0
0.825,0.975,86.85749186268794,0.27855688589474425,-1.1580961564620083,-0.04456958832494706,0.27855691451102305,0.6836414443364163,2.1166244294759977,54.16660780172327,25.365203168772428,0.0,100.0
0.6,1.125,86.85878331096288,0.2772654376198034,-1.1593876047369491,-0.09271559228460546,0.27726520323044496,0.7406057372043051,2.165946249268519,54.17204951005475,25.390963443293078,0.0,100.0
1.075,0.775,86.86109029193322,0.2749584566494576,-1.161694585707295,0.01483996232343543,0.27495876567915334,0.5938146736412051,2.0540581605162456,54.15825387723026,25.308517132494796,0.0,100.0
1.2,0.65,86.86121911039172,0.2748296381909654,-1.161823404165787,0.05432921916991518,0.2748300782419989,0.5383540528049764,2.0189497755848373,54.15235236257381,25.25916245678343,0.0,100.0
0.0,0.35,86.86122760263628,0.2748211459464045,-1.161831896410348,0.17016172315790357,0.274819429604824,0.5235533698918573,1.8648112054497412,54.09509532309271,24.45791073599832,0.0,100.0
0.025,1.425,86.86138305658862,0.2746656919940591,-1.1619873503626934,-0.19920851616481627,0.27466474921936596,0.8146103015638886,2.2541537498885638,54.18072955132091,25.387454703560795,0.0,100.0
0.325,0.225,86.86172437919927,0.27432436938340743,-1.162328672973345,0.18047622123107487,0.2743231282701629,0.4541865044778888,1.8952445971956229,54.09374287296145,24.498193713848504,0.04715417365380137,100.0
-0.225,1.525,86.86210214692126,0.2739466016614216,-1.162706440695331,-0.2539629258218099,0.2739453386324072,0.8149177681383577,2.272362419288321,54.18257367213309,25.36054094810714,0.0,100.0
0.475,1.2,86.86227588702289,0.27377286155979164,-1.1628801807969609,-0.118684807293306,0.27377247783564657,0.7627496617302967,2.190028497299552,54.174532241445704,25.39833604844021,0.0,100.0
0.4,0.2,86.86453157080176,0.27151717778092177,-1.1651358645758307,0.1786976455096152,0.2715160489648099,0.4351052093819874,1.90129193606044,54.09376396577135,24.510827624861207,0.08348604331560938,100.0
0.825,0.1,86.86529523584646,0.2707535127362206,-1.165899529620532,0.20847234953609473,0.27075304444220477,0.3386186820600443,1.9280638081494637,54.09757719277676,24.618309367410735,0.18821973927444222,100.0
0.575,0.15,86.86604228634418,0.27000646223849856,-1.166646580118254,0.18409982194013708,0.27000560055376754,0.3948818141937238,1.9142015666831231,54.0945529216741,24.547465819676468,0.15367331359859165,100.0
0.25,0.25,86.86656580234016,0.269482946242519,-1.1671700961142335,0.17621370756725696,0.269481592986034,0.46559687688387896,1.888231144402411,54.093716892272205,24.485635594760314,0.0,100.0
1.05,0.8,86.86838633167349,0.26766241690918946,-1.168990625447563,-6.75998736312522e-05,0.2676627002107068,0.5973253355061985,2.06117641731258,54.1594127222934,25.31842685547114,0.0,100.0
1.225,0.625,86.86854690244972,0.2675018461329586,-1.169151196223794,0.0553250778792318,0.2675023126749636,0.5196546567872247,2.012003446922101,54.15114593684253,25.24931952144631,0.0,100.0
1.2,0.1,86.87007870005883,0.26597004852385453,-1.170682993832898,0.22173939794120656,0.26597020284200995,0.3108900003263244,1.9356430674759921,54.10873682755441,24.789547598604948,0.2024673956256196,100.0
0.675,0.125,86.87262793447617,0.2634208141065102,-1.1732322282502423,0.18512892363850142,0.26342010718151415,0.36586838573890645,1.9200073971746516,54.09531673193047,24.571548035836255,0.1758430913495606,100.0
0.475,0.175,86.87498457420627,0.2610641743764148,-1.1755888679803377,0.17088074565117495,0.2610631580242881,0.408353925410438,1.9063777060243516,54.09378250563763,24.523541678023772,0.1198179129774174,100.0
-0.15,1.5,86.87560994354746,0.2604388050352213,-1.1762142373215312,-0.25457367286902866,0.2604376410286534,0.8046710649750111,2.2693859609719134,54.18231757994404,25.37287856536497,0.0,100.0
0.9,0.925,86.87634511892522,0.25970362965746574,-1.1769494126992868,-0.04709333255161141,0.2597037472506571,0.6434956317572897,2.0997373920232,54.16474755934539,25.35669724692912,0.0,100.0
-0.025,1.45,86.87726239735937,0.25878635122330707,-1.1778666911334454,-0.2287682076152322,0.258785348231379,0.8020747686983185,2.2600205454199016,54.18139108875093,25.386349811585646,0.0,100.0
1.025,0.825,86.87812264746528,0.25792610111740544,-1.178726941239347,-0.01736606754249692,0.2579263589456133,0.5983475634844382,2.068322531493257,54.160565447554724,25.328353537039444,0.0,100.0
1.25,0.6,86.878333940334,0.25771480824867865,-1.1789382341080739,0.05393089925267702,0.2577153010332637,0.4983926155518219,2.0050690641828663,54.1499289806119,25.239489913692804,0.0,100.0
0.525,1.175,86.8783537725958,0.2576949759868796,-1.1789580663698729,-0.12690081973889278,0.2576946555745053,0.7385087071193936,2.1817473550590014,54.17382419518082,25.399660359882848,0.0,100.0
0.725,1.05,86.87841536959183,0.25763337899084604,-1.1790196633659065,-0.08837063581781024,0.2576332970178328,0.6925553888671487,2.140616694950014,54.16954113300144,25.383755195199893,0.0,100.0
0.05,0.325,86.8785558664251,0.25749288215757815,-1.1791601601991744,0.15795310032983423,0.25749123539804086,0.49614127434878696,1.8681905859942747,54.09437408590795,24.459303708939917,0.0,100.0
1.135,0.725,86.87896840128522,0.2570803472974603,-1.1795726950592922,0.013332922879541798,0.25708072453379033,0.5531705024771014,2.038672126306544,54.15606659967682,25.293346912728946,0.0,100.0
0.175,0.275,86.87905861376898,0.25699013481370514,-1.1796629075430474,0.1659087184976471,0.2569886695569153,0.46933514860543823,1.8802471333088495,54.093685104840816,24.473142956972286,0.0,100.0
0.8,0.1,86.87912826967697,0.25692047890571246,-1.17973256345104,0.1919565600920521,0.25691996875127643,0.33085205863969236,1.9260383708064406,54.09682572503136,24.6070388690141,0.1863412283000946,100.0
-0.225,0.45,86.87971422738701,0.2563345211956687,-1.1803185211610838,0.12049277841227024,0.2563324869066662,0.551143685515072,1.8406393059462187,54.09719790573302,24.44178519391515,0.0,100.0
-0.275,0.475,86.88015790774304,0.25589084083964053,-1.180762201517112,0.11401356938377205,0.25588873803592377,0.5606291569739597,1.8356947789221667,54.09791558740545,24.440572475836525,0.0,100.0
-0.175,0.425,86.88256546255447,0.2534832860282137,-1.1831697563285388,0.12348948911879631,0.2534813202558951,0.5383630094252396,1.845298096858923,54.09647883168604,24.44303473858308,0.0,100.0
0.25,1.325,86.88294662703221,0.2531021215504694,-1.183550920806283,-0.1752109193415805,0.25310146507921444,0.7772528059153245,2.2278366489695163,54.17838081764598,25.403434637603183,0.0,100.0
0.65,1.1,86.88323038648858,0.2528183620941036,-1.183834680262649,-0.10865748528949837,0.25281819246295073,0.7068532635047831,2.1570597327572196,54.17133417220601,25.392345508213,0.0,100.0
0.8,1.0,86.8832445091137,0.2528042394689862,-1.1838488028877663,-0.07734179372423,0.2528042446860269,0.6676903300918013,2.123854579228823,54.16771244535871,25.375201445295293,0.0,100.0
0.3,1.3,86.88432317898857,0.2517255695941145,-1.184927472762638,-0.169384647239454,0.2517249754405896,0.7699838789056201,2.220459631085764,54.17768490902094,25.40464361669833,0.0,100.0
1.225,0.1,86.88450978999863,0.2515389585840495,-1.185114083772703,0.20728344176662006,0.25153915439605895,0.2961347546295059,1.934685148123456,54.109470756712405,24.80110292409151,0.19916546333542312,100.0
0.2,1.35,86.88475808661292,0.2512906619697617,-1.1853623803869908,-0.18400053649530435,0.2512899437709081,0.7808294632280877,2.2349854325631147,54.17907348772507,25.40224737968413,0.0,100.0
-0.125,0.4,86.88872939898442,0.24731934959825708,-1.1893336927584954,0.12299935261597739,0.24731745251426104,0.5222447616780244,1.8496801556059115,54.095760126112744,24.44431703463925,0.0,100.0
0.35,1.275,86.88886661955205,0.24718212903063375,-1.1894709133261188,-0.1665287999190923,0.24718159800832779,0.7590249395816926,2.212892439419923,54.1769880187103,25.405874266155216,0.0,100.0
0.15,1.375,86.88978382655527,0.24626492202740735,-1.1903881203293452,-0.19585066744090796,0.24626414243171552,0.7807286307397874,2.2418800723671892,54.17975690462811,25.4010730131002,0.0,100.0
1.0,0.85,86.89025057567429,0.245798172908394,-1.1908548694483585,-0.036968784100807284,0.24579840583079998,0.5968390088214761,2.0754798145378937,54.161712509388025,25.33829080341845,0.0,100.0
-0.275,1.55,86.8929184552037,0.2431302933789823,-1.1935227489777702,-0.2962713223830207,0.24312897061466288,0.7846808312572904,2.2767379635539284,54.18320931257633,25.359522888352767,0.0,100.0
0.55,0.15,86.89307867884995,0.24297006973273483,-1.1936829726240177,0.15702094018392643,0.24296916604160684,0.3739329885572431,1.9105227455688922,54.09379602442892,24.53633112317762,0.15165231716211497,100.0
1.05,0.075,86.89405559866819,0.24199314991449228,-1.1946598924422602,0.21152920566477462,0.24199304415199946,0.2736047032643114,1.932803256682148,54.102056748490185,24.699672457813634,0.19940811876332762,100.0
1.025,0.075,86.89422988573375,0.2418188628489304,-1.1948341795078221,0.21239299193631211,0.2418187156841128,0.27240513596490246,1.9323503616808837,54.101311942586925,24.68826227097355,0.19752960778898002,100.0
0.775,0.1,86.89473539516372,0.24131335341895976,-1.1953396889377927,0.17396861718614787,0.24131280136896863,0.3213164387824605,1.9238189552725682,54.09607334178352,24.595786731391588,0.18446271732574704,100.0
0.65,0.125,86.89483711702209,0.24121163156058856,-1.195441410796164,0.161859555470528,0.2412108826668657,0.3497413135157501,1.9169630678902274,54.094561729988826,24.560363904111398,0.1738220949130839,100.0
1.075,0.075,86.89565306687608,0.24039568170660175,-1.1962573606501508,0.20900931573407888,0.24039561730103856,0.2728579399306028,1.93306790103496,54.10280043410827,24.711100400422804,0.20128662973767517,100.0
1.0,0.075,86.89617133154627,0.23987741703641063,-1.1967756253203419,0.20679570472685782,0.23987722846298426,0.26927558422228515,1.931711815048912,54.100564976827044,24.676867934075013,0.1956510968146324,100.0
-0.075,1.475,86.89628743126657,0.23976131731610906,-1.1968917250406435,-0.261075121215967,0.23976025423572195,0.7858535992965869,2.2655897546823933,54.18204463776396,25.385256123430427,0.0,100.0
0.4,1.25,86.89657632259399,0.23947242598869423,-1.1971806163680583,-0.16676923750077322,0.23947195838838695,0.7443607801178018,2.2051667754921955,54.176289616954314,25.40712970992509,0.0,100.0
0.575,1.15,86.89768744374234,0.23836130484033902,-1.1982917375164135,-0.13821083863579986,0.23836104790571824,0.7105558629916544,2.1732159028867573,54.17311416431418,25.40100559340153,0.0,100.0
0.875,0.95,86.89770169800008,0.23834705058260397,-1.1983059917741485,-0.07561369455991951,0.23834714417403974,0.6322117251489061,2.1069311022104777,54.165862855343846,25.366677746203525,0.0,100.0
0.1,1.4,86.89801902637001,0.23802972221267282,-1.1986233201440797,-0.21866877645473437,0.23802888152507365,0.7769490466727405,2.2485318379025108,54.180427646243,25.399910684413783,0.0,100.0
-0.075,0.375,86.89818821439883,0.23786053418385222,-1.1987925081729003,0.11910904586287074,0.2378587060875617,0.5027882497940936,1.85381064297192,54.09504158477292,24.445633684365887,0.0,100.0
1.1,0.075,86.89902043173441,0.2370283168482672,-1.1996247255084853,0.204833446985333,0.23702829373842177,0.2701689385885544,1.9331447911691018,54.1035429692113,24.722546017010025,0.20316514071202277,100.0
0.1,0.3,86.89919676406556,0.23685198451711642,-1.199801057839636,0.1422534669987101,0.23685040745180572,0.46540029193067767,1.8712961452665628,54.09364860834225,24.460725872365053,0.0,100.0
0.375,0.2,86.8994519168486,0.23659683173407586,-1.2000562106226766,0.14547253419185324,0.2365956608380344,0.4062830892928133,1.896524287304283,54.093003101305754,24.499771629251523,0.07650739292450753,100.0
0.3,0.225,86.89969895137334,0.23634979720934268,-1.2003032451474098,0.14491530605303637,0.23634851399540935,0.42231316187515233,1.890026649689286,54.09298125400938,24.487169346933904,0.04017552326269952,100.0
0.975,0.075,86.89987942695991,0.23616932162276782,-1.2004837207339847,0.19850620779355665,0.2361690916571831,0.2694959358625937,1.930884945853477,54.09981693119249,24.665491481832007,0.1937725858402848,100.0
1.25,0.1,86.90069026343835,0.23535848514433155,-1.201294557212421,0.19117333158671102,0.2353587225784878,0.27943509481487183,1.9335757101379318,54.11020335551374,24.81267539161559,0.19586353104522675,100.0
-0.2,1.525,86.90213876170313,0.2339099868795529,-1.2027430554771996,-0.29329449159551757,0.2339087635044052,0.7795858909304627,2.2741719333365196,54.182960565294884,25.371825595718366,0.0,100.0
1.125,0.075,86.90415750020829,0.2318912483743958,-1.2047617939823567,0.1990017842958025,0.23189126653821007,0.265534460176994,1.9330328286535854,54.1042847825123,24.73401007743194,0.20504365168637037,100.0
0.975,0.875,86.90479569274626,0.23125305583641875,-1.2053999865203338,-0.0588299014353737,0.23125326399160998,0.5927870987565882,2.0826393734416144,54.16285569097322,25.348247104197167,0.0,100.0
0.95,0.075,86.90534476884501,0.23070397973766887,-1.2059490626190836,0.18874416140269545,0.23070370802067544,0.2700812064354636,1.9298586407530633,54.09906867220349,24.654134552647577,0.1918940748659372,100.0
1.135,0.075,86.90670845378534,0.22934029479733908,-1.2073127475594134,0.19620550957102978,0.2293403294649238,0.2631357909114911,1.9329360050173132,54.10458131035785,24.738600868642646,0.2057950560761094,100.0
0.45,0.175,86.90685040777524,0.22919834080744295,-1.2074547015493096,0.13999230059917522,0.229197282400159,0.3825827263027861,1.9020579132836108,54.09302334083978,24.512455893714996,0.11283926258631558,100.0
0.45,1.225,86.90745618349699,0.22859256508569104,-1.2080604772710615,-0.17005577465346278,0.22859216010540137,0.7260005771869231,2.1971856489130768,54.17558646643523,25.40841072316099,0.0,100.0
0.225,0.25,86.90759619217407,0.2284525564086124,-1.2082004859481401,0.13831602225279482,0.22845116102350857,0.4306717672348128,1.8825616701026489,54.09295236113287,24.474637356356972,0.0,100.0
0.05,1.425,86.90947486518856,0.2265738833941242,-1.2100791589626283,-0.24474736828491928,0.2265729819602768,0.7694811383674818,2.2549291777333385,54.18109542226388,25.398775144577968,0.0,100.0
0.7,1.075,86.91091169991732,0.22513704866535988,-1.2115159936913926,-0.12769959732659686,0.22513694386135227,0.669388291990046,2.147955984217531,54.170615416064294,25.393751107277772,0.0,100.0
-0.025,0.35,86.91092236279768,0.22512638578500344,-1.211526656571749,0.11191940370960651,0.22512462711814862,0.47999238683263457,1.8577205070866523,54.09432224630236,24.446986307050423,0.0,100.0
1.15,0.075,86.91106641924544,0.22498232933723727,-1.2116707130195152,0.1915143899710614,0.2249823887545716,0.25895399133064245,1.932735308378683,54.105025086324474,24.745491094282187,0.20692216266071797,100.0
0.775,1.025,86.9113321977858,0.22471655079688446,-1.211936491559868,-0.11246191744019995,0.22471653341967227,0.6492074152698706,2.131215514516238,54.168808753046946,25.38519391499265,0.0,100.0
0.75,0.1,86.9121171497283,0.22393159885437797,-1.2127214435023745,0.15450857184698918,0.223931004882229,0.3100100417152021,1.921405503272469,54.09532050282019,24.58455383848821,0.18258420635139944,100.0
0.925,0.075,86.91257772214153,0.22347102644114614,-1.2131820159156064,0.17750956377331306,0.22347071294134366,0.2689034183961212,1.9286457074535457,54.09832007265429,24.642796936858385,0.19001556389158966,100.0
1.175,0.7,86.91674251968028,0.21930622890239704,-1.2173468134543555,-0.015188045910377923,0.21930665706918545,0.5028822686101364,2.0297106034731485,54.155125772185606,25.29039203112721,0.0,100.0
1.15,0.725,86.91710623350848,0.21894251507420392,-1.2177105272825486,-0.02337213602321242,0.21894291702332963,0.5136169239936947,2.036762448306729,54.15630292072569,25.30025904962834,0.0,100.0
-0.125,1.5,86.91848109711009,0.21756765147259216,-1.2190853908841603,-0.29616377125763904,0.21756652765338913,0.76596232474499,2.2708742669471977,54.18269568612541,25.38417699819188,0.0,100.0
1.2,0.675,86.91878470640577,0.21726404217690742,-1.219389000179845,-0.009225886575990216,0.21726449687327828,0.4896163492052352,2.0226837967527684,54.15394497933877,25.280533254760773,0.0,100.0
0.625,0.125,86.9188201045399,0.21722864404277686,-1.2194243983139756,0.1371174673929545,0.21722785316335375,0.33184289125489386,1.9137248345568971,54.093806076759556,24.54919874331365,0.17180109847660718,100.0
1.175,0.075,86.91972309172309,0.21632565685959548,-1.220327385497157,0.18249075622347277,0.21632575767543472,0.2504275379760088,1.9322467976543636,54.10576449252794,24.75699017574844,0.20880067363506558,100.0
1.125,0.75,86.91991484764677,0.21613390093591534,-1.2205191414208372,-0.03392203040004915,0.21613427685870476,0.521832660486993,2.0438458918691227,54.15747397191931,25.310134134991415,0.0,100.0
0.625,1.125,86.92014978492847,0.21589896365421168,-1.2207540787025408,-0.15229784631040388,0.2158987710890301,0.6789749505212512,2.164368456060958,54.172399229875836,25.40237234817671,0.0,100.0
0.85,0.975,86.92141345005962,0.2146352985230635,-1.222017743833689,-0.10643139084899644,0.21463536871701763,0.6184410251346577,2.114195032247839,54.166969745116056,25.376662629966738,0.0,100.0
0.5,1.2,86.92153190821692,0.21451684036576069,-1.2221362019909918,-0.17636229616076093,0.21451649859607186,0.7039372115448685,2.1889481751625506,54.174882432328836,25.409719483165354,0.0,100.0
0.9,0.075,86.9215850029484,0.2144637456342764,-1.2221892967224761,0.16480257233439488,0.2144633903250906,0.26595515392359914,1.9272415344043634,54.09757145122619,24.631479255067017,0.18813705291724206,100.0
0.95,0.9,86.92177635650435,0.21427239207832827,-1.2223806502784242,-0.08307623851101198,0.21427257548457987,0.5861944373445738,2.0898041434354524,54.163988078232876,25.358203063307688,0.0,100.0
0.525,0.15,86.92189029963686,0.21415844894582392,-1.2224945934109286,0.1284692963540408,0.21415750322313443,0.3512125838892928,1.9066472561334455,54.0930384443458,24.52521540403541,0.1491711322481236,100.0
0.15,0.275,86.92314432039097,0.21290442819170607,-1.2237486141650464,0.12306618616568699,0.21290292078453774,0.4313578769587423,1.8741252885489417,54.09291991470538,24.46217606947945,0.0,100.0
1.225,0.65,86.92324887096265,0.2127998776200286,-1.223853164736724,-0.005546460415530419,0.2128003590421656,0.4738312229540753,2.015689002080218,54.1527606552806,25.27069200765919,0.0,100.0
0.0,1.45,86.92409503965294,0.21195370892974097,-1.2246993334270115,-0.2734525365160323,0.21195274721222007,0.7584628983308761,2.2610442918078726,54.18175848192311,25.397663928330044,0.0,100.0
1.1,0.775,86.92516771763472,0.2108810309479594,-1.225772011408793,-0.046864686988513427,0.21088138106578072,0.5275518356447435,2.0509686221583747,54.158636186670925,25.320024180935462,0.0,100.0
0.025,0.325,86.92697050478483,0.20907824379784756,-1.227574798558905,0.10123892677216872,0.2090765547178961,0.4538597117246894,1.8613559860216646,54.093603155792515,24.44837067216746,0.0,100.0
1.2,0.075,86.93013079939762,0.20591794918506423,-1.2307350931716883,0.17182537465130565,0.20591809145224432,0.23995971948747297,1.9315944726887069,54.10650162983104,24.76850475325886,0.21067918460941312,100.0
1.25,0.625,86.93015412282101,0.2058946257616725,-1.23075841659508,-0.00418152355510415,0.2058951338090111,0.45548657445701224,2.00871629024964,54.15156515773822,25.26086240904926,0.0,100.0
0.725,0.1,86.9312736357099,0.20477511287278105,-1.2318779294839715,0.13357586780266217,0.20477447695219553,0.29693272389496883,1.9187977918838117,54.09456676711,24.573339393301694,0.18070569537705183,100.0
-0.25,1.55,86.93177859181223,0.20427015677044835,-1.2323828855863042,-0.3346813092254166,0.20426887311063807,0.7508568210693909,2.2786379674087653,54.183597682250664,25.370797874362736,0.0,100.0
0.875,0.075,86.93236660383562,0.20368214474706292,-1.2329708976096896,0.15062323552331236,0.20368174760297109,0.2612362669616033,1.9256455272180357,54.09682247080919,24.62018090629272,0.18625854194289446,100.0
1.075,0.8,86.93286294611029,0.20318580247239026,-1.2334672398843622,-0.06219968251616592,0.20318612703828762,0.5307561089849884,2.0581250140742027,54.15979217295356,25.329935106464955,0.0,100.0
0.35,0.2,86.93614722752343,0.19990152105924608,-1.2367515212975064,0.11077515762838175,0.19990030806131073,0.37568918393805006,1.89155775867072,54.09224211225772,24.48873575981551,0.06952874253340569,100.0
-0.25,0.45,86.93628230794782,0.1997664406348605,-1.236886601721892,0.054227972020214565,0.19976436413872706,0.5006922599260406,1.8323489116988378,54.09642462480656,24.430925788302794,0.0,100.0
0.275,1.325,86.9376935442717,0.1983552043109853,-1.2382978380457672,-0.22853385377767665,0.19835458928958474,0.7242489392428979,2.2275144243587928,54.17873000519545,25.414786279122403,0.0,100.0
-0.2,0.425,86.93785396385294,0.19819478472973628,-1.2384582576270162,0.05875129884275054,0.19819277675456135,0.48919054899059233,1.8372655159873093,54.09570588813774,24.432163085018804,0.0,100.0
-0.3,0.475,86.93799548123881,0.19805326734386597,-1.2385997750128865,0.04622440713373521,0.19805112222684046,0.5089236275378397,1.8271417380179509,54.097142231528245,24.42972530361315,0.0,100.0
0.225,1.35,86.93825816000394,0.19779058857874077,-1.2388624537780117,-0.23615623930412255,0.1977899117645734,0.7293595757778633,2.2348794922328405,54.179422413602445,25.413594009127305,0.0,100.0
0.55,1.175,86.93886308764961,0.19718566093307288,-1.2394673814236796,-0.18574737662785878,0.19718538255106638,0.678167515556197,2.180458761475978,54.174170860328886,25.411050343142996,0.0,100.0
0.275,0.225,86.93944917857918,0.19659957000349948,-1.240053472353253,0.10788159436854983,0.19659824466374687,0.3886678074832588,1.8846095213985061,54.09221880735082,24.47616382698978,0.0331968728715977,100.0
0.325,1.3,86.94029564904953,0.19575309953314957,-1.240899942823603,-0.2238975832090091,0.19575254711022866,0.7154488985822809,2.2199588055343518,54.17803493774491,25.416002698251393,0.0,100.0
0.425,0.175,86.94049168175819,0.1955570668244917,-1.2410959755322608,0.10763109999274434,0.1955559663359935,0.35503986340056315,1.8975402839969935,54.09226275666896,24.501387771517226,0.10586061219521373,100.0
0.925,0.925,86.94115426215838,0.19489448642430318,-1.2417585559324493,-0.10969859667126514,0.1948946454416074,0.5770844567759639,2.096991874436518,54.165109619717214,25.368168073017674,0.0,100.0
0.75,1.05,86.94183005058946,0.19421869799322167,-1.2424343443635308,-0.14985870673949364,0.19421865807825328,0.6282206203469087,2.1385903692637047,54.16989158794078,25.395181854982827,0.0,100.0
-0.05,1.475,86.94187827423555,0.19417047434713197,-1.2424825680096205,-0.30488383664760477,0.19416945237566097,0.7437674052971772,2.2668393897300834,54.18241315132002,25.3965607313049,0.0,100.0
0.175,1.375,86.94202212158683,0.19402662699584994,-1.2426264153609026,-0.24680580858051826,0.19402588888238767,0.7307675690829996,2.2420017310430107,54.18011050958636,25.412419043357033,0.0,100.0
1.225,0.075,86.94229893520559,0.19374981337709585,-1.2429032289796567,0.15950517108704787,0.1937499971516729,0.2275486721296005,1.9307748529072255,54.10723652052882,24.780034842249314,0.21255769558376073,100.0
-0.15,0.4,86.94273830782559,0.19331044075708803,-1.2433426015996645,0.059787981088362585,0.19330850147105708,0.4743517723963038,1.8419055282309358,54.0949868985644,24.43343555328128,0.0,100.0
1.05,0.825,86.94297463013979,0.1930741184428939,-1.2435789239138586,-0.07990416173618087,0.19307441786075116,0.5314313653271938,2.065311008994339,54.1609409805144,25.339860321965237,0.0,100.0
-0.175,1.525,86.94377146729344,0.19227728128923616,-1.2443757610675164,-0.3339552935310337,0.19227609785442326,0.742403600575571,2.275862845725042,54.18333948708195,25.383114380671515,0.0,100.0
0.6,0.125,86.94457708743937,0.1914716611433107,-1.2451813812134418,0.11090264007162887,0.19147082826062842,0.3121730198237884,1.9102920896180933,54.09304967884805,24.538052405167726,0.16978010204013047,100.0
0.85,0.075,86.94492265496449,0.19112609361819466,-1.2455269487385578,0.13497130259814583,0.191125654609138,0.25474728726428,1.9238572020696356,54.096072857953814,24.608901407821392,0.18438003096854685,100.0
1.135,0.75,86.94582166014183,0.19022708844084946,-1.246425953915903,-0.05887932136317886,0.1902274807403046,0.49494812833326307,2.0425533647034304,54.157627296543154,25.314740282600553,0.0,100.0
0.675,1.1,86.94582543578456,0.19022331279812477,-1.2464297295586277,-0.16939912719620054,0.19022318508015984,0.6436967470561257,2.15530312294871,54.1716827885104,25.403762022838638,0.0,100.0
0.375,1.275,86.94607724772511,0.18997150085756687,-1.2466815414991856,-0.22228125983281188,0.18997101175644956,0.7029545712706664,2.2122320181982236,54.17733698636026,25.417237463174267,0.0,100.0
0.075,0.3,86.94633352914632,0.1897152194363656,-1.246937822920387,0.08706743112617232,0.18971360011896365,0.4243866962768834,1.8647191020982246,54.09287992508044,24.44978567608734,0.0,100.0
0.825,1.0,86.94748857831358,0.1885601702690991,-1.2480928720876534,-0.13960285221291713,0.18856021766845005,0.602155831137452,2.1215700246949747,54.16806923994635,25.386647962114196,0.0,100.0
0.125,1.4,86.9489959152458,0.18705283333687817,-1.2496002090198743,-0.2663368720271535,0.18705203424112823,0.7284966731737228,2.248890956570915,54.180785774941356,25.411250287816372,0.0,100.0
0.2,0.25,86.95040244197205,0.18564630661063575,-1.2510067357461168,0.09894551022658504,0.18564486907156946,0.393974470249006,1.8766924557345512,54.09218736509233,24.463658416079767,0.0,100.0
-0.1,0.375,86.95093493275837,0.18511381582430886,-1.2515392265324436,0.057337047013987785,0.18511194540575956,0.45617487278451563,1.846268114003238,54.09426867567287,24.434739948674668,0.0,100.0
0.7,0.1,86.95220481535917,0.183843933223514,-1.2528091091332385,0.11117047803801938,0.18384325532942114,0.2820843454157398,1.9159954488284552,54.093812872258844,24.562144799870225,0.17882718440270426,100.0
0.5,0.15,86.9524772148555,0.18357153372717505,-1.2530815086295775,0.09844488041039767,0.18357054594756902,0.32672055537811673,1.902574812231992,54.09228006520076,24.514118470746908,0.14219248185702174,100.0
0.425,1.25,86.95499337229305,0.18105537628963475,-1.2555976660671178,-0.22366611724748964,0.1810549505845131,0.6867560883919026,2.2043286155954367,54.17663638710846,25.418500523991963,0.0,100.0
1.025,0.85,86.9555081634348,0.18054058514788096,-1.2561124572088715,-0.09989564348434499,0.18054085961059912,0.5295721399696021,2.072497224305678,54.162084653551865,25.349792224878698,0.0,100.0
1.25,0.075,86.95623540311252,0.1798133454701656,-1.256839696886587,0.14553041887532459,0.17981357075360052,0.21319230101794062,1.9297767901810028,54.10797060882887,24.79158308936637,0.20988626580646483,100.0
0.075,1.425,86.95920147125607,0.17684727732661543,-1.259805765030137,-0.291573648575735,0.1768464174554225,0.7225390547253312,2.2555202890584085,54.18145615867334,25.410103877669858,0.0,100.0
0.825,0.075,86.95925164525708,0.1767971033255975,-1.259855939031155,0.11784675059782046,0.17679662243500333,0.24648776798686356,1.9218784694086761,54.0953216963055,24.59763907637818,0.18250151999419928,100.0
0.6,1.15,86.95943049238396,0.17661825619872218,-1.2600347861580303,-0.19818094104570605,0.17661804132515613,0.6486881503649471,2.1717075209418977,54.17345801241496,25.412405496690553,0.0,100.0
-0.05,0.35,86.96239321507252,0.17365553351015706,-1.2629975088465955,0.05165307972180244,0.17365373249111826,0.43465921170829347,1.8504282433612964,54.093549333502104,24.436081337834704,0.0,100.0
0.9,0.95,86.96284537580145,0.17320337278123077,-1.2634496695755217,-0.13863724943456646,0.17320350823002,0.5654907942659975,2.104323804705762,54.16622085005473,25.378142614395994,0.0,100.0
-0.1,1.5,86.96285365201592,0.1731950965667579,-1.2634579457899946,-0.3390976568087183,0.1731940138837814,0.7253961211884388,2.272339275636214,54.183063919597245,25.39547610185987,0.0,100.0
-0.3,1.575,86.96442938929485,0.17161935928783123,-1.2650336830689213,-0.3787264559262411,0.1716180162914071,0.7185601776462534,2.283027831239041,54.184224188364745,25.36978827881433,0.0,100.0
0.475,1.225,86.96710524180972,0.16894350677296188,-1.2677095355837906,-0.2281120627455806,0.16894314386701695,0.6668683364991494,2.196161206581185,54.17593091451588,25.419788719316223,0.0,100.0
0.125,0.275,86.96900481220293,0.16704393637975556,-1.269609105976997,0.06940459992409842,0.16704238680547406,0.39160823989270455,1.8678047204734787,54.09215361374017,24.45122757142128,0.0,100.0
1.0,0.875,86.97045612821238,0.16559262037030464,-1.2710604219864479,-0.122186644241836,0.16559287002073972,0.5251713509842517,2.079694254897237,54.163222169836395,25.359733344921263,0.0,100.0
0.575,0.125,86.97210933866666,0.16393940991602562,-1.2727136324407269,0.08321505618641822,0.16393853500397598,0.29073166582986687,1.9066631816633075,54.09229296441263,24.526925717378326,0.16775910560365376,100.0
-0.225,1.55,86.97216647434787,0.16388227423480828,-1.2727707681219442,-0.3744527260254529,0.16388103048707875,0.7151915379053122,2.2805338707885454,54.18397939195557,25.382079374578673,0.0,100.0
1.075,0.05,86.97224535560076,0.1638033929819187,-1.2728496493748338,0.1435499053071254,0.16380331680502422,0.18486686780015305,1.9282806293863568,54.10055306079942,24.69023948062121,0.19556841045743226,100.0
0.025,1.45,86.97258536949225,0.1634633790904303,-1.2731896632663222,-0.3194632326552096,0.16346245851387947,0.713004762489831,2.2618624680006785,54.18212158582834,25.40898550767998,0.0,100.0
1.05,0.05,86.9729147476794,0.163134000903284,-1.2735190414534685,0.14178682282555144,0.1631338832876395,0.18326819876206457,1.9278707627967355,54.099807327524694,24.67883507516148,0.1936898994830847,100.0
1.1,0.05,86.97334761891891,0.16270112966377326,-1.2739519126929792,0.14151243415541614,0.16270109487549292,0.18451919895250057,1.9285025714909854,54.10129708736179,24.701660565087703,0.19744692143177986,100.0
0.325,0.2,86.97461741028239,0.16143133830028944,-1.275221704056463,0.07460541199914417,0.16143008317955038,0.34332343558834566,1.8863921976172655,54.09148079468527,24.47771966134195,0.06255009214230386,100.0
0.725,1.075,86.97473557667332,0.1613131719093559,-1.2753398704473966,-0.1896113821368175,0.1613131090495216,0.60472366658243,2.1459758680671444,54.170961182085755,25.40517559396418,0.0,100.0
0.675,0.1,86.97491101753454,0.161137731048143,-1.2755153113086095,0.08729238154350583,0.16113701115474727,0.265464684021822,1.91299828508786,54.09305760776932,24.550967822521724,0.17694867342835666,100.0
1.025,0.05,86.97535324889773,0.16069549968494812,-1.2759575426718044,0.13436110796178014,0.16069534063015567,0.1837457207706592,1.927276572092214,54.099060347374774,24.66744823017182,0.1918113885087371,100.0
0.8,0.075,86.97535520881256,0.16069353977012213,-1.2759595025866304,0.09924957938615364,0.16069301697110633,0.23645757423440728,1.919706666934097,54.09456902920461,24.586394018635865,0.18062300901985168,100.0
0.4,0.175,86.97590809139207,0.16014065719060966,-1.2765123851661428,0.07379713927913656,0.16013951459724468,0.32572528891820696,1.892824493010909,54.09150191488163,24.490339513807026,0.0988819618041119,100.0
0.8,1.025,86.97599182835957,0.1600569202231128,-1.2765961221336397,-0.1751349509793272,0.16005694490737313,0.5833442201664383,2.128970118139274,54.16915654431556,25.396627811973165,0.0,100.0
1.125,0.05,86.97622150741397,0.15982724116871339,-1.2768258011880391,0.13781887208601518,0.15982724773725182,0.1822271583636308,1.9285380396189429,54.10204039174634,24.71310013252719,0.19932543240612746,100.0
0.0,0.325,86.97716127626609,0.15888747231659295,-1.2777655700401596,0.042500762019727745,0.1588857408926117,0.40980543570304917,1.8543203077611634,54.09283088345686,24.437455636434418,0.0,100.0
1.135,0.05,86.97786588513277,0.15818286344990895,-1.2784701789068436,0.13587778633940673,0.15818288653751153,0.18076650847226006,1.9284990995954172,54.10233716755777,24.71768049047999,0.2000768367958665,100.0
1.0,0.05,86.97955716543065,0.15649158315203238,-1.2801614592047201,0.1254628586234503,0.15649138268322815,0.18554352568804688,1.926494014937359,54.09831231065869,24.65607932674989,0.1899328775343895,100.0
1.15,0.05,86.98086354611335,0.1551852024693261,-1.2814678398874264,0.13246941809397583,0.15518525033028538,0.17799172867997015,1.9283844081976953,54.10278223328319,24.724556781216865,0.20120394338047506,100.0
0.25,0.225,86.9809751279037,0.15507362067897645,-1.281579421677776,0.06937507170282231,0.15507225318823997,0.3532503782195704,1.8789930800085632,54.09145448582253,24.46517521572597,0.024661606431388844,100.0
1.2,0.7,86.98117042376575,0.1548783248169343,-1.2817747175398182,-0.07722807962971956,0.15487879392815387,0.4358002868794699,2.0263620318021354,54.155519345089225,25.301923789732026,0.0,100.0
1.175,0.725,86.98194514783061,0.15410360075206597,-1.2825494416046865,-0.08581366227144827,0.1541040436901852,0.4461930667607277,2.0334498287208786,54.15669155830939,25.311782931744986,0.0,100.0
0.525,1.2,86.98243824379061,0.15361050479206995,-1.2830425375646826,-0.23561174338367152,0.15361020498638994,0.6432760068126697,2.187704693420796,54.17522401953171,25.4211057079273,0.0,100.0
1.225,0.675,86.98283408012098,0.1532146684617004,-1.283438373895052,-0.07100118902405939,0.15321516389316514,0.42288522546839147,2.0193045684208766,54.15434198118727,25.292067724322973,0.0,100.0
0.65,1.125,86.98311178613176,0.15293696245092292,-1.2837160799058296,-0.21341692852482197,0.1529368120022326,0.6155545447410731,2.1626669938274072,54.17274074213192,25.413781266742763,0.0,100.0
0.475,0.15,86.98483953105031,0.1512092175323687,-1.2854438248243838,0.06694768150785535,0.151208187670062,0.3004568653996387,1.8983050962154957,54.09152126939882,24.50304106563332,0.1352138314659199,100.0
1.15,0.75,86.98516455227515,0.1508841963075298,-1.2857688460492227,-0.09679330809673559,0.15088461330019526,0.4541003461674791,2.040580321639163,54.15785551714101,25.321651829940745,0.0,100.0
0.975,0.05,86.98551874197449,0.15053000660819293,-1.2861230357485596,0.11509205920273757,0.15052976442177907,0.18562766360479088,1.925515436259715,54.09756399709522,24.644729842560924,0.1880543665600419,100.0
0.875,0.975,86.98689781872349,0.14915092985918932,-1.2875021124975632,-0.16985745063557545,0.14915104238122012,0.551392115685502,2.1117185777765433,54.16732250625458,25.388115667583172,0.0,100.0
1.25,0.65,86.98690382432237,0.14914492426031245,-1.28750811809644,-0.06696219754861943,0.1491454463728985,0.407420085487459,2.012261349412248,54.153161860838956,25.28222718920804,0.0,100.0
-0.15,1.525,86.986946184805,0.1491025637776744,-1.2875504785790781,-0.37597233978766553,0.14910142107175658,0.7033574469913475,2.2775292084232377,54.183711501977896,25.394408932763533,0.0,100.0
1.175,0.05,86.98727711558138,0.14877163300130292,-1.2878814093554496,0.12546417225135542,0.1487717221351943,0.17181029806997117,1.9280450942197382,54.10352262585426,24.736030511861088,0.20308245435482267,100.0
0.975,0.9,86.98781265542424,0.14823609315844521,-1.2884169491983073,-0.14684170295328158,0.14823631823092853,0.5182507559339342,2.086903775071734,54.164347607080984,25.369678277166596,0.0,100.0
-0.025,1.475,86.98913060617242,0.14691814241025725,-1.2897348999464953,-0.3500642192734347,0.14691716151414483,0.6998359592935657,2.26791166364424,54.182777510956434,25.407876304445814,0.0,100.0
1.125,0.775,86.99082897681647,0.14521977176620737,-1.2914332705905451,-0.110161786569833,0.14522016305311353,0.4594745035498562,2.047746763528956,54.159012987171245,25.33153966848755,0.0,100.0
0.775,0.075,86.99323309299801,0.1428156555846698,-1.2938373867720827,0.07918019485838101,0.14281509084079858,0.2246583385390295,1.9173409031709394,54.09381585907783,24.575168131207377,0.1787444980455041,100.0
0.95,0.05,86.99324748165019,0.1428012669324943,-1.2938517754242582,0.10324870887922089,0.14280098294186133,0.18395718918486637,1.9243474318951415,54.09681530393359,24.63339961327491,0.1861758555856943,100.0
0.25,1.35,86.99339037854138,0.14265837004130333,-1.2939946723154492,-0.2898891804916701,0.14265773476040805,0.6760158087650865,2.2346049315137955,54.17976796942418,25.424935536769862,0.0,100.0
0.3,1.325,86.99405096924447,0.14199777933821167,-1.2946552630185408,-0.28341749615370304,0.14199720612391217,0.6693765654698751,2.2270564815647895,54.179075059527555,25.42613539105189,0.0,100.0
-0.275,0.45,86.99462343487993,0.14142531370275435,-1.2952277286539982,-0.014059900102623146,0.141423194900176,0.44848218415909,1.8238538540741374,54.09565127010419,24.42008684636957,0.0,100.0
-0.225,0.425,86.99491844722375,0.14113030135892757,-1.295522740997825,-0.008010454457746619,0.14112825115443856,0.4382459364822324,1.82903066056472,54.09493291691382,24.421311970161746,0.0,100.0
0.175,0.25,86.99498452848697,0.14106422009571418,-1.2955888222610383,0.048268458193390984,0.14106274037766867,0.3555049613901815,1.8706233649757575,54.091422297125796,24.452699477817994,0.0,100.0
0.05,0.3,86.9952438823816,0.1408048662010799,-1.2958481761556726,0.029857411922435517,0.14080320453846298,0.38161301490509913,1.8579389764665404,54.09210955079068,24.43886178224314,0.0,100.0
1.2,0.05,86.99545493902727,0.140593809555412,-1.2960592328013405,0.11683992423613176,0.14059393999451686,0.16368385935935237,1.9275199718969132,54.10426209869116,24.74752227969166,0.2049609653291702,100.0
0.2,1.375,86.99589577371307,0.14015297486960776,-1.2965000674871447,-0.2993310028177518,0.14015227821526538,0.6789522921279172,2.2419527822104843,54.180458298019694,25.423758283252177,0.0,100.0
0.35,1.3,86.99787940227023,0.13816934631245203,-1.2984836960443005,-0.2799768209222293,0.13816883596335855,0.6590517206548725,2.2193187992519716,54.178377726881514,25.42736152030765,0.0,100.0
-0.175,0.4,86.99852296154118,0.13752578704149698,-1.2991272553152555,-0.005447006599496262,0.1375238055296933,0.42468647963845285,1.8339284208617133,54.094213477320636,24.422572645327758,0.0,100.0
1.1,0.8,86.99892933769709,0.13711941088558888,-1.2995336314711636,-0.12591870363723956,0.13711977670566852,0.4623046783523961,2.05494293321858,54.16016463918107,25.341445907587595,0.0,100.0
0.65,0.1,86.99939041607158,0.1366583325111037,-1.2999947098456488,0.06194157447187365,0.13665757060550732,0.2470736923028909,1.9098086202919868,54.092301953076486,24.53981031834088,0.17507016245400908,100.0
0.575,1.175,87.0010032382833,0.13504551029937772,-1.3016075320573748,-0.24617424545256483,0.13504527371026995,0.6159929177574242,2.1789960237528736,54.17451207541853,25.422445490637635,0.0,100.0
0.55,0.125,87.00141689067375,0.1346318579089285,-1.302021184447824,0.05405471052230837,0.13463094094182965,0.26751873107500046,1.9028378766458662,54.09153533048321,24.51581757819878,0.16573810916717707,100.0
0.15,1.4,87.00161523615596,0.13443351242672463,-1.3022195299300279,-0.3153664451477738,0.1344327546173929,0.6781877159369856,2.2490662739654503,54.18113619464221,25.422586560784154,0.0,100.0
0.925,0.05,87.00275060717784,0.1332981414048362,-1.3033549009519163,0.08993280650345525,0.13329781558328194,0.18051620276523295,1.922988646811732,54.09606651674928,24.622089197957113,0.18429734461134675,100.0
-0.275,1.575,87.00368014357382,0.13236860500886394,-1.3042844373478886,-0.41770136610973907,0.132367301177365,0.6843826085720224,2.285032683423225,54.184609544116555,25.381064035851143,0.0,100.0
0.4,1.275,87.0048762857867,0.1311724627959876,-1.305480579560765,-0.2795650674395631,0.13117201607514062,0.6450364135551752,2.2114211366079677,54.17767909820644,25.428606034743186,0.0,100.0
1.225,0.05,87.0053740805041,0.13067466807858352,-1.305978374278169,0.10576640533348325,0.130674839954537,0.1536177657178257,1.9268179420761495,54.10499938391311,24.759029707311658,0.20683947630351782,100.0
-0.125,0.375,87.00543999068334,0.13060875789933846,-1.306044284457414,-0.006370675421266014,0.13060684525518695,0.407789148133034,1.838549079602284,54.093495560444495,24.423866395143136,0.0,100.0
0.775,1.05,87.00689081662568,0.1291579319569962,-1.3074951103997563,-0.21294021779593209,0.12915793398658196,0.5620334249824168,2.1363980812218077,54.17023283817327,25.406610184562524,0.0,100.0
0.95,0.925,87.00749179766363,0.12855695091904806,-1.3080960914377044,-0.17387212032983257,0.12855715226752124,0.5088355058625922,2.0942537126211582,54.16546506347585,25.37964056149415,0.0,100.0
-0.075,1.5,87.00884688854003,0.12720186004264633,-1.3094511823141062,-0.3833674449402764,0.12720081876900052,0.6829864092431137,2.2736405350874582,54.18342842663309,25.40678326486294,0.0,100.0
1.075,0.825,87.0094452568789,0.12660349170377572,-1.3100495506529768,-0.1440281321540624,0.12660383234737652,0.4626367061276966,2.0621508557845623,54.1613096787332,25.35136256070022,0.0,100.0
0.7,1.1,87.01002924947377,0.12601949910890653,-1.310633543247846,-0.23171063402377,0.1260194134356169,0.578735091830012,2.153378269323079,54.17202056755149,25.415177269429012,0.0,100.0
0.1,1.425,87.0105668345572,0.12548191402548525,-1.3111711283312673,-0.33974973299233113,0.12548109533880733,0.6737472836816352,2.255920686929644,54.1818088195927,25.421436462751313,0.0,100.0
0.75,0.075,87.01288563697968,0.12316311160300586,-1.3134899307537466,0.05763874925830237,0.12316250488713934,0.2110883757600135,1.914781106591463,54.0930621288136,24.56396133401285,0.1768659870711565,100.0
0.375,0.175,87.01309970875474,0.1229490398279438,-1.3137040025288087,0.038490410675706244,0.12294785510608505,0.2946389316671656,1.887910345964079,54.09074100321792,24.479311499584686,0.09190331141301006,100.0
0.85,1.0,87.01338141793792,0.12266733064475943,-1.313985711711993,-0.20345147150923992,0.12266742011175324,0.5347663982489053,2.1191333295735357,54.16841482704095,25.398092350451396,0.0,100.0
0.9,0.05,87.01402824501766,0.12202050356502525,-1.3146325387917273,0.07514434406280657,0.12202013588519663,0.17530466566634573,1.9214385032269796,54.09531756796726,24.61079849789415,0.18241883363699915,100.0
-0.2,1.55,87.01411119790727,0.1219375506754119,-1.3147154916813406,-0.4156081224841728,0.12193634763560794,0.6776601248515419,2.282408979408495,54.184353934951005,25.393366452460445,0.0,100.0
0.3,0.2,87.01486330248474,0.12118544609793958,-1.315467596258813,0.036962858065152204,0.12118414882857849,0.30918572239193054,1.881027807753934,54.09071905403115,24.46672318354995,0.055571441751202016,100.0
0.45,1.25,87.01501202389154,0.12103672469113747,-1.315616317665615,-0.2821389531626153,0.121036341173172,0.6273240330328633,2.2033052122032566,54.17697584042341,25.429876450532625,0.0,100.0
-0.075,0.35,87.01564025857603,0.12040849000665332,-1.3162445523500992,-0.010637277057611527,0.12040664661138009,0.38755333338561115,1.84293451045359,54.09277642778463,24.425195691702612,0.0,100.0
0.1,0.275,87.0166404655194,0.11940828306327944,-1.317244759293473,0.013722728747779911,0.11940669130325716,0.350086146881452,1.8612850082877883,54.09138576929518,24.44029667589225,0.0,100.0
1.25,0.05,87.01704767715638,0.11900107142629679,-1.3176519709304557,0.08807548271393273,0.1190012848239661,0.14824424265140124,1.9259573267326653,54.105735770638475,24.770555158566754,0.20871798727786542,100.0
1.135,0.775,87.0175534715158,0.11849527706688434,-1.3181577652898682,-0.1359254927005935,0.11849568490000024,0.4317264347238847,2.0464264926488487,54.159161579006756,25.336146311920874,0.0,100.0
0.45,0.15,87.01897729034849,0.11707145823419296,-1.3195815841225595,0.033977678537951306,0.1170703862630802,0.27242151276506377,1.8938378981127533,54.09076098019402,24.49198119786319,0.12823518107481807,100.0
1.05,0.85,87.02237025281718,0.11367849576549816,-1.3229745465912544,-0.16441237655546104,0.11367881150470396,0.4604424417234583,2.0693784841822636,54.16244900667932,25.36128282121802,0.0,100.0
0.05,1.45,87.02270916237337,0.11333958620930673,-1.3233134561474458,-0.36679768660872014,0.1133387067550757,0.6656706680690974,2.2624879971120393,54.18247632642596,25.420309589415922,0.0,100.0
0.625,1.15,87.0227540934819,0.11329465510078762,-1.3233583872559649,-0.25970673658073906,0.11329448239236513,0.5850211460483337,2.1700395087022923,54.173794778956534,25.423805625000576,0.0,100.0
0.225,0.225,87.02427691955448,0.11177182902819993,-1.3248812133285526,0.02364411911536024,0.11177041936110185,0.3160607865913505,1.8731772264234685,54.09068933283093,24.454205495828678,0.006646065295124071,100.0
0.625,0.1,87.02564327219578,0.11040547638690157,-1.326247565969851,0.03511803467117147,0.11040467245512105,0.22691127133539624,1.9064253610535982,54.09154580256029,24.52867211639781,0.17319165147966148,100.0
0.875,0.05,87.02708034843164,0.10896840015104203,-1.3276846422057105,0.058883275709220584,0.10896799058255624,0.1683230654311103,1.9196964351817172,54.09456789814865,24.59952649692896,0.18054032266265155,100.0
0.5,1.225,87.02835282905232,0.10769591953035729,-1.3289571228263952,-0.28775040790235096,0.10769559861754203,0.6059410557940481,2.1949172025730714,54.17626984565503,25.431175058659466,0.0,100.0
-0.025,0.325,87.0291282235029,0.10692052507978644,-1.329732517276966,-0.018261432680120038,0.10691875128821096,0.36397840093013656,1.8470835201681322,54.09205781569078,24.42655965448882,0.0,100.0
0.925,0.95,87.02954798832019,0.10650076026249167,-1.3301522820942608,-0.20323239348863353,0.10650093814243747,0.49691975471098715,2.101676412654736,54.16657088777619,25.389605059066312,0.0,100.0
-0.125,1.525,87.03172467641122,0.10432407217146533,-1.3323289701852872,-0.4193718558847479,0.10432297051184776,0.6624719465616096,2.279063885121054,54.18407849527437,25.405711983378843,0.0,100.0
0.525,0.125,87.0324996417967,0.10354910678597662,-1.3331039355707759,0.02342158523980231,0.10354814773901637,0.24253419332674753,1.8988160800128773,54.09077724028348,24.50472888105558,0.16371711273070036,100.0
0.725,0.075,87.03431290796786,0.10173584061482188,-1.3349172017419306,0.03462462053778381,0.1017351919014402,0.1957473822404978,1.912027088004081,54.09230796738005,24.55277389461911,0.1749874760968089,100.0
1.025,0.875,87.03770932028442,0.09833942829826015,-1.3383136140584924,-0.18711194606019887,0.0983397192624011,0.4557075804343782,2.0766136362108107,54.163580000675154,25.371216044256535,0.0,100.0
0.0,1.475,87.03802171729237,0.09802703129031443,-1.338626011066438,-0.3965131450607231,0.09802609152021091,0.6540290211961519,2.2687745021877235,54.18313449290303,25.419196422022875,0.0,100.0
0.75,1.075,87.04019563869001,0.0958531098926727,-1.3407999324640798,-0.2531093282595407,0.09585308893231854,0.5382236615133991,2.143846964084406,54.17129635905508,25.416598646258354,0.0,100.0
0.15,0.25,87.04134128193965,0.09470746664302965,-1.3419455757137229,-0.005891972163738046,0.0947059447297562,0.3152631407172066,1.8643557007575924,54.0906570021784,24.441760602787447,0.0,100.0
0.85,0.05,87.04190631429715,0.09414243428552993,-1.3425106080712226,0.04114958792665391,0.09414198280630046,0.1595708055758962,1.9177631758341582,54.09381641565485,24.588271183672802,0.17866181168830395,100.0
0.825,1.025,87.04227937100413,0.0937693775785533,-1.3428836647781992,-0.23938193086434012,0.09376944422911038,0.5156263796465197,2.1265916096652546,54.169496244607004,25.40806463509159,0.0,100.0
-0.25,1.575,87.0444275422496,0.09162120633308746,-1.345031836023665,-0.4580192941741643,0.0916199428761928,0.6483499472099084,2.287080580602287,54.18498657854259,25.392343296599755,0.0,100.0
0.55,1.2,87.04490219819262,0.09114655039006436,-1.3455064919666881,-0.2964196937615782,0.09114629260469656,0.5809198094132455,2.186264687945097,54.17555979276288,25.432499727846615,0.0,100.0
0.025,0.3,87.04593026219726,0.09011848638542119,-1.3465345559713313,-0.029376606195697264,0.09011678235331147,0.33706682104676133,1.85095811954959,54.091338329446415,24.427956453878345,0.0,100.0
1.225,0.7,87.0472445871631,0.08880416141957426,-1.3478488809371783,-0.14083048279465515,0.08880467169382769,0.3668361821732731,2.0228629370818383,54.15590599153856,25.31345761805693,0.0,100.0
0.675,1.125,87.04766663565621,0.08838211292646747,-1.348270929430285,-0.2760972600281377,0.08838200491426847,0.5504235792716372,2.1607982533422514,54.17307484787067,25.425188298811804,0.0,100.0
1.2,0.725,87.04842573308531,0.08762301549737117,-1.3490300268593813,-0.14984118915901945,0.08762349971444508,0.37694852851224425,2.029998895290234,54.15707051198659,25.323307686316035,0.0,100.0
1.25,0.675,87.04849685428228,0.08755189430040389,-1.3491011480563486,-0.13421131204451342,0.08755243082913751,0.3542742727731394,2.0157756027384637,54.15473402083166,25.30361119924698,0.0,100.0
0.275,1.35,87.05007552153552,0.08597322704716248,-1.35067981530959,-0.34516040780181356,0.08597263392193781,0.6208298258677729,2.23419844935208,54.1801096986766,25.436286030910022,0.0,100.0
0.225,1.375,87.05136281577842,0.08468593280426262,-1.3519671095524899,-0.3534277798780181,0.08468527777489214,0.6252828813427129,2.241722601636189,54.180801817183955,25.435100012042756,0.0,100.0
0.325,1.325,87.05197956487686,0.08406918370582162,-1.352583858650931,-0.3398688670491765,0.0840686528402614,0.6126742111741379,2.226436375024606,54.17941507306294,25.4374937276359,0.0,100.0
1.175,0.75,87.05205993229897,0.08398881628370702,-1.3526642260730455,-0.16124197241194338,0.08398927462799008,0.38451920435345244,2.037179761919597,54.1582290882522,25.333172496421344,0.0,100.0
0.35,0.175,87.05206657840755,0.08398217017513332,-1.3526708721816192,0.0017108951192312816,0.08398094330126753,0.26178073067086416,1.8827976934640789,54.089979922485774,24.4683035701166,0.08492466102190821,100.0
1.1,0.025,87.0529656441644,0.08308310441827871,-1.3535699379384738,0.07311635615728562,0.08308305796118134,0.09352738968907204,1.9238043503467306,54.09904834670417,24.68083867696754,0.19172870215153692,100.0
1.125,0.025,87.05357317807788,0.0824755705047977,-1.3541774718519548,0.07156122755375804,0.08247556548284649,0.09357886663393344,1.9239843076921848,54.09979300081612,24.69225341561985,0.19360721312588453,100.0
0.6,0.1,87.05367139209093,0.08237735649174738,-1.3542756858650051,0.006821737083356538,0.08237651050764612,0.20497737560164353,1.9028463126204944,54.09078906337664,24.51755306999202,0.17131314050531388,100.0
-0.25,0.425,87.05375874442939,0.08229000415329324,-1.3543630382034593,-0.0767957319035304,0.08228791169351553,0.3855292769616909,1.820593720246556,54.09415987735852,24.410481344947748,0.0,100.0
0.9,0.975,87.05401058745205,0.08203816113062601,-1.3546148812261265,-0.234873826517088,0.08203831578037182,0.482471897854424,2.1091068907234765,54.167666455769364,25.39957072212248,0.0,100.0
1.075,0.025,87.0541306304312,0.08191811815147787,-1.3547349242052746,0.06737364937279722,0.08191803023532315,0.09465892816282917,1.923437831659738,54.098302383647855,24.669441370360072,0.18985019117718932,100.0
1.135,0.025,87.05431196135886,0.08173678722381794,-1.3549162551329346,0.0704754998503887,0.08173679875550022,0.09305468609231582,1.9240037252754343,54.100090660093976,24.6968244911953,0.19435861751562356,100.0
-0.3,0.45,87.05473579814735,0.08131295043533271,-1.3553400919214198,-0.08436958175165898,0.08131078926953705,0.39450910017168894,1.8151548623283158,54.094877872462256,24.4092684533686,0.0,100.0
0.425,0.15,87.0548905436631,0.08115820491957493,-1.3554948374371776,-0.0004651312563623833,0.08115709081336604,0.24261447889415422,1.8891729990918626,54.09000036334634,24.480941078332343,0.12125653068371622,100.0
1.0,0.9,87.0553533297657,0.08069541881698683,-1.3559576235397657,-0.2121858834109389,0.08069568577261635,0.44846818791462795,2.083974117126436,54.164701208899174,25.38115961738197,0.0,100.0
0.175,1.4,87.05585385522457,0.08019489335811159,-1.356458148998641,-0.3656479993017854,0.08019417688104227,0.6260340599044127,2.2490420961373347,54.18148444497202,25.433921804170982,0.0,100.0
1.15,0.025,87.0559518262266,0.08009692235607702,-1.3565561200006755,0.06835008195879766,0.08009695871011502,0.0916845732482301,1.9239771162504598,54.100536766528464,24.703686341605184,0.19548572410023213,100.0
-0.2,0.4,87.05608361077975,0.07996513780292958,-1.356687904553823,-0.07270561853171387,0.07996311403957179,0.37324892370828877,1.8257493589695124,54.09344031167424,24.411729473560992,0.0,100.0
-0.05,1.5,87.05648936330722,0.07955938527545925,-1.3570936570812933,-0.42893973768552485,0.07955838537056933,0.6387026229729003,2.274735332622171,54.18378840269,25.418099052462807,0.0,100.0
0.275,0.2,87.05688497156393,0.07916377701874922,-1.3574892653380033,-0.004471568391025471,0.07916243757516953,0.27327594083708107,1.875464457536453,54.08995578946377,24.455744286869745,0.048592791360100196,100.0
0.375,1.3,87.05703440348466,0.07901434509801675,-1.3576386972587358,-0.33759642503568443,0.07901387719007573,0.60086784753247,2.218512511397977,54.178715614291924,25.43872556689528,0.0,100.0
1.05,0.025,87.05706521375393,0.07898353482875109,-1.3576695075280014,0.059339157230041906,0.07898340544981579,0.0977331320383712,1.9228875143975526,54.097555394480764,24.658062048516307,0.18797168020284177,100.0
0.7,0.075,87.05751504568931,0.07853370289336681,-1.3581193394633857,0.010137787119091968,0.07853301215762087,0.17863512781974578,1.9090785402632808,54.09155300525063,24.54160514872983,0.17310896512246132,100.0
-0.175,1.55,87.05765873289418,0.07839001568849824,-1.3582630266682543,-0.45814066024215094,0.0783888536968675,0.6382914524829459,2.284185016409088,54.18472358794513,25.404663190676885,0.0,100.0
1.15,0.775,87.05813377628303,0.07791497229965216,-1.3587380700571003,-0.17503604311627896,0.07791540492362685,0.38954583332828463,2.0443916919367195,54.15938337503475,25.343053583859646,0.0,100.0
0.825,0.05,87.05850588800601,0.07754286057667059,-1.359110181780082,0.02194361215187257,0.07754236716654077,0.14904785654876207,1.915638397143929,54.0930638126723,24.577033876091097,0.17678330071395637,100.0
1.175,0.025,87.06010056664654,0.07594818193614117,-1.3607048604206113,0.06348288561652282,0.0759482596441103,0.08784738027276262,1.9237835331391284,54.10127928704723,24.715136766223686,0.19736423507457973,100.0
-0.15,0.375,87.0617210749154,0.07432767366728399,-1.3623253686894685,-0.07210237328270352,0.07432571877205021,0.3576310923203323,1.8306281409843503,54.09272186157714,24.413012340935996,0.0,100.0
1.025,0.025,87.06176571116755,0.0742830374151282,-1.3623700049416243,0.04983214968794414,0.07428286659508103,0.0990382797136391,1.922149273748099,54.09680748595729,24.64670093730434,0.18609316922849417,100.0
0.125,1.425,87.06356851119317,0.07248023738951304,-1.3641728049672395,-0.38923389946727127,0.07247945979734424,0.6230931560414774,2.256128361454338,54.1821584771546,25.43276537862233,0.0,100.0
0.6,1.175,87.06467150772221,0.07137724086047115,-1.3652758014962814,-0.3081782587448174,0.07137704663749105,0.5521916751871885,2.177380072562513,54.174844976916376,25.43384355415862,0.0,100.0
0.425,1.275,87.06524076001273,0.0708079885699533,-1.3658450537867992,-0.33839599141725785,0.07080758438314376,0.5854188310478179,2.210460110235357,54.17801443988703,25.439979502064794,0.0,100.0
0.5,0.125,87.06535780940769,0.07069093917499458,-1.365962103181758,-0.008684330071062618,0.07068993802215288,0.21577800990534968,1.8945973674851808,54.09001865238755,24.493659574969413,0.15758840034552424,100.0
1.2,0.025,87.06601871676267,0.07003003182001066,-1.3666230105367418,0.052784443105053924,0.07003015082075877,0.085476533177399,1.9234027184949276,54.102019860252206,24.726603359933883,0.19924274604892728,100.0
0.075,0.275,87.06604704389474,0.07000170468793954,-1.366651337668813,-0.043983049572347,0.07000007057863229,0.3068168262666404,1.8545601651892545,54.0906164123711,24.429383466129,0.0,100.0
1.125,0.8,87.06662683313446,0.06942191544821696,-1.3672311269085355,-0.19119348246239554,0.06942232270711202,0.3920367569803318,2.051610412598928,54.16053210968675,25.352953732220378,0.0,100.0
1.0,0.025,87.06822369404047,0.06782505454221166,-1.3688279878145408,0.03885259046619183,0.0678248420373393,0.09862125982093062,1.9212182933675621,54.096058860245826,24.635358439459367,0.18421465825414657,100.0
0.2,0.225,87.06935456212483,0.06669418645785186,-1.3699588558989007,-0.0289885337681568,0.06669273458911959,0.27709900491508677,1.8671618884679513,54.08992389854393,24.443254763468545,0.0,100.0
-0.1,0.35,87.07066348160652,0.06538526697616476,-1.3712677753805878,-0.07495173870573524,0.06538338117920262,0.3386749619054257,1.8352392473372743,54.092003523997136,24.41433027299001,0.0,100.0
0.8,1.05,87.07357088432234,0.06247786426034452,-1.374175178096408,-0.27760286474327245,0.06247790843388827,0.49405017093236836,2.1340949676394874,54.170564801273954,25.418040009015247,0.0,100.0
1.225,0.025,87.07370786813979,0.0623408804428891,-1.3743121619138634,0.03911320802005491,0.06234104072216553,0.08468814763460841,1.9228392252369337,54.102759476437576,24.73808793533609,0.20112125702327488,100.0
0.075,1.45,87.07447901613753,0.061569732445150294,-1.3750833099116022,-0.4154989741343229,0.06156889368479597,0.6164943162030028,2.26292054434565,54.18282628678277,25.431635005117034,0.0,100.0
0.975,0.925,87.07540845341882,0.060640295163864266,-1.3760127471928882,-0.23962286103660801,0.06064053835501397,0.43873397250200696,2.091394174963636,54.16581502339852,25.391114031624877,0.0,100.0
0.725,1.1,87.07580884593524,0.060239902647438726,-1.3764131397093138,-0.2955572365156911,0.0602398594910909,0.5121679688810161,2.1513093012875038,54.17235131050618,25.42659337656194,0.0,100.0
0.975,0.025,87.07644838885295,0.059600359729728325,-1.3770526826270242,0.02640047922785982,0.059600105398308754,0.09645807010956275,1.9200951004989557,54.09531004518652,24.624035565005947,0.18233614727979897,100.0
0.475,1.25,87.07660099852117,0.059447750061508486,-1.377205292295244,-0.3421901145863444,0.059447408556724216,0.5662771551488248,2.2021378458917304,54.17730838283141,25.44125819764178,0.0,100.0
0.8,0.05,87.07688019931041,0.059168549272271775,-1.3774844930844807,0.0012650458291290079,0.05916801390378055,0.13675415211356778,1.913320506141128,54.092310774904576,24.565815880711416,0.17490478973960877,100.0
1.1,0.825,87.0775444901097,0.05850425847297913,-1.3781487838837734,-0.20970151511201607,0.05850464054491624,0.39201013256524675,2.0588499824631574,54.16167343950732,25.362862331887193,0.0,100.0
-0.3,1.6,87.0777329780409,0.05831577054178183,-1.3783372718149707,-0.5028931366337304,0.05831444828049257,0.6155168617857782,2.2916316452734136,54.18560881079405,25.39133256604626,0.0,100.0
-0.1,1.525,87.07813701854481,0.057911730037872644,-1.3787413123188799,-0.46411604944584894,0.05791066933597335,0.6197129281527225,2.280409062623765,54.18444013474891,25.417023827241195,0.0,100.0
0.875,1.0,87.0809054542999,0.05514329428278586,-1.3815097480739666,-0.26888721533734383,0.05514342584047256,0.4655143587038424,2.1165807619634958,54.16875083749058,25.409536970080758,0.0,100.0
0.675,0.075,87.08249168717283,0.053557061409847506,-1.383095980946905,-0.01582175739336833,0.05355632862976165,0.1597515502628113,1.9059360592815358,54.09079743747769,24.53045548763045,0.17123045414811372,100.0
-0.05,0.325,87.08287122652105,0.053177522061631066,-1.3834755202951214,-0.08104768394025541,0.053175705872666866,0.31637962636912675,1.8396453098419032,54.09128440190445,24.41568359708605,0.0,100.0
1.25,0.025,87.08314806533784,0.052900683244843094,-1.3837523591119094,0.023679547223480313,0.052900884881185564,0.08242807414188746,1.9220896697232843,54.10349676477239,24.749587923382652,0.20299976799762248,100.0
0.575,0.1,87.08347483032274,0.05257391825993807,-1.3840791240968144,-0.022947330446555725,0.05257303019766653,0.18127190307426133,1.899071213884598,54.09003154735923,24.506452853283495,0.1694346295309663,100.0
0.95,0.025,87.0864475046911,0.04960124389158693,-1.3870517984651656,0.012475815662781997,0.04960094770668775,0.09252435929704461,1.9187815221614077,54.09456122012199,24.612732675523407,0.18045763630545136,100.0
-0.225,1.575,87.0867528287474,0.049295919835287805,-1.3873571225214647,-0.49968248496379886,0.04929469706206362,0.6104767903714077,2.2890319813739923,54.185359798788554,25.40363416752885,0.0,100.0
0.65,1.15,87.08764853243851,0.04840021614417367,-1.3882528262125788,-0.3228148635296719,0.04840008604331843,0.5197572573152627,2.1682213747477537,54.17412448070298,25.435209765972633,0.0,100.0
0.025,1.475,87.08853565246163,0.047513096121051035,-1.3891399462357015,-0.4442989953316072,0.04751219686804973,0.6063525558152492,2.2694166769150756,54.18348623278795,25.430522610981303,0.0,100.0
0.125,0.25,87.0894736570845,0.04657509149818395,-1.3900779508585686,-0.06207620458170027,0.04657352736728626,0.2732489414829189,1.857888443935305,54.08989043408566,24.430839852492607,0.0,100.0
1.075,0.85,87.0908511264653,0.045197622117385094,-1.3914554202393674,-0.23048045176963683,0.04519797910878083,0.389450340743295,2.0661123658168443,54.162806304016755,25.372775598156483,0.0,100.0
0.525,1.225,87.0911732634958,0.044875485086876665,-1.3917775572698758,-0.3489703215561093,0.044875206341407646,0.5434319376367682,2.193542441217687,54.17659871701399,25.44256153039582,0.0,100.0
0.4,0.15,87.09257871855667,0.04347003002601468,-1.3931830123307378,-0.03638073021338073,0.043468873762964225,0.21103567241482324,1.884310042958403,54.089239608002714,24.469921088656207,0.1142778802926144,100.0
0.325,0.175,87.09280839814456,0.043240350438125574,-1.393412691918627,-0.036541444631609465,0.04323908139131447,0.2271506158041774,1.8774863375230817,54.08921807363214,24.457314628357764,0.07794601063080639,100.0
1.135,0.8,87.094165416063,0.041883332519674354,-1.3947697098370782,-0.21772335367681706,0.04188375640796664,0.36341150609943895,2.050236740136771,54.16067751859954,25.357556794575665,0.0,100.0
0.775,0.05,87.09702893115956,0.03901981742312444,-1.397633224933628,-0.020885800927416653,0.03901924006131026,0.12269109348608254,1.9108087624636583,54.091556934435665,24.554616536449082,0.1730262787652612,100.0
0.95,0.95,87.09788123645944,0.03816751212323766,-1.3984855302335149,-0.26940552654183136,0.03816773172848968,0.4264727238436308,2.0988604260723425,54.16691204278056,25.401067247977043,0.0,100.0
0.925,0.025,87.09822111150264,0.03782763708004211,-1.3988254052767104,-0.0029214188053288126,0.03782729901323876,0.08682027756564992,1.9172769647084036,54.09381202300653,24.601449123041192,0.17857912533110382,100.0
0.0,0.3,87.09839284378184,0.03765590480084313,-1.3989971375559094,-0.09063463542180727,0.03765415837530952,0.2907478937882644,1.8437764168552084,54.090565975548174,24.417069560563426,0.0,100.0
0.475,0.125,87.09999142204992,0.03605732653275595,-1.4005957158239966,-0.0422630483395352,0.036056283247947366,0.18725016226665048,1.8901815204890373,54.089258602608766,24.482607878970395,0.1506097499544224,100.0
0.25,0.2,87.1006824018422,0.03536634674047434,-1.4012866956162782,-0.05557657342122013,0.03536496509744609,0.2355940528382945,1.8697020909992033,54.08919088511366,24.4447827790707,0.04161414096899835,100.0
-0.15,1.55,87.10284667622895,0.03320207235373118,-1.4034509700030213,-0.5020504352060726,0.0332009510052103,0.5970521658331052,2.2857783506005545,54.18508811075544,25.41596913472292,0.0,100.0
-0.025,1.5,87.10576042738926,0.030288321193424395,-1.4063647211633281,-0.47585539106492547,0.030287361820018077,0.5925458383346154,2.275616373703831,54.184142196945444,25.42942024950835,0.0,100.0
1.05,0.875,87.10647033249197,0.029578416090714654,-1.4070746262660379,-0.2536024882463863,0.029578748902139296,0.38438624234613883,2.0734968385725474,54.16393300569314,25.382707718503084,0.0,100.0
0.775,1.075,87.10718473238695,0.028864016195726094,-1.4077890261610264,-0.3181332193727684,0.028864038063292696,0.47019530276703847,2.1416154782818952,54.17162351851781,25.428023117135808,0.0,100.0
0.3,1.35,87.10834574343859,0.027703005144090298,-1.4089500372126622,-0.40200656815541436,0.027702454252334974,0.5639260156491162,2.233670325281887,54.18044589570731,25.447642195798593,0.0,100.0
0.25,1.375,87.1084040598481,0.0276446887345827,-1.4090083536221698,-0.40909849451571745,0.02764407587217761,0.569828352773655,2.241387024301893,54.181140840375036,25.446447347478664,0.0,100.0
0.575,1.2,87.10894163687233,0.027107111710350296,-1.4095459306464022,-0.35881001445781635,0.02710689629303147,0.5168822020797421,2.1846892488898795,54.17588631953389,25.44389532197962,0.0,100.0
0.65,0.075,87.10924067544244,0.026808073140244915,-1.4098449692165076,-0.043254031893923184,0.0268072983093532,0.1390965656778178,1.9026020026984098,54.09004147206174,24.519325326932233,0.16935194317376615,100.0
0.85,1.025,87.11017243085203,0.025876317730649134,-1.4107767246261034,-0.3052097848087101,0.02587642678609541,0.4461999073451466,2.1241161755820874,54.1698265065429,25.41950266083309,0.0,100.0
0.35,1.325,87.11145775687945,0.024590991703234977,-1.4120620506535175,-0.3978728934287119,0.02459050336140365,0.5543321510825763,2.2257470775146033,54.17974851171347,25.44885849910355,0.0,100.0
0.2,1.4,87.11167616154027,0.02437258704240719,-1.4122804553143453,-0.41926529206067187,0.02437191231560689,0.572059569482235,2.2488673208978787,54.181827395363634,25.445265526376623,0.0,100.0
0.9,0.025,87.11176922621921,0.02427952236347153,-1.412373519993281,-0.019791261629080736,0.024279142385469753,0.07934593456197092,1.915580946369327,54.09306181504592,24.590183742411014,0.1767006143567562,100.0
0.7,1.125,87.11381365476005,0.022235093822629892,-1.4144179485341226,-0.340363587956233,0.022235028449591708,0.4836392120326849,2.158774052977287,54.17340156263832,25.43660023181452,0.0,100.0
-0.275,0.425,87.11437464012286,0.021674108459819763,-1.4149789338969327,-0.14760452117532452,0.0216719737121025,0.33104174967614597,1.8119545175093084,54.09338645209868,24.399670639402927,0.0,100.0
1.25,0.7,87.11495850962426,0.021090238958421992,-1.4155628033983305,-0.20596768248002206,0.02109079073275666,0.2960709878542218,2.019217210844659,54.15628352987586,25.324992877189764,0.0,100.0
0.55,0.1,87.11505349747361,0.020995251109070523,-1.415657791247682,-0.05418918197976552,0.020994320943626122,0.15579482916302823,1.8950999478553014,54.089273668787264,24.495372268798686,0.1675561185566187,100.0
-0.225,0.4,87.11542028914452,0.020628459438157165,-1.4160245829185953,-0.14198782638131036,0.020626393397114383,0.3200391281056483,1.8173683460120469,54.09266712414144,24.40090689396191,0.0,100.0
0.175,0.225,87.11620784363743,0.019840904945255033,-1.4168121374114975,-0.08364486208881772,0.019839410851426466,0.23636498557942787,1.860947262303456,54.089158436075714,24.43232391993654,0.0,100.0
1.225,0.725,87.11655720236578,0.01949154621689786,-1.4171614961398546,-0.2154049106702587,0.019492071909982655,0.30584672047487516,2.0264068130470885,54.157443787327765,25.33483441455662,0.0,100.0
0.05,0.275,87.11722898766574,0.01881976091694071,-1.4178332814398118,-0.10371287684762365,0.01881808441492865,0.2617784343869829,1.8476341431111631,54.08984515267613,24.41848723381608,0.0,100.0
0.4,1.3,87.11773091355181,0.01831783503087081,-1.4183352073258817,-0.3967983077894388,0.01831740981363339,0.5410646062645128,2.2176591208547154,54.179048097900576,25.450096804659225,0.0,100.0
0.15,1.425,87.11814494666366,0.017903801919018747,-1.4187492404377338,-0.43990851342294945,0.01790306565489459,0.5706379673260074,2.2561481711690083,54.18250323061125,25.444100156807085,0.0,100.0
-0.275,1.6,87.11885327424977,0.017195474332908134,-1.4194575680238444,-0.5437467788172796,0.01719419222368117,0.57915233628988,2.293766689408359,54.18598650800311,25.40261823444813,0.0,100.0
0.75,0.05,87.11895232584702,0.01709642273566203,-1.4195566196210905,-0.04450867736105124,0.017095803352214035,0.10685747392211908,1.9081029771304108,54.0908027673275,24.543436759894824,0.1711477677909136,100.0
-0.175,0.375,87.11977820609735,0.016270542485329997,-1.4203824998714225,-0.1398577645354777,0.01626854531324682,0.30570072107444446,1.8225053860952969,54.091947981020084,24.402178568513268,0.0,100.0
1.2,0.75,87.12060005239047,0.0154486961922089,-1.4212043461645436,-0.2272350699686143,0.015449196004496457,0.313079204630597,2.0336424712361487,54.15859833938811,25.344690874132073,0.0,100.0
0.925,0.975,87.122753454268,0.013295294314687567,-1.423357748042065,-0.301475156224555,0.013295490706934743,0.41173686428405176,2.106356899119201,54.168000725383344,25.41102541958893,0.0,100.0
1.025,0.9,87.1245154753036,0.01153327327908471,-1.4251197690776678,-0.27907572974069694,0.011533582077180426,0.3768292576458663,2.080910129647046,54.165049139328524,25.392642316500282,0.0,100.0
-0.075,1.525,87.12615703772997,0.009891710852713231,-1.4267613315040393,-0.5101689097618873,0.009890690966116722,0.5750802602159268,2.2815435561353237,54.18479497074528,25.428340760111322,0.0,100.0
1.175,0.775,87.12707178885566,0.00897695972702195,-1.4276760826297306,-0.24143715027017265,0.008977433946046175,0.3177641594977274,2.040875391972345,54.159750409455604,25.354569528814544,0.0,100.0
0.875,0.025,87.12709195045822,0.008956798124458487,-1.427696244232294,-0.0381337237398327,0.008956376208021765,0.07010092734807927,1.9136931212368107,54.09231056061856,24.578936492968054,0.1748221033824086,100.0
0.45,1.275,87.12718507318183,0.008863675400846205,-1.4277893669559063,-0.39878210219589505,0.008863313747801272,0.5240925374597936,2.2093965747288142,54.178343228266,25.45135622138843,0.0,100.0
-0.125,0.35,87.12744786904554,0.008600879537141282,-1.4280521628196112,-0.141215083147344,0.008598951416016121,0.28802419347182706,1.8273641589484708,54.0912303088852,24.403484880753112,0.0,100.0
0.1,1.45,87.12780340172343,0.00824534685925471,-1.4284076954974978,-0.4652969103647848,0.0082445491977154,0.5655249707179308,2.2631453409751843,54.18317294207445,25.442961001607735,0.0,100.0
0.625,1.175,87.12996037259568,0.006088375987005179,-1.4305646663697473,-0.37173715866731527,0.006088224084044214,0.48662421422335456,2.175594574952451,54.1751702857173,25.44524615409544,0.0,100.0
-0.2,1.575,87.13069758462123,0.005351163961449856,-1.4313018783953027,-0.5427226942122871,0.005349981692259575,0.5707549311250659,2.290837285367283,54.1857291053058,25.414933446382104,0.0,100.0
0.375,0.15,87.13204233793365,0.004006410649026293,-1.4326466317077262,-0.07376912307321959,0.004005212204373265,0.17768501044635343,1.879249008920301,54.088478509137786,24.458920871218858,0.10729922990151256,100.0
0.3,0.175,87.13532590716065,0.0007228414220321611,-1.4359302009347203,-0.08565613477867373,0.0007215301770060023,0.190748472766046,1.8719764410213966,54.088455866176034,24.446345469297054,0.07096736023970454,100.0
1.15,0.8,87.135957337182,9.141140067470133e-05,-1.4365616309560778,-0.25799620230451126,9.186013162434392e-05,0.3199103039671627,2.048120296555678,54.160894403810325,25.364464069701103,0.0,100.0
1.135,0.0,87.1360487514482,-2.8655193773374776e-09,-1.4366530452222719,-8.645784532745893e-09,-2.865473902602389e-09,3.015586003130011e-09,1.9194528421105597,54.097841662471694,24.67603280410558,0.18864039823538065,100.0
1.125,0.0,87.1362166757397,-0.00016792715702251826,-1.436820969513775,-0.0024560217648428306,-0.00016794374198525475,0.002235567176498421,1.9193756588526982,54.09754341270556,24.67147158423464,0.18788899384564162,100.0
1.15,0.0,87.13632861706901,-0.0002798684863307699,-1.4369329108430833,-0.003884089087250686,-0.000279843615916775,0.0032422648582581814,1.9195129294855104,54.09828838600533,24.682879382985142,0.18976750481998922,100.0
0.45,0.125,87.13640050785368,-0.0003517592709982864,-1.4370048016277508,-0.07731458377189426,-0.0003528447140411117,0.15695064579396956,1.8855683288973646,54.08849812805706,24.471575763858873,0.14363109956332057,100.0
0.625,0.075,87.13776472136198,-0.0017159727792943613,-1.4383690151360469,-0.07215906799731897,-0.00171678968567619,0.11667010210069861,1.8990727690676596,54.089284748814755,24.508214019191318,0.16747343219941854,100.0
1.1,0.0,87.13787744977678,-0.0018287011940998354,-1.4384817435508523,-0.009626818257828518,-0.001828759259706203,0.006586167684361044,1.9190522415466655,54.096797337186445,24.66008161586671,0.18601048287129401,100.0
1.175,0.0,87.1382127235555,-0.002163974972816618,-1.4388170173295691,-0.011771073096625173,-0.002163908680401505,0.007468051896566408,1.9194645163496542,54.099032660794926,24.694305735617935,0.19164601579433682,100.0
-0.075,0.325,87.13839027635179,-0.0023415277691043457,-1.4389945701258569,-0.14585803475644354,-0.0023433863840352843,0.2670089489155316,1.832005653093551,54.09051122277252,24.404826885194005,0.0,100.0
0.1,0.25,87.13938071373883,-0.003331965156149863,-1.4399850075129024,-0.12028274593750155,-0.003333571556973425,0.2294676428268616,1.8512205127278338,54.089122115066225,24.419936354318292,0.0,100.0
0.5,1.25,87.13977928871991,-0.0037305401372265123,-1.440383582493979,-0.4037491230959489,-0.0037308394209730976,0.5034267126004295,2.200823605575449,54.17763176168795,25.452641088651397,0.0,100.0
0.05,1.475,87.14062558962672,-0.004576841044041657,-1.4412298834007942,-0.4932861437682732,-0.004577699417961867,0.55686219951113,2.2698847664691537,54.18383672667481,25.441844655155666,0.0,100.0
1.075,0.0,87.14130779625411,-0.005259047671430039,-1.4419120900281825,-0.018270131580820248,-0.005259147221246962,0.009167712297397657,1.9185455191446381,54.09605007158232,24.648709340582165,0.1841319718969464,100.0
0.825,1.05,87.14180538803852,-0.005756639455839263,-1.4424096818125918,-0.3438256717052752,-0.005756552332897513,0.42450502287346126,2.1316842068576887,54.1708899051889,25.42947567397736,0.0,100.0
1.2,0.0,87.14186706537879,-0.005818316796109002,-1.4424713591528615,-0.021422202977063876,-0.005818209123691531,0.0102266000775586,1.9192292900030314,54.099775557653665,24.705749353246336,0.19352452676868437,100.0
0.725,0.05,87.14265047732565,-0.006601728742964497,-1.443254771099717,-0.06960426193607816,-0.006602390172301398,0.08925261290795561,1.9052030329490484,54.09004806315079,24.53227618421834,0.169269256816566,100.0
0.75,1.1,87.14318491957805,-0.007136170995366342,-1.4437892133521188,-0.3609938061899669,-0.00713617133241371,0.4438539032604325,2.1491273909578172,54.172676797788256,25.438014549674048,0.0,100.0
0.85,0.025,87.14418776171955,-0.008139013136869266,-1.4447920554936218,-0.05794880553960979,-0.008139477008137419,0.05908521265607192,1.9116151341247458,54.09155806825936,24.56770704361425,0.172943592408061,100.0
1.0,0.925,87.14497063734629,-0.008921888763609331,-1.4455749311203618,-0.3069294297022509,-0.008921603744460072,0.36677032060029546,2.0883968473729264,54.166154188152845,25.40258625197475,0.0,100.0
0.225,0.2,87.14625570112035,-0.01020695253767201,-1.4468599948944245,-0.10870512422010847,-0.01020837640558625,0.1961399857952273,1.8637405437525725,54.0884256995845,24.433841236669213,0.0324865325097084,100.0
1.05,0.0,87.14650553458941,-0.010456786006727725,-1.4471098283634802,-0.028385985270020342,-0.010456927029244412,0.00998019901248881,1.9178515886696368,54.09530217077889,24.63735581866818,0.18225346092259886,100.0
1.125,0.825,87.1472195434165,-0.011170794833816444,-1.447823837190569,-0.2768964248316337,-0.011170371401161106,0.3195353271352417,2.0554268395408126,54.162031400813255,25.374367424213755,0.0,100.0
1.225,0.0,87.14729109780083,-0.011242349218150594,-1.447895391574903,-0.032838151981252395,-0.011242200199350804,0.011516865141643962,1.9188091214569323,54.100516593445796,24.717209312769224,0.19540303774303197,100.0
0.525,0.1,87.14840749821676,-0.012358749634074684,-1.4490117919908272,-0.08690382406865638,-0.012359721928376644,0.12854613880463717,1.8909321940834736,54.08851531768546,24.484311137123058,0.16567760758227112,100.0
-0.125,1.55,87.14965806525365,-0.013609316670965654,-1.4502623590277182,-0.5472507474467818,-0.013610397327886404,0.5539443126876762,2.287180314151719,54.18544639815525,25.427276773620303,0.0,100.0
0.9,1.0,87.15000630592785,-0.013957557345165128,-1.4506105997019176,-0.3359012184067609,-0.013957383674619451,0.3946362546429185,2.113909543776813,54.16908092015,25.420987318794552,0.0,100.0
-0.025,0.3,87.15263170323826,-0.016582954655575577,-1.453235997012328,-0.15391673787168259,-0.01658474349876258,0.24265620208053917,1.8363937380461803,54.089792725957814,24.406201573547566,0.0,100.0
1.025,0.0,87.15345996412019,-0.01741121553750702,-1.4540642578942595,-0.03997431144293273,-0.01741139821220088,0.009062002402515645,1.9169680147483958,54.09455345599752,24.626020743693754,0.18037494994825126,100.0
0.675,1.15,87.1541682637751,-0.018119515192424274,-1.4547725575491768,-0.3875060339184273,-0.018119602842736525,0.4526670833916171,2.166234029708972,54.17444816458801,25.44661952869567,0.0,100.0
1.25,0.0,87.1544843436648,-0.018435595082124223,-1.4550886374388767,-0.04601684705338016,-0.01843540476158694,0.011336730562589992,1.9182053884791361,54.10125652830407,24.728687000138397,0.19728154871737957,100.0
0.55,1.225,87.15559659159324,-0.019547843010556676,-1.4562008853673092,-0.4117775381734248,-0.01954807960512426,0.4790540241507415,2.1920266719909947,54.17692017285605,25.453952858510032,0.0,100.0
0.0,1.5,87.15660577997488,-0.020557031392200997,-1.4572100737489535,-0.5240445333615327,-0.0205579500199093,0.5445484666387728,2.2763548308841606,54.18449358528379,25.44074137283951,0.0,100.0
1.1,0.85,87.16082535502962,-0.02477660644693458,-1.461429648803687,-0.2980974872064337,-0.024776207441587417,0.31662192943815626,2.0628375613434633,54.163157032647796,25.384274777644382,0.0,100.0
-0.25,1.6,87.16162038689555,-0.025571638312868572,-1.462224680669621,-0.5859874862542682,-0.025572880389609053,0.5409242174415994,2.2957361842451482,54.18636159773554,25.413908388241072,0.0,100.0
1.0,0.0,87.16218065015434,-0.026131901571659455,-1.462784943928412,-0.05303518452063827,-0.02613212609527409,0.006406061692842968,1.915889447018027,54.0938044836234,24.614705179122,0.17849643897390366,100.0
0.825,0.025,87.1630581594741,-0.027009410891423613,-1.4636624532481761,-0.07923650981001629,-0.02700991674390991,0.04629873201160706,1.9093446490326373,54.090805168417674,24.55649697198974,0.17106508143371343,100.0
0.15,0.225,87.16483591313782,-0.02878716455514052,-1.465440206911893,-0.14032496797962324,-0.028788700890984842,0.19385862740024606,1.854534298147537,54.0883928131511,24.421413162833357,0.0,100.0
0.275,1.375,87.16701447160271,-0.030965723020031533,-1.467618765376784,-0.46635083140230904,-0.03096629408205729,0.5127149997460521,2.2409365702266273,54.181475203260796,25.457799470644467,0.0,100.0
0.975,0.95,87.16783141683062,-0.03178266824794207,-1.4684357106046946,-0.33712110487861935,-0.03178240667496368,0.3542760617594922,2.0959451146690182,54.167245485153835,25.412532731087556,0.0,100.0
0.6,0.075,87.1680640759084,-0.03201532732572332,-1.4686683696824758,-0.10253687161632286,-0.03201618633351018,0.09247207974006244,1.895347858990481,54.08852721966707,24.49712150067437,0.16559492122507094,100.0
0.7,0.05,87.16812364187282,-0.03207489329014379,-1.4687279356468963,-0.09617256432420618,-0.032075596790883766,0.06987643497826923,1.9021086307145292,54.08929248320552,24.52113420202199,0.1673907458422184,100.0
0.325,1.35,87.16819064390383,-0.03214189532114631,-1.4687949376778988,-0.46041622777866564,-0.03214240414427252,0.5053015981861932,2.2330376307211854,54.18077917922853,25.459006025809984,0.0,100.0
0.225,1.4,87.16905140731103,-0.03300265872834984,-1.4696557010851024,-0.47534630487778884,-0.033003291663087,0.5164355506224041,2.2486140392750475,54.1821643969201,25.456611841218223,0.0,100.0
0.025,0.275,87.17018713754426,-0.034138388961579835,-1.4707914313183323,-0.16546675604180905,-0.03414010788047506,0.2149673414525921,1.8405075746253567,54.08907347019993,24.40761078640809,0.0,100.0
0.375,1.325,87.17253023616864,-0.03648148758595937,-1.4731345299427119,-0.45745642391300123,-0.03648193358235972,0.49419165435868706,2.2249456388887325,54.18007799090839,25.460230778297806,0.0,100.0
0.975,0.0,87.17267576931795,-0.036627020735267024,-1.4732800630920195,-0.06756861288850757,-0.03662728713493095,0.0019796190652385803,1.9146209150783573,54.09305522384854,24.603409096397225,0.17661792799955606,100.0
0.35,0.15,87.17328129297256,-0.03723254438988022,-1.4738855867466327,-0.11921251337248862,-0.03723378503979404,0.14256244129403228,1.8739897829397454,54.08771672537119,24.447939811783996,0.1003205795104107,100.0
0.175,1.425,87.17429361367495,-0.03824486509226688,-1.4748979074490194,-0.4919184650987489,-0.03824555970882955,0.5164618932422087,2.256069984842003,54.18284366560565,25.45543981464254,0.0,100.0
0.425,0.125,87.17458486012369,-0.038536111541006335,-1.4751891538977588,-0.11383895360329177,-0.03853723916649585,0.12487937576626962,1.8807575977525877,54.08773721031251,24.46056322161364,0.13665244917221872,100.0
0.6,1.2,87.17461955844735,-0.03857080986466599,-1.4752238522214185,-0.42278764907337063,-0.038570983157077875,0.4509761361515814,2.182954804533653,54.176206907055644,25.455295484462027,0.0,100.0
1.135,0.825,87.17550797888212,-0.03945923029944254,-1.476112272656195,-0.3042175014984707,-0.03945879004867834,0.29001988899983644,2.054074686218708,54.16217163994544,25.37896901315075,0.0,100.0
-0.05,1.525,87.1757590067202,-0.03971025813751794,-1.4763633004942704,-0.5575327024744752,-0.039711237061345626,0.5285827172806989,2.2825340500396534,54.1851497099056,25.439660210904094,0.0,100.0
0.8,1.075,87.17579981248848,-0.03975106390579697,-1.4764041062625495,-0.3847381874599449,-0.03975099916677607,0.400351586115292,2.139244899131355,54.171947373762166,25.43945479382609,0.0,100.0
-0.175,1.575,87.1762512676057,-0.040202519023026184,-1.4768555613797787,-0.5870673477798789,-0.04020366062550522,0.5291619917905166,2.2924862328748827,54.1860932027332,25.426234260655356,0.0,100.0
-0.25,0.4,87.17653287349832,-0.040484124915636244,-1.4771371672723888,-0.21329358340992144,-0.04048623326058021,0.26505722494206907,1.808785532485488,54.09189389727315,24.390104901098947,0.0,100.0
-0.3,0.425,87.17676509515191,-0.0407163465692264,-1.477369388925979,-0.22043681659849312,-0.04071852366220981,0.2747879709038301,1.803112414889671,54.0926129229138,24.388880410243544,0.0,100.0
1.075,0.875,87.17685072122309,-0.04080197264040919,-1.4774550149971617,-0.32162303931231406,-0.040801597774293444,0.31122151395346975,2.070269226631659,54.16427805630467,25.39419728701668,0.0,100.0
-0.2,0.375,87.17961108948722,-0.04356234090454336,-1.4802153832612959,-0.20963679412756164,-0.04356438037746955,0.25199807738222546,1.8141804900504541,54.09117451837977,24.391364352443457,0.0,100.0
0.275,0.175,87.17961910468881,-0.04357035610613025,-1.4802233984628828,-0.13725704846274311,-0.04357170957426604,0.15257424510923556,1.8662676349283338,54.08769152008443,24.435392776044512,0.06398870984860272,100.0
0.875,1.025,87.17963703494458,-0.04358828636189571,-1.4802413287186482,-0.37262465492511865,-0.043588134878203275,0.3750974158882343,2.1214981263573947,54.17015115318448,25.430948759010857,0.0,100.0
0.425,1.3,87.18003300432308,-0.04398425574039777,-1.4806372980971503,-0.4575673675891352,-0.04398463846048628,0.47939657498405097,2.2166737764665605,54.179372716269334,25.461469787574995,0.0,100.0
0.725,1.125,87.18155268386552,-0.045503935282837915,-1.4821569776395904,-0.4062138512945097,-0.04550395798609656,0.4150101773153665,2.156620980462479,54.17372459142969,25.4480217386419,0.0,100.0
0.125,1.45,87.18271578063367,-0.04666703205099054,-1.483320074407743,-0.516398997200568,-0.04666778829446798,0.5127935772726602,2.2632351008622864,54.183516981128236,25.454294291862187,0.0,100.0
0.5,0.1,87.18353694662382,-0.0474881980411368,-1.4841412403978893,-0.12109128911779976,-0.04748921249038176,0.09952578885662433,1.8865676672802802,54.087755600907656,24.473267809797814,0.16379909660792352,100.0
0.8,0.025,87.18370333226507,-0.0476545836823874,-1.48430762603914,-0.10199686223174353,-0.04765513154369501,0.03174147716899256,1.9068811014153577,54.09005135082048,24.545305350661874,0.16918657045936583,100.0
0.95,0.0,87.18494535313592,-0.04889660455323508,-1.4855496469099876,-0.08357462503647639,-0.048896912858381825,-0.004217022074030297,1.9131618022220536,54.092305931250365,24.592132997639744,0.17473941702520845,100.0
-0.15,0.35,87.1860013555174,-0.04995260693472403,-1.4866056492914765,-0.2094670179328375,-0.049954577357604536,0.2356010792721861,1.8192977863381132,54.090456613832124,24.392659224641374,0.0,100.0
1.25,0.725,87.18632864043691,-0.050279891854231096,-1.4869329342109836,-0.2825563406095313,-0.05027932453042468,0.23288820417023715,2.0227021153211924,54.157813202820236,25.346361721649256,0.0,100.0
0.475,1.275,87.19071417578317,-0.05466542720049006,-1.4913184695572426,-0.46071861432773176,-0.05466574651481153,0.46090056462753637,2.208171325894162,54.17866459847001,25.462736127240188,0.0,100.0
1.225,0.75,87.1907687064525,-0.0547199578698212,-1.4913730002265737,-0.29480247091665035,-0.05471941640175544,0.23976947969480022,2.0299599471415477,54.15896488746871,25.356216150028562,0.0,100.0
0.075,0.25,87.19105823159072,-0.05500948300803543,-1.491662525364788,-0.18050831856638183,-0.05501113182620543,0.1839372467423317,1.8443494071511908,54.08835198511871,24.409050020182896,0.0,100.0
0.95,0.975,87.19306535577347,-0.05701660719078916,-1.4936696495475417,-0.3696276851634508,-0.05701636847189775,0.3393634323539487,2.1035061520782325,54.16833015118915,25.422489576194472,0.0,100.0
0.2,0.2,87.19360478118566,-0.05755603260297448,-1.494209074959727,-0.16385734423360532,-0.05755749872052433,0.15491372312044405,1.857579850194772,54.08765994307793,24.422919142039618,0.014470991373443598,100.0
0.075,1.475,87.19430606136517,-0.05825731278248725,-1.4949103551392398,-0.5435269300766947,-0.058258129981814476,0.5055488305249582,2.270170848890476,54.18418354333761,25.4531665191955,0.0,100.0
1.05,0.9,87.19529759253128,-0.059248843948594754,-1.4959018863053473,-0.3475185774260581,-0.05924849305401381,0.30338249064371325,2.0777507864449554,54.16538859031195,25.40412704034669,0.0,100.0
0.675,0.05,87.19536950268794,-0.059320754105257834,-1.4959737964620103,-0.124213589436593,-0.059321499686413405,0.048728869867247226,1.8988226838713869,54.08853656820635,24.510011851832388,0.1655122348678708,100.0
-0.1,0.325,87.19568559309681,-0.05963684451413087,-1.4962898868708834,-0.21269254859075204,-0.059638745580056704,0.2158656292705814,1.8241647548842852,54.08973796450235,24.39399024628753,0.0,100.0
0.65,1.175,87.19687399783334,-0.06082524925065513,-1.4974782916074076,-0.4368340096610268,-0.06082535880169644,0.41919383772589924,2.173663195619431,54.17548904060693,25.456655138188843,0.0,100.0
1.2,0.775,87.1976232421067,-0.06157449352402011,-1.4982275358807726,-0.30940584478105393,-0.061573977918524744,0.24410421728360632,2.037213292102709,54.160111881496626,25.366091947856663,0.0,100.0
-0.1,1.55,87.19805908061973,-0.06201033203704753,-1.4986633743938,-0.5937853043656816,-0.06201137193639852,0.508967398435189,2.2884210706217343,54.18580122164436,25.438589909605312,0.0,100.0
0.925,0.0,87.19898948697896,-0.06294073839627856,-1.499593780753031,-0.10105324480058187,-0.06294108863513088,-0.012184119840370045,1.9115117005206321,54.09155543170388,24.58087471818425,0.1728609060508609,100.0
0.575,0.075,87.20013873312247,-0.06408998453979109,-1.5007430268965436,-0.13438746483900843,-0.06409088567448862,0.06650245609645822,1.891427070686149,54.08776921034792,24.48604840827588,0.16371641025072337,100.0
0.525,1.25,87.20454524830441,-0.06849649972173211,-1.5051495420784846,-0.4668951677446671,-0.06849675672162618,0.43870759371199597,2.199406019991649,54.17795133484534,25.46402986355458,0.0,100.0
-0.225,1.6,87.20599170154196,-0.06994295295928055,-1.506595995316033,-0.6295380890636579,-0.06994415481459271,0.5008236296858115,2.2975577498215376,54.186732037872694,25.42520620506681,0.0,100.0
0.775,0.025,87.20612301943893,-0.07007427085625295,-1.5067273132130055,-0.12622943759923544,-0.07007486075954432,0.015414514904037446,1.9042237986525619,54.08929713911854,24.534133185279625,0.16730805948501826,100.0
1.175,0.8,87.20684082566807,-0.07079207708538604,-1.5074451194421385,-0.32638557873043794,-0.07079158682977607,0.24590674433599702,2.0445565022344296,54.161250920965784,25.375980452991463,0.0,100.0
-0.05,0.3,87.20864678573643,-0.07259803715375313,-1.5092510795105056,-0.21922294194047254,-0.0725998684381068,0.19279169208665792,1.8288101064428486,54.08901910524008,24.395353505411528,0.0,100.0
0.025,1.5,87.20905363980836,-0.0730048912256791,-1.5096579335824316,-0.5734218310458914,-0.07300576881501683,0.49474170318501365,2.2768705051233096,54.18484431375488,25.452056660243837,0.0,100.0
0.85,1.05,87.21163190131118,-0.07558315272849825,-1.5122361950852508,-0.4115977590566473,-0.07558302320711903,0.3531340997637784,2.1291267265914486,54.1712119146294,25.440918039419234,0.0,100.0
0.775,1.1,87.21216558154725,-0.07611683296457272,-1.5127698753213252,-0.42797680838009455,-0.07611679070972173,0.37368314440217887,2.1467780478379055,54.172998211883275,25.449446546849423,0.0,100.0
0.4,0.125,87.21454430154873,-0.07849555296604649,-1.515148595322799,-0.15622973677845664,-0.0784967227962369,0.09103623892714552,1.8757491052131567,54.08697608241524,24.449570716335558,0.1296737987811169,100.0
0.9,0.0,87.21480823900305,-0.07875949042036723,-1.5154125327771197,-0.12000448321055046,-0.07875988262022418,-0.021921887046786992,1.909670209823136,54.09080442237605,24.569635586045457,0.1709823950765133,100.0
0.125,0.225,87.2152399747053,-0.07919122612261731,-1.5158442684793698,-0.199028950738807,-0.07919280472530374,0.14957987579497,1.8479215921181333,54.08762597114371,24.410520224312325,0.0,100.0
1.025,0.925,87.21614406577422,-0.08009531719153529,-1.5167483595482878,-0.3757894104422803,-0.08009498991949612,0.2931116295648337,2.0853154139682712,54.16648653711135,25.414064374771534,0.0,100.0
0.325,0.15,87.21629520977005,-0.08024646118737166,-1.5168995035441242,-0.16928918979155583,-0.08024774406322877,0.10566790690010919,1.868532069934315,54.08695451504094,24.436978421979724,0.09334192911930889,100.0
1.15,0.825,87.21843532064352,-0.08238657206084099,-1.5190396144175935,-0.3456744618617478,-0.08238610651043529,0.24518370352089391,2.0519852366588616,54.16237984273907,25.385872971841167,0.0,100.0
0.475,0.1,87.22044181213789,-0.08439306355521126,-1.5210461059119638,-0.15675158703243142,-0.0843941201853113,0.06873377196043862,1.8820062221352836,54.08699495174498,24.462243125498453,0.16192058563357592,100.0
0.925,1.0,87.22069250986337,-0.08464376128068807,-1.5212968036374406,-0.4044463914298717,-0.08464354501762159,0.3219962046373581,2.111114945435858,54.169405144142374,25.43244375250481,0.0,100.0
0.575,1.225,87.22159309477215,-0.08554434618946516,-1.5221973885462177,-0.4760095381084142,-0.08554454038816743,0.4128123541991613,2.190387904184129,54.17723559897888,25.4653511691045,0.0,100.0
0.7,1.15,87.22227772742025,-0.08622897883756764,-1.5228820211943201,-0.4536239979107677,-0.08622902383918926,0.38371673607993273,2.164108588678753,54.17476576509981,25.458036513609514,0.0,100.0
-0.15,1.575,87.22342024951,-0.08737150092731838,-1.5240245432840709,-0.6327554675614095,-0.08737260171406262,0.48570242680241904,2.293972118089962,54.18644996069714,25.43753887338669,0.0,100.0
0.65,0.05,87.22438944441323,-0.08834069583055282,-1.5249937381873053,-0.15372736696431843,-0.0883414835101064,0.025809826554066717,1.8953431946146488,54.0877799330373,24.498908439018052,0.16363372389352324,100.0
0.0,0.275,87.22492159520617,-0.08887284662348804,-1.5255258889802406,-0.2292446846302454,-0.08887460798391941,0.16638350792655388,1.833180356195293,54.08830040139462,24.396752337825674,0.0,100.0
0.25,0.175,87.22568808563308,-0.08963933705040006,-1.5262923794071526,-0.19088147575934045,-0.08964073276679016,0.11262788286292391,1.860359875524636,54.08692669893195,24.42445969932744,0.05701005945750087,100.0
-0.025,1.525,87.22696119631655,-0.09091244773387075,-1.5275654900906233,-0.6060631808594223,-0.09091338537996307,0.48028248514449956,2.2832871832873494,54.18550324366065,25.450967302461308,0.0,100.0
0.3,1.375,87.22719323678236,-0.09114448819967436,-1.5277975305564269,-0.5251666988816623,-0.09114501725419473,0.4537594884828309,2.2403502269172075,54.181805565677706,25.46915750973848,0.0,100.0
0.25,1.4,87.2279945030933,-0.09194575451061837,-1.5285987968673709,-0.5329892158023597,-0.09194634553598177,0.4589938853068105,2.2482236792653425,54.18249629970611,25.46796260194135,0.0,100.0
0.35,1.35,87.22961293860692,-0.09356419002423877,-1.5302172323809913,-0.5203952020419962,-0.09356465705692188,0.4448229743301937,2.2322241380824974,54.1811047717503,25.470365899750544,0.0,100.0
0.75,0.025,87.23031736588175,-0.09426861729906477,-1.5309216596558173,-0.15193378620219278,-0.09426924927293215,-0.0026829606586744603,1.9013724126841862,54.08854230606116,24.522980077221376,0.16542954851067065,100.0
0.2,1.425,87.23198554665558,-0.09593679807289845,-1.532589840429651,-0.5451656863019991,-0.09593745080892972,0.46053057504440176,2.255853459508991,54.18317791717731,25.46678165186092,0.0,100.0
0.875,0.0,87.23240097764081,-0.09635222905812668,-1.5330052714148792,-0.14042834564999396,-0.09635266324146415,-0.03343037908840074,1.9076377655474615,54.09005193370625,24.558413816449097,0.1691038841021657,100.0
1.125,0.85,87.23244459943898,-0.09639585085629676,-1.5330488932130493,-0.3672781618074623,-0.09639540965307844,0.24196912618795352,2.059435541945854,54.16350128433089,25.395775170574833,0.0,100.0
0.55,0.075,87.23398863661222,-0.09793988802954345,-1.534592930386296,-0.167710870647511,-0.09794083131630202,0.03876122923303171,1.8873102563938382,54.08701091172739,24.47499512651864,0.16183789927637576,100.0
0.4,1.325,87.23518458817809,-0.09913583959540517,-1.5357888819521577,-0.518616408724867,-0.09913624378934856,0.4321940020018502,2.2239104007882786,54.18039952509395,25.471598586330156,0.0,100.0
0.15,1.45,87.23918245942872,-0.10313371084603773,-1.5397867532027902,-0.5688023303732024,-0.10313442524026754,0.4583798513287718,2.2632158707676484,54.18385555859777,25.465628112343342,0.0,100.0
1.0,0.95,87.23936921178871,-0.10332046320603183,-1.5399735055627843,-0.40639456484913694,-0.10332015904092202,0.2804013920592894,2.092899825441465,54.16757402983426,25.424007463546552,0.0,100.0
-0.275,0.4,87.23942130278954,-0.10337255420685665,-1.5400255965636092,-0.2866228538388782,-0.10337470488223914,0.20830332003548335,1.8000010161164741,54.091120742712754,24.379323293809872,0.0,100.0
-0.225,0.375,87.24122002024937,-0.10517127166669127,-1.5418243140234438,-0.2814394273056138,-0.10517335346662833,0.19652317573724076,1.805653987543288,54.09040125566473,24.380570070934933,0.0,100.0
0.625,1.2,87.24184618604028,-0.10579743745759629,-1.5424504798143488,-0.48812697326548005,-0.10579756824277524,0.3832104116979451,2.1811108055774664,54.17652016271933,25.46669942104787,0.0,100.0
0.175,0.2,87.24272927554182,-0.10668052695913843,-1.543333569315891,-0.22103326529291678,-0.10668203534800114,0.11191518981237891,1.8512203994779275,54.08689396970141,24.41201688682116,0.0,100.0
0.45,1.3,87.24389502302638,-0.10784627444370187,-1.5444993168004544,-0.5198092602205548,-0.10784661499517086,0.4158779591035824,2.2154338850911337,54.17969283975573,25.47284575396259,0.0,100.0
0.05,0.25,87.24451195876536,-0.10846321018267702,-1.5451162525394295,-0.24275795170144931,-0.10846490144301413,0.13663423607637526,1.8372780515472906,54.08758042820918,24.398181597377366,0.0,100.0
0.825,1.075,87.24597229198208,-0.10992354339940391,-1.5465765857561564,-0.4527763116033441,-0.10992343612828108,0.32864930367477996,2.1367027059768215,54.17226677756632,25.450895191637063,0.0,100.0
-0.175,0.35,87.24633098877572,-0.11028224019304389,-1.5469352825497964,-0.27974282244939275,-0.11028425294409772,0.18140564350983368,1.811029967541563,54.089682709767814,24.38185384106718,0.0,100.0
-0.075,1.55,87.24802807739871,-0.11197932881603379,-1.5486323711727863,-0.6414550318373955,-0.1119803275739173,0.46217333043325937,2.2894015238582397,54.186156481785375,25.44989627304039,0.0,100.0
1.1,0.875,87.24887017331092,-0.11282142472823864,-1.5494744670849911,-0.39123133883020955,-0.11282100757696582,0.2363354430827087,2.0669384860507196,54.16461772196286,25.40569340692706,0.0,100.0
0.1,1.475,87.24955554137053,-0.11350679278784526,-1.5501598351445978,-0.5950602601292445,-0.11350756821796608,0.4525950446800806,2.2703246619471376,54.18452730790555,25.464492601505476,0.0,100.0
0.9,1.025,87.25067979040607,-0.11463104182338668,-1.5512840841801392,-0.4414734676000194,-0.11463084776580387,0.3022029187985993,2.1187602894082436,54.17047202708932,25.442403509102828,0.0,100.0
0.75,1.125,87.25087901158146,-0.11483026299877963,-1.5514833053555321,-0.4734078363987493,-0.11483024298699149,0.3445352927553387,2.1542928347262884,54.1740413243899,25.459448808109066,0.0,100.0
0.85,0.0,87.25176739573574,-0.11571864715305935,-1.5523716895098119,-0.1623248394221548,-0.11571912333998284,-0.04670963758879054,1.9054144810913927,54.08929877744557,24.547210952587985,0.1672253731278181,100.0
-0.2,1.6,87.25194502251232,-0.11589627392963564,-1.5525493162863881,-0.6744008118008509,-0.11589743517506008,0.45885017490249425,2.29924990234379,54.187093500776996,25.436505102130802,0.0,100.0
-0.125,0.325,87.25475366314879,-0.11870491456610921,-1.5553579569228617,-0.28153390937232814,-0.11870685808498535,0.1629498450623572,1.8161276108840936,54.088964385850474,24.38317269216304,0.0,100.0
0.625,0.05,87.2551846843928,-0.11913593581012094,-1.5557889781668734,-0.18471392863335723,-0.11913676561403293,0.0011192482668036519,1.8916684174775706,54.08702254851645,24.487823935563497,0.16175521291917563,100.0
0.5,1.275,87.25577663677068,-0.11972788818799529,-1.5563809305447478,-0.5240238599684233,-0.11972816526501333,0.39586648017269965,2.2067343796684167,54.17898168471381,25.474118723315396,0.0,100.0
0.375,0.125,87.25627926134072,-0.12023051275804164,-1.5568835551147941,-0.2047788803239996,-0.12023172481776782,0.05542118435855059,1.870542750587888,54.086214675248065,24.438598145235712,0.12269514839001505,100.0
0.725,0.025,87.25628646497749,-0.1202377163948114,-1.556890758751564,-0.17911085273968297,-0.12023839046303238,-0.022551748068224242,1.8983269157386784,54.087786924928345,24.511846190013205,0.16355103753632305,100.0
0.45,0.1,87.25912216873,-0.12307342014732114,-1.5597264625040737,-0.19673869617056994,-0.12307451898421676,0.036170025364612,1.8772476390034052,54.08623415232613,24.45123857828674,0.15902701805182307,100.0
0.3,0.15,87.26108489462683,-0.12503614604415247,-1.561689188400905,-0.22138932561661306,-0.12503747117161765,0.0670013258541502,1.8628759433076703,54.08619167712968,24.426036350570342,0.08636327872820704,100.0
1.135,0.85,87.26154321017849,-0.12549446159580668,-1.5621475039525592,-0.3953957597167488,-0.12549400339460134,0.21163697184157115,2.0580567975560062,54.16363788408879,25.400376956060658,0.0,100.0
1.25,0.75,87.26255152824007,-0.1265027796573861,-1.5631558220141386,-0.3639438312203538,-0.12650219680638486,0.16458140633234564,2.0261292986301593,54.159323903077855,25.367746080863967,0.0,100.0
0.05,1.5,87.26307915132898,-0.12703040274629984,-1.5636834451030523,-0.6240990075218633,-0.12703123873351388,0.4432740648110496,2.2772456556319542,54.185189749547554,25.463373466289102,0.0,100.0
0.975,0.975,87.26499895348712,-0.12895020490444153,-1.565603247261194,-0.4393382048322536,-0.12894992357242926,0.26520123553677877,2.1005166367017054,54.16865407760954,25.433961612081994,0.0,100.0
0.675,1.175,87.26531281614275,-0.12926406756007225,-1.5659171099168248,-0.5032021042713382,-0.12926413445708249,0.34990876754774547,2.17160498750846,54.17580059211181,25.46806872845564,0.0,100.0
-0.075,0.3,87.26643804928564,-0.13038930070295862,-1.5670423430597111,-0.2865532828997601,-0.1303911744559599,0.14115498668512316,1.8210254636217231,54.088245482533836,24.38452607774267,0.0,100.0
0.1,0.225,87.2674172797664,-0.1313685311837247,-1.5680215735404772,-0.25975685592064224,-0.1313701521567566,0.1035428802967715,1.8411063471513185,54.086857117586774,24.399644086844493,0.0,100.0
1.075,0.9,87.26770409137151,-0.13165534278883229,-1.5683083851455848,-0.41754382879088325,-0.13165494940337225,0.22826930931262268,2.07448584954307,54.16572110383979,25.41561743428029,0.0,100.0
0.525,0.075,87.26961389615681,-0.13356514757413152,-1.570218189930884,-0.20250710233891311,-0.13356613303863582,0.009248367898109677,1.8829971055189714,54.08625157665491,24.463960280599345,0.1599593883020282,100.0
1.225,0.775,87.26971689369424,-0.13366814511155667,-1.5703211874683092,-0.37895919544456547,-0.13366758760728317,0.1685669390918605,2.033513377789961,54.16046538708263,25.377618222476386,0.0,100.0
0.55,1.25,87.27085356531775,-0.13480481673506972,-1.5714578590918222,-0.5312804450052795,-0.13480503118913134,0.37215325872138294,2.1977548432383,54.17826540675011,25.475418339587282,0.0,100.0
-0.125,1.575,87.27215993293579,-0.13611118435311198,-1.5727642267098645,-0.6795514193537429,-0.13611224410439035,0.44043751470633197,2.295200605739825,54.1868061962313,25.44884359920289,0.0,100.0
0.825,0.0,87.27290858666473,-0.13685983808204583,-1.5735128804387983,-0.18569398426959083,-0.13686035630013862,-0.06175966969058777,1.9029985489934316,54.088545002292506,24.53602711182893,0.16534686215347053,100.0
0.225,0.175,87.273532968273,-0.13748421969032165,-1.5741372620470742,-0.24652955932631926,-0.13748565768057402,0.07090932983246034,1.8542531592248577,54.08616163372578,24.413546699967316,0.050031409066399024,100.0
1.2,0.8,87.27929569410901,-0.14324694552632877,-1.5798999878830813,-0.3963581680680619,-0.14324641297930896,0.17002643799574457,2.0409720317526823,54.161598386195614,25.387497384930615,0.0,100.0
0.0,1.525,87.27976053652867,-0.14371178794598904,-1.5803648303027416,-0.6558785392589499,-0.1437126838974791,0.4303071034215833,2.283877767314405,54.18585025075598,25.462278044595735,0.0,100.0
-0.025,0.275,87.28143240426165,-0.1453836556789696,-1.582036698035722,-0.29504673912600765,-0.1453854595055873,0.11602689853144454,1.825652476805192,54.08752681998042,24.385912578355672,0.0,100.0
0.8,1.1,87.28268699597693,-0.14663824739425024,-1.5832912897510028,-0.4962602623261745,-0.14663816275410965,0.3016646464300834,2.1442481258789594,54.17331261075699,25.46088406185602,0.0,100.0
0.875,1.05,87.2830163741045,-0.14696762552182463,-1.5836206678785771,-0.48064795112748016,-0.14696745336898687,0.27990352045010525,2.1263754717202223,54.171529256617575,25.45236812006196,0.0,100.0
0.7,0.025,87.28402982586358,-0.14798107728090315,-1.5846341196376557,-0.20776064513744075,-0.14798179346340135,-0.04419190871647061,1.8950881112008002,54.08703110253724,24.50073175049992,0.16167252656197548,100.0
0.6,0.05,87.28775526262781,-0.1517065140451308,-1.5883595564018833,-0.21717329992441137,-0.1517073859991882,-0.025342930403667197,1.8877981077972423,54.0862646037824,24.476758722647666,0.15987670194482803,100.0
0.275,1.4,87.28854044033125,-0.15249169174856547,-1.589144734105318,-0.5921357673809524,-0.15249224094210093,0.39975202844563285,2.247673625608224,54.1828210582365,25.479313945559927,0.0,100.0
1.05,0.925,87.28891841558918,-0.15286966700649884,-1.5895227093632514,-0.44623523380234076,-0.15286929693983495,0.2177304709397987,2.082088844881445,54.16681248674617,25.42554821633976,0.0,100.0
0.325,1.375,87.28897678786352,-0.15292803928083742,-1.58958108163759,-0.585430548404176,-0.15292852672658058,0.39297699565014454,2.239572033785969,54.182124703450114,25.480512503147086,0.0,100.0
0.6,1.225,87.28914941457516,-0.15310066599248273,-1.5897537083492352,-0.5415869635128701,-0.15310081748003768,0.344735238504569,2.1885549249657497,54.17754874834582,25.476749968100616,0.0,100.0
1.175,0.825,87.2912639857954,-0.15521523721271535,-1.5918682795694679,-0.41602070518193557,-0.15521472909212833,0.169031904895121,2.0484590476136324,54.162723200800315,25.397384033018348,0.0,100.0
0.225,1.425,87.29128148207415,-0.1552327334914736,-1.591885775848226,-0.60185305556152,-0.15523334427427357,0.4028706955881347,2.2555069450818848,54.18350796952781,25.478130031088785,0.0,100.0
0.725,1.15,87.29194884735311,-0.15590009877043087,-1.5925531411271834,-0.5211271045879187,-0.15590010092109025,0.31290547011354874,2.1618588778369348,54.17507682785708,25.46945987381803,0.0,100.0
0.375,1.35,87.29259972471274,-0.1565509761300632,-1.5932040184868157,-0.5817199916421174,-0.15655140124671335,0.3825104465432929,2.231220135083278,54.18142095906042,25.481727033641654,0.0,100.0
0.95,1.0,87.29296662697053,-0.1569178783878442,-1.5935709207445967,-0.474357114435918,-0.1569176193686502,0.24755580974635905,2.10817282763937,54.16972422246251,25.443908777778,0.0,100.0
0.15,0.2,87.29362897712163,-0.15758022853894715,-1.5942332708956997,-0.2802330238593669,-0.1575817792188218,0.06714430073817823,1.8446624103680132,54.08612816105158,24.401134288505684,0.0,100.0
0.8,0.0,87.29582459222223,-0.15977584363955089,-1.5964288859963034,-0.2105358029102291,-0.15977640391641046,-0.0785805205943717,1.90038962234404,54.08779073056119,24.524862549569807,0.16346835117912292,100.0
0.175,1.45,87.29722061391368,-0.16117186533099925,-1.5978249076877518,-0.6225951562516343,-0.1611725376608888,0.4022892012462336,2.263111868820754,54.184188688695095,25.476964658566885,0.0,100.0
0.425,1.325,87.29936475407428,-0.16331600549159475,-1.5999690478483473,-0.5810339544793948,-0.16331636741363695,0.3683610568303095,2.222729176408868,54.1807139446587,25.482967933799692,0.0,100.0
-0.175,1.6,87.29944034437307,-0.16339159579038665,-1.6000446381471392,-0.7203612499910008,-0.16339271593225532,0.4151117799649313,2.300719097910209,54.187450996112034,25.44780537466471,0.0,100.0
0.425,0.1,87.29957764155968,-0.16352889297699846,-1.600181935333751,-0.24376032952071114,-0.163530034043103,0.0018344072745009044,1.872291633901341,54.08547312732293,24.440254053861626,0.15204836766072122,100.0
-0.05,1.55,87.29958407694173,-0.16353532835904616,-1.6001883707157987,-0.6903906163509816,-0.16353628543401727,0.41373099036076155,2.2902130802699228,54.18650621673895,25.461203038137633,0.0,100.0
0.025,0.25,87.29974203609456,-0.16369328751187595,-1.6003463298686285,-0.30703169700055355,-0.1636950212394396,0.08755851203581244,1.8300063350617266,54.08680867053861,24.387333418728534,0.0,100.0
0.35,0.125,87.29978968920511,-0.16374094062243216,-1.6003939829791847,-0.25535145733563525,-0.16374219493613112,0.01803420020510771,1.865138396573087,54.08545269824635,24.42764498945853,0.1157164979989132,100.0
-0.3,0.4,87.3040846978412,-0.16803594925852394,-1.6046889916152764,-0.36197563131720756,-0.16803814231170405,0.14978131943927053,1.7910142517064187,54.09034731893657,24.368561752433788,0.0,100.0
-0.25,0.375,87.30460489023449,-0.16855614165180555,-1.605209184008558,-0.3552656401720071,-0.1685582658045149,0.139276069483941,1.796926056025295,54.089627929108254,24.369796372259525,0.0,100.0
1.15,0.85,87.30565676920585,-0.1696080206231727,-1.6062610629799252,-0.4380441898876626,-0.16960753665535436,0.1656121100482011,2.0559956807014834,54.16384083465617,25.407281571522155,0.0,100.0
0.125,1.475,87.30635074172054,-0.17030199313785488,-1.6069550354946074,-0.6479899745878299,-0.17030272655354964,0.39802379522119224,2.2704310782952257,54.18486270182723,25.475819490163445,0.0,100.0
0.5,0.075,87.3070145835988,-0.17096583501611917,-1.6076188773728717,-0.24073927870597345,-0.17096686268432962,-0.022036157860881644,1.878487346305803,54.08549110029372,24.452943699852636,0.15808087732768059,100.0
0.275,0.15,87.30765037667928,-0.17160162809659596,-1.6082546704533485,-0.2755127895039209,-0.17160299550111233,0.026562634682107955,1.8570213510626588,54.08542696905361,24.415111288476993,0.07938462833710522,100.0
-0.2,0.35,87.3084365835992,-0.17238783501652222,-1.6090408773732747,-0.3520422724621426,-0.17238989012108447,0.1254379215047834,1.8025606307540365,54.08890866143729,24.37106887894028,0.0,100.0
0.475,1.3,87.30930431817649,-0.17325556959380606,-1.6099086119505586,-0.5833830166575922,-0.17325586769797213,0.35051959501822694,2.2140700359782457,54.1800049572396,25.484225472127036,0.0,100.0
0.65,1.2,87.31065871314935,-0.17460996456667033,-1.6112630069234228,-0.5549416822157553,-0.17461005264335086,0.31361602991376003,2.1790951916875168,54.176832520418635,25.478110751675896,0.0,100.0
1.025,0.95,87.31251212965476,-0.17646338107208237,-1.6131164234288349,-0.4771746123091134,-0.17646303399488658,0.20470091918977573,2.0897369444856193,54.16789725572782,25.43548940042383,0.0,100.0
0.675,0.025,87.3135456747908,-0.1774969262081214,-1.614149968564874,-0.23788320451750167,-0.17749768451191983,-0.06760353790072315,1.8916583145291301,54.08627484448784,24.489636795810686,0.15979401558762787,100.0
-0.15,0.325,87.31557918980846,-0.1795304412257792,-1.6161834835825317,-0.3523060443541368,-0.17953242709466508,0.10826167839726963,1.8079162033881826,54.08819069503592,24.372375513022877,0.0,100.0
0.85,1.075,87.3177373055438,-0.18168855696112018,-1.6183415993178727,-0.5221815916332986,-0.18168840737399422,0.255102930257749,2.1339641199417487,54.17257868918213,25.46234023451896,0.0,100.0
0.075,1.5,87.31867161126304,-0.1826228626803612,-1.6192759050371137,-0.6761711116903655,-0.18262365679009634,0.39024527857027635,2.277539844550094,54.1855280174594,25.474693334377925,0.0,100.0
0.775,0.0,87.3205153154811,-0.184466566898422,-1.6211196092551745,-0.23685004692525524,-0.18446716926494844,-0.09717160837388406,1.8975871403310731,54.08703587048214,24.51371712058187,0.16158984020477535,100.0
0.075,0.225,87.32136773204229,-0.1853189834596094,-1.621972025816362,-0.3225081153900362,-0.185320646907374,0.055747867486587666,1.8340886105578442,54.08608613448344,24.388784552751822,0.0,100.0
0.775,1.125,87.32177610818353,-0.18572735960084685,-1.6223804019575994,-0.5420943059181695,-0.18572729717104436,0.27219962084959093,2.151838607002204,54.1743510601751,25.470881414146238,0.0,100.0
0.575,0.05,87.32210101302435,-0.18605226444167045,-1.622705306798423,-0.25110548477351813,-0.1860531785705149,-0.05357671149310761,1.8837322282431108,54.085506276491195,24.465713160009244,0.15799819097048046,100.0
0.525,1.275,87.32243216542506,-0.18638341684237503,-1.6230364591991275,-0.5887555569334637,-0.18638365185938427,0.32898450054764794,2.2051270289743936,54.17929194568406,25.485507183476944,0.0,100.0
1.125,0.875,87.32245554144393,-0.1864067928612485,-1.623059835218001,-0.4624177056316512,-0.18640633263835013,0.15974855466727433,2.0635638230788884,54.16494926040401,25.417193039126676,0.0,100.0
-0.1,1.575,87.32251502962562,-0.18646628104293939,-1.623119323399692,-0.7276475544406225,-0.1864672994309217,0.39350171336097617,2.2962612320700138,54.187157788296915,25.46014583393601,0.0,100.0
0.2,0.175,87.3231528356776,-0.187104087094923,-1.6237571294516755,-0.30419993307955906,-0.1871055673781683,0.027418560887753074,1.8479485655527832,54.08539573811593,24.40265270194407,0.04031145858802798,100.0
0.925,1.025,87.32329916080965,-0.18725041222697314,-1.6239034545837256,-0.5116068171234076,-0.18725017547300524,0.2274447010533862,2.1158142953260235,54.17078539602453,25.453859255179896,0.0,100.0
-0.1,0.3,87.3260053998503,-0.18995665126762162,-1.6266096936243741,-0.35590786861898493,-0.18995856752081863,0.08774676294281392,1.8130396800185926,54.087471880446785,24.373717344844138,0.0,100.0
0.025,1.525,87.33413460011076,-0.19808585152807723,-1.6347388938848297,-0.7070831302691261,-0.19808670565483338,0.3788002556284198,2.2843812539120267,54.18619085482149,25.47359478138395,0.0,100.0
0.7,1.175,87.335347619993,-0.19929887141032054,-1.635951913767073,-0.5711276592527241,-0.19929889528345654,0.27879084849367075,2.169414206111353,54.176111742405,25.479489825331612,0.0,100.0
1.0,0.975,87.33848913612184,-0.2024403875391556,-1.6390934298959081,-0.5103417686652563,-0.20244006315514868,0.18920508867688568,2.0974030892703017,54.16897006946371,25.445434530361407,0.0,100.0
0.575,1.25,87.33876048622763,-0.20271173764494677,-1.6393647800016993,-0.5972202588507542,-0.20271190996641905,0.3037434273167037,2.1959559862567546,54.17857517055489,25.48681719653783,0.0,100.0
-0.05,0.275,87.339719563036,-0.20367081445331792,-1.6403238568100704,-0.36287291194381055,-0.2036726607701354,0.06389741851235442,1.8179240005948958,54.08675327598527,24.375093111131783,0.0,100.0
1.1,0.9,87.34166213491497,-0.20561338633228843,-1.642266428689041,-0.4891478194732173,-0.20561294962405158,0.1514052704255704,2.071157337371521,54.16604547541994,25.427111302556394,0.0,100.0
0.4,0.1,87.34180830411916,-0.20575955553647418,-1.6424125978932267,-0.29280419517233724,-0.20576073885430332,-0.03427313483646799,1.8671384581901247,54.08471197968842,24.429289772746273,0.1450697172696194,100.0
1.25,0.775,87.34337259776636,-0.2073238491836804,-1.643976891540433,-0.45009576120544637,-0.20732324894593432,0.09116411899246657,2.029829469328453,54.160812550306716,25.38914875669181,0.0,100.0
0.65,0.025,87.34483678685133,-0.20878803826865067,-1.6454410806254032,-0.2694785540100355,-0.2087888387196557,-0.09278667734760404,1.8880336484627591,54.085517587651275,24.478560297139445,0.1579155046132803,100.0
0.325,0.125,87.34507467402403,-0.20902592544135246,-1.645678967798105,-0.30794505327848753,-0.20902722202675933,-0.02112476862323831,1.8595365138716171,54.08469054062522,24.41671200721613,0.10873784760781138,100.0
0.475,0.075,87.34619076975578,-0.21014202117309821,-1.6467950635298507,-0.2862334863421552,-0.2101430910711059,-0.055092400672748454,1.8737807951702443,54.08473050294746,24.44194732610907,0.15620236635333298,100.0
0.125,0.2,87.34630418770364,-0.21025543912095657,-1.646908481477709,-0.3414540638708701,-0.21025703211311111,0.020600984544401513,1.8379057007141597,54.08536106934038,24.390269876540238,0.0,100.0
0.75,0.0,87.34698069708566,-0.21093194850297436,-1.6475849908597269,-0.2646362632902566,-0.2109325929890872,-0.11753301955285167,1.894590632608231,54.08628084746711,24.502591648272258,0.15971132923042775,100.0
-0.15,1.6,87.34854546569402,-0.21249671711133544,-1.649149759468088,-0.7676081385417604,-0.21249779595391943,0.36967831867023904,2.3020107505112404,54.18780608416506,25.459102052550474,0.0,100.0
0.3,1.4,87.35061819701933,-0.2145694484366487,-1.6512224907934012,-0.6525783490181425,-0.21456995569292586,0.3388534663775573,2.2469432514829197,54.18313500074187,25.490660442371688,0.0,100.0
0.25,1.425,87.35214733446696,-0.2160985858842821,-1.6527516282410346,-0.6612412602101614,-0.2160991548022082,0.3434970550720209,2.255013484769454,54.183826745317475,25.48947009843766,0.0,100.0
0.35,1.375,87.3523052074877,-0.216256458905022,-1.6529095012617745,-0.6470066998231943,-0.21625690450427443,0.33050896147568665,2.238607447111004,54.182436787874806,25.491868088968367,0.0,100.0
1.135,0.875,87.35233789673833,-0.2162891481556528,-1.6529421905124053,-0.49133271486097385,-0.21628867054743922,0.1286097663760586,2.0621772979582444,54.16507983243131,25.42179428827726,0.0,100.0
-0.025,1.55,87.35273516035184,-0.21668641176916026,-1.6533394541259128,-0.7407207423437967,-0.21668732670152052,0.36370642352378013,2.2909245384624817,54.186848608527455,25.472513004027082,0.0,100.0
1.225,0.8,87.35332819368055,-0.21727944509787278,-1.6539324874546253,-0.4678874195074627,-0.21727886957245063,0.09237730280922563,2.0373329522615373,54.161940422630366,25.399019264945746,0.0,100.0
0.825,1.1,87.35483140583365,-0.21878265725096924,-1.6554356996077217,-0.5660798086134093,-0.2187825301793822,0.22779077656302604,2.141582308239444,54.17362068332124,25.472326387682376,0.0,100.0
0.25,0.15,87.35599109215815,-0.21994234357546816,-1.6565953859322207,-0.33165654911117315,-0.21994375327830085,-0.01564820888711438,1.8509690880883083,54.084662177566784,24.40420662080389,0.07240597794600337,100.0
0.9,1.05,87.35602127479959,-0.21997252621690677,-1.6566255685736593,-0.5511988727240862,-0.2199723115956715,0.20482556697450605,2.123448230531404,54.171837621705954,25.463817929909048,0.0,100.0
0.0,0.25,87.35674816804237,-0.22069941945969163,-1.6573524618164441,-0.37332795435136745,-0.22070119567723623,0.03671002923056221,1.8225347381341936,54.08603514590446,24.376502562139784,0.0,100.0
0.2,1.45,87.35687131114679,-0.22082256256410915,-1.6574756049208617,-0.6777713547950981,-0.2208231930935085,0.34444574085938484,2.2628451349724554,54.18451377841964,25.48830373700938,0.0,100.0
0.4,1.35,87.35715363194281,-0.2211048833601268,-1.6577579257168793,-0.6444444931768913,-0.2211052665801759,0.3184636703076933,2.2300588734657993,54.181731180243176,25.493094994730072,0.0,100.0
0.55,0.05,87.35822213778258,-0.22217338919989515,-1.6588264315566477,-0.2882312817044266,-0.22217434552951545,-0.08358209929987481,1.8794703521233542,54.08474715909816,24.454686509535332,0.15611967999613285,100.0
0.625,1.225,87.35832560831138,-0.22227685972869438,-1.6589299020854469,-0.6087449056247607,-0.2222769689933159,0.2748028118735135,2.186558467105745,54.17785817105315,25.488157393268757,0.0,100.0
0.75,1.15,87.36321386449583,-0.22716511591315225,-1.6638181582699048,-0.5902136344927413,-0.22716507544216996,0.24025664955942716,2.1594506596825096,54.17538592087203,25.48089000029308,0.0,100.0
1.075,0.925,87.36322608982543,-0.22717734124275069,-1.6638303835995032,-0.5180659220808792,-0.2271769276555375,0.1405492782890292,2.078811060578229,54.16713165803696,25.437036270447887,0.0,100.0
0.15,1.475,87.36477198728969,-0.22872323870700484,-1.6653762810637573,-0.7023201881255119,-0.22872393033375146,0.3417053258678209,2.2703925641603306,54.185191920931395,25.487153506573605,0.0,100.0
0.45,1.325,87.36513421151355,-0.2290854629308683,-1.6657385052876208,-0.6449396855526999,-0.2290857827692605,0.30273424345033106,2.2214052438446137,54.18102339790673,25.49434448656448,0.0,100.0
1.2,0.825,87.36568955629905,-0.22964080771636475,-1.6662938500731173,-0.4879447170318656,-0.22964025647838754,0.09117843308115425,2.0448876826539966,54.163059821395265,25.408897087653873,0.0,100.0
0.975,1.0,87.36680787310941,-0.23075912452672753,-1.66741216688348,-0.5456497805633234,-0.2307588226672209,0.17126881143224182,2.1050786066509577,54.170035226510215,25.455371513859273,0.0,100.0
-0.275,0.375,87.36976563339009,-0.23371688480740715,-1.6703699271641597,-0.431115393267703,-0.23371905133925566,0.08025691176173666,1.7879967980683014,54.08885452393165,24.359043255876692,0.0,100.0
-0.225,0.35,87.37231775328151,-0.23626900469882628,-1.6729220470555788,-0.4263653306717856,-0.2362711021796912,0.06769792184677215,1.7938893936814246,54.08813510488778,24.360303445758017,0.0,100.0
-0.075,1.575,87.37447284088984,-0.2384240923071559,-1.6750771346639084,-0.7771159778949084,-0.23842506889511697,0.34494308453862743,2.2971908346096255,54.187501667584456,25.471451569645513,0.0,100.0
0.175,0.175,87.3745482706599,-0.2384995220772197,-1.6751525644339722,-0.36389197778237303,-0.23850104467603045,-0.017844500477423253,1.8414454646609402,54.08462965871474,24.391778948008053,0.02229591745176318,100.0
0.725,0.0,87.3752206660514,-0.2391719174687239,-1.6758249598254764,-0.29389522626881615,-0.23917260409672564,-0.13966578640162197,1.8914004408527145,54.085525152415904,24.491485205752877,0.15783281825608014,100.0
0.1,1.5,87.37586574444853,-0.23981699586585137,-1.6764700382226039,-0.7296413653688347,-0.23981774820570934,0.3353933539055731,2.2777068849493673,54.1858611507968,25.48602220893958,0.0,100.0
0.5,1.3,87.3763316180461,-0.24028286946341382,-1.6769359118201663,-0.6484572904821846,-0.24028312549780254,0.28333990357035077,2.2125260239873796,54.18031346634158,25.49561539992435,0.0,100.0
0.05,0.225,87.37709264228134,-0.24104389369865942,-1.677696936055412,-0.3872740778345758,-0.24104559963379585,0.006180226522928933,1.8268735239492595,54.08531442044585,24.377944279884773,0.0,100.0
0.625,0.025,87.3779031949979,-0.2418544464152177,-1.6785074887719702,-0.3025467103589534,-0.24185528903896342,-0.11974141153189066,1.884213875675199,54.08475962021176,24.467502821240682,0.1560369936389327,100.0
-0.175,0.325,87.3781809142464,-0.24213216566371898,-1.6787852080204715,-0.42510220754917327,-0.24213419390922297,0.05180117406375473,1.7995036626225993,54.08741691574865,24.361598875811715,0.0,100.0
1.175,0.85,87.38045896631152,-0.24441021772884142,-1.681063260085594,-0.5103844545023009,-0.24440969036035937,0.0875129122424596,2.0524591104700227,54.16416993041432,25.41878727229073,0.0,100.0
0.675,1.2,87.38106381631407,-0.24501506773138715,-1.6816681100881397,-0.6232768221474316,-0.24501511328040237,0.24215853458363767,2.17693456879811,54.177140460703626,25.489528160490007,0.0,100.0
0.375,0.1,87.38581399443432,-0.24976524585163418,-1.6864182882083867,-0.3438692053061345,-0.2497664714425582,-0.07215260658040279,1.8617883078284243,54.08395018540052,24.418344777098977,0.13809106687851755,100.0
0.45,0.075,87.38714178726923,-0.2510930386865482,-1.6877460810433007,-0.33374760481137855,-0.25109415083483666,-0.08992050734178747,1.8688783044109445,54.08396974394844,24.430971110229933,0.1543238553789854,100.0
1.05,0.95,87.38719860427445,-0.2511498556917644,-1.687802898048517,-0.5492804048779476,-0.25114946523794685,0.1271731110720964,2.0864764181238513,54.1682101832093,25.446970900252403,0.0,100.0
-0.125,0.3,87.38734887760043,-0.2513001290177499,-1.6879531713745024,-0.42728610105652365,-0.25130208779598606,0.03256601539696646,1.804853099429921,54.08669805878983,24.362928804834567,0.0,100.0
0.05,1.525,87.39011765540722,-0.25406890682454275,-1.6907219491812953,-0.7596899836374149,-0.2540697194066951,0.3254616098559495,2.2847502932548087,54.18652304519484,25.484913133918578,0.0,100.0
0.55,1.275,87.39067941506273,-0.25463066648005395,-1.6912837088368065,-0.6550215370670287,-0.2546308595762099,0.2602642392236447,2.203399316856561,54.17959971707554,25.49690655074455,0.0,100.0
0.875,1.075,87.39112215297925,-0.255073404396569,-1.6917264467533215,-0.593148463069781,-0.25507321222347346,0.1797054435737948,2.1311156296853486,54.17288360521041,25.473790784480396,0.0,100.0
0.3,0.125,87.39213518297748,-0.2560864343948026,-1.6927394767515551,-0.36256109537386294,-0.25608777327574045,-0.062055809739050005,1.853736746273858,54.083926865878944,24.405796711793627,0.10175919721670953,100.0
0.8,1.125,87.39427006465743,-0.25822131607475285,-1.6948743584315054,-0.6122871619952406,-0.2582212110659327,0.19802386102529113,2.1492320742319992,54.17465660047524,25.48231732728323,0.0,100.0
0.525,0.05,87.39611826958208,-0.2600695209993944,-1.696722563356147,-0.33219597822963465,-0.2600705195529372,-0.11535914081927956,1.8750128893420572,54.08398684714501,24.4436780380407,0.15424116902178528,100.0
0.95,1.025,87.39751848138103,-0.2614697327983464,-1.698122775155099,-0.5833189526719167,-0.2614694531982451,0.1508316609587439,2.1127474415199177,54.17109107768901,25.46531862383197,0.0,100.0
1.15,0.875,87.39762326567713,-0.261574517094445,-1.6982275594511975,-0.5350917496500784,-0.2615740132319132,0.08136115503613439,2.060068266696979,54.165272857171445,25.428696378293733,0.0,100.0
-0.125,1.6,87.39927074876817,-0.26322200018549324,-1.6998750425422458,-0.8161744869144769,-0.2632230374453428,0.3225382926470104,2.303141739145552,54.18815242191469,25.47039919903892,0.0,100.0
-0.075,0.275,87.39978251018469,-0.2637337616020119,-1.7003868039587644,-0.4327204338348025,-0.26373565042895847,0.009995040912585296,1.8099957869753618,54.085979223945316,24.364293373411098,0.0,100.0
0.1,0.2,87.40075074720288,-0.26470199862019683,-1.7013550409769493,-0.4046982331836091,-0.2647036340760735,-0.027691729716892155,1.83094527008322,54.08459144934499,24.37942131023742,0.0,100.0
0.7,0.0,87.40523338470378,-0.26918463612109633,-1.7058376784778488,-0.3246266420397603,-0.269185364899937,-0.16357000571744607,1.8880188936376532,54.08476929598455,24.48039877698018,0.15595430728173257,100.0
0.225,0.15,87.40610681644989,-0.2700580678672111,-1.7067111102239636,-0.38982217231588834,-0.270059519887721,-0.05963125401787295,1.8447192816811921,54.0838970686179,24.393321934373986,0.06542732755490152,100.0
0.725,1.175,87.40697963353452,-0.2709308849518379,-1.7075839273085904,-0.6406361903969184,-0.27093086672361155,0.2058062432417671,2.167042176828482,54.17641490167149,25.490913642406397,0.0,100.0
0.0,1.55,87.40750405666805,-0.2714553080853648,-1.7081083504421173,-0.7924494150961294,-0.27145618110040176,0.31187865248770663,2.2914992427141305,54.18718230375776,25.483822650835005,0.0,100.0
0.6,1.25,87.40825668042746,-0.27220793184477543,-1.708860974201528,-0.6646849611967127,-0.272208062137949,0.2334825512511145,2.1940405205962135,54.17888095775579,25.498222596847253,0.0,100.0
0.6,0.025,87.41274471855851,-0.2766959699758331,-1.7133490123325856,-0.3392135178706752,-0.2766968547965917,-0.14846774582667877,1.8801990425366168,54.08400112274908,24.456464733219548,0.1541584826645851,100.0
1.025,0.975,87.41353874256147,-0.27748999397879004,-1.7141430363355425,-0.5827819714225484,-0.277489626516018,0.11139562703168338,2.094172845263875,54.16927843269641,25.456905840360523,0.0,100.0
0.325,1.4,87.41432560749392,-0.27827685891124077,-1.7149299012679933,-0.7145662688304242,-0.27827732439160113,0.2761002831105941,2.2460272633091076,54.1834485582138,25.50201516983815,0.0,100.0
0.275,1.425,87.41460209348764,-0.27855334490496375,-1.7152063872617163,-0.722060609202245,-0.27855387219986766,0.2822732995719264,2.25432825647719,54.18414117580537,25.500817126651906,0.0,100.0
-0.025,0.25,87.41553030715053,-0.27948155856785206,-1.7161346009246046,-0.44164648828140685,-0.2794833772973817,-0.015911272970143386,1.8148633534957275,54.08526117443451,24.365691539281585,0.0,100.0
1.125,0.9,87.41718758001983,-0.281138831437147,-1.7177918737938995,-0.5620310324002702,-0.281138350913713,0.07269602427834343,2.0676983859766667,54.1663606212184,25.43860651620558,0.0,100.0
0.375,1.375,87.41725736738194,-0.28120861879925485,-1.7178616611560074,-0.7101492856348557,-0.28120902261080405,0.2662271254635442,2.237484363339176,54.182748788774646,25.503233015775777,0.0,100.0
0.225,1.45,87.41809191486384,-0.2820431662811558,-1.7186962086379083,-0.7343470441641102,-0.2820437551613395,0.28475118188195836,2.2623927994277064,54.18482926652814,25.499642551691032,0.0,100.0
0.425,1.35,87.4233123041607,-0.2872635555780221,-1.7239165979347746,-0.7087493149239208,-0.28726389665002616,0.25265256227105226,2.2288097273096557,54.182042273333366,25.504470614223372,0.0,100.0
0.175,1.475,87.42477282119867,-0.28872407261599164,-1.7253771149727442,-0.7580535200386151,-0.2887247226315083,0.2835322372878153,2.2701549548743136,54.18551144864184,25.498485354243243,0.0,100.0
0.15,0.175,87.42771892178058,-0.29167017319790034,-1.7283232155546528,-0.4256078832533916,-0.2916717381319245,-0.06487993541462345,1.8347441227807437,54.08386345852138,24.380925583892687,0.00428037631549838,100.0
-0.05,1.575,87.42801986437016,-0.2919711157874758,-1.7286241581442283,-0.8279797889868377,-0.29197205041482166,0.2946433429385138,2.29798291357682,54.187839274266814,25.482758461336495,0.0,100.0
0.85,1.1,87.42857057565776,-0.29252182707507757,-1.72917486943183,-0.6374565707612447,-0.29252165737918007,0.1520783169411999,2.1387938815659027,54.17392278762119,25.4837682583895,0.0,100.0
1.25,0.8,87.42899477514483,-0.29294602656214863,-1.7295990689189011,-0.540971202871745,-0.2929454077579692,0.01302613863443014,2.0335907411375946,54.16227310473882,25.410537353611794,0.0,100.0
0.65,1.225,87.42906562917803,-0.2930168805953457,-1.7296699229520982,-0.6774313128522778,-0.293016947678754,0.20300775733501553,2.184475723731417,54.17816227109361,25.499567248760993,0.0,100.0
0.425,0.075,87.42986776853323,-0.29381901995054704,-1.7304720623072996,-0.38328510324495824,-0.29382017437006314,-0.12652054274042257,1.863778578402941,54.08320869203857,24.420014832612583,0.1524453444046378,100.0
0.925,1.05,87.43061613516387,-0.29456738658119264,-1.7312204289379451,-0.6233311497686742,-0.2945671290502645,0.12790321538184912,2.120463043416836,54.17213987244921,25.475274817064243,0.0,100.0
0.35,0.1,87.4315951970867,-0.29554644850401246,-1.732199490860765,-0.3969576615804016,-0.2955477163927071,-0.11180401827405717,1.8562404019437175,54.083188144213814,24.407419845264258,0.1311124164874157,100.0
0.475,1.325,87.43252706035744,-0.2964783117747629,-1.7331313541315154,-0.7104157272438272,-0.29647858934276317,0.23539781226412515,2.2199615410594316,54.18133307024456,25.505727455941965,0.0,100.0
0.025,0.225,87.43459394709967,-0.29854519851699024,-1.7351982408737427,-0.4540642004353401,-0.2985469469648422,-0.045160134669316676,1.819458373555475,54.0845423641481,24.36712402641609,0.0,100.0
0.125,1.5,87.43465507885874,-0.29860633027605843,-1.735259372632811,-0.7845059822856939,-0.2986070411778485,0.2786927489150628,2.2776835217020137,54.18618611184795,25.49734943951659,0.0,100.0
0.5,0.05,87.43578964241897,-0.29974089383628666,-1.7363939361930392,-0.3781826750752657,-0.29974193463802123,-0.1489079044840338,1.8703593829358982,54.08322628232084,24.432689540632424,0.15236265804743768,100.0
0.775,1.15,87.43606493904917,-0.3000161904664935,-1.736669232823246,-0.660818802465343,-0.3000161077606435,0.16574395766043892,2.1568793199460963,54.17568660495766,25.49231973654304,0.0,100.0
-0.3,0.375,87.4367019169527,-0.3006531683700189,-1.7373062107267714,-0.5089886573579605,-0.3006553773133561,0.01946690116896832,1.7788661582789627,54.08808096320035,24.348310603993937,0.0,100.0
0.675,0.0,87.43702035746983,-0.3009716088871528,-1.7376246512439053,-0.35683078675394597,-0.3009723798358891,-0.1892457167293884,1.884444302845501,54.08401220273182,24.46933037179274,0.15407579630738497,100.0
-0.25,0.35,87.43797475908427,-0.30192601050158885,-1.7385790528583414,-0.5027119677429681,-0.3019281503835856,0.008185689531615026,1.7850170908185177,54.08736166993444,24.349558103063053,0.0,100.0
1.1,0.925,87.43914159898918,-0.30309285040650025,-1.7397458927632528,-0.5913359543611705,-0.3030923933456279,0.06149914499034992,2.0753837838496425,54.167441247322756,25.448525157869803,0.0,100.0
0.275,0.125,87.44097156829557,-0.3049228197128855,-1.741575862069638,-0.419200711806198,-0.30492420091522093,-0.10475897680130686,1.8477386970593916,54.08316221933664,24.394900154965235,0.09478054682560771,100.0
1.225,0.825,87.44172415469907,-0.3056754061163929,-1.7423284484731454,-0.5614481090175047,-0.3056748112648677,0.011558117095304965,2.0411715298296063,54.16338656011434,25.42041045790949,0.0,100.0
1.0,1.0,87.4422504193424,-0.3062016707597195,-1.742854713116472,-0.6185276360490235,-0.306201325755859,0.09312440917376819,2.1018719473997938,54.170339044427976,25.466839392364776,0.0,100.0
-0.2,0.325,87.44255839105035,-0.30650964246767387,-1.7431626848244264,-0.49992024331956486,-0.3065117131136873,-0.006431621162946044,1.7908906853700712,54.08664292148588,24.350842569219328,0.0,100.0
0.525,1.3,87.44495089089952,-0.308902142316839,-1.7455551846735915,-0.7151003864435808,-0.3089023558797578,0.2144480380333249,2.210895861634553,54.18062025178567,25.507008135682852,0.0,100.0
0.075,1.525,87.44770821389572,-0.311659465313042,-1.7483125076697945,-0.8136786849677549,-0.3116602367509557,0.2702902763923021,2.2849587535494105,54.18685224390251,25.49623529886053,0.0,100.0
1.135,0.9,87.4478516828707,-0.31180293428802486,-1.7484559766447774,-0.5916181317256246,-0.3118024362522334,0.04068901766738975,2.066279684290877,54.166484714704985,25.443205798850915,0.0,100.0
0.575,0.025,87.44936102991407,-0.3133122813313918,-1.7499653236881443,-0.3816498028809576,-0.31331320837110466,-0.17896568244945854,1.875989417034199,54.083242273682686,24.44544639480113,0.15227997169023752,100.0
-0.15,0.3,87.4504540028957,-0.3144052543130158,-1.7510582966697683,-0.5006154837728616,-0.3144072555418262,-0.024387174792863675,1.7964867668803743,54.085924145774136,24.352160559463695,0.0,100.0
-0.1,1.6,87.45160910157786,-0.3155603529951776,-1.75221339535193,-0.8661436319419806,-0.31556134846061357,0.27376070660197627,2.3041648694906156,54.18849495000007,25.481701804587885,0.0,100.0
0.7,1.2,87.45305540232904,-0.31700665374636117,-1.7536596961031137,-0.6931445624056778,-0.3170066574116902,0.168835212838232,2.174625015206867,54.177441528353576,25.500942018054793,0.0,100.0
1.2,0.85,87.45683636148497,-0.3207876129022935,-1.757440655259046,-0.5840992941394774,-0.3207870415947326,0.007598780760702084,2.048785122338977,54.164491805997365,25.430298073950592,0.0,100.0
0.075,0.2,87.45697247846583,-0.3209237298831482,-1.7575767722399007,-0.4699664175076208,-0.32092540785965296,-0.07775137438348168,1.8237840428231749,54.08381989031497,24.368589174157606,0.0,100.0
0.2,0.15,87.45799795736549,-0.3219492087828115,-1.758602251139564,-0.4500100397859512,-0.3219507031429373,-0.10538654014717963,1.8382710757589469,54.08313134923784,24.382456704551707,0.0584486771637997,100.0
0.575,1.275,87.46052791569905,-0.3244791671163654,-1.7611322094731179,-0.7228330060538326,-0.3244793178362443,0.18979957686148907,2.20156938601725,54.17990266355785,25.50830863966435,0.0,100.0
-0.1,0.275,87.46162165536454,-0.3255729067818578,-1.7622259491386103,-0.5045916150180574,-0.3255748381438508,-0.045679925178120584,1.8018671721209987,54.085204988203664,24.35351377799404,0.0,100.0
1.075,0.95,87.46348310078288,-0.3274343522001999,-1.7640873945569524,-0.6229372349159377,-0.32743391848690917,0.04787345067471449,2.0831031037139827,54.168516633434294,25.458457405680758,0.0,100.0
0.025,1.55,87.46387417765226,-0.327825429069577,-1.7644784714263295,-0.8455729933656642,-0.3278262606978103,0.25822011299540293,2.2919313397368852,54.18751158566345,25.495137794233493,0.0,100.0
0.9,1.075,87.46606546179139,-0.33001671320870685,-1.7666697555654594,-0.6656999905627003,-0.33001647810262114,0.10245942081026271,2.1281945982509107,54.173182524211846,25.48524213609677,0.0,100.0
0.825,1.125,87.4683671567056,-0.3323184081229158,-1.7689714504796683,-0.6840510329596867,-0.33231826080646554,0.12198310975344384,2.1464644324901525,54.174956531093635,25.49375543847856,0.0,100.0
0.65,0.0,87.47058202178741,-0.3345332732047268,-1.7711863155614793,-0.39368553618496094,-0.3345340863448058,-0.2166930114867256,1.8806758882231072,54.08325409844,24.458280439738115,0.1521972853330374,100.0
0.975,1.025,87.47334839221527,-0.3372996436325906,-1.773952685989343,-0.6566152560155558,-0.33729932087288717,0.07238457296747924,2.109596444580343,54.171391429060144,25.476784650713732,0.0,100.0
0.4,0.075,87.47436942720275,-0.33832067862006454,-1.774973720976817,-0.4348460419762574,-0.3383218753366492,-0.1648925076334251,1.8584816179992472,54.08244729386346,24.40907841983539,0.15056683343029023,100.0
1.175,0.875,87.4743787063815,-0.3383299577988197,-1.7749830001555722,-0.6090979769647475,-0.3383294099174094,0.0011248936795169584,2.056437616960792,54.165587576971696,25.44020046083505,0.0,100.0
-0.05,0.25,87.47608881219932,-0.34004006361664096,-1.7766931059733935,-0.5119891662834135,-0.34004192488201285,-0.07030548374380885,1.8069917342694095,54.08448703213507,24.354900896918387,0.0,100.0
0.475,0.05,87.47723655664711,-0.34118780806443283,-1.7778408504211853,-0.4261927203887552,-0.34118889113991313,-0.18422850945862024,1.8655093049024474,54.082465680359356,24.42172144990682,0.15048414707309007,100.0
0.3,1.425,87.47869972600492,-0.34265097742223816,-1.7793040197789907,-0.7844473049729288,-0.34265146297941557,0.21919775592985502,2.2534710019464588,54.18445324837823,25.512161872171642,0.0,100.0
0.325,0.1,87.47915153609837,-0.34310278751569,-1.7797558298724425,-0.45206960693924714,-0.34310409772373873,-0.1532274359214938,1.8504945176902867,54.08242559632761,24.39651451534017,0.12413376609631388,100.0
0.625,1.25,87.47934231147559,-0.34329356289291013,-1.7799466052496626,-0.7336653170868033,-0.3432936506296699,0.1614536891527365,2.1920204909890226,54.17918122792803,25.509630815358257,0.0,100.0
0.35,1.4,87.47967761866467,-0.34362887008198584,-1.7802819124387383,-0.7781365453601978,-0.34362929381390755,0.2114973781743572,2.2449496359326386,54.18375865184867,25.513370516983066,0.0,100.0
0.75,1.175,87.48021371106428,-0.34416496248159945,-1.780818004838352,-0.7115915630732417,-0.34416490197465066,0.13095676289390212,2.164526351780642,54.176715583220435,25.50233848949286,0.0,100.0
0.25,1.45,87.48094485595259,-0.3448961073699053,-1.7815491497266578,-0.7938340915406599,-0.34489665459279306,0.22320395806974602,2.2617516912768996,54.18514060285359,25.510974583543728,0.0,100.0
0.125,0.175,87.48266500995804,-0.3466162613753596,-1.7832693037321121,-0.48934773222062233,-0.3466178686872269,-0.11368462363661536,1.8278429720804232,54.083095986042395,24.37008930104473,0.0,100.0
-0.025,1.575,87.48317352757518,-0.3471247789924945,-1.783777821349247,-0.8802395576182391,-0.347125672457517,0.24249330136322556,2.2986048496063733,54.18816980795584,25.494064701094565,0.0,100.0
0.4,1.375,87.48383412132438,-0.3477853727416971,-1.7844384150984496,-0.7748717316753044,-0.3477857345308536,0.2000960970135992,2.2362216238413333,54.18305576256334,25.514595182235688,0.0,100.0
0.2,1.475,87.48639818996234,-0.35034944137966306,-1.7870024837364156,-0.8151678497588364,-0.35035004990681956,0.22351477200260206,2.2697527399167123,54.18582359602523,25.509808041518955,0.0,100.0
0.55,0.025,87.48775276992959,-0.3517040213469045,-1.788357063703657,-0.4261092396609598,-0.35170499063182775,-0.21123524869014432,1.87158394063616,54.08248229129717,24.434446364363954,0.15040146071588992,100.0
1.05,0.975,87.49020277355459,-0.35415402497190485,-1.7908070673286574,-0.6567963970423136,-0.35415361408770424,0.03176220640402505,2.0908185447217593,54.16958224387616,25.46838450478449,0.0,100.0
0.45,1.35,87.49110100519898,-0.3550522566163039,-1.7917052989730564,-0.7746366321380975,-0.35505255541064573,0.1849948423004264,2.2274085601516513,54.18234680080444,25.515841476946246,0.0,100.0
0.25,0.125,87.49158344441216,-0.3555346958294763,-1.7921877381862288,-0.4778639890718779,-0.3555361193761627,-0.1492343077067062,1.8415427631166015,54.082397476375114,24.38402401045428,0.08780189643450587,100.0
0.0,0.225,87.49387167581845,-0.35782292723577314,-1.7944759695925256,-0.5228785158396221,-0.35782471822153356,-0.09827327239653982,1.8118431993028803,54.08376855446,24.356321159796217,0.0,100.0
1.15,0.9,87.49432931361808,-0.3582805650354004,-1.794933607392153,-0.6364374054424218,-0.3582800409273261,-0.007880827134826518,2.064098257646981,54.1666691551715,25.450107080863038,0.0,100.0
0.15,1.5,87.49505768653334,-0.35900893795066224,-1.7956619803074148,-0.8407690269743,-0.35900960731575254,0.22016257380811055,2.277486817952028,54.18650029341408,25.5086654884247,0.0,100.0
0.675,1.225,87.50138385537704,-0.36533510679436176,-1.8019881491511143,-0.747591297306812,-0.3653351318089847,0.1294227897888618,2.18223013520891,54.17846163392868,25.51098330112442,0.0,100.0
0.5,1.325,87.50153693280394,-0.36548818422126317,-1.8021412265780157,-0.7774734320654346,-0.365488419260538,0.16621549300541005,2.218387894640102,54.181635046154696,25.517107774778196,0.0,100.0
0.875,1.1,87.50388397525185,-0.3678352266691718,-1.8044882690259243,-0.7103952206539645,-0.3678350142837644,0.07450908150332225,2.135888532675376,54.17422209458056,25.4952151230795,0.0,100.0
-0.275,0.35,87.50540704948567,-0.36935830090298793,-1.8060113432597404,-0.5810790948696933,-0.3693604832076772,-0.05309870513512749,1.7759447760954343,54.08658809207754,24.338833263559696,0.0,100.0
-0.075,1.6,87.50556698655583,-0.3695182379731534,-1.806171280329906,-0.9175023983077466,-0.36951919240681264,0.22312190959293332,2.305010568909209,54.18882760368737,25.493004451754107,0.0,100.0
0.625,0.0,87.50591901237657,-0.3698702637938851,-1.8065233061506376,-0.4345947650153903,-0.3698711191510057,-0.2459119087598367,1.8767125153988244,54.082495448404146,24.447249880180728,0.1503187743586898,100.0
0.95,1.05,87.50680397380012,-0.37075522521743665,-1.8074082675741892,-0.6970403762685891,-0.3707549247829263,0.049128509742459414,2.1173627095441065,54.17243819111,25.486737524484386,0.0,100.0
0.1,1.525,87.50687154201954,-0.370822793436858,-1.8074758357936105,-0.8690666773084104,-0.3708235233449244,0.21328298753249442,2.284988907324683,54.1871689958115,25.507545655458003,0.0,100.0
-0.225,0.325,87.50871157072,-0.3726628221373147,-1.8093158644940672,-0.5767602475751374,-0.3726649352073849,-0.06643670661240719,1.7820772825964928,54.08586879148399,24.340106769610273,0.0,100.0
0.8,1.15,87.51054887677458,-0.3745001281918974,-1.8111531705486499,-0.7329902330458964,-0.37450000323430854,0.08936809338911189,2.154162275934117,54.17598611603131,25.503757677112738,0.0,100.0
0.175,0.15,87.51166504702735,-0.37561629844466893,-1.8122693408014214,-0.5122216811428615,-0.3756178351694587,-0.15291414012541793,1.831623992215804,54.08236536869702,24.371611615526334,0.04813638466634751,100.0
0.05,0.2,87.5149705962779,-0.3789218476952243,-1.8155748900519768,-0.537258739370003,-0.3789235682181783,-0.12958365946205674,1.8164230504348358,54.083048005288,24.357777103013806,0.0,100.0
0.55,1.3,87.51517470398161,-0.37912595539893346,-1.815778997755686,-0.7833221463710345,-0.37912612660626904,0.14374153749476193,2.2091328962540135,54.18092025413699,25.518398283149537,0.0,100.0
-0.175,0.3,87.51532725229242,-0.3792785037097417,-1.8159315460664942,-0.5759284494035626,-0.3792805473597781,-0.0831127390632247,1.7879313893859206,54.08515037635178,24.341412701853688,0.0,100.0
1.125,0.925,87.51667075396801,-0.38062200538533375,-1.8172750477420863,-0.6661358504781987,-0.3806215049526287,-0.01936499935895597,2.0718269742177817,54.16774739006539,25.46002457995841,0.0,100.0
1.25,0.825,87.51929884420824,-0.3832500956255558,-1.8199031379823083,-0.636135620360804,-0.38324945644845343,-0.06987490834680443,2.0373165165917344,54.16370623536183,25.43192919229937,0.0,100.0
1.025,1.0,87.51930905114737,-0.38326030256469323,-1.8199133449214457,-0.692974031901187,-0.3832599141505682,0.013180373998324058,2.098558181001061,54.1706385616119,25.47831720952623,0.0,100.0
0.45,0.05,87.52045877185044,-0.38441002326776186,-1.8210630656245144,-0.47622615342709196,-0.3844111486402454,-0.2213210420327556,1.86046244797032,54.08170495684612,24.410773634586366,0.1486056360987425,100.0
0.375,0.075,87.52064656761382,-0.38459781903114276,-1.8212508613878953,-0.4884304254287457,-0.3845990580693382,-0.20503640255256528,1.8529872488193788,54.08168539086941,24.398161600674456,0.14868832245594263,100.0
0.05,1.55,87.52182142232928,-0.38577267374660096,-1.8224257161033535,-0.9000930613500486,-0.38577346401033596,0.2027554787630379,2.2921847570774028,54.18782954729891,25.506444480617446,0.0,100.0
-0.125,0.275,87.52523680789419,-0.3891880593115076,-1.82584110166826,-0.5784871012769912,-0.3891900332432442,-0.10312587112534288,1.7935377459691915,54.08443114150026,24.342753773208905,0.0,100.0
0.725,1.2,87.52661437222412,-0.3905656236414359,-1.8272186659981884,-0.7644534361766375,-0.3905655853444273,0.09370993869502797,2.172171544191777,54.17774088201871,25.51236803996702,0.0,100.0
0.525,0.025,87.52791999973462,-0.3918712511519402,-1.8285242935086927,-0.4725919348035035,-0.3918722627080086,-0.24527654611009098,1.8669824309931256,54.08172170213079,24.423465657653598,0.14852294974154234,100.0
0.3,0.1,87.52848359524128,-0.3924348466586025,-1.829087889015355,-0.5092050901822631,-0.39243619921097944,-0.1964229549587202,1.844550697507019,54.08166151796279,24.38562688706386,0.11715511570521203,100.0
0.6,1.275,87.53198696565187,-0.39593821706918675,-1.8325912594259393,-0.7922180336635307,-0.3959383254045548,0.11756797874161862,2.199614976399837,54.18019848077774,25.519712399401772,0.0,100.0
1.225,0.85,87.53481239265408,-0.3987636440713942,-1.8354166864281467,-0.6591888092127789,-0.3987630285939218,-0.07415702646606803,2.0449753244075124,54.16480721247804,25.441815295496095,0.0,100.0
-0.075,0.25,87.53842370944189,-0.40237496085920554,-1.839028003215958,-0.584356113317952,-0.4023768646842626,-0.12647263153588995,1.79891992307322,54.08371252814466,24.34413030246469,0.0,100.0
0.1,0.175,87.53938223295356,-0.4033334843708758,-1.8399865267276283,-0.5551115995390035,-0.4033351342275807,-0.16423624820285454,1.820737586562048,54.0823255485924,24.35926773736192,0.0,100.0
0.0,1.575,87.53989533822325,-0.4038465896405654,-1.840499631997318,-0.9338610303118031,-0.4038474418102112,0.18854988451688826,2.299077831951536,54.18848942703216,25.505366419613903,0.0,100.0
1.1,0.95,87.54139235027583,-0.4053436016931471,-1.8419966440498996,-0.6980801653503335,-0.40534312442762827,-0.03328804187486867,2.079569005707587,54.168819731952006,25.46995083998263,0.0,100.0
0.925,1.075,87.54262803041024,-0.4065792818275611,-1.8432323241843136,-0.7398173473832088,-0.40657900400796054,0.023348002805050783,2.125085720167518,54.17348129635507,25.4966989260182,0.0,100.0
0.6,0.0,87.54303123027658,-0.40698248169390183,-1.8436355240506543,-0.4775271232413303,-0.4069833792930524,-0.2769024121223822,1.8725540728821735,54.08173663487629,24.436239437928787,0.14844026338434219,100.0
0.225,0.125,87.54397104102642,-0.4079222924437431,-1.8445753348004956,-0.5385509937316755,-0.4079237583590071,-0.19548184980604333,1.835148666022424,54.081632316227285,24.37316770131127,0.08082324604340402,100.0
0.85,1.125,87.54405203931135,-0.40800329072867214,-1.8446563330854246,-0.7573874050642644,-0.40800310086935665,0.0440779819200543,2.143601911754233,54.17525418124486,25.505201339669476,0.0,100.0
0.325,1.425,87.54444073660348,-0.4083919880207958,-1.8450450303775483,-0.8484112053297395,-0.4083924318285511,0.15431539311285292,2.2524448943822426,54.184759151517966,25.52350690539418,0.0,100.0
0.275,1.45,87.5454393641229,-0.40939061554021805,-1.8460436578969706,-0.8566257245568636,-0.4093911210345624,0.15984913182910532,2.2609353990416055,54.18544781475113,25.522311917070517,0.0,100.0
0.375,1.4,87.54664814399796,-0.4105993954152751,-1.8472524377720276,-0.8432696604425303,-0.4105997772383233,0.14508410724211274,2.243739713349562,54.18406055490592,25.524718841386097,0.0,100.0
1.135,0.925,87.5481357466623,-0.4120869980796158,-1.8487400404363683,-0.6964555153419951,-0.41208648020404437,-0.05221390136074433,2.070360848869528,54.16786832403003,25.464625224126344,0.0,100.0
0.225,1.475,87.54964232257143,-0.41359357398874863,-1.8502466163455011,-0.8735510245368374,-0.41359414084312507,0.16168312868212809,2.2691699959362723,54.18613189648098,25.521135105176803,0.0,100.0
1.0,1.025,87.55076925369224,-0.4147205051095568,-1.8513735474663093,-0.7314723842621333,-0.41472013934446184,-0.007918385131759464,2.1063214421469856,54.171688305164174,25.48825632899397,0.0,100.0
0.425,1.375,87.55201879902012,-0.41597005043743707,-1.8526230927941896,-0.8411630463877344,-0.4159703701065041,0.13215520311464957,2.2348420225065446,54.18335603725381,25.52595255931011,0.0,100.0
0.65,1.25,87.55202477709481,-0.41597602851213367,-1.8526290708688862,-0.8042090949455911,-0.41597607422230853,0.08769801833074098,2.1898560541638386,54.17947790215351,25.52104435785726,0.0,100.0
1.2,0.875,87.55275527189934,-0.41670652331666247,-1.853359565673415,-0.6846030157779666,-0.41670593177378235,-0.08097151589014118,2.0526430635798403,54.1658962701985,25.451711751848134,0.0,100.0
-0.025,0.225,87.55492583554889,-0.41887708696620507,-1.8555301293229576,-0.5937170144812143,-0.4188789205144928,-0.15315926865244478,1.8040280737800072,54.08299453575057,24.345538616705962,0.0,100.0
0.775,1.175,87.55500881343815,-0.4189600648554688,-1.8556131072122213,-0.7840620998212273,-0.41895996234875665,0.054292773732996125,2.1618756162633006,54.1770127675768,25.513773856871392,0.0,100.0
0.175,1.5,87.5570686230491,-0.42101987446642397,-1.8576729168231765,-0.8983546890809606,-0.42102050237268995,0.1598346048212278,2.2771306294210567,54.18680941467367,25.519981898568375,0.0,100.0
0.475,1.35,87.56048175313919,-0.424433004556505,-1.8610860469132575,-0.8420982264214274,-0.42443326091847383,0.1155310173948152,2.225881755904126,54.18264627190384,25.527208262768514,0.0,100.0
-0.05,1.6,87.5611213327245,-0.4250725841418159,-1.8617256264985684,-0.970253852182779,-0.42507349790646176,0.17067170823291633,2.3056874312937974,54.18914974221046,25.50430062720846,0.0,100.0
0.425,0.05,87.56545625414054,-0.42940750555786167,-1.8660605479146142,-0.5282830242831409,-0.42940867325038995,-0.26018550396854323,1.8552186380267564,54.08094396743912,24.39984585033448,0.1467271251243949,100.0
0.15,0.15,87.56710735400566,-0.4310586054229759,-1.8677116477797284,-0.5764571993287291,-0.4310601845319553,-0.20221412998533594,1.8247789975720219,54.08159901573652,24.36078648445536,0.030120843530082708,100.0
0.125,1.525,87.56766758601373,-0.4316188374310457,-1.8682718797877982,-0.9258284150223375,-0.4316195259136464,0.15446535182101684,2.2848508382895907,54.18747780179041,25.518849362803547,0.0,100.0
1.075,0.975,87.56849114044942,-0.4324423918667435,-1.869095434223496,-0.7323279534263492,-0.4324419373875202,-0.04966954400319423,2.087322968906306,54.16988095193769,25.479871974243085,0.0,100.0
0.35,0.075,87.568699309774,-0.4326505611913234,-1.869303603548076,-0.5440382828226547,-0.43265184257631406,-0.2469522483605573,1.847295387890088,54.08092337296405,24.387265135673722,0.1465083349759182,100.0
0.5,0.025,87.56986276407724,-0.433814015494562,-1.8704670578513145,-0.5210979653302843,-0.4338150693474091,-0.28108965817718,1.862184722320956,54.08096109988917,24.412505417598574,0.14664443876719474,100.0
0.525,1.325,87.57215913146231,-0.4361103828796331,-1.8727634252363856,-0.8461001812880511,-0.43611057545451215,0.095222830667268,2.216693348449375,54.18193103289471,25.528482748554193,0.0,100.0
1.175,0.9,87.57310354698846,-0.4370547984057822,-1.8737078407625347,-0.7123614511021827,-0.4370542308309638,-0.0902883884845096,2.0603457708407804,54.16697319484949,25.46161499982417,0.0,100.0
-0.3,0.35,87.57461504022594,-0.4385662916432551,-1.8752193340000076,-0.6614693575223924,-0.43856851639644673,-0.11615505559367989,1.7666717951025177,54.08581413652629,24.328128511285698,0.0,100.0
0.025,0.2,87.57474405971618,-0.43869531113350035,-1.8753483534902529,-0.6065698628475928,-0.4386970742210309,-0.1831886644349794,1.808863892839381,54.08227570664893,24.346984958344432,0.0,100.0
0.7,1.225,87.57529938863198,-0.4392506400492948,-1.8759036824060473,-0.819244788168902,-0.43925062295666634,0.0541242262560786,2.179846712960903,54.178758220733876,25.5224061273968,0.0,100.0
-0.25,0.325,87.57664038256047,-0.4405916339777889,-1.8772446763345414,-0.6556238387778848,-0.44059378949519046,-0.1282140512016383,1.7730628109524893,54.08509497130714,24.329389988712265,0.0,100.0
0.275,0.1,87.57959126305306,-0.44354251447037996,-1.8801955568271325,-0.5683642044742356,-0.44354390939109295,-0.24139060467523166,1.8384092228537978,54.08089684514901,24.374758748510985,0.11017646531411021,100.0
0.9,1.1,87.58080145236649,-0.4447527037838057,-1.8814057461405582,-0.7848822840577441,-0.44475244876048803,-0.004924161578387043,2.1328087807995324,54.174517369058684,25.50666838087753,0.0,100.0
0.075,1.55,87.58139116067139,-0.4453424120887064,-1.881995454445459,-0.9560052415763494,-0.4453431609891879,0.14546127347554716,2.2922769107997727,54.18814032776814,25.517743354286786,0.0,100.0
0.575,0.0,87.58191886885209,-0.4458701202694044,-1.882523162626157,-0.5224826380936491,-0.4458710601367727,-0.3096645402257252,1.868200178321225,54.08097689851298,24.425247712995745,0.1465617524099946,100.0
-0.2,0.3,87.58197666743717,-0.445927918854494,-1.8825809612112465,-0.6532652914834358,-0.4459300049523648,-0.14361061404576958,1.7791754133509499,54.084376530377156,24.330685478454054,0.0,100.0
0.975,1.05,87.58458299005082,-0.44853424146813836,-1.8851872838248909,-0.7723125469895393,-0.44853389814743994,-0.03150048187515608,2.1140748787212784,54.172734707544315,25.49820231063297,0.0,100.0
0.825,1.15,87.58656853849624,-0.4505197899135567,-1.8871728322703092,-0.8066794080091455,-0.45051962258283423,0.011162665937845873,2.1513456475388724,54.176281470349416,25.515202577058908,0.0,100.0
0.575,1.3,87.5870261428169,-0.450977394234215,-1.8876304365909675,-0.8531088789940924,-0.4509775231440244,0.07122525154214543,2.2072338475165494,54.181213535800836,25.529783651624765,0.0,100.0
-0.15,0.275,87.59062580447285,-0.4545770558901694,-1.891230098246922,-0.6543945664611783,-0.4545790724009606,-0.1623443105588649,1.785011440378089,54.08365728141225,24.33201451008214,0.0,100.0
1.15,0.925,87.59580017893892,-0.4597514303562349,-1.8964044727129874,-0.7424097600922153,-0.4597508863994875,-0.10200485083407784,2.0680989797853617,54.168048117764606,25.471527106923354,0.0,100.0
0.075,0.175,87.59787582497702,-0.46182707639434284,-1.8984801187510953,-0.6228995631118863,-0.46182876882167817,-0.21656050626418732,1.813432781745322,54.08155364550527,24.348464106008272,0.0,100.0
1.05,1.0,87.59792954885133,-0.461880800268645,-1.8985338426253975,-0.7689342855167212,-0.4618803687102684,-0.06856275514735444,2.095087798432067,54.17093435767963,25.48979791585758,0.0,100.0
0.2,0.125,87.59813462861624,-0.46208588003355544,-1.898738922390308,-0.6012617517917818,-0.46208738834303914,-0.24350166847136734,1.828556104388442,54.08086662366316,24.3623310371712,0.0738445956523022,100.0
0.025,1.575,87.59822589451471,-0.4621771459320314,-1.898830188288784,-0.9888797250442423,-0.46217795664681205,0.1327738478717322,2.2993714201247295,54.18880233299221,25.516656213954132,0.0,100.0
0.75,1.2,87.60175554629367,-0.4657067977109932,-1.9023598400677457,-0.8372547201097689,-0.46570671703373423,0.016845116322699027,2.1695936648041236,54.178035902998325,25.523794637788853,0.0,100.0
-0.1,0.25,87.60253501009811,-0.4664862615154277,-1.9031393038721802,-0.6587473793783545,-0.46648820792441087,-0.18441267018245355,1.7906479807390223,54.08293811383559,24.333379709095208,0.0,100.0
0.625,1.275,87.60505722483869,-0.4690084762560076,-1.9056615186127601,-0.8631630494332256,-0.46900854253750024,0.043535240830451016,2.197501680131374,54.1804919154181,25.531108982362742,0.0,100.0
0.3,1.45,87.61157358899771,-0.4755248404150336,-1.9121778827717861,-0.9209931003862266,-0.4755253043714305,0.09466934259779691,2.2599622893557183,54.185747435319804,25.53365164812248,0.0,100.0
0.35,1.425,87.61179847701034,-0.47574972842765817,-1.9124027707844107,-0.9139452771417922,-0.4757501306748509,0.08760914272050968,2.2512835399825506,54.18505634305116,25.53485434024794,0.0,100.0
0.4,0.05,87.61222943253985,-0.4761806839571676,-1.9128337263139201,-0.5823633496442824,-0.4761818939957266,-0.3008218963706071,1.8497778434588907,54.080182237127474,24.388937230127578,0.14484861415004732,100.0
0.475,0.025,87.61358112480684,-0.4775323762241612,-1.9141854185809137,-0.5716273934706209,-0.4775334723991705,-0.3186746917168932,1.857190675580718,54.08020046069783,24.401565626849038,0.14476592779284714,100.0
1.25,0.85,87.61440361172309,-0.4783548631404102,-1.9150079054971627,-0.7358516775792765,-0.47835420414625957,-0.15774018059840955,2.040978979708001,54.16511524399309,25.4533372824738,0.0,100.0
0.25,1.475,87.61454432361053,-0.4784955750278499,-1.9151486173846024,-0.9333127783530983,-0.47849610023281175,0.09803001193972705,2.2684143898880906,54.18643334294342,25.53246793273269,0.0,100.0
0.4,1.4,87.61523802406933,-0.4791892754866467,-1.9158423178433992,-0.9099665094658747,-0.4791896156415021,0.0768481535884149,2.242389912084961,54.18435656531288,25.53607257168917,0.0,100.0
-0.05,0.225,87.61775639114828,-0.4817076425655955,-1.918360684922348,-0.6665797132529576,-0.481709518700265,-0.20981820585731725,1.7960130977402353,54.082220056680384,24.334775950117464,0.0,100.0
-0.025,1.6,87.6182100081093,-0.48216125952662026,-1.9188143018833728,-1.0244100663353919,-0.4821621321019961,0.1164076790928732,2.3061917347902785,54.189466440436185,25.515582582480324,0.0,100.0
0.325,0.075,87.61852727612332,-0.4824785275406356,-1.919131569897388,-0.601669659242674,-0.4824798512944028,-0.29064013216103035,1.841405845894345,54.080160090534456,24.376386887094405,0.1395296845848164,100.0
0.2,1.5,87.62070446270934,-0.4846557141266601,-1.9213087564834126,-0.9572365616419347,-0.48465630051164227,0.0977192337441295,2.276590881460463,54.187112534400946,25.531305613785047,0.0,100.0
0.95,1.075,87.62076379493399,-0.4847150463513117,-1.9213680887080642,-0.8154609345116768,-0.48471472565089757,-0.057594815799816956,2.1218111798415147,54.173775326747034,25.508161127412684,0.0,100.0
1.125,0.95,87.6208660433784,-0.4848172947957181,-1.9214703371524706,-0.7747499579060246,-0.4848167741329945,-0.11619351923074817,2.075853399982654,54.16911718241077,25.48144936814023,0.0,100.0
0.875,1.125,87.62133157548398,-0.4852828269012974,-1.92193586925805,-0.8322593515582639,-0.48528259432039533,-0.03566184826782148,2.140582864593728,54.17554780626469,25.516653446521115,0.0,100.0
0.45,1.375,87.62178285344943,-0.4857341048667507,-1.9223871472235032,-0.9090030603325516,-0.48573438213518044,0.062392675173157386,2.2333852824974425,54.18365032710582,25.537312047580144,0.0,100.0
0.55,0.0,87.62258199091427,-0.4865332423315891,-1.9231862846883416,-0.5694614023388169,-0.48653422449312983,-0.34419839029162347,1.8636506340401164,54.08021632668719,24.41427489614781,0.144683241435647,100.0
0.125,0.15,87.62432343103154,-0.48827468244886063,-1.9249277248056131,-0.6427166769960309,-0.48827630403444855,-0.25327449562514914,1.8177327228911726,54.080830646129435,24.349978238180228,0.012105302393817907,100.0
0.675,1.25,87.62632632281374,-0.4902775742310581,-1.9269306165878106,-0.8762671431413906,-0.490277577726701,0.012143196967244307,2.187518661562993,54.179769328610426,25.53245065499816,0.0,100.0
1.025,1.025,87.62971682464877,-0.4936680760660863,-1.9303211184228388,-0.8078400872449123,-0.493667667348214,-0.08998040681366604,2.1028133955884454,54.17198355832646,25.4997289746772,0.0,100.0
0.15,1.525,87.6300547957983,-0.49400604721562047,-1.930659089572373,-0.983860873893704,-0.49400669446460765,0.09384101716126736,2.2845190265817377,54.18778125020072,25.530161543124155,0.0,100.0
0.8,1.175,87.63137371599554,-0.4953249674128557,-1.9319780097696082,-0.8580258533884404,-0.49532482226642005,-0.02414142795475982,2.1591191538267247,54.17730627464583,25.5252064120167,0.0,100.0
0.5,1.35,87.63149003092941,-0.49544128234673224,-1.9320943247034847,-0.9111063582342069,-0.49544149615544486,0.04424542286832889,2.224226519844793,54.18294156646281,25.538575673846815,0.0,100.0
0.25,0.1,87.63247451293735,-0.4964257643546688,-1.9330788067114213,-0.6295470224772544,-0.49642720166719984,-0.28813043349103395,1.8320700929417135,54.08013201523265,24.363910950144586,0.10319781492300836,100.0
1.225,0.875,87.6327185579932,-0.49666980941051975,-1.9333228517672723,-0.7616879397836414,-0.4966691746435828,-0.1648721115249714,2.0486809960833567,54.16619738899115,25.463227437561404,0.0,100.0
0.0,0.2,87.6362937413422,-0.5002449927595194,-1.936898035116272,-0.677904054601143,-0.500246798435137,-0.2385664779817347,1.8011054147901953,54.08150179155459,24.336210498217547,0.0,100.0
0.1,1.55,87.6425767463513,-0.5065279977686146,-1.943181040125367,-1.0132460803175434,-0.5065287057584641,0.08635901665375911,2.2921813069158006,54.18844566169791,25.529044685080596,0.0,100.0
0.55,1.325,87.64440771521727,-0.5083589666345887,-1.9450120089913412,-0.9162744455013581,-0.5083591164754893,0.022413215313392243,2.2148449544134836,54.18222773391783,25.539860817013448,0.0,100.0
-0.275,0.325,87.64634506821884,-0.5102963196361543,-1.9469493619929068,-0.7365110090067333,-0.5102985176262734,-0.19176358852477904,1.7638478473431494,54.08432090182997,24.318692901863223,0.0,100.0
1.1,0.975,87.64825457299062,-0.5122058244079426,-1.948858866764695,-0.8094118938705748,-0.5122053268308804,-0.1328958380616001,2.0836560110400075,54.17017721005757,25.491365847418102,0.0,100.0
-0.225,0.3,87.65040216896992,-0.5143534203872377,-1.9510064627439903,-0.7326257576965247,-0.5143555489591165,-0.20588078320248826,1.7702190445554762,54.08360228731447,24.319978311396667,0.0,100.0
0.725,1.225,87.6508142722689,-0.5147655236862221,-1.9514185660429746,-0.8924588384040817,-0.5147654640268285,-0.022957068934459812,2.177343461525596,54.1790474194308,25.533819964662488,0.0,100.0
1.135,0.95,87.6530473876026,-0.516998639019917,-1.9536516813766696,-0.8058539684724053,-0.5169981009585711,-0.14987019882499908,2.074360737394259,54.1692353300011,25.486052274053847,0.0,100.0
1.2,0.9,87.65339787409886,-0.5173491255161764,-1.954002167872929,-0.7898264272745621,-0.5173485144709673,-0.17442825237040438,2.0564592109655866,54.16727266696928,25.473129188885363,0.0,100.0
0.175,0.125,87.65407422550548,-0.5180254769228014,-1.954678519279554,-0.6659962943645894,-0.518027027651965,-0.293293807775143,1.8217650774195815,54.08010065547377,24.35151452860839,0.06686594526120035,100.0
-0.175,0.275,87.65777135619027,-0.521722607607586,-1.9583756499643385,-0.7322277948349267,-0.5217246665879998,-0.22333516542381915,1.776313200172743,54.08288337454546,24.321295953042537,0.0,100.0
0.05,0.175,87.65814583925557,-0.5220970906728866,-1.958750133029639,-0.6927117202859989,-0.5220988256967388,-0.270657432975554,1.8059285640006284,54.080781409728175,24.337680568907267,0.0,100.0
0.05,1.575,87.65817162409869,-0.5221228755160041,-1.9587759178727566,-1.0452079203250122,-0.5221236448128593,0.07519522094260367,2.2994939011644075,54.18911036964547,25.52794991585375,0.0,100.0
0.45,0.025,87.65907457396746,-0.5230258253847779,-1.9596788677415304,-0.6241802644810264,-0.523026963903743,-0.35803165796747294,1.8520000240903023,54.07943961165981,24.39064598741753,0.14288741681849956,100.0
0.925,1.1,87.6592891819145,-0.5232404333318215,-1.959893475688574,-0.8608987593887889,-0.5232401353938997,-0.08615513436447486,2.1295889488085056,54.17481006357283,25.518127521780265,0.0,100.0
0.6,1.3,87.66048830165778,-0.5244395530750978,-1.9610925954318503,-0.9244594083316002,-0.5244396398608444,-0.0031088454417016465,2.205160735223921,54.181507745643046,25.541170438891687,0.0,100.0
0.375,0.05,87.66077804913263,-0.52472930054995,-1.9613823429067025,-0.6384671611586725,-0.5247305529587265,-0.3432302197426509,1.8441398901728778,54.079420408929806,24.37804901115317,0.14297010317569972,100.0
1.0,1.05,87.6638791096651,-0.5278303610824224,-1.964483403439175,-0.8490848769489361,-0.5278299749856643,-0.11391091729154823,2.1106008217164187,54.173027825450234,25.509674595340705,0.0,100.0
0.85,1.15,87.66417389387681,-0.5281251452941262,-1.9647781876508787,-0.8818018082048411,-0.5281249352649553,-0.06880576827936125,2.148382537429027,54.17657389096375,25.526643953728517,0.0,100.0
0.525,0.0,87.6650206482938,-0.5289718997111237,-1.9656249420678762,-0.6184634906185806,-0.5289729241925982,-0.3805040429045192,1.8589052719000834,54.07945568305862,24.403322450247778,0.14280473046129943,100.0
-0.125,0.25,87.66842268834652,-0.5323739397638434,-1.969026982120596,-0.7351629885174589,-0.5323759287816359,-0.24412547983526167,1.782175971810419,54.08216380238111,24.322649056279285,0.0,100.0
0.3,0.075,87.67013073529016,-0.5340819867074771,-1.9707350290642296,-0.6613246501227223,-0.5340833528533097,-0.3361001321902961,1.835318831260758,54.07939573819064,24.365527247279953,0.13255103419371456,100.0
1.175,0.925,87.67642695823046,-0.540378209647784,-1.9770312520045366,-0.8202517139780952,-0.5403776221492279,-0.18643203951697274,2.0642482846543175,54.16834498116112,25.483039618322085,0.0,100.0
0.0,1.6,87.67692045048828,-0.5408717019056013,-1.9775247442623538,-1.0798436717833084,-0.5408725331143642,0.06034824229617186,2.3065117318803736,54.18977842669206,25.526868522754636,0.0,100.0
1.075,1.0,87.67801384298811,-0.5419650944054268,-1.9786181367621793,-0.8464349477155366,-0.5419646195890948,-0.1521240783445421,2.0914443923708728,54.17122862540724,25.501281064625367,0.0,100.0
0.775,1.2,87.67846745363568,-0.5424187050529952,-1.9790717474097477,-0.9115543137162518,-0.5424185817719263,-0.061760419522613574,2.1669085509232193,54.17832194781385,25.535213954134015,0.0,100.0
0.325,1.45,87.67932201743075,-0.5432732688480684,-1.9799263112048209,-0.986925970530379,-0.5432736915306634,0.02763093344231038,2.2588361912225885,54.18604208996708,25.544993716705548,0.0,100.0
0.65,1.275,87.67974682866911,-0.5436980800864291,-1.9803511224431816,-0.9356243274327625,-0.5436981045184155,-0.032331734814022184,2.1951978381526023,54.18078074878923,25.54250346412889,0.0,100.0
0.375,1.425,87.68077881999267,-0.5447300714099867,-1.9813831137667393,-0.9810463108146479,-0.5447304319930055,0.01904377925907852,2.2499844153802107,54.18534945803662,25.546202706484316,0.0,100.0
0.275,1.475,87.68106139899126,-0.5450126504085802,-1.9816656927653327,-0.9958858689789167,-0.5450131347473046,0.03252381637061319,2.2674714975467762,54.186728464256376,25.54380412556466,0.0,100.0
-0.075,0.225,87.682363362502,-0.5463146139193213,-1.9829676562760739,-0.7414667191224424,-0.5463165326641899,-0.26825010899632673,1.7877983394271453,54.081445470046326,24.324033852586073,0.0,100.0
0.1,0.15,87.6833124946715,-0.5472637460888166,-1.983916788445569,-0.7110002552192043,-0.5472654102693127,-0.3060907079423032,1.8104842028664523,54.080059230828965,24.339184457806954,0.0,100.0
0.425,1.4,87.68543317734091,-0.5493844287582306,-1.986037471114983,-0.9782213539804303,-0.5493847268378829,0.006755287922757702,2.2409282347632478,54.18464965656029,25.54742994964357,0.0,100.0
0.225,1.5,87.68597249334981,-0.5499237447671277,-1.9865767871238802,-1.0174748390463435,-0.5499242901897503,0.03376015637961416,2.2758559632683335,54.18740978728153,25.542636750137106,0.0,100.0
0.225,0.1,87.68713374510138,-0.5510849965186964,-1.9877380388754489,-0.6927535848371917,-0.5510864762488751,-0.33664249507778266,1.8255328510400162,54.07936673984984,24.353082975443613,0.09621916453190651,100.0
0.475,1.375,87.69317418328488,-0.5571254347022006,-1.993778477058953,-0.9784065493846583,-0.5571256693245971,-0.009230220901287112,2.2317644903334335,54.18394336372957,25.548680302747538,0.0,100.0
0.175,1.525,87.69408485671127,-0.5580361081285901,-1.9946891504853426,-1.043206792859678,-0.558036714350132,0.031360778625469266,2.283982401762328,54.188081597706024,25.541484553239968,0.0,100.0
-0.025,0.2,87.69961988672473,-0.5635711381420521,-2.0002241804988046,-0.751262492096572,-0.563572986430492,-0.29571717679331755,1.7931473696047981,54.08072732914318,24.325455765123472,0.0,100.0
0.9,1.125,87.70010244217356,-0.5640536935908784,-2.000706735947631,-0.9086136754075511,-0.5640534187189331,-0.1171129365936423,2.137432592679413,54.17583713111026,25.528102448545702,0.0,100.0
0.975,1.075,87.7004030297043,-0.5643542811216236,-2.001007323478376,-0.8925973294789316,-0.5643539174462375,-0.14035368539902038,2.1184315001562806,54.17406665873602,25.519625764368975,0.0,100.0
1.15,0.95,87.70181088445393,-0.5657621358712532,-2.0024151782280057,-0.852981320151855,-0.5657615717651623,-0.2009426607815783,2.0720641633183354,54.16941321693468,25.492954358179464,0.0,100.0
0.7,1.25,87.70220632084136,-0.5661575722586747,-2.002810614615427,-0.949877200790155,-0.5661575340283178,-0.06525579055777087,2.185048299752337,54.18005418447494,25.543855743200808,0.0,100.0
0.525,1.35,87.7041056230778,-0.5680568744951131,-2.0047099168518656,-0.9816759884445645,-0.5680570457244926,-0.028900710747578273,2.2223896485155583,54.1832352730177,25.549955530983155,0.0,100.0
0.125,1.55,87.70537451217609,-0.5693257635934117,-2.005978805950164,-1.071711674860211,-0.5693264305469341,0.025398459660451067,2.2918793932928265,54.18874800878838,25.54035323727498,0.0,100.0
0.425,0.025,87.70634357081174,-0.5702948222290587,-2.006947864585811,-0.6787565985098922,-0.5702960031168857,-0.3991605575733388,1.8466127412560294,54.0786781152469,24.379745702443824,0.14100890584415196,100.0
0.5,0.0,87.70923488834069,-0.5731861397580076,-2.00983918211476,-0.6694889704447036,-0.5731872065848733,-0.41858158863841766,1.8539639497034663,54.078695034386186,24.392390528414595,0.14092621948695183,100.0
0.825,1.175,87.70929571389735,-0.5732469653146666,-2.009900007671419,-0.9335428620359068,-0.5732467781357826,-0.10422935256275423,2.1562160068566967,54.17758903879097,25.536631793004553,0.0,100.0
1.05,1.025,87.71018025636901,-0.5741315077863334,-2.010784550143086,-0.8857550764446813,-0.5741310558836432,-0.1738781554687563,2.0992409945507804,54.17227536718654,25.51120732452544,0.0,100.0
0.35,0.05,87.71110234095568,-0.5750535923729956,-2.011706634729748,-0.6965945041013839,-0.5750548871775265,-0.3874105177835645,1.8383047310751406,54.078657811776786,24.367179956270412,0.14109159220135212,100.0
0.15,0.125,87.71178913074405,-0.5757403821613707,-2.012393424518123,-0.7327547189637045,-0.5757419753302486,-0.34485834675597005,1.8147764088669929,54.07933383506864,24.340717114886854,0.055961310744667064,100.0
1.25,0.875,87.71421326430469,-0.5781645157220083,-2.014817558078761,-0.8403309958011675,-0.5781638370519631,-0.2505466681374173,2.0446697550115456,54.16649631631395,25.47475708193275,0.0,100.0
-0.3,0.325,87.71782538938602,-0.5817766408033407,-2.018429683160093,-0.8194217478150847,-0.5817788812908304,-0.257085192902764,1.754432289477906,54.083546787862176,24.308016572750358,0.0,100.0
0.575,1.325,87.71823386443023,-0.5821851158475511,-2.0188381582043036,-0.9879763718780339,-0.5821852239462828,-0.05225271277267041,2.212766925107023,54.18251788635491,25.551245086346732,0.0,100.0
0.075,1.575,87.71973935953962,-0.5836906109569355,-2.020343653313688,-1.1028098885384736,-0.5836913389912866,0.015757615974308692,2.299410574842399,54.18941331776552,25.539248072030258,0.0,100.0
0.025,0.175,87.7201923059634,-0.5841435573807132,-2.0207965997374657,-0.7645480726152982,-0.5841453350267528,-0.32652709340835884,1.7982250043965198,54.08000879271767,24.32691656785308,0.0,100.0
-0.25,0.3,87.72060360570819,-0.5845548571255108,-2.0212078994822633,-0.8140098159922786,-0.5845570281966331,-0.2699232309306865,1.7610624661671899,54.082827567396784,24.309291076496923,0.0,100.0
0.275,0.075,87.7235096341186,-0.5874608855359185,-2.024113927892671,-0.7230033369625346,-0.5874622940965992,-0.3833322714173448,1.829034675449141,54.07863091568284,24.35468737260265,0.1255723838026127,100.0
-0.2,0.275,87.72669306864623,-0.5906443200635465,-2.027297362420299,-0.8120850284312695,-0.5906464215399183,-0.28609836474839767,1.7674147163687262,54.082109100629154,24.310596956219932,0.0,100.0
0.75,1.225,87.72790070070742,-0.5918519521247418,-2.0285049944814944,-0.9672105996240248,-0.5918518509514626,-0.1018610032883629,2.1746817350408043,54.179328051166976,25.54523169136577,0.0,100.0
1.125,0.975,87.72955737910917,-0.5935086305264861,-2.0301616728832386,-0.888050859179387,-0.5935080893066867,-0.21798061408473757,2.0798631159211936,54.17047188556212,25.50286013267192,0.0,100.0
1.225,0.9,87.73524017867592,-0.5991914300932422,-2.0358444724499947,-0.8688306131603412,-0.5991907754246995,-0.26036802761642264,2.052445354331641,54.167570557018934,25.484653384535353,0.0,100.0
0.625,1.3,87.73553445358594,-0.5994857050032607,-2.036138747360013,-0.9972785556273749,-0.5994857509430801,-0.07929841337103483,2.202858669303325,54.18179341293276,25.552558666684046,0.0,100.0
-0.15,0.25,87.73608632007365,-0.6000375714909723,-2.0366906138477248,-0.8136029208061046,-0.6000396031539708,-0.30560896833070217,1.7735036205555608,54.08138968950248,24.31193801903172,0.0,100.0
0.025,1.6,87.73725959183184,-0.601210843249163,-2.0378638856059155,-1.1365878969301093,-0.6012116330775683,0.002432984961302509,2.3066429250540192,54.19008246127015,25.5381582430297,0.0,100.0
0.95,1.1,87.73920753233557,-0.6031587837528889,-2.0398118261096414,-0.9383856055245019,-0.6031584435287357,-0.169129631685081,2.1262990515643545,54.17509508869815,25.52958192268615,0.0,100.0
0.875,1.15,87.74321047702851,-0.6071617284458313,-2.043814770802584,-0.9584593973795563,-0.6071614768379362,-0.1504039552143155,2.1453042148032493,54.17685291699493,25.538075779539422,0.0,100.0
0.2,0.1,87.74356898532663,-0.6075202367439516,-2.044173279100704,-0.7579839317585737,-0.6075217589174287,-0.38692685572445384,1.8187974861283713,54.07860090034201,24.342274627327225,0.0892405141408047,100.0
0.075,0.15,87.7440779521687,-0.608029203586014,-2.0446822459427665,-0.7813079662282405,-0.608030910387248,-0.36067956676919266,1.8030366457068818,54.079287088666256,24.328409013832783,0.0,100.0
1.025,1.05,87.74471117494735,-0.608662426364674,-2.0453154687214266,-0.9273795428755278,-0.6086619973896716,-0.19814042164578893,2.1070705497421587,54.17331536251727,25.521144511348194,0.0,100.0
0.35,1.45,87.74866023175154,-0.6126114831688625,-2.049264525525615,-1.054361820619519,-0.6126118644052724,-0.04126693124729286,2.257564071108919,54.18633184584312,25.556340477066275,0.0,100.0
-0.1,0.225,87.74874675471604,-0.6126980061333569,-2.0493510484901094,-0.8183780731058903,-0.6126999675126512,-0.3284549196646651,1.7793838810028921,54.080670749799616,24.313312302198764,0.0,100.0
0.3,1.475,87.74918669740944,-0.6131379488267612,-2.0497909911835137,-1.0621648259959784,-0.6131383920996001,-0.034827068968510844,2.266360601725187,54.18701870283424,25.555141133841186,0.0,100.0
0.4,1.425,87.75133427829131,-0.615285529708629,-2.0519385720653815,-1.04963722916564,-0.6152858486937077,-0.05138128155513755,2.2485211546055486,54.18563670222736,25.55755676590796,0.0,100.0
0.25,1.5,87.75286567525646,-0.6168169266737777,-2.0534699690305303,-1.079043386780782,-0.6168174311770287,-0.032056807276546806,2.274930759716304,54.18770163681038,25.55396305218479,0.0,100.0
0.475,0.0,87.75522462517348,-0.619175876590802,-2.0558289189475545,-0.722537871133909,-0.6191769857876637,-0.4584310660520856,1.848826514688765,54.077934197082406,24.38147881248635,0.13904770851260423,100.0
0.4,0.025,87.75538829956008,-0.6193395509774007,-2.055992593334153,-0.7353564133932764,-0.6193407742603085,-0.44206139072854,1.8410287502108633,54.07791614167423,24.36886511912404,0.13913039486980439,100.0
0.675,1.275,87.75598575477945,-0.6199370061967642,-2.0565900485535167,-1.0096124728956823,-0.6199369896935736,-0.11004313354438011,2.1927506168489708,54.181064247444915,25.553896623611287,0.0,100.0
0.8,1.2,87.75671424245411,-0.620665493871428,-2.0573185362281805,-0.9874217275198021,-0.6206653292929729,-0.14215185911413641,2.1640316884846733,54.178599394863596,25.546635745095,0.0,100.0
0.45,1.4,87.75718235263399,-0.6211336040513089,-2.0577866464080614,-1.0479492955479515,-0.6211338605739968,-0.06519704136273674,2.2392766742472485,54.18493624882649,25.558793626604206,0.0,100.0
1.2,0.925,87.75862118594198,-0.6225724373592953,-2.059225479716048,-0.8996652907516278,-0.6225718063582292,-0.27267894665885706,2.0602814474339004,54.16863905360172,25.49455586285901,0.0,100.0
1.1,1.0,87.75972055640236,-0.6236718078196759,-2.0603248501764284,-0.9254846380415671,-0.6236712896848218,-0.2375389821084184,2.087681925585032,54.17151805884814,25.51276418151274,0.0,100.0
0.2,1.525,87.75974354912549,-0.6236948005428076,-2.06034784289956,-1.1039015976162148,-0.6236953658211547,-0.03297515492307923,2.2832621555525034,54.18837758202469,25.552804427475287,0.0,100.0
1.135,0.975,87.76254024926843,-0.626491500685745,-2.0631445430424975,-0.9199466143861059,-0.6264909420661156,-0.25251917261627455,2.0783043199041047,54.17058807997031,25.507455899415213,0.0,100.0
0.325,0.05,87.76320190172578,-0.627153153143098,-2.0638061954998506,-0.7567454436703969,-0.6271544903654501,-0.4333628897100823,1.8322722518702559,54.07789393128071,24.35632912231902,0.13921308122700454,100.0
-0.05,0.2,87.76472248642898,-0.6286737378462988,-2.0653267802030513,-0.826645230447923,-0.6286756287716144,-0.3546408412079529,1.7849898879966208,54.07995273457981,24.314721569550024,0.0,100.0
0.5,1.375,87.76613312052865,-0.6300843719459692,-2.0667374143027217,-1.0492931533712806,-0.6300845650345792,-0.08271298239748148,2.2299356279788376,54.18422841208964,25.560050540761473,0.0,100.0
0.15,1.55,87.76978994834484,-0.6337411997621558,-2.0703942421189083,-1.1314894338047878,-0.6337418257336139,-0.037420146312840075,2.2913625328106657,54.18904599558708,25.551666295847888,0.0,100.0
0.125,0.125,87.771275952055,-0.6352272034723256,-2.071880245829078,-0.8015371508363529,-0.6352288392217957,-0.39817438795968485,1.8075848376236365,54.07856490808501,24.329936455137343,0.03794576960840226,100.0
0.55,1.35,87.77828828952353,-0.6422395409408495,-2.078892583297602,-1.0537050294256574,-0.6422396711795443,-0.1039059715674,2.220328386294696,54.183516651857964,25.56133035900661,0.0,100.0
0.25,0.075,87.7786645168148,-0.642615768232119,-2.0792688105888715,-0.7867057757572553,-0.6426172192337163,-0.4323366171822727,1.8225527702773752,54.077865870252346,24.34386775591419,0.11859373341151087,100.0
0.725,1.25,87.7796575040447,-0.6436087554620258,-2.0802617978187783,-1.0250165963811781,-0.6436086762379517,-0.1444491521663025,2.1824029820582145,54.180334622403755,25.555260953438783,0.0,100.0
0.925,1.125,87.78034229249783,-0.644293543915154,-2.0809465862719065,-0.9863948779481149,-0.6442932275165163,-0.2002773965187572,2.1341796466201592,54.17611425972306,25.539541871471584,0.0,100.0
1.0,1.075,87.78155522954043,-0.6455064809577493,-2.082159523314502,-0.9712641249756331,-0.6455060752327484,-0.22481189887790265,2.114947202006276,54.17434933553091,25.531087522928598,0.0,100.0
0.1,1.575,87.78291178153877,-0.6468630329560909,-2.0835160753128434,-1.161679568150575,-0.6468637200743956,-0.04553763452175019,2.2991067612053095,54.18971315166814,25.550554367426834,0.0,100.0
0.0,0.175,87.78401444436062,-0.6479656957779412,-2.0846187381346937,-0.8384046269985106,-0.6479675160656939,-0.384169594097969,1.7903233686466307,54.079234538864014,24.316170151876566,0.0,100.0
1.175,0.95,87.78436043834239,-0.6483116897597085,-2.084964732116461,-0.9327810484148671,-0.6483110818860893,-0.2875156414018676,2.068091627470944,54.169706339483795,25.504456092437426,0.0,100.0
0.85,1.175,87.78866919519106,-0.6526204466083811,-2.0892734889651337,-1.0105159289474415,-0.6526202181025156,-0.18614555109941477,2.153203716716355,54.17786426101355,25.548061527102632,0.0,100.0
1.075,1.025,87.7922586486002,-0.6562099000175152,-2.0928629423742677,-0.965241622622699,-0.6562094057654975,-0.2596122462475847,2.0954976372460927,54.17255995735072,25.522684980580443,0.0,100.0
-0.275,0.3,87.79258059530288,-0.656531846720199,-2.0931848890769515,-0.8974174554177665,-0.6565340603136178,-0.3357378906038804,1.751705437179049,54.0820532727513,24.298622910004468,0.0,100.0
0.6,1.325,87.79364201520525,-0.6575932666225697,-2.094246308979322,-1.0610824616492636,-0.657593333862971,-0.1287743265455532,2.210476721822301,54.1827966022435,25.56262675272084,0.0,100.0
-0.225,0.275,87.79739089001991,-0.6613421414372311,-2.0979951837939836,-0.8939659551106018,-0.6613442854357288,-0.3506338794957031,1.7583162997119237,54.08133467403437,24.299918193911214,0.0,100.0
0.05,1.6,87.79920380712304,-0.6631550585403545,-2.099808100897107,-1.1946106425215959,-0.6631558071755392,-0.057339835248143345,2.3065697316960145,54.19038173949877,25.54945749096223,0.0,100.0
0.175,0.1,87.80178030426195,-0.6657315556792724,-2.102384598036025,-0.8252380951574878,-0.6657331203219513,-0.4389835387699321,1.811863941753319,54.07783487366529,24.33148664351526,0.08226186374970285,100.0
0.45,0.0,87.80298945823945,-0.666940709656771,-2.1035937520135235,-0.7776102246111378,-0.6669418612454422,-0.5000524764757301,1.8434927437318438,54.07717300124935,24.370587009513407,0.13716919753825665,100.0
-0.175,0.25,87.80551320495422,-0.6694644563715428,-2.1061174987282953,-0.8940019697885191,-0.6694665306167706,-0.368864838840139,1.7646501964900674,54.0806153306766,24.301247353606822,0.0,100.0
0.375,0.025,87.80620846405068,-0.670159715468003,-2.1068127578247555,-0.7939797440361644,-0.6701609811701446,-0.4867341613834526,1.8352478861968409,54.07715400601441,24.358004857894677,0.13725188389545678,100.0
0.775,1.225,87.806484414929,-0.6704356663463216,-2.107088708703074,-1.0434585584064564,-0.6704355241993142,-0.18255411351321982,2.1718598955701287,54.179604615369485,25.556646037652104,0.0,100.0
0.05,0.15,87.80661985073851,-0.6705711021558329,-2.1072241445125854,-0.8536398842625914,-0.6705728516037255,-0.41704111416856904,1.7953900769130091,54.07851481218499,24.317654080259846,0.0,100.0
0.65,1.3,87.8121195728803,-0.676070824297625,-2.1127238666543775,-1.0715324568693916,-0.676070829427718,-0.1573183635625952,2.2004254907764365,54.182068934280274,25.56394659050399,0.0,100.0
1.15,0.975,87.81249395865589,-0.6764452100732115,-2.113098252429964,-0.9682639551499364,-0.6764446258310386,-0.3048791888423068,2.075907405397643,54.17075971693743,25.514350151849534,0.0,100.0
-0.125,0.225,87.81690656223667,-0.6808578136539865,-2.117510856010739,-0.8973137855746103,-0.6808598176921379,-0.3904326025781302,1.7707698327497203,54.07989584896919,24.302611237423736,0.0,100.0
0.3,0.05,87.8170765033892,-0.6810277548065216,-2.117680797163274,-0.8189200669842904,-0.6810291344667831,-0.4810873903426369,1.8260431021993535,54.07712923872762,24.345497423426337,0.13733457025265694,100.0
1.25,0.9,87.81868215273586,-0.6826334041531794,-2.119286446509932,-0.9494110188835094,-0.6826327059291202,-0.3481171448199234,2.048296518788034,54.167863027881246,25.496175096594044,0.0,100.0
0.325,1.475,87.81885982081849,-0.6828110722358076,-2.11946411459256,-1.1299758507997524,-0.6828114745511016,-0.1040292146491737,2.265087631680315,54.18730453999788,25.566483881831882,0.0,100.0
0.375,1.45,87.81955082307378,-0.683502074491102,-2.1201551168478545,-1.1233273487937936,-0.6835024151124884,-0.11202138635263736,2.2560663758961783,54.186614539191616,25.56769252390453,0.0,100.0
0.975,1.1,87.82070714450091,-0.684658395918234,-2.1213114382749865,-1.0173833360777707,-0.6846580143658088,-0.25383590970709236,2.122840733225812,54.17537028360986,25.541032031086264,0.0,100.0
0.275,1.5,87.8213542574274,-0.6853055088447206,-2.121958551201473,-1.1418921303255303,-0.6853059722402037,-0.09973218099440828,2.273831792830452,54.18798933677897,25.565296501029675,0.0,100.0
0.425,1.425,87.82345554903094,-0.6874068004482581,-2.1240598428050106,-1.1197527861961305,-0.6874070790526815,-0.12366370098526147,2.246811428903328,54.185915967755854,25.568913198606165,0.0,100.0
0.9,1.15,87.82381848650002,-0.6877697379173355,-2.124422780274088,-1.0366140275853866,-0.6877694450178012,-0.2338329913927737,2.1421057802416588,54.17712582049804,25.549514181896228,0.0,100.0
0.225,1.525,87.8270137919179,-0.6909650433352255,-2.127618085691978,-1.1658895933201165,-0.6909655675670081,-0.09913157879974221,2.282345039370297,54.18866772784746,25.564128207380453,0.0,100.0
1.05,1.05,87.82711988316713,-0.6910711345844476,-2.1277241769412,-1.0072299440248287,-0.6910706637480928,-0.2841110709729122,2.103381412505612,54.17359722474692,25.532615672101937,0.0,100.0
0.475,1.4,87.83048564862713,-0.694436900044451,-2.1310899424012035,-1.1191758207777127,-0.6944371157071544,-0.13900598178132384,2.2374392195031323,54.18521019946175,25.570152562445564,0.0,100.0
-0.075,0.2,87.83160154368709,-0.6955527951044047,-2.132205837461157,-0.9040523062498522,-0.6955547286906125,-0.4153374814099067,1.7766330795178265,54.07917800496145,24.30400793323006,0.0,100.0
0.1,0.125,87.8325375307126,-0.6964887821299186,-2.133141824486671,-0.8723437358350736,-0.6964904605290855,-0.4532551740130373,1.8001930470277985,54.07779294571418,24.319170820472102,0.019930228472137462,100.0
0.7,1.275,87.83376766390907,-0.6977189153263907,-2.1343719576831433,-1.0850333446450833,-0.6977188580202238,-0.18953101184054333,2.1901280899980207,54.18133792452993,25.565289576488855,0.0,100.0
0.225,0.075,87.83559540345922,-0.6995466548765421,-2.1361996972332946,-0.8524319914658776,-0.6995481483449026,-0.48311321870134805,1.81587310919754,54.0771004346668,24.333068108653514,0.11161508302040903,100.0
0.175,1.55,87.83581876761686,-0.699770019034176,-2.1364230613909285,-1.192561046876719,-0.6997706037886076,-0.10209248155099715,2.2906373853436857,54.189340295018376,25.56298203250469,0.0,100.0
0.825,1.2,87.83645332356747,-0.7004045749847876,-2.13705761734154,-1.0647061023531563,-0.7004043690081175,-0.2243522731709504,2.1610766606753087,54.178872089251115,25.558057086041856,0.0,100.0
0.525,1.375,87.84066055857512,-0.7046118099924428,-2.1412648523491953,-1.1216230272526104,-0.704611962631293,-0.1580481536791325,2.227873156093064,54.184498538074074,25.571411928286764,0.0,100.0
1.225,0.925,87.84242081429171,-0.7063720657090329,-2.1430251080657854,-0.9806283940021245,-0.7063713910595254,-0.3607631739625248,2.0561225676943047,54.168930532811615,25.506064016395975,0.0,100.0
1.125,1.0,87.84302694296021,-0.7069781943775268,-2.1436312367342794,-1.0061130928155393,-0.7069776344462753,-0.3247602411646682,2.083725157433429,54.17180112084906,25.524250836874856,0.0,100.0
0.125,1.575,87.84771144234871,-0.71166269376603,-2.1483157361227825,-1.2218838083283714,-0.7116633397855366,-0.10868899047869718,2.2986126625761405,54.19000946417193,25.56186035262618,0.0,100.0
-0.025,0.175,87.84961258232015,-0.7135638337374672,-2.1502168760942197,-0.9142829840006073,-0.7135656966882238,-0.4435850092699809,1.7822233052578784,54.07845998090645,24.305443963714843,0.0,100.0
0.425,0.0,87.85252999134877,-0.7164812427660934,-2.153134285122846,-0.8347060496217296,-0.7164824367725601,-0.5434458218020666,1.8379626559361542,54.0764112022849,24.359714685548315,0.13529068656390905,100.0
0.575,1.35,87.85403258695347,-0.7179838383707846,-2.154636880727537,-1.1271126321801859,-0.7179839280583054,-0.18074995907670655,2.2180660883329577,54.18378298519736,25.572695709540753,0.0,100.0
0.75,1.25,87.85858049933181,-0.7225317507491269,-2.1591847931058794,-1.1015974840967289,-0.7225316305564291,-0.22543264588991008,2.1796500422732534,54.18060524915887,25.566658908611632,0.0,100.0
0.35,0.025,87.85880437748578,-0.7227556289031014,-2.159408671259854,-0.8546266436461707,-0.7227569370502465,-0.5331789447684372,1.8292701329293861,54.07639085626879,24.347163339502867,0.13537337292110918,100.0
0.15,0.1,87.86176682321948,-0.7257180746368022,-2.1623711169935547,-0.8945161916698652,-0.7257196817750071,-0.49281160468743224,1.8047328334971207,54.0770675101559,24.32071688076856,0.07528321335860103,100.0
0.95,1.125,87.86219593304487,-0.7261471844621923,-2.162800226818945,-1.0657031778660269,-0.7261468266979761,-0.28520069661281866,2.130785968016339,54.176383755590926,25.550985460026045,0.0,100.0
0.075,1.6,87.86275675499995,-0.7267080064172688,-2.1633610487740214,-1.253945320013301,-0.7267087138127749,-0.11896652403021335,2.306299620667302,54.190678517914726,25.56075756328487,0.0,100.0
1.025,1.075,87.86429316439352,-0.7282444158108348,-2.1648974581675873,-1.051414021625746,-0.7282439686887869,-0.31100753205848264,2.1113021810466255,54.174620989557255,25.5425445341692,0.0,100.0
-0.3,0.3,87.86633343266647,-0.7302846840837844,-2.166937726440537,-0.9828486672652161,-0.7302869402252753,-0.4033246588551407,1.7421485863691988,54.08127900545285,24.287975129541753,0.0,100.0
1.2,0.95,87.86852097923358,-0.7324722306508988,-2.1691252730076513,-1.014157438604343,-0.7324715804461448,-0.3759358651968654,2.06392185327361,54.16999211381202,25.51595477430905,0.0,100.0
0.875,1.175,87.86964062508235,-0.7335918764996734,-2.170244918856426,-1.0889202190898146,-0.7335916065008832,-0.26984315065135434,2.15005249370846,54.178132419350035,25.55949247913551,0.0,100.0
-0.25,0.275,87.86986470397436,-0.7338159553916768,-2.1704689977484293,-0.9778704784153547,-0.7338181419378088,-0.416941690301627,1.749018217795969,54.080560151806274,24.289260126006546,0.0,100.0
0.625,1.325,87.87056466321877,-0.7345159146360913,-2.171168956992844,-1.1356124347211676,-0.7345159408739079,-0.2070749108829517,2.208068090365894,54.183059404473774,25.573997758678424,0.0,100.0
0.025,0.15,87.87093823682387,-0.734889488241194,-2.1715425305979466,-0.9279960321139527,-0.7348912803613274,-0.4751754371518757,1.7875445712792237,54.077741771727545,24.306918494890542,0.0,100.0
0.275,0.05,87.87272707308041,-0.7366783244977313,-2.173331366854484,-0.8831184129728342,-0.7366797466221044,-0.5305840565761599,1.819616576778941,54.07636406267344,24.334685505663543,0.13545605927830934,100.0
1.1,1.025,87.87590197382725,-0.7398532252445733,-2.176506267601326,-1.0462536034689691,-0.7398526894661558,-0.34707560268562077,2.0916053549761955,54.172837743608916,25.534162909730195,0.0,100.0
-0.2,0.25,87.87670721051452,-0.7406584619318437,-2.177311504288596,-0.9763795177165235,-0.7406605787230489,-0.433893078850204,1.7556102289898174,54.079840769941086,24.290577170174164,0.0,100.0
1.135,1.0,87.87679018500592,-0.7407414364232352,-2.1773944787799877,-1.0387984013128175,-0.7407408601039492,-0.36015378289296507,2.082097941581787,54.1719121066501,25.528845637806192,0.0,100.0
0.8,1.225,87.88659951730367,-0.7505507687209843,-2.1872038110777368,-1.1210742408581922,-0.7505505850647893,-0.2650393446858317,2.1689397319586297,54.17986963404174,25.568054660853615,0.0,100.0
-0.15,0.225,87.88684272446574,-0.750793975883056,-2.1874470182398085,-0.9782738573641012,-0.7507960226059993,-0.454182885704995,1.7619562753258038,54.07912089548572,24.29193006780886,0.0,100.0
0.35,1.475,87.89005911979088,-0.7540103712081958,-2.1906634135649483,-1.1990362384857178,-0.7540107329727676,-0.17508508759802055,2.263572325660368,54.18757685758812,25.57781896783527,0.0,100.0
0.675,1.3,87.89018781870725,-0.754139070124566,-2.1907921124813186,-1.1472048834672108,-0.754139034069459,-0.23708912497541235,2.1978485300616595,54.18232889289946,25.57532370162056,0.0,100.0
0.3,1.5,87.8913236742279,-0.7552749256452245,-2.191927968001977,-1.2076134982268485,-0.7552753484822006,-0.16925793677022227,2.2725310091663014,54.18826621624373,25.576626520870576,0.0,100.0
0.4,1.45,87.8919757438211,-0.7559269952384255,-2.192580037595178,-1.1935319739790486,-0.7559272953219107,-0.18460843081990674,2.2543385448425637,54.18688135447006,25.57903069436297,0.0,100.0
0.2,0.075,87.89430236745507,-0.7582536188723878,-2.1949066612291404,-0.920182009618145,-0.7582551548335061,-0.5356621326591267,1.808995645430295,54.07633449795647,24.322288248208103,0.1046364326293072,100.0
0.075,0.125,87.89557552196065,-0.7595267733779707,-2.196179815734723,-0.9451745074446478,-0.7595284944527207,-0.5101086196081894,1.7926026128674855,54.07702033762745,24.308424746685116,0.0019146873358726613,100.0
0.25,1.525,87.89579875752656,-0.7597500089438824,-2.196403051300635,-1.229183573376588,-0.7597504926249172,-0.16712890249374368,2.2812225446357224,54.188949937215156,25.575452472393785,0.0,100.0
1.175,0.975,87.89702745535017,-0.7609787067674887,-2.197631749124241,-1.0500512550005539,-0.7609780812463981,-0.39361490166984936,2.07174373856386,54.17104053492193,25.525845463066897,0.0,100.0
0.45,1.425,87.89709900715377,-0.761050258571089,-2.1977033009278415,-1.1910927365480717,-0.76105049649764,-0.19780072973129847,2.244887943774621,54.18617730534834,25.580255343231087,0.0,100.0
-0.1,0.2,87.90025703777077,-0.7642082891880904,-2.200861331544843,-0.9834837497664353,-0.7642102654594283,-0.4778070466664701,1.7680770373828292,54.078403079363625,24.293314768259542,0.0,100.0
0.2,1.55,87.90341238341024,-0.7673636348275608,-2.2040166771843133,-1.254984900138453,-0.7673641788737087,-0.16861130513154876,2.289697708739481,54.18962471682618,25.574298030188906,0.0,100.0
1.0,1.1,87.90379873928731,-0.7677499907046297,-2.204403033061382,-1.0979006871859553,-0.7677495678013913,-0.3401756371934681,2.1192685823168076,54.17563372334885,25.552475886554124,0.0,100.0
0.4,0.0,87.90384627294009,-0.7677975243574053,-2.204450566714158,-0.8938253745687348,-0.7677987608079974,-0.5886111021095957,1.832236156178214,54.07564929494108,24.348862799953036,0.13341217558956148,100.0
0.5,1.4,87.90529850292108,-0.7692497543384036,-2.205902796695156,-1.1916198918310954,-0.7692499292409849,-0.21466061602988873,2.235353845719538,54.1854682694044,25.58150062290466,0.0,100.0
0.925,1.15,87.90603428325497,-0.769985534672287,-2.2066385770290395,-1.1161819595383236,-0.7699852001496879,-0.31901882349716004,2.138765585883206,54.17738762692861,25.560949782134042,0.0,100.0
1.075,1.05,87.91109464202864,-0.775045893445963,-2.2116989358027155,-1.088550319751704,-0.775045381451281,-0.3718152370818899,2.0995385651995995,54.17386369188297,25.544074393731893,0.0,100.0
0.725,1.275,87.91300686034987,-0.7769581117671862,-2.2136111541239387,-1.1618476994725597,-0.7769580129445245,-0.27080439569341763,2.187447552554293,54.18159493800943,25.57667049243742,0.0,100.0
0.325,0.025,87.91317509502602,-0.7771263464433389,-2.2137793888000914,-0.9172972093337677,-0.7771276970541692,-0.5813958228266927,1.8230960041538264,54.07562671443451,24.336340631430183,0.1334948619467616,100.0
0.15,1.575,87.91411232382634,-0.7780635752436638,-2.2147166176004163,-1.2834856114555748,-0.7780641804807231,-0.17368527438141257,2.297919366185429,54.190296454551905,25.573167612311405,0.0,100.0
0.55,1.375,87.91667335188801,-0.780624603305327,-2.2172776456620795,-1.1951885430146518,-0.7806247147495184,-0.23516879940812885,2.2256364833000943,54.18475348067163,25.582763946784294,0.0,100.0
-0.05,0.175,87.91698721272395,-0.780938464141272,-2.2175915064980245,-0.9921857435057149,-0.7809403697792788,-0.5047734026809678,1.773924234832355,54.07768522551057,24.294738231818055,0.0,100.0
0.85,1.2,87.91779912060294,-0.7817503720202552,-2.2184034143770077,-1.1434311497269647,-0.7817501242856565,-0.3083467156112647,2.157959946467138,54.179131035736155,25.569469154436234,0.0,100.0
0.125,0.1,87.92352408041516,-0.7874753318324821,-2.2241283741892346,-0.9658183705992514,-0.7874769816459377,-0.5483843654494507,1.7973980823058622,54.07629808783279,24.309964000887184,0.0637862368229866,100.0
1.25,0.925,87.92780779048762,-0.791759041904939,-2.2284120842616915,-1.0631688577894067,-0.7917583255407379,-0.4507026916219701,2.0517475703359027,54.16921635508263,25.517575013194815,0.0,100.0
1.15,1.0,87.92791360571336,-0.7918648571306761,-2.2285178994874286,-1.0882822526116058,-0.791864256100942,-0.41373929235120954,2.0796292919774597,54.17207547615253,25.535734125602463,0.0,100.0
0.1,1.6,87.92792030719178,-0.7918715586091025,-2.228524600965855,-1.3146695128951933,-0.791872224796333,-0.18243393658609364,2.305845654339076,54.19096953286843,25.572058902539275,0.0,100.0
0.25,0.05,87.93015361943606,-0.7941048708533742,-2.2307579132101267,-0.9493405215602309,-0.7941063354678277,-0.5818529426193493,1.8129926577071052,54.07559878911292,24.323894124199793,0.13357754830396176,100.0
0.6,1.35,87.9311962465117,-0.7951474979290225,-2.231800540285775,-1.2018239261477532,-0.7951475458630342,-0.25931356754935564,2.2156999806174364,54.18403351275614,25.584050559974575,0.0,100.0
0.0,0.15,87.9370331357735,-0.8009843871908231,-2.2376374295475756,-1.0043764545604716,-0.8009862220083306,-0.5350826308745127,1.779500238986299,54.07696702580105,24.29620050531698,0.0,100.0
0.775,1.25,87.93902574170374,-0.8029769931210637,-2.2396300354778163,-1.17947660175372,-0.8029768310315972,-0.3082278549505446,2.1767927884811735,54.18086001053724,25.57804571441451,0.0,100.0
-0.275,0.275,87.94411436708843,-0.8080656185057506,-2.244718660862503,-1.0637985893298776,-0.808067847624622,-0.48502171112473036,1.7395206214700318,54.07978532690715,24.27862238813113,0.0,100.0
0.975,1.125,87.94564600430459,-0.8095972557219113,-2.246250298078664,-1.1464712741779692,-0.8095968565289013,-0.37183321704394245,2.127259718793528,54.176639986982764,25.562423074811324,0.0,100.0
1.05,1.075,87.94862747034708,-0.812578721764396,-2.2492317641211486,-1.1331222172315023,-0.8125782335772357,-0.3988483783346908,2.10752966905674,54.17487800565125,25.5539923333787,0.0,100.0
0.65,1.325,87.94884709127068,-0.8127983426879979,-2.2494513850447504,-1.2114897841440495,-0.8127983274100558,-0.28714912491156497,2.205570618491607,54.18330616575705,25.58535782504572,0.0,100.0
-0.225,0.25,87.94967736606135,-0.8136286174786704,-2.250281659835423,-1.0607808979767697,-0.8136307768421431,-0.5006936638236255,1.7463708192175575,54.07906607813743,24.279927629726682,0.0,100.0
0.9,1.175,87.95221020784061,-0.8161614592579269,-2.2528145016146794,-1.1688115482874082,-0.8161611474281983,-0.3553268345428222,2.146754172289435,54.17838618939248,25.570907616702325,0.0,100.0
1.225,0.95,87.95428890223083,-0.8182401536481478,-2.2548931960049003,-1.0970980911968695,-0.8182394623780198,-0.46617995334210605,2.0595654677891186,54.170271438804086,25.527459246227128,0.0,100.0
0.175,0.075,87.95478548382351,-0.818736735240833,-2.2553897775975855,-0.9899558728155426,-0.8187383137211128,-0.5899833722105114,1.8019203179725631,54.07556813589848,24.31152834418321,0.09765778223820536,100.0
0.375,0.0,87.95693796750172,-0.8208892189190351,-2.2575422612757876,-0.954968248320256,-0.8208904978376126,-0.6355483372152406,1.8263130932039298,54.07488676972605,24.338030418862154,0.13153366461521387,100.0
-0.175,0.225,87.95855346810771,-0.8225047195250283,-2.259157761881781,-1.0612510005381353,-0.8225068089573142,-0.5197041931699857,1.7529451654369141,54.07834623871779,24.281268214497487,0.0,100.0
0.05,0.125,87.96038997068564,-0.8243412221029587,-2.260994264459711,-1.0200295320295965,-0.8243429858791245,-0.5687347798249363,1.7848135907118488,54.07624789178069,24.29769841505092,0.0,100.0
1.125,1.025,87.96112506099134,-0.8250763124086546,-2.261729354765407,-1.1287539903239718,-0.8250757354583442,-0.4362793015305044,2.0875820891868817,54.17309876589194,25.54562433852582,0.0,100.0
0.375,1.475,87.96281329060962,-0.8267645420269361,-2.2634175843836886,-1.2695763411635994,-0.826764863372975,-0.24797154234980212,2.2619122992013865,54.18783953294029,25.589151192415468,0.0,100.0
0.325,1.5,87.9628576571489,-0.8268089085662211,-2.2634619509229736,-1.2769945807120422,-0.8268092914487966,-0.2406206535523836,2.271041376724508,54.18853354518264,25.587953602126444,0.0,100.0
0.425,1.45,87.96595724041771,-0.8299084918350275,-2.26656153419178,-1.2652383608501339,-0.8299087512611607,-0.25900312033864736,2.252501510094825,54.18713691958046,25.590366040499536,0.0,100.0
0.275,1.525,87.96608541729306,-0.8300366687103775,-2.26668971106713,-1.2937695091166717,-0.8300371125288905,-0.23696451398870977,2.279938568949873,54.18922118197841,25.586774839167884,0.0,100.0
0.825,1.225,87.96826951620257,-0.8322207676198872,-2.2688738099766397,-1.200069944128444,-0.8322205418449471,-0.3493517810919258,2.165895773886931,54.1801199993528,25.57944668541837,0.0,100.0
0.3,0.025,87.96932137514361,-0.8332726265609267,-2.269925668917679,-0.9819914839044088,-0.8332740196590152,-0.6313848501492743,1.8167249111681794,54.07486175385965,24.325537086577583,0.131616350972414,100.0
0.7,1.3,87.96969818580934,-0.8336494372266543,-2.270302479583407,-1.224214720539905,-0.8336493595597034,-0.31868655314060845,2.1951737907031355,54.18257380519438,25.586689543424242,0.0,100.0
-0.125,0.2,87.97068896219123,-0.8346402136085516,-2.271293255965304,-1.0649395673343491,-0.8346422325893798,-0.5420495130875054,1.75932189527906,54.07762806379207,24.28264230216326,0.0,100.0
0.475,1.425,87.97225322195953,-0.8362044733768528,-2.2728575157336053,-1.26390006769428,-0.8362046705486705,-0.2737117834033711,2.2428941419857127,54.18642706211318,25.59159077625667,0.0,100.0
0.225,1.55,87.97249937891027,-0.8364506303275903,-2.2731036726843428,-1.3186616551003851,-0.8364511346507669,-0.23696874998485384,2.2885566670819406,54.18990008606964,25.585615355340934,0.0,100.0
0.525,1.4,87.9816333263677,-0.8455845777850186,-2.282237620141771,-1.2655494178694653,-0.8455847115808297,-0.29204185969229,2.2332029212959985,54.18571241358612,25.592839502655256,0.0,100.0
0.175,1.575,87.98201552438604,-0.8459667758033618,-2.2826198181601143,-1.3463091283874462,-0.8459673415196847,-0.24051843169296205,2.296955713790815,54.19057833309933,25.58447636707009,0.0,100.0
1.2,0.975,87.98316139784981,-0.8471126492671317,-2.283765691623884,-1.1333756450143682,-0.8471119827915914,-0.4840977188524107,2.0674494442895153,54.17130960702974,25.537331987325686,0.0,100.0
-0.075,0.175,87.98613833439732,-0.8500895858146436,-2.286742628171396,-1.0721129116459167,-0.8500915341641445,-0.5677347749985131,1.7654262962251532,54.076910238479876,24.284052918621367,0.0,100.0
0.1,0.1,87.98705771677305,-0.8510089681903708,-2.2876620105471233,-1.039144723799538,-0.8510106607051341,-0.6057297291386732,1.7898650704269412,54.07552601179158,24.29922690447673,0.045770695686721805,100.0
1.025,1.1,87.98847934447133,-0.8524305958886487,-2.289083638245401,-1.1798093721347414,-0.8524301317446514,-0.42832406400690104,2.1155319444457823,54.17588578783133,25.563917136891682,0.0,100.0
0.225,0.05,87.98935619773955,-0.8533074491568726,-2.289960491513625,-1.0175864221456692,-0.8533089562873073,-0.6348941061897619,1.8061713160074488,54.07483326262304,24.31312301281533,0.12701100150891154,100.0
0.95,1.15,87.98981253630939,-0.8537637877267059,-2.2904168300834584,-1.1972248826521366,-0.8537634115120909,-0.40598665098001163,2.135277656144981,54.177636554290295,25.57237157184791,0.0,100.0
0.75,1.275,87.99375992155548,-0.8577111729727989,-2.2943642153295514,-1.2399788927887698,-0.8577110323835939,-0.35392368006868935,2.1845904770432396,54.18183643662982,25.5880413781291,0.0,100.0
0.575,1.375,87.99414510319376,-0.858096354611078,-2.2947493969678305,-1.27029126721213,-0.8580964246628554,-0.3140368501520783,2.223339003900965,54.1849957742866,25.59411109903037,0.0,100.0
0.125,1.6,87.99460083155675,-0.8585520829740716,-2.295205125330824,-1.3766144202225803,-0.8585527092476951,-0.24774115062271562,2.3051091297176596,54.19125383416951,25.583354589588076,0.0,100.0
1.135,1.025,87.9956653963387,-0.8596166477560132,-2.2962696901127657,-1.1621623019792082,-0.8596160544546336,-0.4724744260042826,2.0859231392713946,54.17320075977514,25.55020896965524,0.0,100.0
1.1,1.05,87.99667825293237,-0.8606295043496885,-2.297282546706441,-1.1714039694705747,-0.8606289514484189,-0.46122501002164995,2.095557156598267,54.174117982254884,25.555528957241833,0.0,100.0
0.875,1.2,88.00068074122684,-0.8646319926441635,-2.301285035000916,-1.223533430777266,-0.8646317028075685,-0.39413630327386784,2.154723922915728,54.179376878579454,25.580872578300433,0.0,100.0
-0.025,0.15,88.00490404210991,-0.8688552935272327,-2.305508335883985,-1.0827786354069246,-0.8688571710632516,-0.596762772873177,1.771257956433006,54.076192138118664,24.28550272081684,0.0,100.0
0.625,1.35,88.0098336209834,-0.8737848724007193,-2.310437914757472,-1.2780743479703034,-0.8737848786488798,-0.3397038257485576,2.213268912505212,54.1842724156291,25.59540172490504,0.0,100.0
0.35,0.0,88.01180455564848,-0.8757558070658007,-2.312408849422553,-1.018134759325278,-0.8757571284880526,-0.6842552935585076,1.8201935460416572,54.07412308844388,24.327216553211745,0.12965515364086627,100.0
1.175,1.0,88.01438528902325,-0.8783365404405714,-2.314989582797324,-1.1719479886521214,-0.8783358982220676,-0.5044539865253341,2.0754228285723726,54.17233256801172,25.547201919714457,0.0,100.0
0.15,0.075,88.0170420575607,-0.8809933089780202,-2.3176463513347727,-1.0617537144819664,-0.8809949300529809,-0.6460671255393748,1.7946460917961993,54.07480005515344,24.300785979829016,0.09067913184710354,100.0
-0.3,0.275,88.02013949773497,-0.8840907491522927,-2.320743791509045,-1.1517502848406593,-0.8840930208687524,-0.5548736004615336,1.7298232293612148,54.079011089395706,24.268003857195826,0.0,100.0
0.8,1.25,88.02104596684984,-0.8849972182671593,-2.3216502606239118,-1.2587509563690418,-0.8849970143645265,-0.3928574684394164,2.1737651816617625,54.181098516317924,25.589421089624626,0.0,100.0
-0.25,0.25,88.02442346425771,-0.8883747156750275,-2.32502775803178,-1.1472058980361624,-0.8883769176357476,-0.5692665668432824,1.7369321729351674,54.07829150016684,24.26929834258472,0.0,100.0
0.025,0.125,88.02698093129202,-0.890932182709335,-2.3275852250660876,-1.0969088464187564,-0.8909339892124905,-0.6291337433767836,1.776826070604056,54.07547408828532,24.28699018727139,0.0,100.0
0.275,0.025,88.02724362120605,-0.8911948726233732,-2.3278479149801257,-1.048709497232025,-0.8911963082348819,-0.6831460529247693,1.8101568077653631,54.074096470079425,24.314753666877053,0.12973783999806643,100.0
0.675,1.325,88.02871607492872,-0.892667326346043,-2.3293203687027955,-1.2888637113169779,-0.8926672695329074,-0.3690616327557734,2.2029207827071655,54.183541346180256,25.59671230117443,0.0,100.0
1.0,1.125,88.03065377495317,-0.8946050263704848,-2.3312580687272373,-1.2287347169577743,-0.8946045856879067,-0.46028940369285465,2.1235966612783583,54.17688491190251,25.57385247287609,0.0,100.0
-0.2,0.225,88.03201970060809,-0.895970952025408,-2.3326239943821605,-1.1461488531512032,-0.8959730840533154,-0.5869974669407583,1.7437646389567645,54.077571549737115,24.270626653146138,0.0,100.0
1.075,1.075,88.03455189309649,-0.8985031445138105,-2.335156186870563,-1.2162397962763265,-0.8985026152377997,-0.48852751466723987,2.1036059208619258,54.175126913849994,25.565438992651632,0.0,100.0
0.35,1.5,88.03594666693705,-0.8998979183543696,-2.336550960711122,-1.347915848380282,-0.899898260900386,-0.3137739313866774,2.269472087559047,54.18878426421676,25.59926617032795,0.0,100.0
0.925,1.175,88.03631439019651,-0.9002656416138279,-2.3369186839705804,-1.250054134783042,-0.9002652880307067,-0.44262721126482063,2.143302823454471,54.178627722376675,25.582317657448638,0.0,100.0
0.4,1.475,88.03713699140683,-0.9010882428241445,-2.337741285180897,-1.3416510352679296,-0.9010885236782145,-0.32262383012374585,2.2601458890492463,54.18808349686822,25.600466822346963,0.0,100.0
0.3,1.525,88.03794047427746,-0.9018917256947816,-2.338544768051534,-1.3596518938854842,-0.9018921293392168,-0.30861929988407155,2.278525571339364,54.18947892582922,25.59808678384392,0.0,100.0
0.45,1.45,88.04151007000267,-0.9054613214199918,-2.3421143637767443,-1.338449641032767,-0.905461540468545,-0.33514956521422334,2.2505292062808757,54.18737684096589,25.60168638018161,0.0,100.0
1.25,0.95,88.04166207383106,-0.9056133252483818,-2.3422663676051343,-1.1815639190930227,-0.9056125930177871,-0.5581721121371288,2.055086448168943,54.17053593780141,25.538947864009753,0.0,100.0
-0.15,0.2,88.04289728190811,-0.9068485333254301,-2.3435015756821826,-1.1484197676847856,-0.9068505950409275,-0.6080647208458458,1.7503677778464202,54.07685276726725,24.271990200933935,0.0,100.0
0.25,1.55,88.04311345638878,-0.9070647078061,-2.3437177501628526,-1.3836288735019338,-0.9070651720099334,-0.3071425997085271,2.28732333609546,54.19016438379264,25.596921794249837,0.0,100.0
1.15,1.025,88.04794713915867,-0.9118983905759848,-2.3485514329327373,-1.212713780084215,-0.9118977725683294,-0.5272546433602372,2.083412034978213,54.173349992125246,25.557084505649865,0.0,100.0
0.5,1.425,88.0489375298574,-0.9128887812747166,-2.349541823631469,-1.3382262661543791,-0.912888937286985,-0.35133800359484724,2.240809875676943,54.18666496772346,25.602919580645576,0.0,100.0
0.2,0.05,88.05033495033382,-0.9142862017511391,-2.3509392441078916,-1.0878561387171999,-0.9142877514241775,-0.6897075843539255,1.7991524754782862,54.0740672749918,24.302371805304308,0.1200323511178097,100.0
0.725,1.3,88.05078763158745,-0.9147388830047731,-2.3513919253615256,-1.3026970284869606,-0.9147387635893495,-0.4021160581461771,2.1923354941851296,54.182807393752185,25.59804827168325,0.0,100.0
0.2,1.575,88.05141557025549,-0.915366821672805,-2.3520198640295575,-1.410360953518989,-0.9153673475222547,-0.3091748552479743,2.295873176460732,54.190847722455615,25.595773319308552,0.0,100.0
0.85,1.225,88.05150787975323,-0.9154591311705502,-2.3521121735273027,-1.2804431227640976,-0.9154588637125954,-0.4354548959575908,2.1626693829267056,54.18035709740791,25.590829467722948,0.0,100.0
0.075,0.1,88.05236777467084,-0.9163190260881606,-2.352972068444913,-1.1144952796360883,-0.9163207613300699,-0.664847765951734,1.7821338534793294,54.07475337074056,24.28850956291341,0.027755154550457004,100.0
-0.1,0.175,88.05706593591889,-0.9210171873362043,-2.357670229692957,-1.1540644848306272,-0.9210191784215539,-0.6324690970927946,1.756729627013784,54.07613513134199,24.273388262097136,0.0,100.0
0.55,1.4,88.05942834108083,-0.9233795924981507,-2.360032634854903,-1.3410392597516534,-0.9233796848142759,-0.37119243084060827,2.2310138888867144,54.185948063826956,25.604171742647793,0.0,100.0
0.15,1.6,88.06279908995198,-0.9267503413692992,-2.3634033837260517,-1.4396328795277071,-0.9267509280240205,-0.3148748911737016,2.3041170991163287,54.19152491764107,25.594642496242063,0.0,100.0
0.325,0.0,88.06844614810574,-0.9323973995230546,-2.369050441879807,-1.0833249781240255,-0.9323987634787301,-0.7347329406601943,1.8138772676432109,54.073358781649894,24.31642223038107,0.1277766426665187,100.0
1.225,0.975,88.07089370360266,-0.9348449550199831,-2.3714979973767356,-1.2182183569793494,-0.9348442473298462,-0.5763435569014632,2.0630591774034097,54.1715624674991,25.548804767638124,0.0,100.0
0.6,1.375,88.0731399640419,-0.937091215459219,-2.3737442578159715,-1.346932246307432,-0.9370912438387563,-0.3946980861482814,2.220994673068451,54.185228139492665,25.605449956939786,0.0,100.0
-0.05,0.15,88.07455070298515,-0.9385019544024686,-2.375154996759221,-1.1632014576253198,-0.9385038746761041,-0.6602158983211268,1.7628182447280678,54.07541717426057,24.274825440499963,0.0,100.0
1.05,1.1,88.07471068674356,-0.9386619381608767,-2.3753149805176292,-1.263228686135733,-0.9386614325028688,-0.5182958950873768,2.1116877577144444,54.17612747072443,25.575354572553742,0.0,100.0
0.975,1.15,88.07514063432697,-0.9390918857442898,-2.3757449281010423,-1.2796021503949362,-0.9390914678444687,-0.4947590601986178,2.1316319532442907,54.177875089275815,25.583788675460713,0.0,100.0
0.775,1.275,88.07609270512648,-0.9400439565438035,-2.376696998900556,-1.319626652334236,-0.9400437743108171,-0.43885163111218617,2.1815415734037926,54.18206985748406,25.59940719637427,0.0,100.0
0.125,0.075,88.08107118093994,-0.9450224323572627,-2.381675474714015,-1.1355756709304643,-0.9450240961576327,-0.7039044813001141,1.7871703377805688,54.074030088391616,24.290060863434654,0.08370048145600169,100.0
1.125,1.05,88.08381972774266,-0.9477709791599835,-2.384424021516736,-1.2556582598400325,-0.9477703849783012,-0.552431096704538,2.091464715104655,54.17436146263279,25.5669809945081,0.0,100.0
0.9,1.2,88.08514535146756,-0.9490966028848788,-2.3857496452416314,-1.3050641992064698,-0.9490962717663166,-0.4817513504318214,2.151284535779025,54.17961087502554,25.592264615264366,0.0,100.0
0.25,0.025,88.08694157292241,-0.9508928243397321,-2.3875458666964846,-1.1174512881100043,-0.950894302499006,-0.7366779819022327,1.8033913785304019,54.07333117369802,24.30399098604809,0.12785932902371883,100.0
0.65,1.35,88.09005892523729,-0.9540101766546059,-2.3906632190113584,-1.3558108959794026,-0.9540101410020554,-0.42187471774255414,2.2107207523739385,54.18450273704866,25.606747443877293,0.0,100.0
0.0,0.125,88.09534845074364,-0.9592997021609619,-2.3959527445177145,-1.1758125088016271,-0.9593015514162886,-0.6913056172819125,1.768640166273739,54.074699120549944,24.276300617835467,0.0,100.0
-0.275,0.25,88.1009454584507,-0.9648967098680146,-2.401549752224767,-1.2356544912219078,-0.9648989544512375,-0.6396117076617855,1.7272946133834832,54.07751684741275,24.258689844091464,0.0,100.0
1.2,1.0,88.10245289164679,-0.9664041430641106,-2.403057185420863,-1.257044925798965,-0.9664034596781448,-0.5969921351292129,2.0710673183818518,54.17257821466875,25.55866694521051,0.0,100.0
0.825,1.25,88.10458916718699,-0.9685404186043058,-2.4051934609610583,-1.339540491993148,-0.9685401733601935,-0.47922697413575577,2.1705343688048164,54.18133117958297,25.60079531354531,0.0,100.0
-0.225,0.225,88.10726209915696,-0.9712133505742742,-2.4078663929310267,-1.2330706292503493,-0.971215525224099,-0.6560630966733214,1.7343851972964872,54.0767967663814,24.260005846325537,0.0,100.0
0.7,1.325,88.1101404018032,-0.9740916532205262,-2.4107446955772787,-1.3677199935469702,-0.9740915544227817,-0.45271195973361955,2.2001876362090473,54.183769624029864,25.608065301558238,0.0,100.0
0.375,1.5,88.11057348095987,-0.9745247323771906,-2.411177774733943,-1.4203102429184753,-0.9745250339205228,-0.38864293918827286,2.267778298753432,54.189026241242075,25.61056755196666,0.0,100.0
0.325,1.525,88.11131841027886,-0.9752696616961742,-2.4119227040529267,-1.4284729153801692,-0.9752700243954393,-0.38195823859609845,2.277018643618298,54.18972322783909,25.609382904930865,0.0,100.0
0.425,1.475,88.11298593734459,-0.9769371887619087,-2.4135902311186612,-1.4151857266555794,-0.9769374288636328,-0.398982082692072,2.2582378136824746,54.18832261834107,25.61177720859947,0.0,100.0
0.175,0.05,88.11308987215314,-0.9770411235704586,-2.413694165927211,-1.1601497580148958,-0.9770427158126012,-0.7462933907816875,1.7919362083545018,54.073300366219165,24.291639658751922,0.11305370072670785,100.0
0.275,1.55,88.11525700006825,-0.9792082514855736,-2.415861293842326,-1.4498400049888573,-0.9792086748353,-0.3789704490198318,2.285977958120631,54.190414582410995,25.60821488132371,0.0,100.0
-0.175,0.2,88.11688194600137,-0.9808331974186899,-2.4174862397754424,-1.2339243390755854,-0.9808353018952545,-0.6758524519557625,1.74121482281478,54.07607750014144,24.261357901174335,0.0,100.0
1.025,1.125,88.11721170945289,-0.9811629608702077,-2.41781600322696,-1.3122361318617664,-0.9811624783641577,-0.5505779663816952,2.119764516098738,54.17711951954643,25.585273899991325,0.0,100.0
0.475,1.45,88.11848138287264,-0.9824326342899639,-2.4190856766467164,-1.4131155127847705,-0.9824328122484502,-0.41301024322430635,2.2485094107789174,54.187610450825574,25.613003098423828,0.0,100.0
1.135,1.05,88.11911806639662,-0.9830693178139427,-2.419722360170695,-1.2897963262350203,-0.9830687070577824,-0.5894117275264676,2.0897981741912566,54.1744557341211,25.571559497565502,0.0,100.0
0.05,0.1,88.11945413964352,-0.9834053910608418,-2.4200584334175943,-1.1918701229741657,-0.9834071690544619,-0.725738555016278,1.7742042747104614,54.073979938353745,24.277811574365504,0.009739613414192203,100.0
0.95,1.175,88.1220074827673,-0.9859587341846208,-2.4226117765413733,-1.3327548307358938,-0.9859583392338834,-0.5317113404533558,2.1396780526037023,54.17886064899726,25.593720871224487,0.0,100.0
1.1,1.075,88.12202159684487,-0.9859728482621932,-2.4226258906189457,-1.3008162954990325,-0.9859722774555848,-0.5800145630622069,2.0995746478158943,54.175362996758516,25.576879655942232,0.0,100.0
0.225,1.575,88.12230734738723,-0.9862585988045538,-2.4229116411613063,-1.4755809944207101,-0.9862590837000056,-0.3795493704750754,2.2946704070263775,54.191102407719384,25.60706179543882,0.0,100.0
0.3,0.0,88.12686334249355,-0.9908145939108692,-2.4274676362676217,-1.1505389124259011,-0.9908160004237458,-0.7869827465893593,1.8073643033203048,54.07259370591597,24.305647205810267,0.1258981316921711,100.0
0.525,1.425,88.12701869763158,-0.9909699490489032,-2.4276229914056557,-1.4140348421263695,-0.9909700636399095,-0.4307090314500357,2.238716933598659,54.18689488635167,25.614245492554186,0.0,100.0
-0.125,0.175,88.12976998492621,-0.9937212363435322,-2.4303742787002847,-1.2380404692846412,-0.9937232701891787,-0.6989763240052014,1.7478343747274614,54.0753597694241,24.262744034596224,0.0,100.0
0.175,1.6,88.13248823849798,-0.9964394899153035,-2.433092532272056,-1.5039685745298499,-0.9964400360028008,-0.3837445065375107,2.3030971546973538,54.19178586626207,25.605930116764895,0.0,100.0
0.75,1.3,88.13342261454565,-0.9973738659629703,-2.434026908319723,-1.3827164409645718,-0.9973737045195492,-0.4872079252032222,2.189413998876986,54.183034602357395,25.60940940262843,0.0,100.0
0.875,1.225,88.13627055603631,-1.0002218074536273,-2.43687484981038,-1.3623550276750365,-1.0002214986316402,-0.5232987450646363,2.159257337283428,54.18058810016413,25.60221260032152,0.0,100.0
1.175,1.025,88.13631122097595,-1.000262472393274,-2.4369155147500265,-1.2981114488462282,-1.0002618129456238,-0.6199856027909192,2.0791351544820817,54.173590413477854,25.56854296789645,0.0,100.0
0.575,1.4,88.13874235830905,-1.0026936097263643,-2.439346652083117,-1.4180012445360148,-1.00269366033682,-0.45205301095958816,2.2287357797102585,54.186177232786086,25.6155066341338,0.0,100.0
-0.075,0.15,88.14597388670634,-1.0099251381236627,-2.446578180480415,-1.245648794443781,-1.0099271011593232,-0.7254420082070965,1.754180143218995,54.074642086766595,24.264168825089147,0.0,100.0
0.1,0.075,88.14687669725822,-1.0108279486755407,-2.447480991032293,-1.2114218149453109,-1.010829655227488,-0.7635144371859184,1.7794967709342404,54.073257752245574,24.279352105735132,0.07161116290130616,100.0
0.225,0.025,88.14841522935527,-1.0123664807725845,-2.449019523129337,-1.1882168968667486,-1.0123680015186949,-0.7919799544409756,1.7964283976765698,54.07256566169258,24.293248687847722,0.12598081804937125,100.0
0.625,1.375,88.15368495371509,-1.0176362051324048,-2.4542892474891573,-1.4249996923676491,-1.0176361914088545,-0.4770521870069473,2.2185175561854344,54.18545404759408,25.61679042714162,0.0,100.0
0.8,1.275,88.15993978526929,-1.0238910366866065,-2.460544079043359,-1.4008045847053552,-1.0238908126438389,-0.5253909480961596,2.1784107515258047,54.182297808324314,25.610778777758398,0.0,100.0
1.25,0.975,88.16014375036578,-1.0240950017830954,-2.460748044139848,-1.3044837748415148,-1.0240942525419114,-0.6701638235906557,2.0585812416656677,54.17180910427289,25.560268205594625,0.0,100.0
1.0,1.15,88.1620426035082,-1.0259938549255168,-2.4626468972822693,-1.36345001355879,-1.0259933953649552,-0.5852902637880533,2.1278330935545546,54.17810513050908,25.595198393921233,0.0,100.0
1.075,1.1,88.1625122869111,-1.0264635383284144,-2.463116580685167,-1.3479462858991411,-1.0264629907646223,-0.6100818329327637,2.1076674822694215,54.1763577036163,25.586781625472238,0.0,100.0
-0.025,0.125,88.16549255618307,-1.0294438076003871,-2.4660968499571396,-1.2567406643863563,-1.0294456996326518,-0.7552504909183995,1.7602560223390475,54.07392406359929,24.26563176642589,0.0,100.0
0.925,1.2,88.17112668304485,-1.0350779344621657,-2.471730976818918,-1.388110960307884,-1.0350775616314762,-0.5710522733624686,2.147712544220167,54.179839465653664,25.603656992954356,0.0,100.0
0.675,1.35,88.17181833759336,-1.035769589010684,-2.4724226313674365,-1.4350020121093365,-1.0357695108324037,-0.5057134863978234,2.2080598809723937,54.1847256777989,25.618095956126414,0.0,100.0
1.15,1.05,88.17253505869897,-1.0364863101162882,-2.4731393524730407,-1.341468330892937,-1.0364856744301392,-0.6454108721476786,2.087236394075166,54.17459416044367,25.578427218468125,0.0,100.0
0.15,0.05,88.17761638105863,-1.041567632475946,-2.4782206748326985,-1.2344673714253815,-1.041569267415727,-0.80463215860361,1.784519610889591,54.07253182367876,24.280925251798273,0.10607505033560603,100.0
-0.3,0.25,88.17924328105316,-1.0431945324704799,-2.4798475748272324,-1.32612667198849,-1.043196819701808,-0.7117289663435002,1.7174583186270556,54.07674202278982,24.248101936933644,0.0,100.0
-0.25,0.225,88.18428052814784,-1.0482317795651568,-2.4848848219219093,-1.3220161139540778,-1.0482339968623193,-0.7269010730286425,1.7248071393472495,54.076021866331615,24.249405779045148,0.0,100.0
0.35,1.525,88.18626527507766,-1.050216526494978,-2.4868695688517306,-1.5012280602905719,-1.0502168478694984,-0.457062448417048,2.275316697751762,54.18996050867854,25.62067582133971,0.0,100.0
0.4,1.5,88.18672209480054,-1.050673346217863,-2.4873263885746155,-1.4941987135448471,-1.0506736065898337,-0.4651718837081802,2.265878078627544,54.18926102757253,25.621869768798057,0.0,100.0
0.275,0.0,88.18705654528951,-1.051007796706827,-2.4876608390635795,-1.2197766106864236,-1.0510092458032603,-0.8410047398093212,1.800654707350914,54.071828529551816,24.294892768893796,0.1240196207178235,100.0
0.025,0.1,88.18831701981337,-1.0522682712306874,-2.48892131358744,-1.2712692705434137,-1.0522700920015524,-0.7884021578516212,1.766076665262392,54.07320570999252,24.26713225035365,0.0,100.0
0.3,1.55,88.18894924737323,-1.0529004987905495,-2.489553541147302,-1.5172754249005038,-1.0529008808131095,-0.45258199759825857,2.2844756044526204,54.19065387323458,25.61949745984625,0.0,100.0
0.85,1.25,88.18967285150796,-1.0536241029252835,-2.490277145282036,-1.4218480070501727,-1.0536238158100388,-0.5672660701769132,2.1671883443189492,54.1815568534405,25.61217470553481,0.0,100.0
0.45,1.475,88.19020888635312,-1.0541601377704382,-2.4908131801271907,-1.4901976461827218,-1.054160336401435,-0.47697046077433924,2.25624816930312,54.18855549387368,25.623087977809774,0.0,100.0
1.225,1.0,88.19197450971545,-1.0559257611327695,-2.492578803489522,-1.3436031749024693,-1.0559250360353842,-0.6909989997390227,2.066654110288259,54.17281854449392,25.570124389313655,0.0,100.0
-0.2,0.2,88.19263068200361,-1.0565819334209294,-2.493234975777682,-1.3213931227744098,-1.0565840806083002,-0.7454115369694279,1.7318803450635647,54.07530234372,24.250745821666605,0.0,100.0
0.725,1.325,88.19310510919169,-1.0570563606090104,-2.493709402965763,-1.4480761918856473,-1.0570562199411655,-0.5380200971877969,2.1973049404951475,54.18399299259523,25.619425332316414,0.0,100.0
0.25,1.575,88.19476034289644,-1.0587115943137633,-2.495364636670516,-1.542068784533015,-1.0587120378574923,-0.45168609788008496,2.293339216841852,54.19134433150318,25.618336940816786,0.0,100.0
0.5,1.45,88.1968365032909,-1.0607877547082154,-2.497440797064968,-1.4892544350013708,-1.0607878907070927,-0.4924611597903379,2.2464451952325697,54.18784132044559,25.624322461824637,0.0,100.0
0.2,1.6,88.20372261194883,-1.0676738633661529,-2.5043269057229054,-1.569561008950231,-1.0676743683825407,-0.4543590295251789,2.3019629705103877,54.192031597274834,25.61720200368189,0.0,100.0
-0.15,0.175,88.20425046395096,-1.068201715368275,-2.5048547577250275,-1.3240408641847523,-1.068203791998863,-0.7672564092436858,1.7387407103362813,54.07458426523194,24.252120476069024,0.0,100.0
1.05,1.125,88.20531836981411,-1.0692696212314274,-2.50592266358818,-1.3972430644819411,-1.0692690966943048,-0.6425627217328156,2.115779600627692,54.177347145622406,25.59669233201587,0.0,100.0
0.55,1.425,88.2065932497484,-1.0705445011657133,-2.507197543522466,-1.4912956309091072,-1.070544573521809,-0.511632351506023,2.2364674229314945,54.18712129896896,25.625574676744254,0.0,100.0
0.975,1.175,88.20919963417292,-1.0731508855902376,-2.50980392794699,-1.4169543561275475,-1.0731504483415961,-0.6224396166365551,2.135950417855005,54.179085840888476,25.60512294578555,0.0,100.0
1.125,1.075,88.2110195584445,-1.0749708098618243,-2.5116238522185768,-1.386673203722765,-1.0749701971278909,-0.6732491686760369,2.095349928123824,54.17559125766966,25.588312698043765,0.0,100.0
0.2,0.025,88.21166508429712,-1.075616335714443,-2.5122693780711955,-1.2610063779543452,-1.0756178990741574,-0.8490542444459095,1.7892683283533497,54.07179943628644,24.28252585816751,0.12410230707502366,100.0
0.075,0.075,88.21445864700237,-1.078409898419693,-2.5150629407764455,-1.289292167738509,-1.0784116477490273,-0.8248970882802098,1.7716254813861456,54.07248478616832,24.26866302132188,0.05359562176504136,100.0
0.775,1.3,88.21761983802467,-1.0815710894419936,-2.518224131798746,-1.4642336524481436,-1.081570886207689,-0.5739940466620652,2.1863320593143145,54.183256939014974,25.62077941247595,0.0,100.0
-0.1,0.15,88.21917357496767,-1.0831248263849886,-2.519777868741741,-1.3301205873500521,-1.0831268322070797,-0.7924410883714899,1.7453438376339576,54.073866737949736,24.253532641122902,0.0,100.0
0.6,1.4,88.21955312405315,-1.0835043754704685,-2.520157417827221,-1.4963671223442816,-1.083504383673366,-0.5344840823872943,2.226281383646608,54.18639976261538,25.626846079150003,0.0,100.0
0.9,1.225,88.22258624344434,-1.086537494861659,-2.5231905372184116,-1.4457721598470101,-1.0865371440440554,-0.6128319841735816,2.155732809803736,54.180811488731564,25.61359977041453,0.0,100.0
1.2,1.025,88.22619669195453,-1.0901479433718464,-2.526800985728599,-1.3850449412213095,-1.0901472424232197,-0.714300193643183,2.074742255022908,54.17382425744479,25.57999337646289,0.0,100.0
0.65,1.375,88.2357207774464,-1.099672028863722,-2.5363250712204746,-1.5045044347537129,-1.0996719727510595,-0.56099043595502,2.2158734228395107,54.18567535312625,25.62813963513755,0.0,100.0
-0.05,0.125,88.23741296100101,-1.101364212418332,-2.5380172547750846,-1.3396920840336577,-1.1013661472503258,-0.8209683599359465,1.7516742235344231,54.07314882267218,24.25498348093766,0.0,100.0
0.125,0.05,88.24391662864035,-1.1078678800576682,-2.5445209224144207,-1.3108091155187793,-1.1078695577938475,-0.8647303525302021,1.7769030645206179,54.07176138785283,24.270228118114375,0.09909639994450418,100.0
0.825,1.275,88.24537377705535,-1.109325028472668,-2.5459780708294204,-1.4834719634555995,-1.1093247624254787,-0.6136577446700642,2.1751422377212952,54.18251975530542,25.622157280631136,0.0,100.0
1.135,1.075,88.24704751859697,-1.110998770014291,-2.5476518123710434,-1.4214434182072893,-1.1109981406327705,-0.7110191086567283,2.093618113335474,54.17568171490843,25.592886123600447,0.0,100.0
0.25,0.0,88.2490258808869,-1.1129771323042235,-2.549630174660976,-1.2910381175530858,-1.1129786240110462,-0.8967989806700984,1.7937483934980303,54.071063309474596,24.284159054628358,0.12214110974347592,100.0
1.025,1.15,88.25047044470526,-1.1144216961225766,-2.551074738479329,-1.4488181708336327,-1.1144211942272393,-0.6775211999720909,2.123922265407471,54.1783294458835,25.606611602696265,0.0,100.0
1.1,1.1,88.25182619194915,-1.1157774433664684,-2.552430485723221,-1.434137243058288,-1.1157768539595652,-0.7035407258627515,2.103494027968261,54.17658362608019,25.598208893305497,0.0,100.0
0.7,1.35,88.25507918437671,-1.1190304357940306,-2.555683478150783,-1.5156750011133653,-1.1190303156858703,-0.5911169077793659,2.2052154610450754,54.184946657690425,25.629456496097166,0.0,100.0
0.95,1.2,88.25866104053189,-1.1226122919492099,-2.5592653343059624,-1.4726821360887357,-1.1226118769183784,-0.6620501869421389,2.1439926375110723,54.18006075188573,25.61505224822938,0.0,100.0
0.0,0.1,88.25895649448314,-1.1229077459004628,-2.5595607882572153,-1.3526928451976374,-1.1229096094736917,-0.8528387115241145,1.757751168075908,54.07243059714981,24.256471323876855,0.0,100.0
0.375,1.525,88.26266907506347,-1.12662032648079,-2.5632733688375424,-1.5754415306094671,-1.1266206061596875,-0.5337200713247938,2.273482959432368,54.19018759052068,25.6319670558764,0.0,100.0
1.175,1.05,88.26271950090893,-1.1266707523262482,-2.5633237946830008,-1.4285049440138522,-1.1266700747383425,-0.7399829969908609,2.0828547633193284,54.17482436426227,25.589862184425815,0.0,100.0
-0.275,0.225,88.26307487133006,-1.127026122747381,-2.5636791651041335,-1.4129851893184195,-1.127028382717026,-0.7995113197382864,1.7150307803765041,54.075246929858054,24.238826334096192,0.0,100.0
0.325,1.55,88.26418655531398,-1.1281378067313028,-2.5647908490880553,-1.5859197352257155,-1.1281381468758809,-0.5277695789726664,2.2828302227181188,54.19088349322836,25.630780393086695,0.0,100.0
0.425,1.5,88.26421940720655,-1.1281706586238727,-2.564823700980625,-1.569575806038685,-1.1281708771138625,-0.5433471309477795,2.2639610182252725,54.1894873412374,25.633174542010064,0.0,100.0
0.275,1.575,88.26877956766866,-1.1327308190859782,-2.5693838614427307,-1.6098632395428325,-1.1327312208035238,-0.52546571668762,2.2918895412656437,54.19157671171784,25.629612601617488,0.0,100.0
0.475,1.475,88.26893256057464,-1.1328838119919595,-2.569536854348712,-1.5667214659798958,-1.1328839685375243,-0.556655710493331,2.2541344793846907,54.188779165578254,25.634399988392794,0.0,100.0
-0.225,0.2,88.27014531145609,-1.1340965628734097,-2.570749605230162,-1.410835288492109,-1.1340987527323108,-0.8167422086034719,1.7223619737155995,54.07452702908929,24.240154418820662,0.0,100.0
0.875,1.25,88.27633700905366,-1.1402882604709816,-2.576941302827734,-1.505655257683344,-1.1402879311528948,-0.6570258083302605,2.1637076260994785,54.18177529650654,25.623558809949692,0.0,100.0
0.225,1.6,88.27651642153094,-1.1404676729482617,-2.577120715305014,-1.6364830810500877,-1.140468136411613,-0.5266557786918327,2.300705829218296,54.19226699414185,25.62847103891464,0.0,100.0
0.175,0.025,88.27669107486133,-1.1406423262786518,-2.5772953686354043,-1.3358197777775018,-1.140643932278192,-0.9079008717524317,1.7819112911547452,54.071031675497686,24.271820968177558,0.12222379610067606,100.0
0.525,1.45,88.2767609913595,-1.1407122427768144,-2.577365285133567,-1.5669117212888892,-1.1407123362760359,-0.5736534103785971,2.24419379099044,54.18806414875057,25.635643305188733,0.0,100.0
0.75,1.325,88.27761385277455,-1.1415651041918693,-2.578218146548622,-1.5299107723378285,-1.1415649215563064,-0.624912315601847,2.194273287412343,54.184213541904164,25.630795733351924,0.0,100.0
-0.175,0.175,88.28050730926014,-1.1444585606774638,-2.5811116030342163,-1.4120656680445478,-1.1444606801191441,-0.8373090689631795,1.7294487844896855,54.073808632005026,24.241517638776447,0.0,100.0
1.25,1.0,88.28304281764053,-1.146994069057854,-2.5836471114146065,-1.431681023226048,-1.1469933020574559,-0.7866330287885432,2.0621420695085786,54.173051825728244,25.58158173662218,0.0,100.0
0.05,0.075,88.28381709543447,-1.147768346851791,-2.5844213892085435,-1.3691868216244245,-1.1477701389842054,-0.8880525165011477,1.763556564491946,54.07171117552402,24.257993608860566,0.03558008062877656,100.0
0.575,1.425,88.2877677729646,-1.1517190243819186,-2.588372066738671,-1.5700479535952496,-1.1517190541625268,-0.5943456903382724,2.234035869216729,54.187344889709856,25.636908724623943,0.0,100.0
-0.125,0.15,88.29414974367764,-1.158100995094955,-2.5947540374517075,-1.416616799402263,-1.158103043728093,-0.8612130807080689,1.7363095221587703,54.07309119438813,24.242917041628044,0.0,100.0
1.075,1.125,88.29497920698145,-1.1589304583987712,-2.5955835007555237,-1.4837777885440318,-1.1589298919501005,-0.736307778880203,2.111670954341707,54.17756972642134,25.608117668334007,0.0,100.0
1.0,1.175,88.29796633972549,-1.1619175911428101,-2.5985706334995626,-1.502681935979922,-1.161917111912976,-0.7149553453137969,2.1320200843268795,54.179304910439065,25.616530410990283,0.0,100.0
1.15,1.075,88.30154556229354,-1.1654968137108597,-2.602149856067612,-1.4740679459664676,-1.1654961591017894,-0.7681390829884265,2.091024948989085,54.17581794272061,25.59974416034473,0.0,100.0
0.625,1.4,88.3019525394139,-1.1659037908312229,-2.6025568331879754,-1.5762732054298425,-1.1659037568220043,-0.6186979948240889,2.223655389151502,54.186621843118864,25.638192560302663,0.0,100.0
0.8,1.3,88.30336831378723,-1.1673195652045507,-2.603972607561303,-1.5472181499381747,-1.1673193196985436,-0.662404120319394,2.183111527663339,54.18347497083534,25.632157004867913,0.0,100.0
0.925,1.225,88.31047867573699,-1.174429927154307,-2.6110829695110596,-1.5307091460091868,-1.1744295341214326,-0.7040663446599353,2.1520516951574136,54.18102708081887,25.624990623365303,0.0,100.0
-0.075,0.125,88.31110833084242,-1.1750595822597347,-2.6117126246164872,-1.4246602287893353,-1.1750615599050689,-0.8884592187330611,1.742896839706874,54.07237325053269,24.244355260197302,0.0,100.0
0.1,0.05,88.31199327515152,-1.1759445265688413,-2.612597568925594,-1.3891750509678502,-1.1759462471276207,-0.9266011483911996,1.7690891873474057,54.070988816338364,24.25954782351056,0.09211774955340235,100.0
0.225,0.0,88.31277140111351,-1.1767226525308274,-2.61337569488758,-1.3643234910955186,-1.1767241868747589,-0.9543655324460474,1.7866453823404655,54.07029781187829,24.27344564812748,0.12026259876912833,100.0
1.225,1.025,88.31756121903297,-1.1815124704502864,-2.618165512807039,-1.473259267860442,-1.1815117270871327,-0.8101516016892703,2.07025546530655,54.17405354888544,25.59143693169247,0.0,100.0
0.675,1.375,88.31934309249604,-1.18329434391336,-2.6199473862701126,-1.5855582517276616,-1.1832942457807178,-0.6466546721277808,2.213049966450088,54.18589484794358,25.639498846872907,0.0,100.0
-0.025,0.1,88.33137257657633,-1.1953238279936471,-2.6319768703503996,-1.4361409763342863,-1.1953257343939754,-0.9190482914513183,1.7492279440724443,54.071655352574375,24.245831077029646,0.0,100.0
0.85,1.275,88.33235873894509,-1.1963099903624084,-2.632963032719161,-1.5676095506003236,-1.1963096818521053,-0.7035904154943182,2.171717875466204,54.182734575992974,25.633540668776025,0.0,100.0
0.725,1.35,88.33993735605367,-1.2038886074709865,-2.640541649827739,-1.597892140741095,-1.2038884455462608,-0.678299607117097,2.202181776848611,54.185163076100864,25.64082375858224,0.0,100.0
1.05,1.15,88.34046760717683,-1.2044188585941527,-2.641071900950905,-1.5356822847010392,-1.2044183148389265,-0.7715579670868777,2.1197919586245937,54.17854721599041,25.61802846688908,0.0,100.0
0.4,1.525,88.34049498752132,-1.2044462389386439,-2.6410992812953964,-1.6511739709962967,-1.2044464764966591,-0.6121447848186392,2.271623871707791,54.19040707740595,25.643260963668045,0.0,100.0
0.35,1.55,88.34086938321738,-1.2048206346347001,-2.6414736769914526,-1.6589488093735412,-1.204820932935752,-0.6046796875726841,2.2810619373154615,54.19110766205666,25.642070042171504,0.0,100.0
1.125,1.1,88.34270838985451,-1.206659641271827,-2.6433126836285794,-1.5218110805588623,-1.206659009726812,-0.7987524365052252,2.0992184472918076,54.17680709274858,25.609638759426982,0.0,100.0
0.45,1.5,88.34330333446184,-1.2072545858791557,-2.643907628235908,-1.646452409040208,-1.2072547621003735,-0.6232976283609446,2.2619220092913648,54.189704402499515,25.64447771498758,0.0,100.0
0.15,0.025,88.34348703588594,-1.2074382873032619,-2.6440913296600144,-1.4126571805536514,-1.207439936116438,-0.9684922803823213,1.7743527543781525,54.07026256285369,24.26113439035423,0.12034528512632847,100.0
-0.3,0.225,88.34364502713086,-1.2075962785481806,-2.644249320904933,-1.5059778723794892,-1.2075985812158023,-0.8738936858679978,1.7050563170638784,54.074471988184754,24.228267294411406,0.0,100.0
0.3,1.575,88.34434752912699,-1.208298780544311,-2.6449518229010636,-1.678903670544173,-1.20829914033217,-0.6008890129215274,2.2902945328385713,54.19180156063258,25.640892514133956,0.0,100.0
0.975,1.2,88.34778789257729,-1.2117391439946061,-2.6483921863513586,-1.5587742078526077,-1.2117386872056728,-0.7547685260462345,2.140114559246974,54.1802742366451,25.62645116522332,0.0,100.0
0.5,1.475,88.34924575031785,-1.2131970017351676,-2.64985004409192,-1.6447815124795824,-1.2131971158140515,-0.6381439915406162,2.2519252426405916,54.18899621663504,25.6457162435827,0.0,100.0
-0.25,0.2,88.34943597636642,-1.2133872277837412,-2.6500402701404937,-1.502301289766919,-1.2133894603395732,-0.8898452354585942,1.7126455448917193,54.07375188284661,24.229583523334178,0.0,100.0
0.25,1.6,88.35085328684808,-1.2148045382653976,-2.65145758062215,-1.7047135738051367,-1.2148049601332331,-0.6006290601789317,2.2993189276007056,54.19249256423759,25.639740238090095,0.0,100.0
1.2,1.05,88.35440943269494,-1.2183606841122554,-2.655013726469008,-1.5170306291063156,-1.2183599639611031,-0.8361220307095039,2.0784429946879857,54.1750509000307,25.60130271126953,0.0,100.0
0.025,0.075,88.35495133775363,-1.218902589170952,-2.6555556315277045,-1.4511058199705644,-1.2189044241519043,-0.952977148515572,1.755289438000844,54.07093669153422,24.2473434614684,0.017564539492511758,100.0
0.55,1.45,88.3582961915328,-1.2222474429501204,-2.658900485306873,-1.6460538272719987,-1.222247493946449,-0.6566742754410626,2.241772733735353,54.1882809198657,25.64697098047987,0.0,100.0
-0.2,0.175,88.35854001369981,-1.222491265117128,-2.6591443074738805,-1.5021126535440885,-1.2224934273932604,-0.909134209183776,1.7199594413926824,54.07303322960449,24.23093473520641,0.0,100.0
0.775,1.325,88.36369609381275,-1.2276473452300678,-2.6643003875868203,-1.6132788160233957,-1.227647120566175,-0.7135956187158001,2.1910394138857807,54.18442535546116,25.642166570057235,0.0,100.0
0.9,1.25,88.36455767758983,-1.2285089290071483,-2.6651619713639008,-1.590929757670935,-1.228508557342252,-0.7484744641229497,2.160077583306249,54.18198878166573,25.634951661162948,0.0,100.0
0.6,1.425,88.37050704277503,-1.2344582941923505,-2.671111336549103,-1.6503504382982896,-1.2344582818410543,-0.6788272386087613,2.231434793514756,54.187560970870685,25.64824501237103,0.0,100.0
-0.15,0.15,88.37090233795853,-1.2348535893758452,-2.6715066317325977,-1.505137423425154,-1.2348556808442908,-0.931757982063175,1.7270773968148798,54.072315455896934,24.232322053321894,0.0,100.0
0.2,0.0,88.378293116857,-1.2422443682743136,-2.678897410631066,-1.43963274637278,-1.242245945282096,-1.0137044018322712,1.7793457394858723,54.069531007338185,24.262750628089986,0.11838408779478074,100.0
1.135,1.1,88.37947867323273,-1.2434299246500444,-2.680082967006797,-1.557280041073767,-1.2434292759397665,-0.8372221085970182,2.0974977971559556,54.17689598125259,25.614212042069706,0.0,100.0
0.075,0.05,88.38184633330498,-1.2457975847222968,-2.6824506270790494,-1.4695651977949638,-1.2457993481290175,-0.9902446806083134,1.7610780889480553,54.070215467446715,24.248886964257554,0.0794360889796257,100.0
0.65,1.4,88.38593300184554,-1.249884253262863,-2.6865372956196154,-1.6577378622637724,-1.249884177143855,-0.7046361849222365,2.2208708759854625,54.18683616519378,25.64953980080423,0.0,100.0
1.1,1.125,88.38619447376956,-1.2501457251868828,-2.6867987675436353,-1.5717564395510095,-1.2501451164307524,-0.8318131758014715,2.10737921850678,54.17778918152053,25.619542601652267,0.0,100.0
-0.1,0.125,88.38658005889171,-1.2505313103090288,-2.6871843526657813,-1.5116521933886133,-1.2505333307910007,-0.9577230631347646,1.733922009194235,54.0715975597037,24.233747436197437,0.0,100.0
1.025,1.175,88.38831285246935,-1.2522641038866738,-2.6889171462434263,-1.5898925166258238,-1.2522635828708417,-0.8091700552433423,2.1279444723230894,54.17951865352015,25.62794382054948,0.0,100.0
0.825,1.3,88.39069184380855,-1.2546430952258731,-2.6912961375826256,-1.6317326568817663,-1.254642807493005,-0.7525918737283348,2.1796821196896743,54.183684169939625,25.64353329225571,0.0,100.0
1.175,1.075,88.39358985523374,-1.2575411066510611,-2.6941941490078136,-1.562881170634057,-1.2575404092848117,-0.864551848583119,2.0866664286906653,54.17604210426854,25.61118114240135,0.0,100.0
0.95,1.225,88.39990967534148,-1.2638609267587952,-2.7005139691155478,-1.617067012867352,-1.2638604917256486,-0.7969718511718185,2.148203054162147,54.18123927288524,25.636392996877763,0.0,100.0
0.7,1.375,88.40456121211359,-1.2685124635309108,-2.7051655058876634,-1.6681425638408882,-1.2685123231267936,-0.7340919633593614,2.2100674771521915,54.1861057963393,25.650853554392643,0.0,100.0
-0.05,0.1,88.40556521836815,-1.2695164697854722,-2.7061695121422247,-1.521613691881626,-1.269518419037314,-0.9870308927986855,1.7405072324517927,54.07087958867537,24.235210802528517,0.0,100.0
1.25,1.025,88.4104575409635,-1.2744087923808252,-2.7110618347375777,-1.5627808570849453,-1.274408006090954,-0.9077960828996652,2.065654816439928,54.174280079270304,25.60288902243919,0.0,100.0
0.125,0.025,88.41205909887684,-1.2760103502941575,-2.71266339265091,-1.4915187189673844,-1.2760120419534389,-1.0308550861964534,1.766597079484196,54.06949205608518,24.250466070024736,0.1144923184330067,100.0
0.375,1.55,88.41906609887404,-1.2830173502913595,-2.719670392648112,-1.7350753413479083,-1.283017606990748,-0.6834069279257022,2.279214607519884,54.191322311893025,25.653359342076055,0.0,100.0
0.425,1.525,88.41993021817403,-1.2838814695913499,-2.7205345119481024,-1.7284503204653845,-1.2838816654344243,-0.6923936420520249,2.2695823515652256,54.190619812221605,25.6545598439833,0.0,100.0
0.875,1.275,88.42090256148086,-1.2848538128981772,-2.7215068552549297,-1.6532109317193573,-1.284853462309411,-0.7952760289393552,2.168080481089295,54.18294233580565,25.644929032156796,0.0,100.0
0.325,1.575,88.4213613632102,-1.2853126146275144,-2.721965656984267,-1.7491805942054555,-1.2853129327984476,-0.6781012575947898,2.2886023546697927,54.1920185238853,25.65217601764935,0.0,100.0
0.475,1.5,88.42399824235348,-1.287949493770796,-2.7246025361275485,-1.724869350801285,-1.2879496282974743,-0.7050512986809565,2.259694857215139,54.18991462245571,25.655786117977275,0.0,100.0
0.75,1.35,88.4263810361386,-1.2903322875559127,-2.726985329912665,-1.6816088891472702,-1.290332083464986,-0.7672261575312405,2.1989970260453853,54.18536876419911,25.65218185314288,0.0,100.0
0.275,1.6,88.42677251032107,-1.2907237617383913,-2.727376804095144,-1.7741937186798964,-1.2907241418751199,-0.6763797590325993,2.297755227933107,54.192710321273644,25.651013169376917,0.0,100.0
0.0,0.075,88.42786216069335,-1.2918134121106704,-2.728466454467423,-1.5350493182856724,-1.2918152899658395,-1.0196746387215825,1.7468249224629224,54.07016109976174,24.23671212266231,0.0,100.0
-0.275,0.2,88.43050257409053,-1.2944538255078442,-2.7311068678645967,-1.5957909415751033,-1.294456100785601,-0.9647205718510747,1.7027314402563622,54.072976710805634,24.219032998059568,0.0,100.0
0.525,1.475,88.43112342092819,-1.2950746723455069,-2.7317277147022594,-1.7243024377387712,-1.2950747445674977,-0.7213675552388281,2.249553151524323,54.18920541890341,25.657035208239662,0.0,100.0
1.075,1.15,88.432017811755,-1.295969063172322,-2.7326221055290745,-1.6240022647849486,-1.2959684773202127,-0.8672188638742,2.1155570868654627,54.178762736473786,25.629450953235015,0.0,100.0
1.15,1.1,88.4350815548707,-1.2990328062880252,-2.7356858486447777,-1.6108414097791695,-1.2990321315921136,-0.8954393484487184,2.094850341048029,54.1770280055741,25.6210748952289,0.0,100.0
-0.225,0.175,88.43832706334611,-1.3022783147634271,-2.7389313571201797,-1.5940752499655275,-1.3022805197541145,-0.982731065677541,1.7103035100083808,54.072257873020405,24.22037231520783,0.0,100.0
1.0,1.2,88.43845075438041,-1.302402005797731,-2.7390550481544835,-1.646243266497322,-1.30240150707898,-0.8491701637834268,2.1360852434472655,54.18048507920191,25.637862946573897,0.0,100.0
0.575,1.45,88.44138341447633,-1.3053346658936533,-2.741987708250406,-1.726736274230774,-1.3053346750668822,-0.7413314071142452,2.2392238388345675,54.18848794043565,25.658298275470937,0.0,100.0
0.175,0.0,88.44558941519955,-1.3095406666168685,-2.746193708973621,-1.5169659298397136,-1.3095422863573902,-1.0748078693249852,1.771848101753895,54.06876263027169,24.252073517009798,0.11650557682043314,100.0
1.225,1.05,88.44764734703533,-1.3115985984526475,-2.7482516408094,-1.6067445197997756,-1.3115978350688238,-0.9340360925198041,2.0738816703575833,54.17527401511968,25.612751184981484,0.0,100.0
-0.175,0.15,88.4494313360841,-1.3133825875014224,-2.750035629858175,-1.5956824568826562,-1.313384721830758,-1.004075579887811,1.7176476561392695,54.07153960745873,24.221747864386796,0.0,100.0
0.8,1.325,88.451370989403,-1.315322240820322,-2.7519752831770745,-1.6981309298741962,-1.3153219742049345,-0.8040148590334866,2.187647454177346,54.1846285808581,25.653534562062124,0.0,100.0
0.05,0.05,88.45347589839284,-1.3174271498101575,-2.75408019216691,-1.551979651625274,-1.3174289560904895,-1.0556610023783861,1.7528698891020111,54.069441656658434,24.238246164074333,0.06142054784336091,100.0
0.925,1.25,88.4543072887989,-1.3182585402162204,-2.754911582572973,-1.6776185073591137,-1.3182581264487225,-0.8415795968345066,2.1562590093295255,54.18219613940925,25.64635114142228,0.0,100.0
0.625,1.425,88.45482795487783,-1.3187792062951473,-2.7554322486519,-1.7321818486985023,-1.3187791517992422,-0.7649777187452713,2.228695743504826,54.18776808392986,25.65958227668978,0.0,100.0
-0.125,0.125,88.46382829026517,-1.3277795416824887,-2.764432584039241,-1.6006686212451768,-1.32778160502572,-1.028759839887499,1.7247497614755223,54.07082173203287,24.223160348122246,0.0,100.0
0.675,1.4,88.47147314196314,-1.335424393380464,-2.7720774357372164,-1.7406825212906512,-1.3354242748919547,-0.792282851906478,2.2179270485477085,54.18704052163964,25.660884255739944,0.0,100.0
1.125,1.125,88.47888059883225,-1.342831850249567,-2.7794848926063196,-1.6610982859966583,-1.3428311988219632,-0.9286720877762775,2.1030277361638423,54.17800653436236,25.630974199061715,0.0,100.0
0.85,1.3,88.47957231161055,-1.3435235630278726,-2.780176605384625,-1.7176927336287662,-1.3435232338813818,-0.8444828374850317,2.176074831940144,54.183886977959894,25.654912850558624,0.0,100.0
1.05,1.175,88.48017650965426,-1.3441277610715758,-2.7807808034283283,-1.6784935015370195,-1.3441271979838263,-0.9050061712057555,2.1237516964162335,54.17973067086135,25.639362889926012,0.0,100.0
-0.075,0.1,88.48153386271892,-1.3454851141362383,-2.782138156492991,-1.6091109852604717,-1.3454871062795917,-1.0567837000945701,1.7315887131311554,54.07010367459331,24.224611226526644,0.0,100.0
0.1,0.025,88.48240757305258,-1.3463588244699025,-2.783011866826655,-1.572404444529809,-1.3463605590014454,-1.094990510535382,1.7586446084331242,54.068719250660926,24.23981431904111,0.10751366804190485,100.0
1.2,1.075,88.48716642744014,-1.351117678857463,-2.7877707212142155,-1.6528966254393964,-1.3511169382871997,-0.9627320799101824,2.0821132986489226,54.17626387577821,25.62263040970063,0.0,100.0
0.975,1.225,88.49088429259642,-1.3548355440137385,-2.791488586370491,-1.7048765327101165,-1.3548350670034666,-0.8915586295482143,2.1441926142112195,54.18144602582803,25.647803216245933,0.0,100.0
0.725,1.375,88.49132875449156,-1.355280005908881,-2.7919330482656335,-1.7521982613728113,-1.355279823079377,-0.8232334506522108,2.2069238860906126,54.18630816267389,25.662208487573057,0.0,100.0
0.4,1.55,88.49887770905583,-1.362828960473152,-2.7994820028299046,-1.8127203827171599,-1.3628291755719544,-0.7639135915474782,2.2772148131254606,54.191530340940915,25.6646544577332,0.0,100.0
0.35,1.575,88.49993695888702,-1.3638882103043386,-2.800541252661091,-1.8212490389229998,-1.363888486983899,-0.7571138490617102,2.286797774459776,54.192227567051134,25.663463027446408,0.0,100.0
0.45,1.525,88.5009735522892,-1.364924803706515,-2.8015778460632674,-1.8072273849726628,-1.3649249578024922,-0.7743706349165649,2.2673814223316757,54.190827627916114,25.665867335516783,0.0,100.0
-0.025,0.075,88.50254945509853,-1.3665007065158505,-2.803153748872603,-1.621017407392543,-1.366502627268946,-1.0881451673425744,1.7381629876271727,54.06938554171348,24.22610031928723,0.0,100.0
0.3,1.6,88.5041574928021,-1.3681087442194126,-2.804761786576165,-1.8449766511483716,-1.3681090830447602,-0.7539319325859424,2.2961105460437827,54.19292191099382,25.66229275122026,0.0,100.0
0.5,1.5,88.50624520368211,-1.3701964550994319,-2.8068494974561844,-1.804757617697689,-1.3701965482041119,-0.7884988032532476,2.2572839322751337,54.19012128791344,25.667103834871327,0.0,100.0
0.9,1.275,88.51099874803046,-1.3749499994477787,-2.8116030418045312,-1.7402578789582464,-1.374949607389874,-0.8886299277073277,2.164278201935851,54.18314312892272,25.656319162797566,0.0,100.0
-0.3,0.2,88.51334502548431,-1.3772962769016317,-2.813949319258384,-1.6913042114399417,-1.3772985949269327,-1.0413680484491579,1.692619995857607,54.07220148858101,24.208503434971583,0.0,100.0
0.775,1.35,88.51435602065997,-1.3783072720772935,-2.814960314434046,-1.7667674139111398,-1.3783070262139687,-0.8578595053419349,2.1956287851448626,54.18557005802406,25.663547234890075,0.0,100.0
0.55,1.475,88.51456602605283,-1.3785172774701522,-2.8151703198269047,-1.8053200365077657,-1.378517308123594,-0.8062783853277722,2.247034527924129,54.18941159682159,25.66836234916535,0.0,100.0
0.15,0.0,88.51465701996808,-1.3786082713854029,-2.8152613137421554,-1.5963231319860256,-1.378609933995935,-1.1376627518077242,1.764150719822315,54.06799311805436,24.24141516826421,0.11462706584608555,100.0
1.135,1.125,88.5163835010131,-1.3803347524304144,-2.816987794787167,-1.6972033955543822,-1.3803340838477367,-0.9678808924213911,2.1012551339880825,54.1780911319537,25.635547557080553,0.0,100.0
-0.25,0.175,88.51988996968969,-1.383841221107005,-2.8204942634637575,-1.688061721626255,-1.3838434688443328,-1.0580991260257235,1.7004499584640966,54.071482335172625,24.209830597443872,0.0,100.0
1.1,1.15,88.52503205325243,-1.3889833046697504,-2.825636347026503,-1.7136202381430223,-1.3889826761292028,-0.9642978571038867,2.111241561111087,54.17897455322292,25.640875367126576,0.0,100.0
0.6,1.45,88.52602731099867,-1.3899785624159904,-2.826631604772743,-1.8088735860928011,-1.3899785299150835,-0.8277191774706267,2.2364932571753844,54.18869223066032,25.669634467438403,0.0,100.0
0.025,0.05,88.52688203278942,-1.3908332842067352,-2.8274863265634878,-1.6364185232718569,-1.390835133386392,-1.122850169339884,1.7444647271139442,54.068667191425305,24.227625084831306,0.04340500670709611,100.0
1.175,1.1,88.52895620048143,-1.3929074518987505,-2.829560494255503,-1.701221957113546,-1.3929067343035768,-0.9937444035154357,2.0903319270961216,54.17724467417787,25.632516625791368,0.0,100.0
-0.2,0.15,88.52973667267982,-1.3936879240971365,-2.830340966453889,-1.6882518813886804,-1.3936901013138623,-1.0781656739002443,1.708020519413744,54.07076371910866,24.211194634928564,0.0,100.0
1.025,1.2,88.53063856873783,-1.3945898201551472,-2.8312428625118997,-1.7351920338608977,-1.3945892791889065,-0.9451952007266442,2.1319251859419848,54.18069136299341,25.64927857979636,0.0,100.0
0.825,1.325,88.54058795988846,-1.4045392113057744,-2.841192253662527,-1.7844190847833517,-1.4045389032459128,-0.8961722010453883,2.184073443472847,54.18482812076071,25.66490743841369,0.0,100.0
0.65,1.425,88.54068850624023,-1.4046397576575487,-2.841292800014301,-1.815472954225072,-1.404639661487721,-0.8528451914209967,2.2257648176265223,54.18796684309719,25.670918704305315,0.0,100.0
1.25,1.05,88.54245277637212,-1.406404027789435,-2.8430570701461875,-1.6979618771760272,-1.4064032214373725,-1.033680852084089,2.0691823583842406,54.17549442284217,25.624210756375156,0.0,100.0
-0.15,0.125,88.54285300760391,-1.4068042590212286,-2.843457301377981,-1.6917094674087139,-1.4068063652503695,-1.1015695306458042,1.7153803448821605,54.07004581476206,24.212594112784856,0.0,100.0
0.95,1.25,88.54561773284316,-1.4095689842604742,-2.8462220266172267,-1.7657814350124,-1.4095685288759028,-0.9364041024757626,2.1522764514752772,54.18239633071369,25.65775529220951,0.0,100.0
0.075,0.025,88.55453251733822,-1.4184837687555358,-2.8551368111122883,-1.6553143807561383,-1.4184855461849906,-1.160898693403965,1.7504954798469672,54.06794586955195,24.229182426782096,0.10053501765080303,100.0
0.7,1.4,88.55856243519739,-1.4225136866147068,-2.8591667289714593,-1.8250802410612579,-1.4225135263363768,-0.8816410885729198,2.2147925107133912,54.18723631132737,25.67222645292714,0.0,100.0
-0.1,0.1,88.55927757622393,-1.4232288276412532,-2.8598818699980058,-1.6986264109271048,-1.4232308626969938,-1.1283085476973156,1.7224748280352329,54.069327635770335,24.2140324244692,0.0,100.0
0.875,1.3,88.57003685816596,-1.4339881095832823,-2.8706411519400348,-1.8051526099697952,-1.4339877389194584,-0.9381439267352789,2.172317586439664,54.184084840486115,25.666295704406735,0.0,100.0
1.15,1.125,88.57308906201229,-1.4370403134296055,-2.873693355786358,-1.7518080448868716,-1.4370396189212584,-1.027139959680639,2.098567257116031,54.17821545315532,25.642407659255966,0.0,100.0
1.075,1.175,88.57352208695679,-1.4374733383741045,-2.874126380730857,-1.7684019665058486,-1.4374727324011445,-1.0023201314983368,2.11947309932036,54.179936810959106,25.65078080171738,0.0,100.0
-0.05,0.075,88.57901335244811,-1.442964603865434,-2.8796176462221865,-1.709010101800871,-1.4429665675410916,-1.1583887261840147,1.729304152313088,54.06860969316772,24.21550896348714,0.0,100.0
0.75,1.375,88.579638366009,-1.443589617426312,-2.8802426597830646,-1.8377218190779132,-1.4435893931143284,-0.9141022290477565,2.2035658486622975,54.18650299867286,25.67355794106877,0.0,100.0
0.375,1.575,88.5801058134886,-1.4440570649059197,-2.880710107262672,-1.8992520127089705,-1.4440572997712848,-0.8377999006734456,2.284855349488536,54.1924316174069,25.674749534366516,0.0,100.0
0.425,1.55,88.58026815020033,-1.4442194016176444,-2.880872443974397,-1.8918522470813883,-1.4442195751789484,-0.846118966384978,2.27505045722949,54.19173376959317,25.675951115128626,0.0,100.0
1.225,1.075,88.58225774042035,-1.4462089918376648,-2.8828620341944173,-1.7444468452899144,-1.4462082083377568,-1.0624757575364612,2.077440811135148,54.176477539994444,25.634081641177733,0.0,100.0
0.325,1.6,88.58309423288118,-1.4470454842984992,-2.8836985266552517,-1.917099952559525,-1.44704578137152,-0.8331576965614573,2.2943644045081024,54.19312703962935,25.673570803486037,0.0,100.0
1.0,1.225,88.58339862652669,-1.4473498779440064,-2.884002920300759,-1.7941562161247333,-1.4473493586824588,-0.9878230876093284,2.1400693102324406,54.181645851694704,25.6592141007737,0.0,100.0
0.475,1.525,88.58357425625583,-1.4475255076731486,-2.884178550029901,-1.8874639445513708,-1.4475256206953104,-0.8580740308740644,2.2649845550250864,54.19103096293483,25.67717621273398,0.0,100.0
0.125,0.0,88.58550096608886,-1.4494522175061775,-2.88610525986293,-1.6777044681207514,-1.4494539230129249,-1.2022901778935164,1.7562569531403733,54.06722205866469,24.230774826802698,0.11274855487173796,100.0
0.525,1.5,88.59001085294705,-1.453962104364365,-2.8906151467211174,-1.8861358490241003,-1.453962156012139,-0.8736613881845017,2.254741025743594,54.190323590955934,25.67842236152417,0.0,100.0
0.575,1.475,88.59955220856565,-1.4635034599829737,-2.900156502339726,-1.8878053862072903,-1.4635034491391736,-0.8929262982478008,2.244304962060929,54.18960854358634,25.679684008289023,0.0,100.0
0.0,0.05,88.60206482026803,-1.4660160716853454,-2.902669114042098,-1.722881961040045,-1.4660179637893236,-1.1918123636693423,1.7358627850910429,54.06789143248143,24.21702254091023,0.025389465570831306,100.0
0.925,1.275,88.60266596975302,-1.4666172211703383,-2.903270263527091,-1.8288427381287704,-1.4666167871979865,-0.9837183710833699,2.1603580317332103,54.18333882218415,25.667712238584716,0.0,100.0
-0.275,0.175,88.60322782331001,-1.4671790747273263,-2.903832117084079,-1.78407195806669,-1.4671813652650656,-1.135234345242253,1.6903984102444147,54.07070675735882,24.199309877112967,0.0,100.0
0.8,1.35,88.60389097057713,-1.4678422219944451,-2.9044952643511976,-1.8534508596175385,-1.4678419349203977,-0.9502343519887262,2.192053965272296,54.18576455038253,25.674908720998314,0.0,100.0
-0.225,0.15,88.6118072231782,-1.4757584745955228,-2.9124115169522753,-1.7827905588084434,-1.4757606946496253,-1.1540282330079776,1.6982121576015015,54.06998812665379,24.200661212966665,0.0,100.0
0.625,1.45,88.61224229227355,-1.4761935436908686,-2.912846586047621,-1.8924694152134833,-1.4761934694945467,-0.9158750213402413,2.2335780925027473,54.18888408845162,25.680958520385936,0.0,100.0
1.125,1.15,88.61956719648428,-1.4835184479016021,-2.9201714902583547,-1.8046548177309205,-1.4835177760018439,-1.0629095859437712,2.1068409612115873,54.179179313840834,25.652300097859438,0.0,100.0
-0.175,0.125,88.6236537928979,-1.4876050443152167,-2.924258086671969,-1.7847747282173003,-1.4876071934662547,-1.1761500766919681,1.705813623204656,54.06926985767432,24.202048851973984,0.0,100.0
1.05,1.2,88.62431804206886,-1.4882692934861836,-2.924922335842936,-1.8254503863737028,-1.4882687093763054,-1.0427490879636707,2.1276672790914137,54.180893077177416,25.660691912019,0.0,100.0
1.2,1.1,88.62437054711715,-1.4883217985344714,-2.924974840891224,-1.7930871520948273,-1.4883210379563052,-1.093616488976437,2.0857125904228653,54.17745367583732,25.643957289740133,0.0,100.0
0.675,1.425,88.62812748851796,-1.4920787399352804,-2.928731782292033,-1.9001954174546256,-1.4920786020644414,-0.9424925688755792,2.2226376515394763,54.18815652105662,25.682251516747716,0.0,100.0
0.05,0.025,88.62843399624546,-1.4923852476627815,-2.929038290019534,-1.7402486438124072,-1.4923870680159042,-1.2285796696900348,1.7421498185062527,54.06717186276595,24.218570324789418,0.08726101505794526,100.0
0.85,1.325,88.63136252065951,-1.4953137720768268,-2.9319668144335793,-1.8722593279742057,-1.4953134224447127,-0.9900554069981098,2.1803119027093674,54.18502253499872,25.676281537275607,0.0,100.0
0.975,1.25,88.63844901915489,-1.5024002705722097,-2.939053312928962,-1.8553919714545373,-1.5023997727469465,-1.0328908347810852,2.148208214785017,54.18259168369168,25.669156491669334,0.0,100.0
-0.125,0.1,88.63879780929426,-1.5027490607115794,-2.939402103068332,-1.7901663187034416,-1.5027511387043007,-1.2016063541530286,1.7131641671479905,54.06855157958868,24.203474500625084,0.0,100.0
0.725,1.4,88.64722989324287,-1.5111811446601848,-2.9478341870169373,-1.9109755410862164,-1.5111809430895733,-0.9727824375739971,2.211457383967772,54.18742438044789,25.683567241407456,0.0,100.0
-0.075,0.075,88.6572538297559,-1.5212050811732212,-2.9578581235299737,-1.7990273841194693,-1.521207087795935,-1.2304053161967516,1.7202486701595845,54.0678337188691,24.204938394712272,0.0,100.0
1.135,1.15,88.6578263568515,-1.5217776082688204,-2.958430650625573,-1.8414976474082323,-1.5217769190443335,-1.102838999350979,2.1050447816025373,54.179260217559566,25.656869352079966,0.0,100.0
0.1,0.0,88.6581213142076,-1.5220725656249243,-2.958725607981677,-1.761109988080264,-1.5220743140537933,-1.2686902505855215,1.7481669483604032,54.066449241386294,24.220152118350306,0.11087004389739037,100.0
0.4,1.575,88.6618379279805,-1.5257891793978189,-2.9624422217545714,-1.9787476410881197,-1.5257893730609993,-0.9201915276562005,2.28274042155537,54.192626658155554,25.686035580892238,0.0,100.0
0.9,1.3,88.6620220727624,-1.5259733241797164,-2.962626366536469,-1.8941564197531875,-1.525972911565202,-1.0334501626844599,2.168414792525905,54.18427913737274,25.67767880264624,0.0,100.0
0.45,1.55,88.66320058898177,-1.5271518403990854,-2.963804882755838,-1.972459208794234,-1.527151972970728,-0.9299788891051861,2.2727081480518394,54.19192596400767,25.687244713960418,0.0,100.0
0.35,1.6,88.66362154389735,-1.5275727953146685,-2.964225837671421,-1.990571333098032,-1.5275730505477014,-0.9140576697437695,2.29248447061796,54.19332433606316,25.684848287317532,0.0,100.0
0.5,1.525,88.66771337332001,-1.5316646247373313,-2.968317667094084,-1.9692067940782465,-1.5316646965082839,-0.9434267989182246,2.2624264581753026,54.191220664519314,25.688478327741205,0.0,100.0
1.1,1.175,88.66840376903659,-1.532355020453906,-2.9690080628106585,-1.8598137734763895,-1.5323543708452831,-1.1011665490951543,2.115102891433357,54.18013827386703,25.662198804926266,0.0,100.0
1.175,1.125,88.66883646670286,-1.5327877181201757,-2.969440760476928,-1.8439990216172646,-1.5327869803755305,-1.1271973295764752,2.0939944701305078,54.17841916332699,25.65383963828518,0.0,100.0
0.775,1.375,88.66954411441121,-1.5334953658285286,-2.970148408185281,-1.9247954143183534,-1.533495100479729,-1.0067495341665023,2.200027055531492,54.18669019028322,25.684906175113852,0.0,100.0
0.55,1.5,88.67533700331711,-1.53928825473443,-2.9759412970911825,-1.9689677278254436,-1.5392882646011146,-0.9605428622438552,2.2520333304616105,54.190510752128205,25.689730137926443,0.0,100.0
1.025,1.225,88.67740609145179,-1.5413573428691052,-2.9780103852258577,-1.8848028902873324,-1.5413567806099677,-1.0856749992190373,2.135847683519305,54.18184349761249,25.670618459254946,0.0,100.0
1.25,1.075,88.67888190902653,-1.5428331604438483,-2.979486202800601,-1.83746340047918,-1.5428323341850585,-1.1637803217820846,2.0726516896759954,54.17669158879769,25.645519145078083,0.0,100.0
-0.025,0.05,88.67902427035146,-1.5429755217687813,-2.979628564125534,-1.811370001911044,-1.5429774568220296,-1.262547604127704,1.7270642927567024,54.06711531554994,24.20644033254453,0.007373924434566505,100.0
0.6,1.475,88.68611504550599,-1.5500662969233048,-2.9867193392800573,-1.971734330585491,-1.5500662441962334,-0.9813295719397246,2.2413944946256317,54.189792968871814,25.691000489343434,0.0,100.0
-0.3,0.175,88.68833982376572,-1.5522910751830352,-2.9889441175397877,-1.882105814018331,-1.5522934085892672,-1.2141338439740679,1.6801488880962556,54.06993117393142,24.1888102468389,0.0,100.0
0.825,1.35,88.6950079817669,-1.5589592331842255,-2.995612275540978,-1.9416817625915854,-1.5589589052321884,-1.044327682609321,2.188333536659397,54.1859508414901,25.686267698499332,0.0,100.0
-0.25,0.15,88.69564027734668,-1.5595915287640025,-2.996244571120755,-1.8792974760770562,-1.5595937916714775,-1.2316509778086697,1.6882208182651968,54.06921259457021,24.19014868907454,0.0,100.0
0.95,1.275,88.69583081183023,-1.5597820632475532,-2.9964351056043057,-1.9188348054272808,-1.5597815869182796,-1.0804589725747462,2.156312846019861,54.18353316865615,25.67909877776439,0.0,100.0
0.65,1.45,88.70004495181324,-1.563996203230559,-3.0006492455873115,-1.977555171254707,-1.5639960877601253,-1.0057992553640815,2.23048077014461,54.189068212641,25.692284828220412,0.0,100.0
0.025,0.025,88.70411207307596,-1.5680633244932807,-3.004716366850033,-1.8272074001407361,-1.5680651877958325,-1.2980335191371495,1.733607772142717,54.06639711896782,24.20797782826465,0.06924547392168046,100.0
-0.2,0.125,88.7062294510802,-1.5701807024975238,-3.0068337448542763,-1.8798643854731978,-1.5701828946372758,-1.2524958082100568,1.6960487852005717,54.06849377016682,24.191524421079457,0.0,100.0
1.15,1.15,88.7156742897049,-1.5796255411222262,-3.0162785834789787,-1.8972110452739628,-1.579624825982617,-1.1632720054670074,2.102277949862729,54.1793806485067,25.663725354839585,0.0,100.0
0.7,1.425,88.7171547827955,-1.581106034212823,-3.0177590765695754,-1.9864453985022692,-1.581105855512027,-1.0339183947655641,2.2193244450529597,54.18833983304698,25.693590474075407,0.0,100.0
1.075,1.2,88.71951571151759,-1.5834669629349065,-3.020120005291659,-1.917223570018848,-1.5834663355635599,-1.1419053182681012,2.1233025561523755,54.18109239934918,25.67210733134622,0.0,100.0
-0.15,0.1,88.72009454268797,-1.5840457941052932,-3.0206988364620457,-1.8837306798079112,-1.584047915059699,-1.2766770810808339,1.7036570020749906,54.06777558679693,24.192937292082448,0.0,100.0
1.225,1.1,88.72134664143184,-1.5852978928491552,-3.0219509352059077,-1.8864443549015277,-1.5852970891907574,-1.1951861860553947,2.080952447977495,54.17766247106442,25.65538495856821,0.0,100.0
0.875,1.325,88.72366551492478,-1.5876167663420944,-3.024269808698847,-1.9616478563219744,-1.5876163755286712,-1.085563292049514,2.176456224210328,54.18521030249295,25.687650540707534,0.0,100.0
0.075,0.0,88.73251813758684,-1.596469389004156,-3.0331224313609084,-1.8465397194986224,-1.5964711803807716,-1.33686308869963,1.739880867085379,54.06567583824872,24.20954929085771,0.10899153292304278,100.0
1.0,1.25,88.73281315157351,-1.5967644029908286,-3.033417445347581,-1.9463699975334663,-1.5967638626373684,-1.13110116685111,2.143981206726466,54.18278870398127,25.680544097544065,0.0,100.0
-0.1,0.075,88.73727087610465,-1.6012221275219645,-3.037875169878717,-1.8910692574874304,-1.601224177116228,-1.304194926363337,1.7109967953747498,54.06705757389283,24.194388554918625,0.0,100.0
0.75,1.4,88.73748194461193,-1.601433196029248,-3.0380862383860006,-1.9983752722767605,-1.6014329536890728,-1.0656572824220945,2.2079562081366086,54.18760885990217,25.69491911751293,0.0,100.0
0.425,1.575,88.74513332557515,-1.6090845769924726,-3.045737619349225,-2.059708962257943,-1.6090847295367041,-1.004339024622908,2.2804226995183026,54.19281571122576,25.697325620320527,0.0,100.0
0.375,1.6,88.74569222225927,-1.6096434736765843,-3.046296516033337,-2.067918316484821,-1.6096436878528237,-0.9967263540755766,2.290374218437706,54.19351538671801,25.69613134856226,0.0,100.0
0.475,1.55,88.74769167606091,-1.6116429274782291,-3.0482959698349816,-2.0545141905625144,-1.611643018781237,-1.0155899486897084,2.2701996835336598,54.19210977995829,25.698540915078517,0.0,100.0
0.525,1.525,88.75340749245801,-1.6173587438753287,-3.0540117862320812,-2.0523783725620035,-1.6173587742894313,-1.03052205943915,2.259731341331438,54.19139989913839,25.69977829332897,0.0,100.0
0.925,1.3,88.75548401445184,-1.619435265869157,-3.0560883082259096,-1.9844241872381048,-1.6194348115574428,-1.1304277132417297,2.1643673746061904,54.1844696668325,25.689056909812606,0.0,100.0
-0.05,0.05,88.75776034637238,-1.621711597789698,-3.0583646401464506,-1.9018826649903104,-1.621713575816969,-1.3350558838075415,1.7180695230788199,54.066339136939604,24.1958781383964,0.0,100.0
0.8,1.375,88.76100722963139,-1.6249584810487079,-3.0616115234054604,-2.013378799589148,-1.6249581750932862,-1.101085212389691,2.196346028505466,54.18687662446661,25.696262092863986,0.0,100.0
0.575,1.5,88.76224155910054,-1.626192810517864,-3.0628458528746165,-2.0533037502298015,-1.6261927790733126,-1.0491464088277809,2.2491582734819904,54.190689984018604,25.701041281992058,0.0,100.0
1.125,1.175,88.76481161689438,-1.6287628683116964,-3.065415910668449,-1.952661051275257,-1.6287621758786544,-1.2018354647582896,2.1105107304420265,54.18033862726191,25.673619470526795,0.0,100.0
1.2,1.125,88.76616352006042,-1.6301147714777358,-3.0667678138344883,-1.9376322806030686,-1.6301139905010331,-1.2290780253080271,2.089231805511441,54.178624747317095,25.6652596212478,0.0,100.0
1.05,1.225,88.77294248270495,-1.6368937341222676,-3.07354677647902,-1.9768721792317052,-1.6368931290923314,-1.1851452926908053,2.1314898852227984,54.18203963169216,25.682014647247616,0.0,100.0
0.625,1.475,88.77423618161001,-1.6381874330273263,-3.074840475384079,-2.0572088541239424,-1.6381873394968323,-1.071443256751408,2.2382915561497234,54.189973315434834,25.702323900207187,0.0,100.0
-0.275,0.15,88.78124831445437,-1.6451995658716925,-3.081852608228445,-1.9778282387036228,-1.6452018716774632,-1.3110421914959858,1.6780327191473567,54.068436919974424,24.17965701032271,0.0,100.0
0.0,0.025,88.78156682756477,-1.645518078982093,-3.0821711213388454,-1.9161907786940588,-1.645519985259071,-1.3692604188033215,1.7248695638964096,54.06562121666816,24.19740416373625,0.051229932785415655,100.0
0.85,1.35,88.78766044659538,-1.651611698012701,-3.0882647403694534,-2.0313304761122026,-1.6516113289841599,-1.1401569547630714,2.1845003080224976,54.1861386526876,25.697627046356327,0.0,100.0
0.675,1.45,88.78940492264014,-1.653356174057464,-3.0900092164142166,-2.0641867797892246,-1.6533560177947493,-1.0973739139508467,2.2272114698054337,54.18924972438366,25.703620884147327,0.0,100.0
0.975,1.275,88.79051433328075,-1.6544655846980731,-3.0911186270548257,-2.010131411144613,-1.6544650664897802,-1.178974398655086,2.1520562909917373,54.1837277367491,25.690479110113795,0.0,100.0
-0.225,0.125,88.79057963415943,-1.6545308855767473,-3.0911839279335,-1.9769783784831816,-1.6545331207711258,-1.3306065144428914,1.686086366661112,54.06771764473389,24.181021009940043,0.0,100.0
-0.175,0.1,88.80316519364021,-1.6671164450575304,-3.103769487414283,-1.9793194604335156,-1.6671186090654033,-1.3535084228901724,1.6939513656461556,54.06699946595676,24.182420932814733,0.0,100.0
1.135,1.175,88.80381890319059,-1.6677701546079078,-3.1044231969646603,-1.9902072055226085,-1.6677694452152365,-1.2426148376223836,2.108625965814664,54.180420308716826,25.678178951038042,0.0,100.0
0.725,1.425,88.80776243675231,-1.671713688169632,-3.1083667305263845,-2.074221390364059,-1.6717134686240258,-1.1269836004787095,2.2158801171844207,54.18852454561314,25.70493622200357,0.0,100.0
0.05,0.0,88.80869151205421,-1.6726427634715293,-3.109295805828282,-1.9339938208080127,-1.6726445978217441,-1.4068087283460358,1.7313988556357884,54.06490150944768,24.198965725797688,0.10711302194869518,100.0
1.175,1.15,88.8133260125993,-1.6772772640166238,-3.1139303063733763,-1.9911577544014563,-1.6772765060546306,-1.265453719542819,2.097507303340438,54.17958770788889,25.675137903875928,0.0,100.0
1.1,1.2,88.81626926309596,-1.6802205145132802,-3.1168735568700328,-2.0103972919032884,-1.6802198448489691,-1.242888333477282,2.118739413402634,54.18128966665442,25.683509761153253,0.0,100.0
0.9,1.325,88.81748843753401,-1.681439688951329,-3.1180927313080815,-2.052172722870395,-1.6814392563858718,-1.1828449000321086,2.172433022551935,54.18539765581892,25.69902016186566,0.0,100.0
-0.125,0.075,88.8190622514192,-1.6830135028365163,-3.119666545193269,-1.985130637825307,-1.683015595452673,-1.3797515676469203,1.7015491282290454,54.0662814230236,24.183859784204596,0.0,100.0
1.25,1.1,88.81988720664071,-1.683838458058034,-3.1204915004147864,-1.9811456775726697,-1.6838376115241716,-1.2985812909378183,2.075985792345145,54.17787032516675,25.666806569937567,0.0,100.0
1.025,1.25,88.82866422643946,-1.6926154778567764,-3.129268520213529,-2.0387353411526306,-1.6926148952799083,-1.230854546806441,2.1395941762950392,54.182982179030816,25.691931685142702,0.0,100.0
0.775,1.4,88.82929733845077,-1.693248589868091,-3.1299016322248434,-2.0872111731058,-1.6932483063734707,-1.1602663941953324,2.2043304813280242,54.187795176780675,25.70627039482566,0.0,100.0
0.4,1.6,88.82931534737811,-1.6932665987954323,-3.129919641152185,-2.1492184199591833,-1.693266772065678,-1.0811240109393054,2.2880530077676067,54.19370141855801,25.70741910212933,0.0,100.0
0.45,1.575,88.82995863526858,-1.6939098866859013,-3.1305629290426538,-2.142103403433012,-1.6939099982724486,-1.0902112142635332,2.2779340580677427,54.19299735528177,25.708619978045885,0.0,100.0
0.5,1.55,88.83374974155593,-1.6977009929732532,-3.1343540353300057,-2.1380616126237584,-1.6977010433073105,-1.1029730666509892,2.2675076553810976,54.192287942950365,25.70984161688799,0.0,100.0
-0.075,0.05,88.83827300155406,-1.7022242529713765,-3.138877295328129,-1.994419934737266,-1.7022262739971523,-1.409337198050551,1.7088787317813907,54.065563034256336,24.185336525522654,0.0,100.0
0.55,1.525,88.84066233869311,-1.7046135901104265,-3.141266632467179,-2.137086282155522,-1.7046135794907002,-1.1194150709075643,2.2568718368520844,54.191576993838815,25.711090214335027,0.0,100.0
0.95,1.3,88.85053489074356,-1.7144861421608795,-3.151139184517632,-2.0760267692775614,-1.7144856458955473,-1.2292186119247646,2.1601494924960103,54.18465954718018,25.700430814345015,0.0,100.0
0.6,1.5,88.85071552449467,-1.7146667759119936,-3.151319818268746,-2.139166381883868,-1.714666703738132,-1.1394861577010147,2.246091466427571,54.19086808930079,25.712362888940433,0.0,100.0
0.825,1.375,88.85399023011001,-1.7179414815273333,-3.154594523884086,-2.103201830940378,-1.7179411342371793,-1.1971969058109124,2.192536137743692,54.187062249427775,25.70762201036898,0.0,100.0
-0.025,0.025,88.86079824811597,-1.7247494995332886,-3.161402541890041,-2.007198776638731,-1.7247514488096527,-1.4422603681047974,1.7159354611991176,54.0648450347387,24.186851025352414,0.033214391649150854,100.0
1.15,1.175,88.86281273292539,-1.7267639843427105,-3.163417026699463,-2.046968824822855,-1.726763249533218,-1.3043316140271344,2.105749125242383,54.180541799987616,25.68502046106041,0.0,100.0
0.65,1.475,88.86393968850021,-1.727890939917529,-3.1645439822742816,-2.144203947550835,-1.7278908054924216,-1.1632386285766927,2.235041855227486,54.19015333552794,25.71365157841612,0.0,100.0
1.225,1.125,88.86504116642584,-1.728992417843159,-3.1656454601999116,-2.0326963375004397,-1.728991594266293,-1.3327734056284868,2.0842643020230978,54.17883482525672,25.67667607414846,0.0,100.0
-0.3,0.15,88.86863168846276,-1.732582939880075,-3.1692359822368275,-2.078382674022322,-1.7325852886237953,-1.3922029983830413,1.6676482848835301,54.06766119262517,24.16918637441683,0.0,100.0
1.075,1.225,88.87003918903828,-1.7339904404555995,-3.170643482812352,-2.070391207987697,-1.733989793650332,-1.286425296206886,2.126911165269005,54.18223650888548,25.693406383339997,0.0,100.0
-0.25,0.125,88.87668432470836,-1.7406355761256833,-3.177288618482436,-2.0760085973171982,-1.7406378542508292,-1.4104896802542726,1.6759590938113285,54.06694202956166,24.17053758939463,0.0,100.0
0.7,1.45,88.88032525136288,-1.7442765027801954,-3.180929545136948,-2.1522453725066555,-1.744276305358386,-1.1906794073728548,2.2237913892371584,54.18943259780428,25.714959680984776,0.0,100.0
0.875,1.35,88.88184672479915,-1.7457979762164655,-3.182451018573218,-2.1221676711654567,-1.745797565491023,-1.2377364440304888,2.18049511989641,54.18632353576427,25.70899546241292,0.0,100.0
0.025,0.0,88.88664151724885,-1.7505927686661664,-3.187245811022919,-2.0234724764261074,-1.7505946460157076,-1.4785272724568301,1.7227210989611885,54.06412662192192,24.18840214563604,0.09508594113626481,100.0
1.0,1.275,88.88673264654679,-1.7506838979641088,-3.1873369403208613,-2.1028578427395956,-1.7506833377055386,-1.278988778964191,2.147704801920408,54.18391834203491,25.70186421810655,0.0,100.0
-0.2,0.1,88.88801190238173,-1.7519631537990534,-3.188616196155806,-2.0769326370337637,-1.7519653608894799,-1.4321116088371326,1.6840498145054321,54.06622333699032,24.17192567789283,0.0,100.0
0.75,1.425,88.89989349853387,-1.7638447499511898,-3.2004977923079423,-2.163335489469617,-1.7638444889154357,-1.2217928141851218,2.2123181788520956,54.188705978843316,25.716283376182943,0.0,100.0
-0.15,0.075,88.90262819398428,-1.7665794454016037,-3.2032324877583562,-2.081215151231973,-1.7665815811001295,-1.457074013846551,1.6919049469875267,54.065505143270556,24.17335187637776,0.0,100.0
1.2,1.15,88.91252058805311,-1.7764718394704317,-3.2131248818271843,-2.086566547079059,-1.776471039078578,-1.369298670305298,2.092589936837557,54.17979339755601,25.686542685272716,0.0,100.0
0.925,1.325,88.9129229108882,-1.7768741623055178,-3.2135272046622703,-2.1441875717915764,-1.7768736879299922,-1.2819271333656133,2.168250236463784,54.185586141951106,25.710392038942764,0.0,100.0
0.425,1.6,88.9145039406221,-1.7784551920394165,-3.215108234396169,-2.2320073392845643,-1.77845532463694,-1.1673116910282886,2.285565894905408,54.1938815500606,25.718709674175383,0.0,100.0
1.125,1.2,88.91462679678342,-1.7785780482007425,-3.215231090557495,-2.1050710559946424,-1.7785773366567752,-1.3456857156042759,2.113990726008883,54.181491382023914,25.69490164807676,0.0,100.0
0.475,1.575,88.91638996526396,-1.780341216681279,-3.2169942590380316,-2.226047877632368,-1.7803412874930842,-1.1778875701822642,2.275273416567218,54.19317582989232,25.719916378705452,0.0,100.0
-0.1,0.05,88.92055934980212,-1.7845106012194378,-3.2211636435761903,-2.0889817989259285,-1.7845126653357766,-1.4853788595755475,1.6994897434021903,54.06478693157306,24.17481600799229,0.0,100.0
0.525,1.55,88.92138711893388,-1.785338370351198,-3.2219914127079505,-2.2231618769804697,-1.7853383801041816,-1.1920863297115432,2.2646554650299655,54.192466110707144,25.721148944741227,0.0,100.0
0.8,1.4,88.92262242557942,-1.7865736769967384,-3.223226719353491,-2.1773468891342844,-1.7865733515743727,-1.2565602137286476,2.2005977308951663,54.187975168041625,25.71762512501383,0.0,100.0
1.05,1.25,88.92611177830388,-1.7900630297211961,-3.2267160720779486,-2.132600140009231,-1.7900624053828835,-1.332380491813609,2.1350369957921984,54.18317837295515,25.703319610620984,0.0,100.0
0.575,1.525,88.9294794916221,-1.7934307430394227,-3.2300837853961752,-2.2232878728673313,-1.793430691522471,-1.2099787590874485,2.253872714363355,54.19175490237601,25.722406901146876,0.0,100.0
0.625,1.5,88.94074900652973,-1.8047002579470472,-3.2413533003037998,-2.2264092997767477,-1.8047001445816364,-1.2315657456253177,2.242881423801075,54.19104609735053,25.723688063940404,0.0,100.0
-0.05,0.025,88.94180494370838,-1.8057561951256957,-3.2424092374824482,-2.1002314047156716,-1.8057581874606143,-1.5170270186080188,1.7068046201560558,54.06406865280529,24.176318591273226,0.015198850512886056,100.0
0.975,1.3,88.9471378745339,-1.811089125951213,-3.2477421683079655,-2.16915987945265,-1.8110885877699332,-1.3295607120464012,2.1558247636726278,54.18484921804867,25.71181017313263,0.0,100.0
0.85,1.375,88.94852330037568,-1.8124745517930023,-3.249127594149755,-2.194382457488942,-1.8124741626408365,-1.2949950159428738,2.1885957724086027,54.18724168741024,25.718987342731875,0.0,100.0
1.135,1.2,88.95436851669893,-1.818319768116254,-3.2549728104730065,-2.1433426165556853,-1.8183190396604942,-1.3871135755432533,2.112080291403215,54.181573329241935,25.699457452488534,0.0,100.0
0.675,1.475,88.95518481024264,-1.819136061659961,-3.2557891040167135,-2.2325460816280582,-1.8191358857374325,-1.2568437485388415,2.231660125054828,54.190328707397484,25.724980480958127,0.0,100.0
1.175,1.175,88.96232767961617,-1.8262789310334853,-3.2629319733902378,-2.142725095909242,-1.8262781539179174,-1.4082983422652262,2.1008942788487417,54.180746155812606,25.696415548747808,0.0,100.0
-0.275,0.125,88.96456445687409,-1.8285157082914054,-3.265168750648158,-2.1770598097182443,-1.8285180293681633,-1.49214526597342,1.6656371693535512,54.06616640210786,24.160075303782047,0.0,100.0
1.25,1.125,88.96540368212405,-1.8293549335413672,-3.2660079758981198,-2.129200741567985,-1.8293540668278325,-1.43775108583759,2.079274258421421,54.179044787121676,25.68807969937532,0.0,100.0
0.0,0.0,88.96636822734054,-1.8303194787578576,-3.26697252111461,-2.1149757790270485,-1.8303213991318614,-1.5520188752658015,1.7138478512851933,54.063350582913344,24.177857451241227,0.07707040000000001,100.0
1.1,1.225,88.96870020341257,-1.832651454829886,-3.2693044971866385,-2.1654049695323607,-1.8326507659986617,-1.389326992195933,2.1221932716529803,54.182438652821475,25.704795954731217,0.0,100.0
0.725,1.45,88.97280117436802,-1.8367524257853347,-3.273405468142087,-2.2417444390432877,-1.8367521866690537,-1.2857906927554268,2.2202559645383246,54.18960769721073,25.726299137537637,0.0,100.0
-0.225,0.1,88.9746348528553,-1.838586104272622,-3.2752391466293744,-2.176570155486175,-1.838588354471426,-1.5124872917234313,1.6739526994433878,54.065447192695416,24.161451541125587,0.0,100.0
0.9,1.35,88.97761830272202,-1.8415695541393404,-3.278222596496093,-2.214501606542399,-1.8415691014023907,-1.3370584500419511,2.176349556743178,54.186507458291565,25.72036373000004,0.0,100.0
1.025,1.275,88.98453958042445,-1.8484908318417723,-3.285143874198525,-2.197114369067208,-1.8484902298060633,-1.380798437943426,2.1431790656107665,54.184112038004294,25.713245916499258,0.0,100.0
-0.175,0.075,88.98797062532513,-1.851921876742452,-3.2885749190992044,-2.1793241145984865,-1.8519240555479655,-1.5361693802055356,1.6820652918083583,54.064728837613934,24.162865050688435,0.0,100.0
0.775,1.425,88.99355811795562,-1.8575093693729343,-3.294162411729687,-2.2538045175095505,-1.857509066161117,-1.3183846024871144,2.208590296553816,54.18887989540912,25.727634545352252,0.0,100.0
0.45,1.6,89.00126525793401,-1.8652165093513275,-3.30186955170808,-2.3163261294735094,-1.86521660118768,-1.2552094017121789,2.282970651416923,54.194061238285165,25.730003162426414,0.0,100.0
0.5,1.575,89.00436215236678,-1.8683134037841,-3.3049664461408526,-2.3114469754724922,-1.8683134340871903,-1.267236062360837,2.2724792045838917,54.19335504830667,25.73121939414564,0.0,100.0
-0.125,0.05,89.00462210791638,-1.8685733593336948,-3.3052264016904473,-2.185568251026254,-1.8685754665666963,-1.5631931529202205,1.6899053796625068,54.06401067032668,24.16431631192056,0.0,100.0
0.95,1.325,89.00988214985077,-1.8738334012680866,-3.310486443624839,-2.2376979948886913,-1.8738328849017534,-1.382590117075324,2.16394494807218,54.18577370468038,25.72176056673047,0.0,100.0
0.55,1.55,89.01055615980346,-1.874507411220776,-3.3111604535775285,-2.3096204329568053,-1.8745073801503964,-1.2829537583209714,2.2616629607880636,54.192645401451315,25.73245956192831,0.0,100.0
1.225,1.15,89.01323243539348,-1.8771836868107954,-3.313836729167548,-2.1834452401313342,-1.877182843724117,-1.4745577399268655,2.0875895070551853,54.180000270037745,25.697940407696084,0.0,100.0
1.15,1.2,89.01442483928068,-1.8783760906979978,-3.3150291330547503,-2.201191764740983,-1.8783753368435867,-1.4497311921976461,2.1091645028597705,54.18169656848471,25.70629366176045,0.0,100.0
0.825,1.4,89.01752557970595,-1.8814768311232655,-3.318129873480018,-2.26890489539349,-1.8814764633618495,-1.354660215487101,2.196687519780095,54.18815049553776,25.728985220312588,0.0,100.0
0.6,1.525,89.0198526624911,-1.883803913908423,-3.3204569562651756,-2.310858798286361,-1.883803821184418,-1.3023652377175239,2.250703122726783,54.19193211469563,25.733722846060772,0.0,100.0
-0.075,0.025,89.02458674111487,-1.8885379925321928,-3.3251910348889453,-2.195288653520876,-1.888540027986315,-1.5935599800642848,1.697477352597035,54.06329216767758,24.165806831236292,0.0,100.0
1.075,1.25,89.02507322427253,-1.889024475689851,-3.3256775180466036,-2.227968427132126,-1.8890238090688256,-1.4354134975167625,2.130390925947952,54.183375425128276,25.71470230515977,0.0,100.0
0.65,1.5,89.03233490453788,-1.8962861559551953,-3.332939198311948,-2.3151138890324034,-1.8962860009917164,-1.3254677674423334,2.2395265554866635,54.19121847844572,25.735013609561555,0.0,100.0
0.875,1.375,89.04463458672764,-1.9085858381449583,-3.345238880501711,-2.287094276069155,-1.9085854067326864,-1.394558696923994,2.184491245034247,54.187422046626736,25.73034723589151,0.0,100.0
1.0,1.3,89.04528031374153,-1.9092315651588478,-3.3458846075156004,-2.263817846112616,-1.9092309850037765,-1.4315681544843528,2.151360929187147,54.18504035248896,25.723181868532695,0.0,100.0
-0.025,0.0,89.04786871848482,-1.9118199699021403,-3.348473012258893,-2.208503740425357,-1.9118219333966722,-1.6272703411117817,1.7047771031457064,54.0625743092877,24.167333410428395,0.05905485886373521,99.99867078308017
0.7,1.475,89.04797647154705,-1.9119277229643643,-3.348580765321117,-2.3223903089609905,-1.9119275050068096,-1.3522592758018988,2.2281327216136586,54.19049819907657,25.736316098483975,0.0,100.0
-0.3,0.125,89.05422009357319,-1.9181713449905118,-3.3548243873472643,-2.280134814105125,-1.9181737090547955,-1.5755711461303008,1.655119835503198,54.06539070397708,24.149634069494972,0.0,100.0
-0.25,0.1,89.06302396459536,-1.9269752160126785,-3.363628258369431,-2.278181929844777,-1.9269775092763184,-1.594635448548388,1.6636747991183223,54.06467111631503,24.150998376639343,0.0,100.0
1.2,1.175,89.06333032278415,-1.9272815742014728,-3.3639346165582253,-2.2399805244203606,-1.9272807549417024,-1.5138305046981486,2.09590212316897,54.18095430003205,25.707810017004775,0.0,100.0
0.75,1.45,89.06677573448638,-1.9307269859037035,-3.367380028260456,-2.332554964205258,-1.9307267041534346,-1.382665358961006,2.216539297933873,54.189777975279185,25.737646015671757,0.0,100.0
1.125,1.225,89.06879879359859,-1.9327500450159079,-3.3694030873726604,-2.2618562898096712,-1.932749313877818,-1.4936303090648693,2.117409866640954,54.18263986833034,25.716184138337976,0.0,100.0
0.925,1.35,89.07490146507222,-1.938852716489535,-3.3755057588462876,-2.3083671208565733,-1.9388522218250301,-1.437959783235769,2.172073637725346,54.186692885208984,25.73172727391759,0.0,100.0
-0.2,0.075,89.0750894387192,-1.9390406901365225,-3.375693732493275,-2.2794574701717067,-1.9390429120739612,-1.6170375152372571,1.6720305209070103,54.06395266638439,24.152399048800856,0.0,100.0
1.05,1.275,89.08380238660628,-1.947753638023599,-3.3844066803803514,-2.29283785009666,-1.947752993661166,-1.4839347764695674,2.138617021822335,54.18430581237362,25.724624575853174,0.0,100.0
0.8,1.425,89.08875822711963,-1.9527094785369457,-3.389362520893698,-2.345741701804158,-1.9527091324686352,-1.4167492084861664,2.2046742878209336,54.18905358027012,25.73899258739233,0.0,100.0
0.475,1.6,89.08954494014016,-1.953496191557477,-3.3901492339142294,-2.402003741903499,-1.9534962425475784,-1.3448569279397304,2.28018128805828,54.194242427109785,25.7413003001127,0.0,100.0
-0.15,0.05,89.09046065916685,-1.9544119105841702,-3.3910649529409227,-2.284175555179658,-1.954414060953468,-1.6427803927021785,1.6801270271805504,54.06323437465408,24.153837700521105,0.0,100.0
0.525,1.575,89.09388701700138,-1.9578382684186977,-3.39449131077545,-2.39825336066113,-1.9578382577787834,-1.3584032217158608,2.2694812488357408,54.19353346088741,25.74252536280211,0.0,100.0
0.575,1.55,89.10125752846204,-1.9652087798793616,-3.401861822236114,-2.3975814540249303,-1.9652087073769309,-1.375622739673716,2.258542488306962,54.192819531407224,25.74377123045542,0.0,100.0
0.975,1.325,89.10828994875104,-1.9722412001683551,-3.4088942425251076,-2.3326836147554673,-1.9722406415123204,-1.4845711933701153,2.1595718907144748,54.18596247268248,25.733132117109793,0.0,100.0
-0.1,0.025,89.10914512745066,-1.9730963788679787,-3.4097494212247312,-2.2923705049565797,-1.9730984574658266,-1.6718659768790616,1.6879551285580918,54.062515881027544,24.155315284583676,0.0,100.0
1.135,1.225,89.10928106845941,-1.973232319876729,-3.4098853622334815,-2.3008650231740404,-1.9732315718609328,-1.5358579909189416,2.115458561743402,54.182719706017345,25.72073849837657,0.0,100.0
0.625,1.525,89.11176549147704,-1.9757167428943632,-3.4123697852511157,-2.399972597144483,-1.9757166084328106,-1.3965238034905099,2.247403385535908,54.19210523237391,25.745044007349748,0.0,100.0
0.85,1.4,89.11395200191187,-1.9779032533291883,-3.4145562956859408,-2.3620018215464427,-1.9779028429641046,-1.454476200451495,2.1925892218957737,54.18833026752358,25.740341946549137,0.0,100.0
1.25,1.15,89.11542925855466,-1.9793805099719748,-3.4160335523287273,-2.2818519134517032,-1.9793796255620264,-1.5816063737948411,2.082408964531895,54.18021123586334,25.709341208596555,0.0,100.0
1.175,1.2,89.1157429784847,-1.979694229902023,-3.4163472722587755,-2.298807335386755,-1.9796934338800525,-1.555544015498299,2.104203756904929,54.18190227263689,25.717689243273085,0.0,100.0
0.675,1.5,89.12543821788229,-1.98938946929961,-3.4260425116563624,-2.405295597192648,-1.9893892721485797,-1.4211134211349616,2.2360482142247484,54.191390692688266,25.746343513049368,0.0,100.0
1.1,1.25,89.12552529296265,-1.9894765443799685,-3.426129586736721,-2.3248028851170375,-1.9894758355944417,-1.5399864516094084,2.1256549651658583,54.1835718232012,25.726084752590726,0.0,100.0
-0.05,0.0,89.13114585018057,-1.9950971015978922,-3.4317501439546447,-2.3040563426116876,-1.9950991082377527,-1.704294852814428,1.6955114810169147,54.06179796634925,24.15683036452604,0.04103931772747041,100.0
0.9,1.375,89.14222954258373,-2.006180794001054,-3.4428338363578064,-2.3813468301702727,-2.006180320813354,-1.4956552148013174,2.1802378917570797,54.1876052132256,25.74170991933083,0.0,100.0
0.725,1.475,89.14226415017016,-2.0062154015874825,-3.442868443944235,-2.4135634087142677,-2.0062151409359132,-1.4493570581870188,2.224469837923123,54.190671147860165,25.74765630204252,0.0,100.0
1.025,1.3,89.1448402658841,-2.008791517301418,-3.4454445596581706,-2.3598935124453675,-2.008790894525157,-1.5347780326596734,2.146866490247186,54.18523250259134,25.7345591484244,0.0,100.0
-0.275,0.1,89.15317696013166,-2.017128211548979,-3.4537812539057313,-2.3817568763774233,-2.017130547818593,-1.6785560172984617,1.6532197012784065,54.06389547324323,24.140565443520583,0.0,100.0
0.775,1.45,89.16229515119046,-2.026246402607782,-3.4628994449645347,-2.4248788345370116,-2.0262460782859733,-1.4812687082705338,2.2126716453650754,54.189951340185274,25.748998007936052,0.0,100.0
-0.225,0.075,89.16398449626998,-2.0279357476872946,-3.464588790044047,-2.3816151732171136,-2.027938012782485,-1.6996781551446247,1.661801041753357,54.06317649515484,24.14195423668645,0.0,100.0
1.225,1.175,89.16584225612475,-2.0297935075420668,-3.4664465498988193,-2.338751962025654,-2.029792646740475,-1.6211075353582771,2.0907383756170153,54.18116355923403,25.7192090801416,0.0,100.0
1.15,1.225,89.17047721294597,-2.0344284643632875,-3.47108150672004,-2.359840521445335,-2.034427691069959,-1.5996889178799876,2.112491886654461,54.1828383347855,25.72757319354211,0.0,100.0
0.95,1.35,89.1736107612705,-2.0375620126878147,-3.474215055044567,-2.403750998616232,-2.0375614755080846,-1.5400074885425283,2.167779402496085,54.186878432500336,25.743098376101475,0.0,100.0
-0.175,0.05,89.17807515403628,-2.0420264054535977,-3.47867944781035,-2.3848046124983853,-2.0420285989800107,-1.724140555952431,1.6701547719203207,54.06245807898147,24.14338026674687,0.0,100.0
0.5,1.6,89.17936256687342,-2.0433138182907413,-3.479966860647494,-2.4891587495151555,-2.0433138279732446,-1.4362481237577072,2.277265868979552,54.19441991992179,25.752601027481425,0.0,100.0
1.075,1.275,89.18458586184538,-2.0485371132626966,-3.485190155619449,-2.390040958873641,-2.0485364263841093,-1.5886628714387,2.1339259262401638,54.18450154560833,25.736003203840955,0.0,100.0
0.55,1.575,89.18491986564459,-2.048871117061907,-3.4855241594186595,-2.486582071323795,-2.048871064664013,-1.4512937589602046,2.2664044602582707,54.19370816808068,25.753836686680394,0.0,100.0
0.825,1.425,89.18551306119517,-2.0494643126124856,-3.486117354969238,-2.4392116550768463,-2.0494639243372204,-1.5168500997786083,2.2006110109274393,54.18923271690741,25.750345914169312,0.0,100.0
0.6,1.55,89.1935115024156,-2.0574627538329224,-3.494115796189675,-2.487065776048979,-2.0574626393223867,-1.4700235293233987,2.255322411356084,54.192993565722354,25.755094862297522,0.0,100.0
-0.125,0.025,89.19548008507796,-2.0594313364952797,-3.496084378852032,-2.391476938491067,-2.059433458261273,-1.7519450065414475,1.6782383039795703,54.06173958535494,24.144844885871354,0.0,100.0
0.65,1.525,89.20521966792245,-2.0691709193397685,-3.505823961696521,-2.490481727262491,-2.069170742496996,-1.4924364599179114,2.243991228213215,54.192280724686185,25.756374917272776,0.0,100.0
1.0,1.325,89.20819778994318,-2.072149041360504,-3.5088020837172564,-2.4291092929684197,-2.072148439821737,-1.588037140898777,2.1551133376866605,54.186152035935486,25.74450986253952,0.0,100.0
0.875,1.4,89.21184132425181,-2.0757925756691264,-3.512445618025879,-2.4566296979084115,-2.0757921233685694,-1.5557246455353635,2.188406496134801,54.18851295666471,25.75170620686169,0.0,100.0
-0.075,0.0,89.2161996115601,-2.080150862977419,-3.5168039053341715,-2.4016335672845486,-2.0801529127873293,-1.7830924103688233,1.686051314355249,54.061021479224195,24.146348198447836,0.023023776591205608,100.0
1.2,1.2,89.21861517121859,-2.0825664226359066,-3.519219464992659,-2.3979496689898383,-2.0825655850722056,-1.6630579646844978,2.0990753516744984,54.1821045018078,25.72908339852428,0.0,100.0
0.7,1.5,89.2200900475671,-2.084041298984417,-3.5206943413411693,-2.496837445640054,-2.0840410594024603,-1.518499765706892,2.232416179082446,54.19156604990655,25.757681383537367,0.0,100.0
1.125,1.25,89.2275348180435,-2.0914860694608137,-3.5281391118175662,-2.4231723609114084,-2.0914853183626576,-1.6462213927146934,2.1207589135858815,54.18376799351573,25.737473376242207,0.0,100.0
0.75,1.475,89.23813264580305,-2.1020838972203677,-3.53873693957712,-2.5062618098370706,-2.1020835943233123,-1.548246755400271,2.2206374139043605,54.190847341590946,25.75900304815604,0.0,100.0
0.925,1.375,89.24126056219207,-2.1052118136093867,-3.541864855966139,-2.4770969908732923,-2.105211297602179,-1.5978940574749174,2.1760339202278813,54.187790817550166,25.753078616959723,0.0,100.0
-0.3,0.1,89.24510587640182,-2.109057127819142,-3.5457101701758944,-2.4873556836973876,-2.1090595071198437,-1.764248867609055,1.6425704436749093,54.06311983017143,24.130153738684008,0.0,100.0
1.05,1.3,89.24596342063309,-2.109914672050408,-3.5465677144071606,-2.457468909548922,-2.109914006479414,-1.6397141834932114,2.1422198373310124,54.18542774811646,25.745935263367777,0.0,100.0
-0.25,0.075,89.25465574849173,-2.1186069999090478,-3.5552600422658003,-2.485797167026419,-2.118609308187595,-1.784091270730201,1.6513772891173546,54.06240029618194,24.13153058904738,0.0,100.0
0.8,1.45,89.25936375861238,-2.1233150100296996,-3.559968052386452,-2.518713738586655,-2.1233146435224852,-1.5816197256756226,2.208659515516078,54.19013224155645,25.760345727610016,0.0,100.0
-0.2,0.05,89.26746603749211,-2.1314172889094323,-3.568070331266185,-2.4874581170804646,-2.1314195256173605,-1.8072735752436273,1.6599882608865713,54.061681783308856,24.13294403812831,0.0,100.0
1.135,1.25,89.26876126002612,-2.1327125114434438,-3.5693655538001963,-2.4629444375633796,-2.132711743535123,-1.6891766902304397,2.118755765586334,54.18384737623188,25.742029572791715,0.0,100.0
1.25,1.175,89.26989229355617,-2.1338435449734874,-3.57049658733024,-2.438984616942733,-2.133842642152871,-1.7298981133201465,2.0854745626201647,54.1813663482218,25.730613675807625,0.0,100.0
0.525,1.6,89.27075265524726,-2.1347039066645834,-3.571356949021336,-2.5778225592556936,-2.134703874721501,-1.529430002475621,2.274228890251129,54.1945952990822,25.763914588933975,0.0,100.0
1.175,1.225,89.27369894702916,-2.1376501984464795,-3.574303240803232,-2.459352875167326,-2.1376493834243973,-1.707464381191187,2.1073700491767857,54.18303721485837,25.738966718774616,0.0,100.0
0.975,1.35,89.27386542186919,-2.1378166732865083,-3.5744697156432608,-2.5006003240585954,-2.1378160930053327,-1.643731436323776,2.1633937424928704,54.187066614687915,25.754471114247686,0.0,100.0
0.575,1.575,89.27752057933523,-2.1414718307525504,-3.578124873109303,-2.5763993252967055,-2.141471736388749,-1.5459848388050972,2.263206573638368,54.193884180604016,25.76515788209647,0.0,100.0
-0.15,0.025,89.28359154968444,-2.147542801101764,-3.5841958434585166,-2.492607942151153,-2.147544966060218,-1.8337970207556822,1.668327183077926,54.06096328968234,24.13439567979686,0.0,100.0
0.85,1.425,89.28371076798992,-2.1476620194072353,-3.584315061763988,-2.5341842557228205,-2.147661588609432,-1.618266933534514,2.1965280266280245,54.18941625551701,25.76169895040158,0.0,100.0
1.1,1.275,89.2869117798182,-2.1508630312355166,-3.587516073592269,-2.4887412350268647,-2.150862301746747,-1.6950818447713232,2.1290801108406145,54.184698203909726,25.74738756346287,0.0,100.0
0.625,1.55,89.28728884672427,-2.151240098141585,-3.5878931404983376,-2.5778958366348235,-2.151239941443811,-1.5662175420555542,2.2519602752523595,54.19317038011087,25.766425169191354,0.0,100.0
0.675,1.525,89.30020339076988,-2.1641546421871993,-3.600807684543952,-2.582352938891887,-2.164154423119322,-1.5901128793703236,2.2404082243991494,54.192457452155665,25.767714535952855,0.0,100.0
-0.1,0.0,89.30302997550777,-2.1669812269250883,-3.603634269281841,-2.501235393770969,-2.1669833199296193,-1.8636630098293239,1.6763969786465185,54.06024489973097,24.135887037989338,0.005008235454940807,100.0
1.025,1.325,89.30965871826788,-2.1736099696852023,-3.6102630120419548,-2.5270699534773087,-2.1736093250205952,-1.6932446088787714,2.1505293528106906,54.18634519458681,25.75587904562236,0.0,100.0
0.9,1.4,89.31117376678613,-2.1751250182034454,-3.611778060560198,-2.552690235489365,-2.1751245229461604,-1.6582478761965405,2.1842146934569566,54.188699980418505,25.763067356104127,0.0,100.0
0.725,1.5,89.31629585406779,-2.1802471054851082,-3.6169001478418608,-2.5898523514003102,-2.1802468235191723,-1.617696901048447,2.2286359791396766,54.191743828798394,25.769025298878134,0.0,100.0
1.225,1.2,89.32302105985683,-2.186972311274147,-3.6236253536308993,-2.498547547967462,-2.186971431534127,-1.7721613609788136,2.0938174860523158,54.182303892060254,25.74048321625408,0.0,100.0
1.15,1.25,89.33106875251262,-2.1950200039299403,-3.631673046286693,-2.5230326445766593,-2.1950192106693036,-1.754122872430898,2.115717239397646,54.183967012278345,25.748863416262996,0.0,100.0
0.775,1.475,89.33550851831875,-2.199459769736066,-3.6361128120928186,-2.600416560474585,-2.19945942429747,-1.6487291897387166,2.216719884467002,54.19102980076146,25.770348074899193,0.0,100.0
0.95,1.375,89.34182757665,-2.2057788280673236,-3.642431870424076,-2.574262080901363,-2.2057782689601737,-1.7018933490934955,2.1716536424488786,54.18798146243607,25.76444546493268,0.0,100.0
-0.275,0.075,89.3470825116585,-2.211033763075818,-3.6476868054325706,-2.591900409248197,-2.211036114421097,-1.8702768048345888,1.640789263751641,54.061624238661686,24.121127804422212,0.0,100.0
1.075,1.3,89.34863679466898,-2.212588046086296,-3.6492410884430484,-2.5565564300428605,-2.212587337837243,-1.7464252310596322,2.1374237949651804,54.185621904380184,25.757317445554467,0.0,100.0
0.825,1.45,89.35789333461751,-2.221844586034834,-3.6584976283915864,-2.6139899218626113,-2.2218441767340464,-1.683268709461231,2.204621422288766,54.190315911311956,25.771697256768096,0.0,100.0
-0.225,0.05,89.35863316957936,-2.2225844209966823,-3.659237463353435,-2.5921359948551412,-2.222586700911569,-1.8921791548458913,1.6496279405820622,54.06090547003665,24.122529008670533,0.0,100.0
0.55,1.6,89.36367125415568,-2.2276225055729952,-3.6642755479297477,-2.6679528528536025,-2.227622432212408,-1.6244180026437078,2.271019565043677,54.19477090336582,25.775229183232096,0.0,100.0
0.6,1.575,89.37158532527596,-2.2355365766932778,-3.6721896190500303,-2.66750779828088,-2.235536440522432,-1.6424763649735752,2.259831491200085,54.19405979216362,25.776481598756316,0.0,100.0
-0.175,0.025,89.3734788929469,-2.2374301443642253,-3.674083186720978,-2.595761148746604,-2.2374323525354556,-1.9174219685453693,1.658222674514415,54.06018699400973,24.12396769389873,0.0,100.0
1.0,1.35,89.37568303233535,-2.2396342837526646,-3.676287326109417,-2.5989103376844866,-2.239633660519948,-1.7492305789704403,2.1588400982347498,54.187261079519274,25.765840031315722,0.0,100.0
1.2,1.225,89.37843046500696,-2.2423817164242763,-3.679034758781029,-2.5603017066177216,-2.2423808589473593,-1.8167538841656352,2.1021739619510447,54.183235160630296,25.750365925731977,0.0,100.0
0.65,1.55,89.38259417672874,-2.2465454281460637,-3.6831984705028162,-2.6701216639847303,-2.2465452295257307,-1.6641941113415015,2.248399193994559,54.19334614856229,25.77776016922955,0.0,100.0
0.875,1.425,89.38340715610175,-2.247358407519073,-3.6840114498758254,-2.6305451366094132,-2.2473579333530638,-1.7210753678811983,2.1923908605482354,54.18960246494796,25.77305508748002,0.0,100.0
1.125,1.275,89.39078882789192,-2.2547400793092436,-3.691393121665996,-2.5889018455827397,-2.2547393074988973,-1.8032677710805984,2.124085263477705,54.18489422857951,25.7587756115735,0.0,100.0
-0.125,0.0,89.39163691447972,-2.255588165897038,-3.6922412082537903,-2.6028618083413875,-2.2555903021206065,-1.9460066441784676,1.6665488712862169,54.05946850038322,24.125446313182717,0.0,100.0
0.7,1.525,89.39674192784217,-2.2606931792594906,-3.697346221616243,-2.6757295638763736,-2.2606929179776727,-1.689577788228263,2.2366738236842836,54.19263561616577,25.779057016133603,0.0,100.0
0.925,1.4,89.41208340403378,-2.276034655451099,-3.7126876978078514,-2.650181807161246,-2.276034116973875,-1.762538439804672,2.1798693639518834,54.18888994676065,25.774424332450167,0.0,100.0
1.05,1.325,89.41268115476838,-2.2766324061856977,-3.7132854485424502,-2.6264861885363047,-2.276631719096565,-1.8002428915643662,2.145761766841595,54.1865378323477,25.767259519549274,0.0,100.0
0.75,1.5,89.41398787936346,-2.27793913078078,-3.7145921731375324,-2.684377350884972,-2.2779388062714334,-1.71830197583175,2.224786579150809,54.19192401572289,25.780372579525697,0.0,100.0
1.25,1.2,89.42887317323846,-2.2928244246557767,-3.7294774670125292,-2.6004721753561313,-2.292823502816367,-1.8828266020748856,2.0884580192083195,54.182500313377666,25.751890944401858,0.0,100.0
1.135,1.275,89.432777182663,-2.296728434080322,-3.7333814764370743,-2.6293525884385502,-2.2967276453853516,-1.8470358397368756,2.1220385997437803,54.184972111131984,25.763332870612604,0.0,100.0
0.8,1.475,89.4344055656746,-2.298356817091914,-3.7350098594486667,-2.6960685715693984,-2.2983564289204366,-1.7506833765423835,2.2126999915499623,54.19121171523326,25.781703330291116,0.0,100.0
1.175,1.25,89.43614967393681,-2.30010092535413,-3.7367539677108823,-2.624274817503135,-2.3001000897469366,-1.8637493665840026,2.1105539423196635,54.18416384996302,25.76025993511263,0.0,100.0
-0.3,0.075,89.44128362780583,-2.30523487922315,-3.7418879215799024,-2.700019615559313,-2.3052372736492317,-1.958234651800126,1.6300102906509126,54.060848537497904,24.11074549230608,0.0,100.0
0.975,1.375,89.4439653190932,-2.307916570510514,-3.7445696128672665,-2.672902647994036,-2.3079159683732797,-1.8076918320364683,2.167100763281942,54.18817572516558,25.775808944024043,0.0,100.0
-0.25,0.05,89.45157650507353,-2.3155277564908516,-3.752180798847604,-2.6988381803015358,-2.3155300796383984,-1.9788572129247228,1.6390742715989106,54.06012924262615,24.112134923599662,0.0,100.0
1.1,1.3,89.45284827712568,-2.316799528543001,-3.7534525708997535,-2.6570193594497624,-2.3167987780612096,-1.8548895049625571,2.1324466825023944,54.18581483473252,25.76870336579876,0.0,100.0
0.85,1.45,89.45794351830844,-2.321894769725759,-3.7585478120825115,-2.7107118225507065,-2.321894316968863,-1.7863734255643067,2.2004850137745295,54.19050094414769,25.783053510693087,0.0,100.0
0.575,1.6,89.45808900244751,-2.3220402538648273,-3.7586932962215798,-2.7593381827028622,-2.3220401389352956,-1.7212019375614744,2.267644038147556,54.1949470791269,25.786556282054473,0.0,100.0
-0.2,0.025,89.46514179225056,-2.329093043667882,-3.7657460860246346,-2.7009347312886263,-2.3290952950704282,-2.002819785323311,1.6479260011411234,54.05941069833713,24.113560955707168,0.0,100.0
0.625,1.575,89.4672260317307,-2.3311772831480226,-3.767830325504775,-2.7600908520324623,-2.3311771050873973,-1.7407569976596449,2.2562947612089905,54.194235618573394,25.787819105290897,0.0,100.0
1.025,1.35,89.47901940352953,-2.3429706549468534,-3.779623697303606,-2.6986731233331227,-2.342969989584165,-1.8564862787401353,2.1540734373145676,54.18745394128815,25.77721589042503,0.0,100.0
0.675,1.55,89.47943926541875,-2.3433905168360667,-3.780043559192819,-2.7638522484175923,-2.343390276036169,-1.7637915535846105,2.2447114683927203,54.19352491567816,25.78910196505299,0.0,100.0
-0.15,0.0,89.48202039606895,-2.345971647486266,-3.7826246898430185,-2.7065127945472085,-2.3459738269533346,-2.030123278986366,1.6565073892339643,54.0586922047106,24.1150265913624,0.0,100.0
1.225,1.225,89.48456770139867,-2.3485189528159935,-3.785171995172746,-2.662467147095839,-2.3485180529876857,-1.9276327347281352,2.0968499636515285,54.18343015879049,25.7617733466846,0.0,100.0
0.9,1.425,89.48469408768787,-2.3486453391051896,-3.785298381461942,-2.7284247185028505,-2.348644821509629,-1.8256661267673167,2.188065492090276,54.18979054734898,25.7844081151174,0.0,100.0
0.725,1.525,89.49475388903639,-2.358705140453708,-3.7953581828104603,-2.770594341622015,-2.3587048369855212,-1.7903301739801663,2.2328694078970637,54.19281606841626,25.790407817255804,0.0,100.0
1.15,1.275,89.49615522412056,-2.360106475537876,-3.7967595178946283,-2.690404372314674,-2.36010566122888,-1.9131976760276928,2.118905215903953,54.1850888881744,25.770171804266514,0.0,100.0
0.775,1.5,89.51322583764197,-2.3771770890592876,-3.81383013141604,-2.780382447849192,-2.3771767222672024,-1.8205290476572316,2.220795092932862,54.19210504757971,25.79172946054527,0.0,100.0
0.95,1.4,89.51455867958421,-2.378509931001531,-3.8151629733582837,-2.7492117288627043,-2.378509349514735,-1.8686039699181123,2.175309361548567,54.18907915250321,25.78578089184601,0.0,100.0
1.075,1.325,89.51718681738751,-2.3811380688048303,-3.8177911111615828,-2.7272795732676087,-2.381137339633972,-1.9089728999531417,2.1407650855880673,54.186729682154265,25.778643623494627,0.0,100.0
0.825,1.475,89.53480942155817,-2.3987606729754845,-3.835413715332237,-2.7931835891290007,-2.3987602419117025,-1.8541165799378234,2.2085689316492285,54.19139448389409,25.793061338745794,0.0,100.0
1.2,1.25,89.54255633653713,-2.406507587954451,-3.8431606303112034,-2.7266476061173535,-2.4065067095047197,-1.9748703420575566,2.1052181148314912,54.18435782136504,25.77166660339544,0.0,100.0
-0.275,0.05,89.54628699456731,-2.4102382459846297,-3.846891288341382,-2.8075196527175166,-2.4102406123284,-2.067307706030121,1.6283406558283204,54.05935304409953,24.101762061098164,0.0,100.0
1.0,1.375,89.54760098676333,-2.411552238180647,-3.8482052805373996,-2.7730569808095424,-2.4115515936898104,-1.9152052856610453,2.1622914405297835,54.188362104139074,25.787174176426447,0.0,100.0
0.6,1.6,89.55407613428784,-2.418027385705159,-3.8546804280619114,-2.852180098473667,-2.4180272294305327,-1.8197800487022846,2.264098402429452,54.195122537522735,25.797892351666842,0.0,100.0
1.125,1.3,89.55850020406317,-2.422451455480484,-3.8591044978372366,-2.7588294859722566,-2.422450662451979,-1.9650671760292795,2.12726757156273,54.186006447728865,25.780091845931587,0.0,100.0
-0.225,0.025,89.55858097914827,-2.4225322305655936,-3.859185272922346,-2.8081327146633868,-2.4225345252242505,-2.0899902977322427,1.6374364751445398,54.05863440266451,24.103175492743762,0.0,100.0
0.875,1.45,89.5595487146587,-2.4234999660760224,-3.860153008432775,-2.808967543137868,-2.4234994700533066,-1.8912347961710623,2.1961376983354812,54.19068605382636,25.794403483366857,0.0,100.0
0.65,1.575,89.5643857084425,-2.42833695985982,-3.8649900022165724,-2.854142873153762,-2.428336739695081,-1.8404857455050774,2.252667201356356,54.19441203594665,25.799161517351305,0.0,100.0
-0.175,0.0,89.57418028849207,-2.438131539909392,-3.8747845822661446,-2.812188344079189,-2.4381337626460122,-2.1160125494259603,1.6462729235404432,54.05791585132613,24.104628022271243,0.0,100.0
0.7,1.55,89.57779113459252,-2.4417423860098353,-3.878395428366588,-2.8590712988134044,-2.4417421033704274,-1.8648252408661534,2.2409208258809725,54.19370113689839,25.80045046867954,0.0,100.0
1.05,1.35,89.58381677263935,-2.4477680240566713,-3.8844210664134238,-2.7997849283833744,-2.4477673161249327,-1.9654768213166136,2.149065902274771,54.18764359675017,25.788588557694837,0.0,100.0
0.925,1.425,89.58749148758753,-2.4514427390048468,-3.8880957813615993,-2.827829023515733,-2.451442178157083,-1.9319799514681506,2.1834913186267806,54.189976686539936,25.795760038183865,0.0,100.0
1.25,1.225,89.59212126395688,-2.4560725153742027,-3.892725557730955,-2.76569556850707,-2.456071572049075,-2.040121862802536,2.0913444205234395,54.18362500878068,25.773188401182303,0.0,100.0
0.75,1.525,89.59432643362385,-2.4582776850411676,-3.89493072739792,-2.8669087315193877,-2.458277339686288,-1.892837595992134,2.228863414006297,54.1929945444178,25.80176116319588,0.0,100.0
1.135,1.3,89.60116330501252,-2.465114556429839,-3.9017675987865914,-2.799950835529259,-2.465113746619946,-2.009537154560519,2.1251638035863705,54.186082628721,25.7846450364728,0.0,100.0
1.175,1.275,89.60287738108065,-2.4668286324979647,-3.903481674854717,-2.7930869404831498,-2.4668277754391226,-2.0245309180209716,2.1135947855446253,54.185280438490935,25.781566390664068,0.0,100.0
0.8,1.5,89.61393431203233,-2.4778855634496466,-3.914538605806399,-2.8778001799752246,-2.4778851542824727,-1.924292835740573,2.2166088486392406,54.192285104766164,25.803083135317305,0.0,100.0
0.975,1.4,89.6185264819178,-2.4824777333351165,-3.919130775691869,-2.849675231535585,-2.4824771097268097,-1.9763895204591648,2.170497483773932,54.189264760188124,25.797141545044255,0.0,100.0
1.1,1.325,89.62316170653055,-2.487112957947872,-3.9237660003046244,-2.829491016947742,-2.4871121865165007,-2.019316488058948,2.135634837340708,54.18692197037676,25.79001723225909,0.0,100.0
0.85,1.475,89.63669753518293,-2.5006487866002516,-3.937301828957004,-2.891738931118155,-2.500648312836873,-1.9592200848403394,2.2041998181692484,54.19157966419299,25.8044112232922,0.0,100.0
-0.3,0.05,89.64276029658815,-2.5067115480054696,-3.943364590362222,-2.9181592396614917,-2.5067139574798376,-2.1575305223814354,1.6174336764522848,54.05857707375261,24.091409977141897,0.0,100.0
1.225,1.25,89.6504310967285,-2.5143823481458156,-3.951035390502568,-2.83022180058596,-2.5143814264007744,-2.0875639576411373,2.0997459131448863,54.184550616338264,25.783066400690668,0.0,100.0
0.625,1.6,89.65149158052934,-2.5154428319466575,-3.95209587430341,-2.9463676805267767,-2.51544263327834,-1.9195981497507546,2.2605371121531475,54.19529509249541,25.809232540604395,0.0,100.0
1.025,1.375,89.65273046691009,-2.516681718327405,-3.9533347606841573,-2.8745308215181353,-2.516681031276755,-2.0243730342582467,2.1573405155700436,54.18854891086285,25.79853911892604,0.0,100.0
-0.25,0.025,89.65379635037169,-2.5177476017890115,-3.954400644145764,-2.9173550483789086,-2.5177499397300607,-2.1789331845310613,1.6267545614284007,54.05785810699191,24.092811332521265,0.0,100.0
0.9,1.45,89.66265178750875,-2.526603038926069,-3.9632560812828217,-2.908659061165892,-2.5266025004467623,-1.9977980070859331,2.1915669494613423,54.1908726728028,25.80575580166934,0.0,100.0
0.675,1.575,89.66298268264758,-2.5269339340648997,-3.9635869764216523,-2.9494673452863935,-2.5269336719952067,-1.9417687008523075,2.2488608650448554,54.194586080434796,25.810509977019162,0.0,100.0
1.15,1.3,89.66556042063104,-2.5295116720483577,-3.96616471440511,-2.8618308611158767,-2.5295108364913546,-2.0766324179615054,2.1219764285889444,54.18619854015123,25.791474490827753,0.0,100.0
-0.2,0.0,89.66811635556745,-2.532067606984768,-3.9687206493415204,-2.919887443100123,-2.532069873013947,-2.203674659072064,1.63584634901515,54.05713944401549,24.09425064049076,0.0,100.0
0.725,1.55,89.67758348540552,-2.5415347368228396,-3.978187779179592,-2.955516254977667,-2.541534412206596,-1.9675813560531452,2.2368660463334384,54.193876056118924,25.81180291614362,0.0,100.0
1.075,1.35,89.69011696292222,-2.5540682143395372,-3.9907212566962897,-2.9023598871727216,-2.5540674640038703,-2.0760050460044823,2.143961372253556,54.18783397607108,25.799957105156576,0.0,100.0
0.95,1.425,89.69174568115304,-2.5556969325703562,-3.9923499749271087,-2.928536861215136,-2.55569632990794,-2.0399439075409305,2.178715397199978,54.19016426045571,25.80711762668938,0.0,100.0
0.775,1.525,89.69531692467405,-2.559268176091365,-3.9959212184481174,-2.964547826078018,-2.5592677885915833,-1.9969346088497986,2.2246457408453035,54.1931739549903,25.81310795888503,0.0,100.0
1.2,1.275,89.71105857558541,-2.575009827002731,-4.011662869359483,-2.8970335032035734,-2.575008927586046,-2.137484762669743,2.1080919941772387,54.185471261934765,25.792957832923868,0.0,100.0
0.825,1.5,89.71613534918772,-2.5800866006050427,-4.016739642961795,-2.976619653911527,-2.5800861490196554,-2.029669727791415,2.212249852968818,54.19246977354375,25.814426667311988,0.0,100.0
1.0,1.4,89.72397466897215,-2.5879259203894662,-4.024578962746219,-2.951461314184158,-2.5879252542902322,-2.0857332037458747,2.165613146980097,54.189453189498124,25.80850446885939,0.0,100.0
1.125,1.325,89.73056914284895,-2.5945203942662687,-4.031173436623021,-2.9328327299364787,-2.59451958050754,-2.1311890317437587,2.130344440847471,54.18711506282225,25.80139865015448,0.0,100.0
0.875,1.475,89.74008952656105,-2.604040777978369,-4.040693820335122,-2.99164782298962,-2.6040402619633456,-2.0659829766756985,2.1996607512986524,54.19176614959323,25.815761180849126,0.0,100.0
0.65,1.6,89.75036640890364,-2.614317660320964,-4.050970702677716,-3.0420008336518407,-2.614317419936145,-2.021085429280305,2.2567132322505805,54.195463827236466,25.820577232802094,0.0,100.0
-0.275,0.025,89.75078783900928,-2.614739090426596,-4.051392132783349,-3.028601675902337,-2.61474147167703,-2.2696482784835013,1.6158807970619886,54.05708173025218,24.08246834788227,0.0,100.0
1.05,1.375,89.75939005883747,-2.623341310254787,-4.05999435261154,-2.9774503563367176,-2.6233405810647783,-2.135172685825637,2.1522636337943,54.188738336730644,25.809906636973512,0.0,100.0
1.25,1.25,89.75962686080527,-2.6235781122225887,-4.060231154579341,-2.9353122238850347,-2.6235771489228084,-2.2019112547204287,2.0940743540976974,54.184738739059,25.794465392085677,0.0,100.0
0.7,1.575,89.76307342265532,-2.6270246740726435,-4.063677716429396,-3.046182780296462,-2.627024370100375,-2.0447775677861273,2.2448089061119543,54.19475871738053,25.82185554547114,0.0,100.0
-0.225,0.0,89.76382759740851,-2.6277788488258267,-4.064431891182579,-3.029605504602685,-2.6277811581638817,-2.293109578756656,1.625229422244335,54.056363036704845,24.083894576272893,0.0,100.0
0.925,1.45,89.76719175242478,-2.631143003842098,-4.0677960461988505,-3.0096291681926886,-2.6311424234108984,-2.105931276758767,2.1868663343898516,54.191059374755746,25.81711080476412,0.0,100.0
1.135,1.325,89.77388280722643,-2.6378340586437474,-4.0744871010005,-2.9745064230366296,-2.637833228678187,-2.1763715646303865,2.1281178834989602,54.187189601600316,25.805951195197068,0.0,100.0
1.175,1.3,89.77402289031645,-2.637974141733764,-4.074627184090517,-2.9661080062580822,-2.637973264780817,-2.189838958094171,2.116435645018889,54.18638809573671,25.802862419601862,0.0,100.0
0.75,1.55,89.77889745772065,-2.642848709137965,-4.079501751494718,-3.053352658745567,-2.6428483423480147,-2.072008451341901,2.232635015910018,54.194055244755084,25.82314270307044,0.0,100.0
0.975,1.425,89.79749226499592,-2.661443516413243,-4.098096558769996,-3.03065097553565,-2.661442871941665,-2.149545534428526,2.1738393014489463,54.19035007772166,25.818478683548804,0.0,100.0
1.1,1.35,89.7977980335801,-2.6617492849974127,-4.098402327354165,-3.0059631839738614,-2.66174849339354,-2.1881906070156276,2.1385894104215684,54.188020651209854,25.811332597162284,0.0,100.0
0.8,1.525,89.79780089352656,-2.6617521449438755,-4.098405187300628,-3.0635480732435525,-2.661751714700327,-2.1025152887925174,2.220317225833495,54.19335585520777,25.824445123367067,0.0,100.0
0.85,1.5,89.81979618492036,-2.6837474363376828,-4.120400478694435,-3.07669560552894,-2.683746942121263,-2.1366114631821915,2.2077469910359446,54.19265304685418,25.82576839940198,0.0,100.0
1.225,1.275,89.8205717112445,-2.6845229626618163,-4.121176005018569,-3.002440074489172,-2.6845220220630552,-2.252058137629831,2.1024201643678513,54.18565618867761,25.80434853593649,0.0,100.0
1.025,1.4,89.83089028437901,-2.6948415357963285,-4.131494578153081,-3.0546960462208688,-2.6948408295444723,-2.196793210995722,2.1604863350639385,54.189641453360345,25.81987078351196,0.0,100.0
1.15,1.325,89.83927612318199,-2.703227374599308,-4.139880416956061,-3.0374590156311854,-2.7032265202816435,-2.244617200187136,2.124735351823947,54.187298358889116,25.812779696246878,0.0,100.0
0.9,1.475,89.84491312399211,-2.7088643754094335,-4.145517417766186,-3.0927717025845,-2.708863816991928,-2.174376320635048,2.194974058143472,54.19194895595359,25.827113371469473,0.0,100.0
-0.3,0.025,89.84953580780514,-2.7134870592224587,-4.150140101579211,-3.1417746063958845,-2.7134894836728223,-2.362135711239077,1.6048438333167945,54.0563054087415,24.07214646979362,0.0,100.0
0.675,1.6,89.85081074222244,-2.7147619936397547,-4.151415035996507,-3.1390648082073085,-2.7147617112240257,-2.124355173764542,2.2526857769991997,54.195633522402005,25.83191201595868,0.0,100.0
-0.25,0.0,89.86131492967228,-2.7252661810895944,-4.161919223446347,-3.141347929842553,-2.725268533761067,-2.3843170280869685,1.6144210057058783,54.055586629394206,24.073559857129087,0.0,100.0
0.725,1.575,89.86473098327143,-2.7286822346887476,-4.1653352770455,-3.1443567351650756,-2.7286818884229462,-2.149426800623246,2.24061716638335,54.19493421635008,25.833185794313625,0.0,100.0
1.075,1.375,89.86728856619017,-2.731239817607488,-4.16789285996424,-3.081380245714172,-2.7312390492270593,-2.2476327091023194,2.1467882823753768,54.188923015965926,25.821279536275622,0.0,100.0
0.95,1.45,89.87321910841746,-2.737170359834778,-4.17382340219153,-3.1118728861051324,-2.7371697372620503,-2.215808014208477,2.1819741626143623,54.19124248697832,25.828472392512406,0.0,100.0
0.775,1.55,89.88169163516837,-2.745642886585685,-4.1822959289424375,-3.1525656815195617,-2.745642476786716,-2.17774898140091,2.2283416403126344,54.19423521602443,25.83447334121067,0.0,100.0
1.2,1.3,89.8838528199085,-2.7478040713258167,-4.184457113682569,-3.071849352714807,-2.747803153367664,-2.3046784825334328,2.1107559290317015,54.186569904326895,25.814249004458663,0.0,100.0
0.825,1.525,89.90175991278288,-2.765711164200198,-4.20236420655695,-3.1638289475928616,-2.765710691073616,-2.209678759381063,2.2158483055442435,54.193535232425944,25.83578372565016,0.0,100.0
1.0,1.425,89.90456956357447,-2.7685208149917884,-4.205173857348541,-3.1339753198697053,-2.7685201310934557,-2.260826669059341,2.1686149617944923,54.19053330306348,25.829841012324614,0.0,100.0
1.125,1.35,89.90679343471375,-2.770744686131067,-4.20739772848782,-3.110965594112656,-2.770743854889375,-2.3018774404736604,2.132967093391963,54.18820087872288,25.82271364595731,0.0,100.0
0.875,1.5,89.92494062110976,-2.788891872527074,-4.225544914883827,-3.1780983388413944,-2.7888913360719814,-2.245268729179429,2.2030823257883707,54.19283172781559,25.837115658662317,0.0,100.0
1.25,1.275,89.93160380736064,-2.795555058777964,-4.232208101134717,-3.1093219960593643,-2.795554076943776,-2.3683705823204946,2.0965559574595924,54.1858394368467,25.815739332053184,0.0,100.0
1.05,1.4,89.93902191236563,-2.8029731637829514,-4.239626206139704,-3.1587740254961147,-2.802972418374273,-2.3095111174474425,2.154965455376298,54.18982149036145,25.831239022746104,0.0,100.0
1.175,1.325,89.94940697867233,-2.813358230089648,-4.2500112724464,-3.143557988777445,-2.8133573351721792,-2.359757170025958,2.1190280767164875,54.1874769998036,25.824164977088635,0.0,100.0
1.135,1.35,89.95077578073884,-2.8147270321561564,-4.251380074512909,-3.1533400401939247,-2.814726184898015,-2.347838514460946,2.1306931376835383,54.18827117925577,25.827266794261362,0.0,100.0
0.925,1.475,89.9512023535731,-2.815153604990414,-4.251806647347166,-3.1953059984542875,-2.8151530060798367,-2.2844772805159437,2.19003255987133,54.19212623545484,25.838470089259044,0.0,100.0
0.7,1.6,89.95277467261626,-2.8167259240335767,-4.253378966390329,-3.237496138822678,-2.8167255990830453,-2.2291285418443607,2.2485424727676144,54.195803351036766,25.843222079110266,0.0,100.0
-0.275,0.0,89.96057843654901,-2.824529687966333,-4.261182730323085,-3.255114682812149,-2.8245320839969934,-2.4772969235089874,1.6034218740492632,54.05481022208359,24.063246510561267,0.0,100.0
0.75,1.575,89.96782275964495,-2.831774011062265,-4.268427053419018,-3.24384019288631,-2.8317736216613922,-2.2553024918955344,2.236369555579192,54.19510648672437,25.844505173389308,0.0,100.0
1.1,1.375,89.97655639924344,-2.8405076506607543,-4.277160693017507,-3.1865520020537303,-2.8405068426226534,-2.361592779439121,2.1411539532044146,54.18910122387426,25.832656422690192,0.0,100.0
0.975,1.45,89.98055233704538,-2.8445035884627003,-4.281156630819453,-3.215426467772417,-2.8445029271876194,-2.327311175652085,2.1766963396947028,54.191419561808715,25.839827580601774,0.0,100.0
0.8,1.55,89.98594045813415,-2.8498917095514713,-4.286544751908224,-3.2531540840741684,-2.8498912572839488,-2.2850448846838987,2.2239213736744583,54.19440918319882,25.84580538575277,0.0,100.0
1.225,1.3,89.99517951158651,-2.859130763003833,-4.2957838053605855,-3.179064231333655,-2.859129804193074,-2.421243047270835,2.1048844943332496,54.18675175954759,25.82563987632526,0.0,100.0
0.85,1.525,90.00714559447933,-2.871096845896645,-4.307749888253397,-3.2655097069685155,-2.8710963314940274,-2.318418187337201,2.211190193269998,54.19370807438898,25.84712542196333,0.0,100.0
1.025,1.425,90.01300519016704,-2.8769564415843547,-4.313609483941107,-3.2382775672032835,-2.8769557185117605,-2.3738032765210875,2.1630737152723953,54.19071030049623,25.841206280779083,0.0,100.0
1.15,1.35,90.01719606513376,-2.881147316551079,-4.3178003589078315,-3.2172843492752605,-2.8811464452072073,-2.4172912339190447,2.1272362277581816,54.18837655727149,25.8340929013722,0.0,100.0
0.9,1.5,90.03144070543107,-2.8953919568483855,-4.332044999205138,-3.2809097930857547,-2.895391380772023,-2.355441217200223,2.198128265835267,54.19300208444858,25.848461758856114,0.0,100.0
1.075,1.4,90.04858064629829,-2.91253189771561,-4.349184940072362,-3.2641938350984105,-2.912531112441948,-2.4237409581780156,2.149331212369768,54.1899963804524,25.84261087435236,0.0,100.0
0.725,1.6,90.05616261240749,-2.9201138638248096,-4.356766906181562,-3.3372893056519217,-2.920113495768672,-2.3351724220019037,2.2443290813495853,54.195974407262256,25.854535979599827,0.0,100.0
0.95,1.475,90.05882764487653,-2.922778896293849,-4.3594319386506015,-3.299180140914629,-2.9227782582128214,-2.3960777015255985,2.1847988811567287,54.19229952383595,25.84981572741733,0.0,100.0
1.2,1.325,90.06099824492694,-2.9249494963442544,-4.361602538701007,-3.2509911285215622,-2.9249485615217763,-2.476572926606778,2.1131460443649,54.18765151527932,25.835545164676354,0.0,100.0
-0.3,0.0,90.0616100524629,-2.9255613038802153,-4.362214346236968,-3.370865777301802,-2.9255637432407156,-2.572049178599613,1.5922440912996974,54.05403381477294,24.052954564061633,0.0,100.0
0.775,1.575,90.07234161022636,-2.936292861643679,-4.3729459040004315,-3.344741244858355,-2.9362924301153073,-2.362743354832091,2.231953488526472,54.1952767294316,25.855827533865465,0.0,100.0
1.125,1.375,90.08725435299891,-2.9512056044162307,-4.387858646772983,-3.29309279429512,-2.951204756027937,-2.4772005584614334,2.135457695044367,54.189273978264,25.84402712686078,0.0,100.0
1.0,1.45,90.08931061533593,-2.9532618667532518,-4.389914909110004,-3.3200963401091457,-2.953261165593685,-2.440320592222676,2.171248767650488,54.19159284686175,25.851182082244488,0.0,100.0
0.825,1.55,90.09157375783909,-2.955525009256405,-4.392178051613158,-3.3551929559451423,-2.9555245167358577,-2.3938521387200495,2.2192541839409565,54.19457762859849,25.85713635039867,0.0,100.0
1.25,1.3,90.10794666754411,-2.9718979189614316,-4.408550961318184,-3.287637427454655,-2.9718969206810444,-2.5394840304172988,2.098848911325749,54.186921845072774,25.837021334606217,0.0,100.0
0.875,1.525,90.11389908824938,-2.977850339666702,-4.4145033820234545,-3.3687131411641644,-2.977849785778895,-2.4286258115336494,2.206256244518649,54.19387385559715,25.858461954327097,0.0,100.0
1.05,1.425,90.12285951939772,-2.9868107708150404,-4.423463813171793,-3.3440770830057005,-2.986810007514572,-2.4880507944503734,2.1575560243599368,54.190878377719336,25.8525660006489,0.0,100.0
1.175,1.35,90.12904919149005,-2.9930004429073733,-4.429653485264126,-3.324980102629226,-2.9929995314650966,-2.534217205012439,2.121413266398784,54.18854758609514,25.845460373696188,0.0,100.0
1.135,1.375,90.1319121814886,-2.995863432905921,-4.432516475262673,-3.3361270916660715,-2.9958625681428828,-2.523744541829899,2.1332054721924054,54.189340159329305,25.848570601862836,0.0,100.0
0.925,1.5,90.13933173382384,-3.0032829852411567,-4.439936027597909,-3.3850426823240554,-3.0032823696212887,-2.467050993607671,2.192970951607999,54.19316985624062,25.85980004784845,0.0,100.0
1.1,1.4,90.15953432284091,-3.023485574258231,-4.460138616614984,-3.371132793368375,-3.023484748071516,-2.539239022684754,2.14378410592498,54.19016072670703,25.853968019503075,0.0,100.0
0.75,1.6,90.16091820024226,-3.0248694516595833,-4.461522494016336,-3.4385347367586263,-3.0248690426178966,-2.442652675706853,2.2399453169624106,54.19613864674107,25.86584604242881,0.0,100.0
0.975,1.475,90.16784463706348,-3.0317958884808007,-4.468448930837553,-3.4041493091530413,-3.03179521023186,-2.509137084704733,2.179454596540663,54.192464906309695,25.861160753442455,0.0,100.0
1.225,1.325,90.17400570506942,-3.037956956486738,-4.474609998843491,-3.3597798832492884,-3.0379559816791386,-2.5948497489598026,2.1071915986551635,54.18781745321768,25.84692003468641,0.0,100.0
0.8,1.575,90.17820330511009,-3.0421545565274073,-4.47880759888416,-3.4470945042171763,-3.0421540852751265,-2.471616468366676,2.227263620741995,54.19543782490186,25.867143325079912,0.0,100.0
0.85,1.55,90.19859512139332,-3.062546372810644,-4.499199415167396,-3.4587103261558383,-3.0625458406458703,-2.5042240507292775,2.214327450654183,54.194735859309425,25.868464452534266,0.0,100.0
1.15,1.375,90.19935258308432,-3.063303834501639,-4.499956876858391,-3.4011342824056925,-3.0633029455740086,-2.5940545305450655,2.1297792322472584,54.189436658387024,25.85538595784193,0.0,100.0
1.025,1.45,90.19945978083324,-3.0634110322505563,-4.500064074607309,-3.4262709879353395,-3.063410290988938,-2.5547223030129373,2.165824274168821,54.191751579940245,25.862526878072984,0.0,100.0
0.9,1.525,90.22205296839641,-3.0860042198137307,-4.522657262170483,-3.47313346939994,-3.086003626170279,-2.540461004932965,2.2011154294635555,54.19403515913364,25.86979183821158,0.0,100.0
1.075,1.425,90.23412595053018,-3.098077201947504,-4.5347302443042565,-3.4513955786258066,-3.09807639799009,-2.6037206470530947,2.1520787484824355,54.1910351714519,25.86391206555829,0.0,100.0
1.2,1.35,90.24233894305647,-3.106290194473786,-4.5429432368305385,-3.434173822150143,-3.106289242707214,-2.652476313676061,2.115579482410152,54.18870791142279,25.856825733136223,0.0,100.0
0.95,1.5,90.24862675725424,-3.112578008671562,-4.549231051028315,-3.4903423408105283,-3.112577352942651,-2.580374551116691,2.187646887754124,54.193329463135264,25.871136771070113,0.0,100.0
0.775,1.6,90.26703224625095,-3.130983497668268,-4.5676365400250205,-3.5412743225036394,-3.1309830480963,-2.5517761431464265,2.235295222445983,54.19629476071482,25.877158626410665,0.0,100.0
1.125,1.4,90.27197265952115,-3.135923910938473,-4.572576953295226,-3.479576269038219,-3.1359230446789326,-2.6563511218770373,2.138124913544602,54.19031678576524,25.86531875047573,0.0,100.0
1.0,1.475,90.27828662073051,-3.142237872147831,-4.5788909145045835,-3.5106089210846534,-3.1422371533853974,-2.623797330821972,2.174045827923639,54.19261864654328,25.872500511901137,0.0,100.0
0.825,1.575,90.28551233382251,-3.149463585239829,-4.5861166275965815,-3.5509711766309664,-3.1494630740257348,-2.5822438019758067,2.2223569315711713,54.195592432652774,25.87846382938673,0.0,100.0
1.25,1.325,90.2884628912786,-3.1524141426959176,-4.58906718505267,-3.470079977919795,-3.1524131275764065,-2.7144344625593675,2.1012187782035405,54.18797536683965,25.858293366671056,0.0,100.0
0.875,1.55,90.30703160371841,-3.1709828551357333,-4.607635897492486,-3.563435548742504,-3.1709822829478953,-2.616325047692513,2.209202615611308,54.19488966465462,25.87978671338877,0.0,100.0
1.05,1.45,90.3110119366332,-3.174963188050512,-4.6116162304072645,-3.533900701691948,-3.174962406007077,-2.6706351102030936,2.160362310230932,54.19190390483151,25.873867030131528,0.0,100.0
1.175,1.375,90.3129679375192,-3.176919188936523,-4.613572231293276,-3.510684514760001,-3.1769182601259134,-2.7125486514474773,2.12397097019075,54.18959075000353,25.866745264953078,0.0,100.0
1.135,1.4,90.31736573077903,-3.18131698219635,-4.617970024553102,-3.523366204806848,-3.1813160998868257,-2.7036579099894027,2.1358202063590404,54.19037701871079,25.869859873446153,0.0,100.0
0.925,1.525,90.33163373907234,-3.195584990489664,-4.632238032846416,-3.5787798697783444,-3.1955843565894355,-2.6540336225958185,2.1958048624954727,54.19418415696489,25.881114767767922,0.0,100.0
1.1,1.425,90.34687382358527,-3.210825075002589,-4.647478117359341,-3.560225053790944,-3.210824230980043,-2.72109557798683,2.146431156395066,54.19118678629511,25.875256651352267,0.0,100.0
1.225,1.35,90.35711361894082,-3.221064870358134,-4.657717912714887,-3.5448366501035196,-3.221063878622007,-2.772280557837675,2.109641169152023,54.188859352204446,25.868191282431102,0.0,100.0
0.975,1.5,90.35935203530926,-3.2233032867265763,-4.659956329083329,-3.59712625425135,-3.223302590206555,-2.6953281459898903,2.1822710586305747,54.19347632755779,25.882465474506738,0.0,100.0
0.8,1.6,90.37461035540218,-3.238561606819502,-4.6752146491762545,-3.6454398277589775,-3.238561117061977,-2.6626454257139187,2.230464416909173,54.19644269603705,25.888465677809663,0.0,100.0
1.15,1.4,90.38587283039013,-3.2498240818074464,-4.686477124164199,-3.589502916703367,-3.249823175294253,-2.7750157210179225,2.132348832825463,54.19046504576099,25.876672486086484,0.0,100.0
1.025,1.475,90.39013566862064,-3.254086920037963,-4.690739962394716,-3.618532768532816,-3.2540861598801656,-2.73994971663285,2.1686268554925134,54.19276678627299,25.883830777643706,0.0,100.0
0.85,1.575,90.39421646270961,-3.2581677141269267,-4.694820756483679,-3.6559360912125527,-3.258167162659376,-2.6945828333890773,2.2173012481880545,54.19573828515029,25.8897742532134,0.0,100.0
0.9,1.55,90.41690833037396,-3.280859581791276,-4.7175126241480285,-3.669378604847836,-3.280858969056152,-2.7300741060308127,2.2039625301719608,54.19503244648815,25.891100945107457,0.0,100.0
1.075,1.45,90.4240120820437,-3.287963333461022,-4.724616375817774,-3.642959889628969,-3.287962510700288,-2.7881380453538185,2.154775066870309,54.192050684531196,25.885207916709305,0.0,100.0
1.2,1.375,90.42798703550272,-3.2919382869200433,-4.728591329276796,-3.6216996850391894,-3.291937317528891,-2.8325190129307174,2.1181307545968444,54.18973767741946,25.878104102537066,0.0,100.0
0.95,1.525,90.44266009608856,-3.3066113475058785,-4.743264389862631,-3.685858286033948,-3.306610672407217,-2.7691844419087204,2.1904804357646044,54.194325036899734,25.892438867001545,0.0,100.0
1.125,1.425,90.46099593852266,-3.3249471899399765,-4.761600232296729,-3.6704259616532937,-3.3249463048791568,-2.839837113915962,2.140780125219535,54.1913317604849,25.886606280071934,0.0,100.0
1.0,1.5,90.47148073277546,-3.3354319841927804,-4.772085026549533,-3.705326893529417,-3.3354312461109172,-2.8116327025235393,2.1768943344811733,54.19361845532132,25.893790194387698,0.0,100.0
1.25,1.35,90.47323579103977,-3.3371870424570886,-4.773840084813841,-3.656899753624188,-3.3371860092970906,-2.8936867956537355,2.1037186969809514,54.189011151593576,25.879551907744812,0.0,100.0
0.825,1.6,90.48356825960768,-3.3475195110249985,-4.784172553381751,-3.750663778400309,-3.347518981760916,-2.7751298156090627,2.225426460578487,54.19658557743353,25.899770203762987,0.0,100.0
1.175,1.4,90.50112495813649,-3.3650762095538056,-4.801729251910558,-3.7008171255317848,-3.3650752616247415,-2.8951803806219942,2.126622959893636,54.19061058233224,25.888027254370478,0.0,100.0
1.05,1.475,90.50340497159614,-3.3673562230134593,-4.804009265370212,-3.727851650314335,-3.3673554214498127,-2.8575869435584877,2.163160627017969,54.19290816120254,25.895160800459585,0.0,100.0
0.875,1.575,90.50434683568722,-3.3682980871045345,-4.804951129461287,-3.7621698723572337,-3.3682974953887337,-2.808447455215372,2.212134645987002,54.1958797469888,25.901084619195874,0.0,100.0
1.135,1.425,90.50702862950698,-3.3709798809242955,-4.807632923281048,-3.7148769775375996,-3.3709789790968614,-2.8877863800262986,2.1385366773925445,54.191388487048776,25.891147275392825,0.0,100.0
0.925,1.55,90.52820501787514,-3.3921562692924567,-4.828809311649209,-3.7767154025417966,-3.3921556154259833,-2.845421886511332,2.198715565357642,54.19517103346077,25.902419037921764,0.0,100.0
1.1,1.45,90.53837928804465,-3.402330539461971,-4.838983581818724,-3.7533805458892573,-3.402329675048017,-2.907085345110275,2.1492465473163316,54.192191707980285,25.896549816175767,0.0,100.0
1.225,1.375,90.54441925697867,-3.40837050839599,-4.845023550752742,-3.7341325872613993,-3.408369497201369,-2.954199877963731,2.1122404296260515,54.18988672949917,25.88946016450912,0.0,100.0
0.975,1.525,90.555046530205,-3.4189977816223234,-4.855650823979076,-3.7942831910999217,-3.4189970650120243,-2.885710146723781,2.1851849088545467,54.19446342411253,25.903757179799594,0.0,100.0
1.15,1.425,90.5765450386413,-3.4404962900586185,-4.877149332415371,-3.7819600673893063,-3.440495362999633,-2.9602429911713415,2.13511752152502,54.191475832843466,25.89795554358092,0.0,100.0
1.025,1.5,90.5849703081703,-3.4489215595876175,-4.88557460194437,-3.8148883065100136,-3.448920779585569,-2.929437122032823,2.17155204428367,54.19375492103946,25.905117894160426,0.0,100.0
0.85,1.6,90.59399560191476,-3.457946853332075,-4.8945998956888275,-3.8571395277492684,-3.457946283939157,-2.8892309326495536,2.2203058020905884,54.19672479878103,25.911075474661363,0.0,100.0
0.9,1.575,90.61588446372885,-3.479835715146166,-4.916488757502918,-3.8697699153058664,-3.479835082563227,-2.924010993680696,2.2069776496023783,54.19601575150695,25.91239889533095,0.0,100.0
1.2,1.4,90.61785334068725,-3.4818045921045666,-4.918457634461319,-3.8134505018355895,-3.481803601936369,-3.0170756491828996,2.1207445945302084,54.19075894642491,25.899379172415237,0.0,100.0
1.075,1.475,90.61806787039451,-3.482019121811831,-4.9186721641685835,-3.8385326915056623,-3.482018278141749,-2.976768141235013,2.1577213530605412,54.19304343105185,25.906495197666747,0.0,100.0
0.95,1.55,90.6407961354086,-3.504747386825926,-4.9414004291826785,-3.8854486355285474,-3.504746691728573,-2.9621337026265024,2.1935537513647483,54.19530735884457,25.913731792811934,0.0,100.0
1.125,1.45,90.65424628799937,-3.51819753941669,-4.954850581773442,-3.865152719418191,-3.518196632956818,-3.0277453050159835,2.143593018268216,54.19233281929147,25.90788559013178,0.0,100.0
1.25,1.375,90.66221287075477,-3.5261641221720907,-4.962817164528843,-3.847918293909558,-3.526163068699378,-3.077102314321067,2.1062868295668347,54.190034046352785,25.900822077203195,0.0,100.0
1.0,1.525,90.66877219289547,-3.5327234443127935,-4.969376486669546,-3.9041152334786915,-3.5327226859438015,-3.003659670540614,2.1799401516956913,54.19459948313533,25.91507965156496,0.0,100.0
1.175,1.425,90.6935723789944,-3.5575236304117226,-4.994176672768475,-3.89480197052211,-3.5575226607266957,-3.0823973767401185,2.1292640344100673,54.19162031078635,25.909300110404985,0.0,100.0
1.05,1.5,90.69990109058212,-3.5638523419994357,-5.000505384356188,-3.9257963149907056,-3.563851519986437,-3.048815675825324,2.166126241740367,54.1938903008024,25.916448471403125,0.0,100.0
1.135,1.45,90.70097879980719,-3.5649300512245077,-5.00158309358126,-3.910203651467441,-3.56492912789586,-3.076498169495494,2.1412736483241024,54.19238838879822,25.912419137551414,0.0,100.0
0.875,1.6,90.70576618519729,-3.56971743661461,-5.006370478971363,-3.9650503817887284,-3.569716826225735,-3.00488870711996,2.215261667980288,54.19685818495358,25.92238580596866,0.0,100.0
0.925,1.575,90.72873483682396,-3.5926860882412797,-5.029339130598032,-3.9788081506888773,-3.5926854144233715,-3.040837020621069,2.2018968430035324,54.19614995273782,25.92370741950218,0.0,100.0
1.1,1.475,90.73416251862311,-3.5981137700404275,-5.03476681239718,-3.9504941816549035,-3.598112884243432,-3.0975989414566527,2.1520798142809503,54.19318154057069,25.917823306167115,0.0,100.0
1.225,1.4,90.73594347656895,-3.5998947279862676,-5.03654777034302,-3.9273667017090474,-3.5998936954055467,-3.1402615382354213,2.1147972033367566,54.190902621156816,25.910736421729016,0.0,100.0
0.975,1.55,90.75477702889188,-3.618728280309199,-5.055381322665951,-3.995549582703987,-3.6187275434939723,-3.0801953461490683,2.1883551085765833,54.19543858598481,25.925046367069744,0.0,100.0
1.15,1.45,90.771514275255,-3.63546552667232,-5.072118569029072,-3.978217842422083,-3.6354645777452306,-3.150031211659922,2.137781614079721,54.19247076759024,25.919219494595243,0.0,100.0
1.025,1.525,90.78395185181665,-3.647903103233972,-5.084556145590724,-4.015274631225054,-3.6479023029459823,-3.12317276975746,2.174539729845631,54.19473209347747,25.926394787893795,0.0,100.0
1.2,1.425,90.81193214801172,-3.67588339942904,-5.112536441785792,-4.008966591285386,-3.6758823876544,-3.20572783289181,2.123340313618913,54.191757312921304,25.920639461156426,0.0,100.0
1.075,1.5,90.8162559229695,-3.6802071743868225,-5.116860216743575,-4.038053076222084,-3.6802063100628915,-3.169773448809778,2.1605065590179344,54.19402756489509,25.9277616557536,0.0,100.0
0.9,1.6,90.81892197301539,-3.6828732244327114,-5.119526266789464,-4.07439172037688,-3.6828725730044143,-3.121932704134437,2.210197367091858,54.19699016210909,25.933692042898837,0.0,100.0
0.95,1.575,90.84302530469468,-3.7069765561119965,-5.143629598468749,-4.089198977880841,-3.706975840881884,-3.1591211243805475,2.1967001785123474,54.19628042491657,25.93501655720814,0.0,100.0
1.125,1.475,90.8517179413569,-3.7156691927742145,-5.152322235130967,-4.063884793298158,-3.7156682644451506,-3.2200397818389916,2.1462850576267654,54.193317536892465,25.929148313631206,0.0,100.0
1.25,1.4,90.85546786460938,-3.7194191160266996,-5.156072158383452,-4.042640070547023,-3.719418042021357,-3.264944500216828,2.1086940913386223,54.191038025465815,25.922083151911732,0.0,100.0
1.0,1.55,90.87026949756859,-3.734220748985905,-5.1708737913426575,-4.107042207488206,-3.7342199705775188,-3.1999607773498298,2.1829528804389904,54.19557355901034,25.936348373852574,0.0,100.0
1.175,1.45,90.89019325890847,-3.754144510325787,-5.19079755268254,-4.092749561990885,-3.7541435196720925,-3.273597996746318,2.13186828102465,54.192604494051196,25.930554786970163,0.0,100.0
1.135,1.475,90.89915455553098,-3.763105806948303,-5.199758849305056,-4.109659236158436,-3.7631048623431327,-3.269491475775496,2.143901214467218,54.19337031729932,25.933677719590357,0.0,100.0
1.05,1.525,90.9006237612386,-3.764575012655925,-5.2012280550126775,-4.127895615894872,-3.764574170321862,-3.244412054532475,2.1689480405732033,54.1948691276442,25.937700885952584,0.0,100.0
1.225,1.425,90.93176011079294,-3.7957113622102554,-5.232364404567008,-4.124547666020234,-3.7957103095766884,-3.3306332751189984,2.1172459307973233,54.191888614497394,25.9319819498475,0.0,100.0
0.925,1.6,90.9335489873099,-3.797500238727224,-5.234153281083977,-4.1851102714145725,-3.7974995463346604,-3.2404707963960817,2.204997722351434,54.197117478942744,25.944986209549604,0.0,100.0
1.1,1.5,90.93413649089229,-3.7980877423096047,-5.234740784666357,-4.151806266008691,-3.7980868360605853,-3.292498957017017,2.1547362975073026,54.19416143100307,25.939077868651353,0.0,100.0
0.975,1.575,90.95885250627938,-3.822803757696704,-5.2594568000534565,-4.2010520409111365,-3.822803001480659,-3.2791541878591204,2.191304603354744,54.19641387895035,25.94630703887273,0.0,100.0
1.15,1.475,90.97069819880637,-3.8346494502236936,-5.271302492580446,-4.178763926076385,-3.8346484816537383,-3.3439143516509375,2.140324810021964,54.1934472659849,25.940471682239306,0.0,100.0
1.025,1.55,90.98725666383507,-3.851207915252388,-5.287860957609141,-4.22000281068334,-3.851207095732801,-3.321484654019372,2.177354150387316,54.19570637255087,25.947646609034667,0.0,100.0
1.2,1.45,91.01033363262633,-3.8742848840436466,-5.310937926400399,-4.208705329070739,-3.874283853527163,-3.3987628003382753,2.1257579092283105,54.19273033385785,25.94188865228513,0.0,100.0
1.075,1.525,91.01882511191529,-3.88277636333261,-5.3194294056893625,-4.241984721063261,-3.8827754800641143,-3.3674220534490473,2.1631707188248117,54.19499964802227,25.94900799740855,0.0,100.0
0.95,1.6,91.04968373666725,-3.913634988084567,-5.35028803044132,-4.297308881158116,-3.9136342552745047,-3.3607560100120537,2.199592999768017,54.19724575016333,25.956267635621614,0.0,100.0
1.25,1.425,91.05309734368906,-3.9170485951063796,-5.353701637463132,-4.2415295305908955,-3.9170475021777236,-3.457241025558517,2.110985444732199,54.19200997965069,25.94332234217294,0.0,100.0
1.125,1.5,91.0534419223914,-3.917393173808719,-5.354046216165472,-4.266990911268337,-3.9173922276771096,-3.416691464624961,2.148794651302579,54.19428927403365,25.950391689885983,0.0,100.0
1.0,1.575,91.07616972194654,-3.940120973363861,-5.376774015720613,-4.314345797407924,-3.9401201766389504,-3.40091983664243,2.185733683319004,54.19654200699154,25.95759948747558,0.0,100.0
1.175,1.475,91.0911248299567,-3.955076081374017,-5.391729123730769,-4.294978935141231,-3.955075072934747,-3.469322199420901,2.1342524925341437,54.19357038773292,25.9517950689876,0.0,100.0
1.135,1.5,91.10155396803594,-3.965505219453263,-5.4021582618100155,-4.313427830603146,-3.9655042573662995,-3.4667367628473187,2.146400388680597,54.194339054232785,25.954918960354313,0.0,100.0
1.05,1.55,91.10577414544541,-3.969725396862728,-5.4063784392194805,-4.3343698017241366,-3.9697245366120084,-3.444711580155115,2.1716052470152825,54.19583312717073,25.95894945949489,0.0,100.0
1.225,1.45,91.13198086463589,-3.9959321160532113,-5.432585158409964,-4.325993384407809,-3.9959310455122337,-3.525593204928043,2.1195207616801524,54.192848662799406,25.95322079106076,0.0,100.0
1.1,1.525,91.13843428053718,-4.002385531954502,-5.439038574311255,-4.3574560597412955,-4.00238460915543,-3.4918391325174127,2.1572598155036604,54.19512421579371,25.96032119197843,0.0,100.0
0.975,1.6,91.16730581575446,-4.031257067171779,-5.467910109528532,-4.410892462389015,-4.031256293444938,-3.4827249225937464,2.1940590369791564,54.197370463773275,25.96755316542627,0.0,100.0
1.15,1.5,91.17418911763963,-4.038140369056947,-5.4747934114137,-4.38351996380112,-4.0381393829934265,-3.5422977892231273,2.1427745887795253,54.19441192851288,25.961707863192697,0.0,100.0
1.025,1.575,91.19499526956578,-4.058946520983099,-5.495599563339852,-4.429042540402705,-4.058945683529845,-3.5243131647085164,2.1800359741158024,54.19666614658005,25.96889565890256,0.0,100.0
1.2,1.475,91.21303713108985,-4.076988382507167,-5.51364142486392,-4.4125344189099,-4.076987334229398,-3.596322383674277,2.128064586156426,54.1936910277109,25.96311441590624,0.0,100.0
1.075,1.55,91.22571530986666,-4.089666561283977,-5.526319603640729,-4.450176409502959,-4.089665661669119,-3.5693386921917067,2.1657307388645424,54.195957736704266,25.9702547732719,0.0,100.0
1.25,1.45,91.25499208463168,-4.118943336049,-5.5555963784057525,-4.444405136089557,-4.118942225097882,-3.6538137640987713,2.113209189285372,54.192967920571576,25.964553149147694,0.0,100.0
1.125,1.525,91.25950685049713,-4.123458101914451,-5.560111144271204,-4.474230828067206,-4.123457139022261,-3.617662158248706,2.1512806308017067,54.19524478119411,25.97163120257412,0.0,100.0
1.0,1.6,91.28645953670785,-4.150410788125171,-5.587063830481924,-4.525900088352756,-4.150409973784917,-3.6063749979497146,2.188371862170145,54.197491092352315,25.978842435324673,0.0,100.0
1.175,1.5,91.29638304032356,-4.160334291740881,-5.5969873340976335,-4.501245938056172,-4.1603332654190925,-3.6694416236986456,2.1366507517563855,54.19453071227136,25.973027697054402,0.0,100.0
1.135,1.525,91.30834070688161,-4.172291958298928,-5.60894500065568,-4.521281543677603,-4.172290979339371,-3.6684520163487093,2.1488580508977106,54.19529207999247,25.976155143388635,0.0,100.0
1.05,1.575,91.3152571905854,-4.179208442002718,-5.6158614843594705,-4.545065687158768,-4.179207565010449,-3.6492587482623264,2.1741652552479347,54.19678564155027,25.98018766142277,0.0,100.0
1.225,1.475,91.33635547702104,-4.200306728438363,-5.636959770795116,-4.531236655542074,-4.200305639545621,-3.724756352054726,2.1218135834232026,54.19380966955367,25.97444534050001,0.0,100.0
1.1,1.55,91.34708323955134,-4.2110344909686575,-5.64768753332541,-4.567160123772609,-4.211033551111925,-3.6954179845286745,2.159781183185553,54.19607365849186,25.98155309959878,0.0,100.0
1.15,1.525,91.3820025117605,-4.245953763177823,-5.682606805534576,-4.592200444260328,-4.245952759738057,-3.7449944493615135,2.145225622028799,54.19535982462705,25.982939925537845,0.0,100.0
1.025,1.6,91.40703534079488,-4.270986592212196,-5.707639634568949,-4.642171087105126,-4.27098573842396,-3.7316313365462577,2.1825207641565414,54.1976004291066,25.990123148608536,0.0,100.0
1.2,1.5,91.42003211411453,-4.283983365531853,-5.720636407888605,-4.62029100928649,-4.283982298464574,-3.7981032978018447,2.1304549496827128,54.19464414609833,25.984348529881633,0.0,100.0
1.075,1.575,91.43692122571429,-4.300872477131605,-5.737525519488358,-4.662290972069258,-4.300871560061225,-3.775580190254928,2.1682370703370135,54.19689207130286,25.991472644011814,0.0,100.0
1.25,1.475,91.46114946194369,-4.32510071336101,-5.761753755717763,-4.651418104876697,-4.325099584350971,-3.8548028953013755,2.1154443911980634,54.19391841840952,25.985772563717592,0.0,100.0
1.125,1.55,91.46987250203387,-4.333823753451185,-5.770476795807937,-4.685401178064595,-4.333822772938069,-3.8229485137971437,2.1537480781742406,54.19618042084864,25.9928517765371,0.0,100.0
1.175,1.525,91.5059546224765,-4.3699058738938135,-5.806558916250566,-4.711567813926621,-4.369904829981715,-3.8738793028184944,2.1390341876973027,54.19546572381662,25.994248346534214,0.0,100.0
1.135,1.55,91.5193876986539,-4.38333895007122,-5.819991992427973,-4.733111491696675,-4.383337953555687,-3.874380971175256,2.151300409262926,54.19622148303015,25.99737245420249,0.0,100.0
1.05,1.6,91.52898644145199,-4.39293769286931,-5.829590735226063,-4.759684497958318,-4.39293679865047,-3.8581416479479174,2.1766312093340523,54.19770389513156,26.001406941204387,0.0,100.0
1.225,1.5,91.54509848283688,-4.4090497342541966,-5.845702776610949,-4.740789442335711,-4.409048627580151,-3.928419494934502,2.1241030238412364,54.19474472765429,25.995659283339904,0.0,100.0
1.1,1.575,91.55999461054837,-4.4239458619656915,-5.860598904322444,-4.78088336480009,-4.423944904593943,-3.9032956889748363,2.1622348916390486,54.196994171927656,26.002766475376845,0.0,100.0
1.15,1.55,91.59410858084377,-4.458059832261085,-5.894712874617838,-4.805127539076452,-4.458058812026323,-3.9520592951177633,2.147551296681039,54.19628097848926,26.00415442466167,0.0,100.0
1.2,1.525,91.6313095441337,-4.495260795551019,-5.931913837907771,-4.832432466660549,-4.495259711722047,-4.004462569931434,2.1327487573474357,54.1955622138171,26.00555404261603,0.0,100.0
1.075,1.6,91.65230265068911,-4.516253902106428,-5.95290694446318,-4.878597769706403,-4.5162529677210355,-3.985921983670238,2.1706743508042052,54.19780135015717,26.012693176593594,0.0,100.0
1.25,1.5,91.67158487287915,-4.5355361242964705,-5.972189166653223,-4.862785201659094,-4.535534977860908,-4.060491533447163,2.1177210820578742,54.19483572919922,26.00696402965943,0.0,100.0
1.125,1.575,91.6845129215884,-4.548464173005712,-5.9851172153624645,-4.900954295910324,-4.548463175785892,-4.032579221172767,2.156072721561848,54.19709121898994,26.014060985328445,0.0,100.0
1.175,1.55,91.71973234583248,-4.583683597249802,-6.020336639606555,-4.926336744434792,-4.583682536702744,-4.082775067048232,2.1413720890182857,54.19637160018516,26.01544776366644,0.0,100.0
1.135,1.575,91.73466827962733,-4.598619531044648,-6.0352725734014,-4.949371695518636,-4.5986185175599275,-4.084677130012125,2.1536639387563965,54.197127700328075,26.018576304410125,0.0,100.0
1.225,1.525,91.75809020530808,-4.622041456725398,-6.058694499082151,-4.95474937832148,-4.622040332970931,-4.1366062487242345,2.1264525846264837,54.195648195464024,26.01684950572928,0.0,100.0
1.1,1.6,91.77703381544457,-4.640985066861887,-6.07763810921864,-4.998938537484619,-4.640984092357286,-4.115220904251771,2.164659711238963,54.197895238773334,26.023980022043226,0.0,100.0
1.15,1.575,91.81032910733062,-4.674280358747936,-6.110933401104688,-5.022429541855445,-4.674279321341229,-4.163316787160298,2.150009203286103,54.197178397969324,26.025347111439196,0.0,100.0
1.2,1.55,91.84673100162688,-4.710682253044197,-6.14733529540095,-5.048891621172743,-4.71068115281326,-4.214991126259591,2.135123611167842,54.196456396557046,26.026740231217236,0.0,100.0
1.25,1.525,91.88626397347825,-4.75021522489557,-6.186868267252322,-5.078385855943907,-4.750214061384358,-4.270179954313704,2.1200823349593154,54.19573182780444,26.02815323901564,0.0,100.0
1.125,1.6,91.90307854876403,-4.767029800181348,-6.2036828425381,-5.120707498184075,-4.767028785615653,-4.246208962586849,2.1586561906016635,54.19797609729813,26.03525979720915,0.0,100.0
1.175,1.575,91.93753732861784,-4.801488580035155,-6.2381416223919075,-5.1452338690509976,-4.801487502609939,-4.295669995433855,2.143868282970696,54.197257960825965,26.03663618656479,0.0,100.0
1.135,1.6,91.95387986692025,-4.8178311183375655,-6.254484160694318,-5.169756352208424,-4.8178300875778435,-4.299045745828053,2.1562057412621276,54.19800644839465,26.03977084095427,0.0,100.0
1.225,1.55,91.97510800870768,-4.839059260124998,-6.27571230248175,-5.17277666962147,-4.839058119431925,-4.348727747927711,2.1288847479789266,54.19653466561905,26.038037082376604,0.0,100.0
1.15,1.6,92.03051776671306,-4.89446901813038,-6.331122060487132,-5.243760341249242,-4.894467962834256,-4.378720898561838,2.152531764559823,54.19805105586261,26.046540686506464,0.0,100.0
1.2,1.575,92.06612913482505,-4.930080386242366,-6.366733428599119,-5.269406348230248,-4.930079267879384,-4.429520294979241,2.1376707260538375,54.197330016450046,26.047925286206418,0.0,100.0
1.25,1.55,92.10486261412605,-4.968813865543368,-6.40546690790012,-5.298086078870924,-4.968812684111612,-4.483947788277433,2.122608541262964,54.196602839119606,26.04933173106355,0.0,100.0
1.175,1.6,92.15938393546459,-5.0233351868819085,-6.459988229238661,-5.368258631815664,-5.023334090286909,-4.512722224022241,2.146402236672983,54.198122119045365,26.057826272537664,0.0,100.0
1.225,1.575,92.19616691017124,-5.060118161588562,-6.496771203945315,-5.3950436557123425,-5.060117001664215,-4.56497283673194,2.1314381386110437,54.19739809887682,26.059216834346223,0.0,100.0
1.2,1.6,92.28970157411453,-5.15365282553185,-6.590305867888603,-5.494230253062312,-5.153651686792335,-4.648418342554322,2.1402460409188757,54.19818952331282,26.069115239658903,0.0,100.0
1.25,1.575,92.32756003759984,-5.191511289017157,-6.62816433137391,-5.5221393535735075,-5.191510087870478,-4.702055466170961,2.125062763639773,54.197462956054224,26.07051326208961,0.0,100.0
1.225,1.6,92.42136832310973,-5.285319574527051,-6.721972616883804,-5.621638519232832,-5.285318393769439,-4.785681679342389,2.1339196617022114,54.19825431699235,26.080413941418065,0.0,100.0
1.25,1.6,92.55445905013474,-5.418410301552058,-6.85506334390881,-5.7503267712955335,-5.418409078568606,-4.924593471382835,2.1274157459606675,54.19831398760916,26.091719406590105,0.0,100.0
