old_resid_weight,new_resid_weight,oof_mse_clipped,gain_vs_current_anchor_oof,min_fold_gain_vs_current,mean_fold_gain_vs_current,max_fold_gain_vs_current,fold_mse_std,test_mean,test_std,test_min,test_max
0.85,0.525,86.10159951777065,1.0344492308120294,0.8321252420166019,1.034449030116886,1.2601245210847054,2.024438096219225,54.13594434540644,24.990569868131292,0.0,100.0
0.85,0.5,86.1039245539346,1.0321241946480768,0.8382899132939912,1.032123980661416,1.2469892735716712,2.0192985749879564,54.13385785085046,24.96903227031376,0.0,100.0
0.85,0.55,86.10437857845922,1.031670170123462,0.8209744882853727,1.0316699829749723,1.2680001261454095,2.0296410106057823,54.13797794516084,25.012075902691343,0.0,100.0
0.85,0.475,86.11147248681624,1.0245762617664411,0.8394453946432634,1.024576034345546,1.2285575672343185,2.0140959355141566,54.13172921722113,24.947483759130577,0.0,100.0
0.85,0.575,86.11223401015184,1.0238147384308434,0.8048551515344826,1.0238145655147775,1.270732711870437,2.0349372761032822,54.139974559236435,25.033575576339757,0.0,100.0
0.85,0.45,86.12420415932448,1.011844589258203,0.8355866760052635,1.0118443487734368,1.204819660513337,2.0088156399241566,54.1295706523531,24.925946355780237,0.0,100.0
0.85,0.6,86.12524040304602,1.0108083455366597,0.7838556145126034,1.0108081870743177,1.2682659063408437,2.040195243265056,54.141927690113235,25.055058346140033,0.0,100.0
0.875,0.525,86.129413215716,1.0066355328666816,0.8046623214835193,1.0066353725765111,1.2329175827763095,2.0237379197454466,54.13658820142258,25.00213960925768,0.0,100.0
0.875,0.5,86.12954874205839,1.0065000065242913,0.8129289492027567,1.0064998331994048,1.222085714146857,2.01871202694565,54.134527695262086,24.98062345594826,0.0,100.0
0.875,0.55,86.13434122586453,1.0017075227181493,0.7914245034518927,1.001707376180073,1.2385017189503174,2.028886405619519,54.1385989527178,25.023630157049464,0.0,100.0
0.875,0.475,86.13486604133482,1.0011827072478638,0.8161944144680433,1.0011825206328921,1.2059723006442482,2.013649406160538,54.13241850269212,24.95908430998652,0.0,100.0
0.85,0.425,86.14212087167118,0.9939278769114992,0.8266839122935608,0.9939276223547722,1.175769456724879,2.0034313799920294,54.12738403024736,24.904423489829675,0.0016300283771809587,100.0
0.85,0.625,86.14339788696046,0.9926508616222236,0.7578940522952706,0.9926507170886282,1.2605549703155674,2.0453843751326506,54.143840694906785,25.07653308446393,0.0,100.0
0.875,0.575,86.14439525955586,0.9916534890268167,0.7732528311675395,0.9916533567337069,1.2389554546839605,2.0340553867008575,54.140576378638485,25.045122173175333,0.0,100.0
0.875,0.45,86.14539844340423,0.9906503051784483,0.8144437537522293,0.9906501053462989,1.1845580533573354,2.0085179267039406,54.13027312076848,24.93754454560257,0.0,100.0
0.9,0.5,86.1569045940085,0.9791441545741861,0.7859275980174658,0.979144021651058,1.1952550783299074,2.0179461412343698,54.13518409732711,24.99220925856138,0.0,100.0
0.9,0.525,86.15892259130085,0.9771261572818304,0.7755756066529784,0.9771260375252098,1.2037988815170593,2.0229123414346644,54.13721647848757,25.013700012686364,0.0,100.0
0.875,0.6,86.1595958472065,0.9764529013761774,0.7501777778939669,0.9764527832586708,1.234197230227707,2.0391727839351965,54.14250604193938,25.066588079898203,0.0,100.0
0.9,0.475,86.16000969248026,0.9760390561024224,0.7913037809428545,0.9760389102173406,1.1814565378208925,2.0130193133294334,54.133099014761434,24.97068808569523,0.0,100.0
0.875,0.425,86.1611098112715,0.9749389373111796,0.8076637361383661,0.9749387244273919,1.1578349136121915,2.003301897637846,54.1281018705539,24.916023594805594,0.0,100.0
0.85,0.4,86.16520606507983,0.9708426835028519,0.8127358479096074,0.9708424146122923,1.1414188275125383,1.9980549946578186,54.12518125668985,24.882935548094036,0.031977226625090505,100.0
0.9,0.55,86.16603903147015,0.9700097171125321,0.7602485942151134,0.9700096111448033,1.2070923851378978,2.0279566312369663,54.13921160892022,25.03518776265121,0.0,100.0
0.85,0.65,86.16666331692923,0.9693854316534498,0.7270478818698933,0.9693853005214578,1.247639575369348,2.050494067347769,54.1457120759183,25.097994687251344,0.0,100.0
0.9,0.45,86.16832506024397,0.9677236883387081,0.7916562742017561,0.9677235292270836,1.1623629483434428,2.008038675122384,54.13096900132907,24.94915000865474,0.0,100.0
0.9,0.575,86.17829023672584,0.9577585118568379,0.7400364300368238,0.9577584201329785,1.2052624184156997,2.0329932373329758,54.14116232168235,25.05665883178988,0.0,100.0
0.875,0.625,86.17993471840362,0.9561140301790658,0.7221486857418853,0.9561139257292979,1.2242238056993102,2.0442331209216262,54.144398008874894,25.08805049496632,0.0,100.0
0.9,0.425,86.18182464030221,0.9542241082804708,0.7869959282388663,0.9542239362559883,1.1379646463653614,2.0029647683614886,54.1288094910864,24.927624185216175,0.0,100.0
0.875,0.4,86.18200135145649,0.9540473971261889,0.7958356020626809,0.9540471697240378,1.1257960538247715,1.9979975763138285,54.125905285204624,24.894520509338125,0.029650887141829396,100.0
0.925,0.5,86.18597544660896,0.9500733019737169,0.7572895191520956,0.9500732094407283,1.1665130604745286,2.017032403765598,54.135824661627616,25.003785280707056,0.0,100.0
0.925,0.475,86.18689620351476,0.9491525450679177,0.7647713456447036,0.9491524397636824,1.1550127450216081,2.0122081573083963,54.13376648784846,24.982287250855446,0.0,100.0
0.925,0.525,86.19015573922516,0.9458930093575191,0.7448542674609655,0.9458929301087352,1.172766020116427,2.0219264393084555,54.13783566551988,25.025262977877603,0.0,100.0
0.925,0.45,86.19298735910505,0.9430613894776343,0.7672359811934939,0.9430612711256089,1.1382362891367137,2.007362807662548,54.13165733044948,24.960760977459774,0.0,100.0
0.85,0.375,86.19354774405265,0.9425010045300297,0.7937382776136985,0.942500721578105,1.101787635375544,1.9926433066002829,54.12296723367518,24.861494117511995,0.049132156040031294,100.0
0.85,0.675,86.19500139641377,0.9410473521689084,0.6913398703102587,0.9410472341744338,1.2295587855759038,2.055527164101636,54.14754948952775,25.119457126618645,0.0,100.0
0.9,0.6,86.19567899813549,0.9403697504471893,0.714868307594827,0.9403696727021866,1.1982440633558866,2.037986934977466,54.143075398970595,25.078120450248353,0.0,100.0
0.925,0.55,86.19947194692453,0.9365768016581484,0.7274664812408105,0.9365767362541675,1.1737663267077352,2.0268476271190368,54.13981002217884,25.046738458091454,0.0,100.0
0.9,0.4,86.20051816009938,0.935530588483303,0.777292104413263,0.9355304028686817,1.108255088320476,1.997813686391048,54.12662689925616,24.906120502755865,0.02732454020798769,100.0
0.925,0.425,86.20428327740835,0.9317654711743302,0.7646819042088708,0.9317653398440597,1.1161604746255591,2.0024483413427774,54.12951183379996,24.93923449164444,0.0,100.0
0.875,0.65,86.20536176482689,0.9306869837557912,0.6892715484389953,0.9306868925251337,1.2090550297814957,2.0492142703050606,54.14625296452086,25.10950821262491,0.0,100.0
0.875,0.375,86.2080908092649,0.9279579393177784,0.778964535524878,0.9279576978269688,1.0884794173852157,1.9927216325914705,54.12369729170216,24.873063515558947,0.05115314837868867,100.0
0.925,0.575,86.21390806560343,0.9221406829792471,0.7051878497396586,0.9221406317054118,1.1696829961826012,2.0317594273563198,54.14174044162484,25.068199156801807,0.0,100.0
0.95,0.475,86.2155031155802,0.9205456330024759,0.7365988964937173,0.9205455680605013,1.1266424664780885,2.011231963046998,54.13441963116816,24.993879290943987,0.0,100.0
0.95,0.5,86.216750117426,0.9192986311566784,0.7270347826817982,0.9192985790208894,1.1358551056286785,2.0159755330239433,54.13645015799927,25.015352861285184,0.0,100.0
0.9,0.625,86.21819286539595,0.9178558831867321,0.6847927083447587,0.9178558188070098,1.1859931124158152,2.042912928393679,54.14494610922934,25.099569857934682,0.0,100.0
0.95,0.45,86.21939947993316,0.9166492686495218,0.7411744172707273,0.9166491909991976,1.1121801221932373,2.0065063266645002,54.132336825195615,24.972375018973707,0.0,100.0
0.925,0.4,86.22076610489233,0.9152826436903467,0.7571004550065652,0.9152824994341472,1.0887772216921547,1.9974454219374318,54.12734183311672,24.917727672021766,0.02499818582356539,100.0
0.95,0.525,86.22312338365037,0.9129253649323061,0.7125005845921066,0.9129253262530568,1.1398206732522453,2.0207745704166244,54.138446140035555,25.03682888636434,0.0,100.0
0.9,0.375,86.22439864274973,0.9116501058329476,0.7625418882440442,0.9116499058109753,1.0732389642761007,1.9926140461053403,54.12442424977198,24.88464672396833,0.05317414816792665,100.0
0.85,0.35,86.22716636354396,0.9088823850387229,0.76968871555448,0.9088820881727685,1.0568204384469482,1.987172532704249,54.12074814676391,24.840110768856288,0.0632179405945128,100.0
0.85,0.7,86.22843671212443,0.9076120364582465,0.6507716388568099,0.9076119317913737,1.2063038113719244,2.0604928683202215,54.1493453212157,25.14089804802305,0.0,100.0
0.95,0.425,86.22848290798733,0.9075658405953533,0.7407236479407544,0.9075657499295972,1.092423905921791,2.001747575074398,54.1302082642023,24.950853276750607,0.0,100.0
0.925,0.6,86.23348574899616,0.9025629995865216,0.6779369347431725,0.9025629620547363,1.1603789141747853,2.036626011601265,54.14363245303437,25.089649408015145,0.0,100.0
0.95,0.55,86.23463241011703,0.9014163384656513,0.6930768662654572,0.9014163136833929,1.1385454359054847,2.0255707523945237,54.14039607420944,25.058285612964923,0.0,100.0
0.875,0.675,86.23586099865256,0.9001877499301258,0.6515354304905685,0.9001876718100448,1.1887299168258352,2.054103224436669,54.14806879263777,25.130955190727455,0.0,100.0
0.875,0.35,86.23945130294669,0.8965974456359902,0.7570405715000135,0.8965971902288885,1.0458537880333836,1.9873920372402383,54.12148018351737,24.851657061580546,0.06523893293317018,100.0
0.925,0.375,86.24243695626728,0.8936117923153972,0.7444713412329662,0.893611634003895,1.0560791042915554,1.9923697114810364,54.12514659874443,24.896240957172978,0.05519514050658403,100.0
0.95,0.4,86.24274887952248,0.8932998690602005,0.73526139601897,0.8932997657048276,1.067364064786986,1.9968867023376262,54.12804709124271,24.929336423595842,0.022671838889723683,100.0
0.9,0.65,86.24576951158852,0.8902792369941608,0.6498968923253017,0.8902791855982286,1.1685837563871928,2.0477509271398895,54.14677984269092,25.121015136193993,0.0,100.0
0.975,0.475,86.24582007775946,0.8902286708232197,0.7067901059525354,0.890228646215013,1.09636558004064,2.0101119941453724,54.135055772432814,25.005459305558052,0.0,100.0
0.975,0.45,86.24753704396826,0.888511704614416,0.7134712610414056,0.88851166742447,1.0841963468781444,2.0054796345784403,54.13300190438009,24.983981910035936,0.0,100.0
0.975,0.5,86.24926429271314,0.8867844558695452,0.695142979735067,0.8867844441688704,1.1032903493205453,2.014750767705439,54.13706848537373,25.02692651546711,0.0,100.0
0.95,0.575,86.25125366800786,0.8847950805748184,0.6687077036001625,0.884795069714599,1.132199616797763,2.030359313680038,54.14230749425591,25.0797375518029,0.0,100.0
0.9,0.35,86.25350194800387,0.8825468005788082,0.7427422607391065,0.8825465866405409,1.0329430223109455,1.9874263959295306,54.12221090574257,24.863220496079677,0.06725993272240816,100.0
0.975,0.425,86.25441342875952,0.881635319823161,0.7151340410088238,0.8816352698940676,1.0667563588048523,2.0008459594097,54.130894177200084,24.96247210280963,0.0,100.0
0.975,0.525,86.25781936288409,0.8782293856985888,0.6785441122443672,0.8782293875891071,1.1049764412852028,2.0194494030996655,54.13904170917786,25.048386621494778,0.0,100.0
0.925,0.625,86.25815182007038,0.8778969285122997,0.645856444104183,0.8778969039859362,1.1458823708429122,2.0414156552841796,54.145483885159706,25.111089390997535,0.0,100.0
0.95,0.375,86.26222171070067,0.873827037882009,0.7247562538452712,0.8738269214066208,1.036994552166604,1.9919644583650047,54.12586594997839,24.907849110413135,0.053019096742278005,100.0
0.85,0.325,86.26603128871388,0.8700174598688051,0.7405742469094605,0.8700171493929503,1.0065136854233145,1.9816897871872985,54.11852279557062,24.8187834400637,0.0773037400501555,100.0
0.975,0.4,86.2664751041207,0.8695736444619797,0.7117764303609704,0.8695735817991107,1.0440180932724417,1.9961463422030234,54.12874874049206,24.940957951510985,0.020345491955881978,100.0
0.85,0.725,86.26695064547744,0.8690981031052445,0.6053941317348546,0.8690980120402145,1.177843596590833,2.0654031334374743,54.15109469677163,25.162317314623632,0.0,100.0
0.925,0.35,86.26931946313692,0.8667292854457571,0.7267982300563176,0.8667291129737436,1.018089025579755,1.9872725188736078,54.12294002869262,24.874800546692228,0.06928092506106553,100.0
0.875,0.7,86.27146036679633,0.8645883817863478,0.6089591574004771,0.8645883169983477,1.1632033570026294,2.0589431666198506,54.14984172281727,25.152380751358056,0.0,100.0
0.975,0.55,86.27151577751437,0.8645329710683143,0.6570576645198827,0.8645329868605813,1.1014387664011593,2.024126626349186,54.14097263454848,25.069834514955357,0.0,100.0
0.95,0.6,86.27300450553979,0.8630442430428928,0.6394173002349817,0.86304424561458,1.1206170459279292,2.0350901363324043,54.14417797938926,25.101176295689505,0.0,100.0
0.875,0.325,86.27607774712477,0.8599710014579074,0.7300599077823051,0.859970732360398,0.9978893702927962,1.9820233100740836,54.119259421570234,24.830311378775665,0.07932473238881288,100.0
1.0,0.45,86.27739256495809,0.8586561836245892,0.6841283116141739,0.8586561867741466,1.0542917298459855,2.0042977401418605,54.13365160218129,24.99557980398889,0.0,100.0
1.0,0.475,86.27786327720511,0.858185471377567,0.6753584436486904,0.8581854871800345,1.0641774904804322,2.0088355980062396,54.13568179322561,25.01703993822693,0.0,100.0
0.9,0.675,86.27843463002398,0.8576141185587005,0.6101466839526921,0.8576140803359266,1.146000123010694,2.052506021402009,54.14857558751906,25.142448682463442,0.0,100.0
1.0,0.425,86.28208253382536,0.853966214757321,0.6879018235849088,0.8539662054383911,1.0391601350160045,1.9997709657786455,54.131571235376725,24.974093951347765,0.0,100.0
1.0,0.5,86.28350589228133,0.8525428563013548,0.661615090153532,0.8525428850957126,1.0688239510974284,2.013368310515167,54.1376762176433,25.0384998878266,0.0,100.0
0.975,0.375,86.28372802858445,0.8523207199982323,0.7033933163058208,0.8523206445688771,1.015973679443718,1.9913589218590302,54.126578240151076,24.919463724459114,0.0506927498084363,100.0
0.95,0.35,86.28687736444641,0.8491713841362696,0.7092035188260013,0.8491712533043796,1.0013119742122853,1.9869694017493715,54.12366497586282,24.88639238468857,0.07130192485030351,100.0
0.9,0.325,86.28787508437158,0.8481736642111031,0.7178914642842358,0.8481734365465059,0.987320501736221,1.982190477206833,54.1199920727806,24.841851583675922,0.08134573217805086,100.0
0.925,0.65,86.28788745837588,0.8481612902068036,0.6089410162009585,0.8481612787480657,1.1262286477091976,2.0461083612740434,54.14729609287122,25.132521625315015,0.0,100.0
0.975,0.575,86.29032392867344,0.8457248199092362,0.6306033197240595,0.8457248494215264,1.092806592386296,2.028790338056292,54.14286324387928,25.091274279541892,0.0,100.0
1.0,0.4,86.29194632443443,0.8441024241482467,0.6866489369398749,0.8441024020984799,1.0187404264371764,1.9952261944915985,54.12944514255382,24.952589171203172,0.018019145022040273,100.0
1.0,0.525,86.2942385801389,0.8418101684437858,0.6429791625784418,0.8418102110142286,1.0682392958585325,2.0179644494191726,54.13962719602609,25.059944978306593,0.0,100.0
0.95,0.625,86.29982256146148,0.8362261871211984,0.6053288726934909,0.8362262024438933,1.103882707012616,2.0397390548393037,54.146008728636275,25.122604245026395,0.0,100.0
0.925,0.325,86.30144027521297,0.8346084733697126,0.704070409768164,0.8346082871336705,0.9748073226139979,1.9821707231594687,54.12072345735121,24.85340905632834,0.08336672451670823,100.0
0.975,0.35,86.30618036027991,0.8298683883027707,0.6899628107315721,0.8298682992511545,0.9826156805663118,1.986508609523088,54.12438577410086,24.89799608230564,0.07332292463954149,100.0
1.0,0.375,86.3069789543063,0.8290697942763785,0.680383157760815,0.8290697597855257,0.9930182297371459,1.9905794135974526,54.12728295656504,24.931083777862277,0.048366402874594594,100.0
1.025,0.45,86.30896796827244,0.82708078031024,0.6531515940816348,0.8270808238232717,1.0224839740399574,2.0029662607019483,54.134283597091205,25.007164439557616,0.0,100.0
1.0,0.55,86.3101210299939,0.8259277185887868,0.6194068577820104,0.8259277748423841,1.0624237982288918,2.0225121052640715,54.14153905347181,25.08138390227532,0.0,100.0
0.85,0.3,86.3101617947582,0.8258869538244795,0.7063903355067254,0.8258866300008407,0.9508645145176047,1.9761762459383314,54.11629335518293,24.797516337383033,0.091389524604637,100.0
0.85,0.75,86.31043160759602,0.8256171409866653,0.5552574454472534,0.8256170644387936,1.1442444062933816,2.07032455476485,54.15281441725733,25.183745721721557,0.0,100.0
1.025,0.425,86.31146532124629,0.8245834273363926,0.6590284332652345,0.8245834583715606,1.0096410799476274,1.9985362181243795,54.13223484826995,24.98571039145918,0.0,100.0
1.025,0.475,86.31164489722318,0.8244038513595058,0.6422900034979904,0.8244039076172811,1.0300861461576716,2.0073936705423585,54.13629884227627,25.028623301813006,0.0,100.0
0.875,0.725,86.3120766950104,0.8239720535722768,0.5615977722673193,0.8239720027863143,1.1325009087191233,2.06374637052931,54.15157278004694,25.173792381433433,0.0,100.0
0.975,0.6,86.31422358035499,0.82182516822769,0.599305744035874,0.8218252106468669,1.0789825130097341,2.0333753303707436,54.14471215139055,25.11270145672896,0.0,100.0
0.9,0.7,86.31615800248595,0.819890746096732,0.5655728016241426,0.8198907214901396,1.1182334778239778,2.0572264106297267,54.150325060104535,25.163858323744904,0.0,100.0
0.95,0.325,86.31676567338548,0.8192830751972053,0.6886035520479368,0.819282930436151,0.9603506766938494,1.9819730550118733,54.121453695759456,24.864983943402862,0.08538772430594621,100.0
0.875,0.3,86.31795553426345,0.8180932143192337,0.6980118290793342,0.8180929318164913,0.9445844069572473,1.976639039751303,54.11703162656187,24.80902040790372,0.09341051694329439,100.0
1.025,0.4,86.3191411844952,0.8169075640874865,0.6598886834905642,0.8169075827774549,0.9915333811213713,1.9941058940819363,54.13012930154129,24.96421721849252,0.015692798088198567,100.0
1.025,0.5,86.319459684925,0.8165890636576876,0.6264845708723783,0.8165891330993702,1.0324642316852533,2.0118353300551206,54.1382711726982,25.050068975851136,0.0,100.0
0.925,0.675,86.3227003187342,0.8133484298484746,0.5671646742435712,0.8133484316704482,1.101395750344551,2.050746141468865,54.149071546971946,25.153941317798967,0.0,100.0
1.0,0.35,86.32722678986899,0.8088219587136933,0.6690763263198534,0.8088219113637877,0.9619879101126259,1.985876920687687,54.125102647107866,24.909611980231354,0.07534391697819887,100.0
0.9,0.3,86.32751667537464,0.8085320732080419,0.6879787240490032,0.8085318320356976,0.9363584129368121,1.9769152754651445,54.11776896869188,24.82054241296898,0.09543151673253236,100.0
1.0,0.575,86.33110382000856,0.8049449285741161,0.590934413417429,0.8049449983511693,1.051513944340357,2.0270393570392455,54.14340738328456,25.102808773167656,0.0,100.0
0.95,0.65,86.3317106134803,0.8043381351023839,0.5663860573987023,0.8043381636234301,1.0819899296078574,2.0443059010440026,54.1478000849054,25.144024134911316,0.0,100.0
1.025,0.375,86.33197258094569,0.8040761676369925,0.6557273761079472,0.804076173796281,0.9681309745931372,1.9896144517359076,54.12798453311208,24.942717432791532,0.04604005594075289,100.0
1.025,0.525,86.33238628360922,0.8036624649734563,0.6057868328288265,0.8036625482398648,1.0295897642474188,2.0163091841438283,54.14020161406272,25.071502154921177,0.0,100.0
0.975,0.325,86.33384264349762,0.8022061050850624,0.6714874732539471,0.8022060018987787,0.9439556924064902,1.9816110558035498,54.12218094033908,24.87657286217449,0.08740872409518419,100.0
0.925,0.3,86.33882153729954,0.7972272112831433,0.6762909517099871,0.7972270115601845,0.9261874777244117,1.9770376359135453,54.11850312171505,24.83207817426841,0.09745250907118974,100.0
1.05,0.45,86.34227749852289,0.7937712500597911,0.6205496210368153,0.793771334011663,0.9887671479142739,2.0014716169692255,54.1349090085898,25.018756192666434,0.0,100.0
1.05,0.425,86.34258217766538,0.7934665709173032,0.6285153438669511,0.7934666422991313,0.9782084414121783,1.9971393810085154,54.132879901534146,24.997312009713035,0.0,100.0
0.975,0.625,86.34319389553472,0.792854853047956,0.5632106090359201,0.7928549083509552,1.060015263151982,2.0378903482369535,54.14652228906768,25.13411745323115,0.0,100.0
1.05,0.475,86.34715142820536,0.7888973203773162,0.60759193092413,0.7888974171140319,0.994106803466039,2.0057892360678027,54.13690304564321,25.040202268051143,0.0,100.0
1.05,0.4,86.34804696206272,0.7880017865199562,0.6314861470276156,0.7880018456096792,0.9624046109507418,1.9928237678464025,54.13080281240899,24.975845004111957,0.013366451154356862,100.0
1.025,0.35,86.34999385878552,0.7860548897971569,0.6465423140891744,0.7860548833827068,0.9394245394951923,1.985048102639387,54.12581297675944,24.921235252497723,0.07638728399098482,100.0
1.025,0.55,86.35045242573123,0.7855963228514469,0.580143661269716,0.7855964195224118,1.0214982926134155,2.0207258523496607,54.14209257555966,25.09292874155466,0.0,100.0
0.95,0.3,86.35189459729345,0.7841541512892292,0.6629495183319705,0.7841539929973521,0.9140722413582409,1.976972557159743,54.119234903254494,24.843629125091674,0.09947350886042772,100.0
1.0,0.325,86.35265787552689,0.7833908730557937,0.6527210060521895,0.7833908116321794,0.9256400724831764,1.981103675458041,54.12290384213922,24.88817324562365,0.08942971643384157,100.0
1.05,0.5,86.35714136391411,0.778907384668571,0.5897404415207887,0.7789074948171105,0.994194026042976,2.0101363887771124,54.13885427720301,25.061635287079564,0.0,100.0
1.0,0.6,86.35715045527668,0.7788982933059998,0.5576242861429677,0.7788983756600715,1.0354652547234053,2.03149446861164,54.145234867533475,25.12422314823693,0.0,100.0
0.875,0.75,86.35757740746071,0.7784713411219712,0.5094997721338359,0.7784713054904756,1.0969185303262066,2.068608034196612,54.153279783923196,25.195222819223506,0.0,100.0
1.05,0.375,86.35871188319709,0.7773368653855925,0.6294307018636829,0.7773369121178006,0.9413170721359307,1.9884747143415382,54.128678167567145,24.95435583438722,0.04371370900691118,100.0
0.85,0.775,86.35871682321803,0.7773319253646491,0.5004444732141167,0.7773318644555189,1.106029487560562,2.075268584786871,54.1545045098995,25.2051792567989,0.0,100.0
0.9,0.725,86.35886133100463,0.7771874175780482,0.5162076076750992,0.7771874073980058,1.0853392895911895,2.0619731631133105,54.152045166537384,25.185275870895108,0.0,100.0
0.85,0.275,86.35958250131031,0.7764662472723671,0.6671360849459518,0.7764659102066929,0.8898702800856455,1.970601875145024,54.11405980289208,24.776309537333436,0.10547530915911851,100.0
0.925,0.7,86.36253631749787,0.7735124310848107,0.5206072504249875,0.773512446837725,1.0713657465872046,2.0553638888619865,54.15080185177646,25.17534149897982,0.0,100.0
0.875,0.275,86.3651104085879,0.7709383399947853,0.6608936851524732,0.7709380442817775,0.8859352969143686,1.9712101450626434,54.11480052439442,24.787791158239443,0.10749630149777589,100.0
0.975,0.3,86.36673560777494,0.7693131408077392,0.6479582003843376,0.7693130239439284,0.9000130011465188,1.9767205607296225,54.119965600172044,24.855197667970828,0.1014945086496657,100.0
0.95,0.675,86.36865081301937,0.7673979355633094,0.5226181457020402,0.7673979776657092,1.0548933809824206,2.0488217789233505,54.14955303658222,25.165426387340002,0.0,100.0
1.05,0.525,86.37225869052641,0.7637900580562729,0.5669654246444225,0.7637901818006924,0.9890272407670864,2.0144773803249905,54.1407659373183,25.083059913501955,0.0,100.0
0.9,0.275,86.37240950312034,0.7636392454623433,0.6529965538907163,0.7636389910860089,0.8800541539103364,1.971628475733242,54.115539202916025,24.799288690928652,0.10951730128701387,100.0
1.025,0.325,86.37322989599679,0.7628188525858945,0.6323104989591286,0.7628188329833876,0.9054059319899892,1.9804217994067037,54.123623615477676,24.899787332745493,0.09145070877249895,100.0
1.025,0.575,86.37357499467896,0.7624737539037199,0.5496716650731202,0.7624738635970345,1.0083651568988614,2.025117732728594,54.14393900912569,25.11433937789058,0.0,100.0
1.05,0.35,86.37451482057465,0.7615339280080349,0.6223613692735626,0.7615339625054673,0.9149280777071169,1.9840433322326365,54.12651725262498,24.932866773212563,0.07406093705714312,100.0
1.075,0.425,86.37541921542618,0.7606295331565036,0.5963708027592816,0.7606296449880233,0.9448642742621445,1.9955958341484497,54.13350981728559,25.00890511406218,0.0,100.0
0.975,0.65,86.37722887986408,0.7588198687186036,0.522242550157884,0.7588199373773051,1.0358549752699417,2.042327241163236,54.14829412404891,25.155525445333243,0.0,100.0
1.075,0.45,86.37731401515148,0.7587347334311971,0.5863105815559351,0.7587348578978463,0.9531638732886307,1.9998201028861238,54.13552577144219,25.030351307984585,0.0,100.0
1.075,0.4,86.37869547269722,0.757353275885464,0.6014426037622087,0.7573533753409123,0.9313489638772836,1.991371553775925,54.13146380003306,24.987469110030162,0.01104009676993456,100.0
0.925,0.275,86.38147877128245,0.7545699773002355,0.6434446951974593,0.7545697642515592,0.8722269871755941,1.9718569517369493,54.11627730391709,24.81080484655333,0.11153829362567125,100.0
1.0,0.3,86.38333357326682,0.7527151753158563,0.6313208232806033,0.7527150999460759,0.8840102522277817,1.9762962754168643,54.1206945912672,24.866782581180377,0.10351550098832307,100.0
1.075,0.475,86.38438645112657,0.7516622974561074,0.5712851026884351,0.7516624347402455,0.9562137693269648,2.004017193034031,54.137496610124096,25.051780904987226,0.0,100.0
1.075,0.375,86.38714688033797,0.7489018682447153,0.6014997782463638,0.7489019555418566,0.9125764122603357,1.9871540255879567,54.12936180207191,24.96599522444587,0.04138735462248888,100.0
1.0,0.625,86.38827170901484,0.7477770395678363,0.5194867332468505,0.7477771349225918,1.014244969476863,2.0358701930852487,54.14702453404527,25.14562887242146,0.0,100.0
0.95,0.275,86.39229612944743,0.7437526191352504,0.6322381549104961,0.7437524475166952,0.8624542535873161,1.9719269725031792,54.11701294271982,24.82233606403493,0.11355929341490922,100.0
1.05,0.55,86.3924884894913,0.7435602590913817,0.5393187762052492,0.7435603961958975,0.9786927250170265,2.018773485390059,54.142633343998924,25.10446926904858,0.0,100.0
1.05,0.325,86.39552908321957,0.7405196653631094,0.6102529410874382,0.7405196872075634,0.88323531622936,1.9795650449611009,54.12433799424072,24.911410923699655,0.09347170856173692,100.0
1.075,0.5,86.39655313744217,0.7394956111405122,0.5513774755631573,0.7394957620298328,0.9540100165324645,2.008271453175327,54.13942773040074,25.073202948851183,0.0,100.0
1.075,0.35,86.40077334215175,0.7352754064309295,0.5965349031767886,0.7352754815466994,0.8885071495125914,1.9828582646006054,54.127217703042284,24.944510672718195,0.07173458267272081,100.0
1.025,0.3,86.40165957778625,0.7343891707964332,0.6130327609177613,0.7343891371805995,0.866078727331967,1.9757426495973551,54.12141953469346,24.87837954150566,0.10553649332698045,100.0
1.025,0.6,86.40178231136231,0.73426643722037,0.514342193109016,0.7342665595659981,0.9900669946108565,2.0294376571163326,54.145746347372096,25.135742753564745,0.0,100.0
0.975,0.275,86.4048761156669,0.7311726329157864,0.6193770594530434,0.7311725027364758,0.8507370594730475,1.9718178089040945,54.11774555098854,24.83388131782858,0.1155802932041472,100.0
0.9,0.75,86.40637170054394,0.729677048038738,0.4622235911539718,0.7296770533215579,1.0477991497030104,2.0667382707309505,54.15373638791204,25.206702722698417,0.0,100.0
0.925,0.725,86.40724300012867,0.7288057484540076,0.46935010263696597,0.7288057793150216,1.0364991693794963,2.060050369364971,54.15250997353717,25.196764358576466,0.0,100.0
0.875,0.775,86.40794944599843,0.7280993025842548,0.45272642901966265,0.7280992824737836,1.0565628431644996,2.0734416923186094,54.154953214001175,25.216649433890595,0.0,100.0
1.1,0.425,86.409986550237,0.7260621983456872,0.5625986754651109,0.7260623507023723,0.9096351423990541,1.9938917223416621,54.134134333496235,25.020507445049418,0.0,100.0
0.95,0.7,86.41055350867484,0.7254952399078434,0.4740889489894897,0.7254952964369465,1.022718113156074,2.053390659327815,54.151273125798234,25.186833384762043,0.0,100.0
1.1,0.4,86.4110690695202,0.7249796790624856,0.5697594908123733,0.7249798189002774,0.8983832835939012,1.989763458212253,54.13210544731066,24.999076898867838,0.008713749836092854,100.0
0.85,0.8,86.41197867486018,0.7240700737225012,0.4408238523894994,0.7240700282335553,1.0627882991764892,2.0801526933964554,54.15616278160534,25.226611573254868,0.0,100.0
1.075,0.525,86.41384741402433,0.7222013345583491,0.5265498656966656,0.7222014988163238,0.9465786290269591,2.012483332168155,54.14131948751245,25.094617042891084,0.0,100.0
1.1,0.45,86.41408619606958,0.721962552513105,0.5504360050693151,0.7219627174698757,0.9156500019952887,1.99800158693693,54.13612769399592,25.0419383035054,0.0,100.0
0.85,0.25,86.41426696985225,0.7217817787304313,0.6229353071298931,0.7217814287144222,0.8235306059744403,1.964963545537771,54.11182037316613,24.755159959290612,0.11956110861476121,100.0
0.975,0.675,86.4162771572786,0.719771591304081,0.47648169296998333,0.7197716738276625,1.0065215837636856,2.0467590893475576,54.15002819136905,25.17691874056502,0.0,100.0
1.1,0.375,86.41731561497696,0.7187331336057241,0.5719273009466974,0.7187332612871813,0.8819082012889936,1.9856550086045162,54.130031060112096,24.977627436524923,0.039061007688647176,100.0
0.875,0.25,86.41755573620458,0.7184930123781044,0.6187050553831597,0.7184927035611622,0.8219409693115125,1.9657220085506573,54.112563102638276,24.766618235794446,0.12158210095341859,100.0
1.05,0.575,86.41776706590373,0.7182816826789491,0.5068100957739858,0.7182818322874198,0.9633135653832028,2.0230236310824874,54.14445815673852,25.12586612554192,0.0,100.0
1.0,0.275,86.419225096934,0.7168236516486814,0.6048628368602209,0.7168235628994296,0.8370755353210768,1.9715218816658202,54.118476124573235,24.84544237185864,0.11760128554280458,100.0
1.075,0.325,86.41956681310357,0.7164819354791092,0.5865476415122828,0.7164819982492929,0.8591341896738101,1.9785123402498166,54.125046479434815,24.92304312274822,0.09277244683316199,100.0
1.05,0.3,86.42174685223848,0.714301896344196,0.5930948075900915,0.7143019045115266,0.846226791051734,1.975011093156691,54.122141347758586,24.889990213399592,0.10755749311621843,100.0
0.9,0.25,86.42258923206504,0.7134595165176449,0.6129438945687298,0.7134592490667899,0.8184049757481517,1.9662848364553933,54.11330509165588,24.7780948775649,0.12360310074265657,100.0
1.1,0.475,86.42334349486761,0.7127052537150718,0.5333602592107383,0.7127054316407225,0.9164094214907408,2.002092894238757,54.138077643279985,25.06335562629936,0.0,100.0
1.0,0.65,86.42442546545116,0.7116232831315159,0.4765272473390638,0.7116233921558319,0.9878313033927384,2.040206637983949,54.148775454003406,25.167022046157026,0.0,100.0
1.1,0.35,86.42876027605193,0.7072884725307489,0.5690693482094389,0.707288588209235,0.8601557391673538,1.98151685897702,54.127909175965264,24.95615735034306,0.06940823573887911,100.0
0.925,0.25,86.42939350786875,0.7066552407139284,0.6055279882269247,0.7066550146165866,0.812922816986628,1.9666588980036372,54.11404524926432,24.789587862090247,0.12562409308131395,100.0
1.025,0.625,86.43503621440668,0.7010125341760016,0.47418878201483494,0.701012669802975,0.9665801468057253,2.0336970824757925,54.14751560462118,25.157138758571943,0.0,100.0
1.025,0.275,86.43534055744009,0.7007081911425956,0.5887030174643826,0.7007081438291038,0.8214701973116405,1.9710405483364792,54.11920536583358,24.857020523132928,0.11962227788146196,100.0
1.075,0.55,86.43622553147067,0.6998232171120122,0.49690126473008434,0.6998233942700551,0.9340135053055008,2.0166407234875847,54.14316272313227,25.11600799205528,0.0,100.0
1.1,0.5,86.43768482868798,0.6983639198947031,0.5113828294891505,0.6983641113868231,0.9119337336359337,2.006239816631935,54.13998944750546,25.084768123412996,0.0,100.0
0.95,0.25,86.43796813304607,0.698080615536611,0.5964573799760018,0.6980804307822666,0.8054946820438857,1.9668434737006126,54.11478385735325,24.80109763334902,0.12764509287055192,100.0
1.075,0.3,86.44358267779914,0.6924660707835386,0.5715141106208534,0.6924661208491273,0.8244504681919125,1.974117888059659,54.12285967308761,24.901613965579646,0.10679516967347114,100.0
1.125,0.4,86.44516791879126,0.6908808297914248,0.5364475295799735,0.6908810101522533,0.8635198713825929,1.9880081901078965,54.13273441069642,25.01068061069824,0.006387402902251149,100.0
1.1,0.325,86.44535403317838,0.6906947154043053,0.5611959505846897,0.690694819060863,0.8331029896777409,1.9772874715851132,54.125749618937014,24.93468481258318,0.08947051342537848,100.0
1.125,0.425,86.44628429749655,0.689764451086134,0.5271897327817214,0.68976464396425,0.8725019276789254,1.9920285665350572,54.134748957215564,25.032110793574443,0.0,100.0
1.05,0.6,86.44811206828875,0.6879366802939302,0.4694543344387654,0.6879368428039669,0.9427659773823933,2.0272079856882734,54.146247410846854,25.14726222197178,0.0,100.0
0.975,0.25,86.44830010114464,0.6877486474380419,0.5857320605528145,0.687748504079795,0.7961206605935018,1.9668579745978627,54.11552033940778,24.812623151091508,0.1296660926597899,100.0
1.125,0.375,86.44922603469496,0.6868227138877216,0.5407142448583784,0.6868228819171123,0.8493172310334103,1.9839825984820203,54.13068927128657,24.98925861665066,0.03673466075480547,100.0
1.125,0.45,86.45258440566721,0.683464342915471,0.5129477825290962,0.6834645484326017,0.8762242547730921,1.9960237326795158,54.13671788056938,25.05352289676368,0.0,100.0
1.05,0.275,86.4531872441481,0.6828615044345838,0.5708935140380191,0.6828614987968024,0.8039220283768316,1.9704263257531371,54.11993245055254,24.868614224825496,0.12164327767069993,100.0
0.925,0.75,86.45685454686304,0.6791942017196391,0.4133413894271172,0.6791942477993047,0.9968158468555401,2.064707568424413,54.15418248023778,25.2181822082436,0.0,100.0
1.1,0.525,86.45714494038165,0.6789038082010279,0.4845761689471857,0.6789040128601244,0.9022291432937806,2.0103109252973552,54.141857300408304,25.1061643395803,0.0,100.0
0.95,0.725,86.4572905147086,0.6787582338740776,0.420895703308517,0.6787583056848405,0.9858594700971537,2.0579832328698537,54.152964141898956,25.208251187982988,0.0,100.0
1.125,0.35,86.4584513884405,0.6775973601421867,0.53996827420832,0.6775975161844372,0.8298754181794266,1.9799825956067314,54.128588644789616,24.967801269260818,0.0670818888050374,100.0
0.9,0.775,86.45885376773991,0.6771949808427706,0.4034018635694139,0.6771950014035355,1.0052529389937774,2.071437732386179,54.15539315974279,25.228122380065912,0.0,100.0
1.135,0.4,86.45929055415782,0.6767581944248633,0.5226671810185763,0.6767583910331865,0.8490489927775968,1.987264646065012,54.132984581187834,25.015324869026276,0.0054568700891789446,100.0
0.975,0.7,86.46018431239456,0.675864436188121,0.4260687660582221,0.6758645338162864,0.9723635554006478,2.0512754526591404,54.151737978956305,25.198332367443523,0.0,100.0
1.0,0.25,86.46038632151705,0.6756624270656317,0.5733521343690029,0.6756623251573558,0.7848017022862166,1.9667053516611859,54.11625444919925,24.824163884859374,0.13168708499844728,100.0
1.135,0.425,86.46128923176484,0.6747595168178435,0.5125681748783677,0.674759725901842,0.8571124327790045,1.9912374871120264,54.134990012481445,25.036748700337927,0.0,100.0
1.135,0.375,86.46247383185171,0.6735749167309706,0.5277698740400467,0.6735751009135356,0.8357477516039609,1.983271763934714,54.13094691306471,24.99390611424766,0.035804127941733266,100.0
0.875,0.8,86.46330923239336,0.6727395161893241,0.3910766446729923,0.6727395113755307,1.0111707464583475,2.0781978867390287,54.156594012289936,25.238073386994223,0.0,100.0
1.075,0.575,86.46365683619592,0.6723919123867574,0.46234783892124653,0.6723921020586147,0.9163828634603561,2.0207622779914862,54.14496832490647,25.137395421676647,0.0,100.0
1.125,0.475,86.46401369398293,0.6720350545997462,0.49382737174386193,0.6720352733330316,0.8747067107106545,2.0000258950197236,54.138647763711376,25.074929425368655,0.0,100.0
1.0,0.675,86.46551974161348,0.670529006969204,0.4288648819570966,0.6705291305099564,0.9563843484759929,2.044592032877715,54.15049832420183,25.188420695029595,0.0,100.0
1.1,0.3,86.46713812799544,0.6689106205872406,0.5482853633870661,0.6689107117992676,0.8007447749656222,1.9730306578382,54.123572484427896,24.913246937519663,0.10349323626568763,100.0
1.135,0.45,86.46846733573909,0.6675814128435889,0.49750062441302134,0.6675816346071087,0.859919845565642,1.9951872339264547,54.136950564519694,25.058155865975984,0.0,100.0
1.135,0.35,86.47081564015545,0.6652331084272305,0.5278682266631023,0.6652332806328985,0.8172237107936695,1.979315827442774,54.128856843100145,24.972457639444393,0.0661513559919652,100.0
1.075,0.275,86.47278637239616,0.6632623761865233,0.5514334799207319,0.6632624123163993,0.7844544552618515,1.9696479052505034,54.12065629206136,24.88022149269388,0.12081790741494147,100.0
1.125,0.325,86.47286862862589,0.6631801199567917,0.5341990359096087,0.6631802641714983,0.8051414205227445,1.9758905985444066,54.126448244805935,24.946337550424833,0.08616858001759498,100.0
1.025,0.65,86.47328002165894,0.6627687269237441,0.4292829113838934,0.6627688765783745,0.9379717173372768,2.037946992237632,54.14924958311045,25.17852408546848,0.0,100.0
0.85,0.225,86.47421613356488,0.6618326150178007,0.5737785613651027,0.6618322523390219,0.7518589947260352,1.9592627023655993,54.109578231430255,24.734073628238164,0.1336469080704039,100.0
1.025,0.25,86.47424181602887,0.6618069325538158,0.5593180292611919,0.6618068720871662,0.7715380710313156,1.9663666754073164,54.11698520665568,24.835718021616106,0.13370807733710466,100.0
0.875,0.225,86.47524873130187,0.6608000172808062,0.5716447586020479,0.6607996957645526,0.7526011054721664,1.9601671584340914,54.11032239683216,24.745507429207656,0.1356679004090613,100.0
0.9,0.225,86.47804782582719,0.658000922755491,0.5678698827922233,0.6580006424187956,0.7514104977378366,1.9608829751163626,54.11106487974128,24.75695788843023,0.13768890019829927,100.0
1.125,0.5,86.48053099996143,0.65551774862125,0.4698269060736635,0.6555179806987695,0.8679604717854374,2.004033638225301,54.14054213963232,25.09633572319881,0.0,100.0
1.135,0.475,86.4807660453632,0.6552827032194841,0.4775571544261794,0.6552829382871579,0.8574971465101839,1.9991528743930385,54.138873363108566,25.07955979127519,0.0,100.0
1.15,0.4,86.48099474521743,0.655054003365251,0.5015055826866188,0.6550542243111522,0.8267677384598073,1.9860987665245404,54.13335765675257,25.022293004975808,0.004061063418990041,100.0
1.1,0.55,86.48167393553274,0.6543748130499409,0.45287121381940665,0.654375030170641,0.887429867884606,2.0143439297815,54.14367975269197,25.12754302341439,0.0,100.0
0.925,0.225,86.48259801093197,0.653450737650715,0.5625407506524027,0.6534504986170304,0.7482735035245156,1.961401697100277,54.111806656924344,24.76842681592819,0.13970989253695665,100.0
1.15,0.375,86.48285869940598,0.6531900491767004,0.5078614204021932,0.6531902576629705,0.814824621727837,1.9821695142945075,54.131328323231415,25.00087384916299,0.03440832127154436,100.0
1.05,0.625,86.48347962815131,0.652569120431366,0.4272981432454799,0.6525692964956079,0.9170743518721878,2.031378105648586,54.14799480658229,25.168645549750508,0.0,100.0
1.15,0.425,86.48431458626202,0.6517341623206647,0.4901454504260414,0.651734395733962,0.8334537836585554,1.9900058208764366,54.13534788173979,25.043704485082092,0.0,100.0
1.135,0.325,86.48435346690101,0.6516952816816683,0.5229398585428555,0.6516954421430853,0.7934163426737229,1.9752948068891285,54.12672541382764,24.950999862234227,0.08484781559517829,100.0
0.95,0.225,86.48890776856423,0.6471409800184489,0.5556061071173275,0.6471407823520281,0.7431903724556861,1.9617310468463758,54.11254826913182,24.77991513751167,0.14173089232619462,100.0
1.05,0.25,86.48986562398882,0.6461831245938612,0.5436339934197605,0.6461831055635685,0.7563303100777716,1.9658420490615476,54.1177147603502,24.84728950541344,0.13572907712634263,100.0
1.15,0.35,86.48988719657812,0.6461615520045569,0.5092259081589958,0.6461617484423983,0.7976686946024643,1.9782628230842938,54.12925630211909,24.97944275733967,0.0647555493217763,100.0
1.125,0.3,86.49244466263744,0.6436040859452419,0.52340912686644,0.6436042180509844,0.7751050580933594,1.9717558406122742,54.124278831891985,24.92488740353616,0.10019130285790412,100.0
1.15,0.45,86.4928067869313,0.643241961651384,0.47384291172387805,0.6432422078295247,0.8349002796491902,1.9938899701321824,54.13729600368096,25.06510446897561,0.0,100.0
1.1,0.275,86.4941426152101,0.6419061333725864,0.5303254513424633,0.6419062113269917,0.7630712379408067,1.9686975097705102,54.1213771342989,24.891842652872732,0.11751597400715796,100.0
1.075,0.6,86.49612199527103,0.6399267533116557,0.4229961531170261,0.639926956184371,0.8936039484313341,2.024844376981839,54.146736891434095,25.158779450446012,0.0,100.0
0.975,0.225,86.4969876111885,0.6390611373941795,0.5470167329244333,0.6390609810871097,0.7361612194602998,1.9618718220318754,54.113287259684185,24.791418325947667,0.1437518921154326,100.0
1.135,0.5,86.49815113632074,0.6378976122619378,0.452767128705986,0.6378978605938244,0.8498367525576072,2.003102785944414,54.14075815678124,25.100958791208573,0.0,100.0
1.15,0.325,86.50209750815128,0.6339512404314007,0.5055645853785791,0.6339514250560342,0.7752499648330939,1.974339328516739,54.12713761728663,24.957992594877975,0.08286666151097266,100.0
1.125,0.525,86.50214700239103,0.6339017461916541,0.4409936111006374,0.6339019910596448,0.8560048344638886,2.007975069111743,54.14238325591125,25.11770890523154,0.0,100.0
1.135,0.3,86.50305697915704,0.6329917694256437,0.5129976697447205,0.6329919178743808,0.7643080425671513,1.9711979419920218,54.12455999160073,24.929546475809154,0.09887053843548743,100.0
1.15,0.475,86.50640740101774,0.6296413475649416,0.4526794842590789,0.6296416070327041,0.8311103019388639,1.9977874388666894,54.139209411708904,25.086506636973795,0.0,100.0
1.0,0.225,86.50683198435497,0.6292167642277064,0.5367726876699948,0.6292166492971433,0.7271863320317493,1.9618337543744713,54.11402494976664,24.80293875108365,0.14577288445408998,100.0
1.075,0.25,86.50722869139065,0.6288200571920299,0.5263030934555388,0.6288200797892358,0.7391793103431183,1.9651729249677166,54.11844376690035,24.858879573954688,0.1348406451564118,100.0
0.95,0.75,86.50901374617666,0.6270350024060178,0.36284605117216984,0.6270350892333199,0.9440082566857058,2.062504878644373,54.15462178341553,25.22966611944673,0.0,100.0
0.975,0.725,86.50903475121103,0.6270139973716482,0.37083254354860173,0.6270141099472909,0.9333599916912618,2.0557506677878825,54.15340840391161,25.21973824890315,0.0,100.0
1.1,0.575,86.51123650452115,0.6248122440615305,0.41629352908799433,0.624812473960796,0.8675612684055807,2.0183359795269844,54.14546828485723,25.148924893822542,0.0,100.0
0.925,0.775,86.51144312146015,0.6246056271225342,0.3524893194562537,0.6246056884236879,0.9521065776707616,2.069274111741424,54.15582415703577,25.239597750185855,0.0,100.0
1.0,0.7,86.51148764065584,0.6245611079268372,0.3764507600468079,0.6245612465367032,0.9201957683938815,2.0490000322784696,54.15218993461092,25.209826577382366,0.0,100.0
0.9,0.8,86.51631754204375,0.6197312065389298,0.33977002594726,0.6197312425572961,0.9576743882188623,2.076095337903515,54.15701840874335,25.249541428773238,0.0,100.0
1.025,0.675,86.51641001718019,0.6196387314024889,0.37965730651957585,0.6196388959895444,0.9045036005531841,2.0422808845519467,54.15096132246613,25.19992840499551,0.0,100.0
1.125,0.275,86.51723396271707,0.6188147858656095,0.5075736631973058,0.6188149056329024,0.7397589259290527,1.9675908357151466,54.122093267385196,24.90347457940917,0.11421404059937446,100.0
1.175,0.375,86.5182136025388,0.6178351460438876,0.47338224823198516,0.617835395148498,0.7784469337661193,1.9802141589487128,54.13195747321051,25.012490097066514,0.03208197433770266,100.0
1.025,0.225,86.51842609500297,0.6176226535797156,0.5248739663548179,0.6176225800976397,0.7162658794963477,1.9616351492175892,54.114760093486034,24.81447410600387,0.14779387679274736,100.0
1.175,0.4,86.51855205484894,0.6174966937337416,0.46492723003579783,0.6174969552318033,0.7881001008363882,1.9840297666582494,54.13396926839427,25.033903209053676,0.0017347164851483354,100.0
1.15,0.3,86.51949600640279,0.6165527421798913,0.4968868649139324,0.6165529150784466,0.7475329914119584,1.9703088053775228,54.12498044404338,24.93653852097367,0.0968893843512818,100.0
1.135,0.525,86.52062875673951,0.6154199918431686,0.4231055822829859,0.6154202527887491,0.8369812603029629,2.006995947469445,54.142591294574245,25.122327744160966,0.0,100.0
1.175,0.35,86.52305979630059,0.6129889522820946,0.47684313592058913,0.6129891890611674,0.7635470451235591,1.976378609858317,54.129911633290675,24.991080850864453,0.06242920238793459,100.0
1.05,0.65,86.5237665982098,0.6122821503728773,0.38050572318525155,0.6122823410590741,0.8863185736516783,2.035583391314539,54.14971823046324,25.190034899809945,0.0,100.0
1.175,0.425,86.52407271834316,0.6119760302395179,0.4514823169862865,0.6119763042650476,0.7925088550859272,1.9878260803251446,54.13593626249607,25.055297944561442,0.0,100.0
1.15,0.5,86.52508744003856,0.6109613085441197,0.4266965550634154,0.6109615810143509,0.8220786559419224,2.0016493857290536,54.14107670338042,25.10788906123999,0.0,100.0
1.1,0.25,86.5263454581462,0.6097032904364852,0.5073216291045952,0.6097033547434136,0.7200946685086365,1.9643389653350904,54.11916872927078,24.870481645180128,0.1315387117486283,100.0
1.135,0.275,86.5269517710862,0.6090969774964776,0.49801148433611786,0.6090971136782912,0.7298920056623643,1.9670871383497741,54.12237857764939,24.90813068160751,0.11289327617695777,100.0
1.125,0.55,86.52881638808438,0.6072323604983012,0.4072442595397945,0.6072326177457625,0.8389657598722096,2.0118770962732024,54.14418784236665,25.139080607190774,0.0,100.0
1.05,0.225,86.53178780649348,0.6042609420891978,0.5113207853516144,0.6042609100608161,0.7034002679423708,1.961253891178158,54.11549257116859,24.826024144816998,0.14981487658198533,100.0
1.175,0.325,86.53306123991241,0.6029875086702674,0.4752934474547601,0.6029877336444827,0.7434305890785566,1.9725914201145096,54.12781360373204,24.969642324561327,0.07956472810318915,100.0
1.075,0.625,86.53356297648219,0.6024857721004935,0.37895702797735,0.602485989059673,0.8656888970511858,2.0289274803211765,54.14846880343404,25.18015876495422,0.0,100.0
1.175,0.45,86.53475376928311,0.601294979299567,0.43313601326552487,0.6012952662254548,0.7916775305682506,1.9915962453129654,54.13786344317994,25.0766855224618,0.0,100.0
0.875,0.2,86.53822243899533,0.5978263095873473,0.5195520412857633,0.5978259755494463,0.6779308833774706,1.9545553593368274,54.10807785580077,24.724457886681673,0.1497536849635428,100.0
0.9,0.2,86.5387592734939,0.597289475088786,0.5179002508212704,0.5972891822358264,0.6790703923358024,1.955415444947647,54.10882248149736,24.735885147795845,0.15177468475278078,100.0
0.85,0.2,86.53944645116556,0.596602297417121,0.5195479366867914,0.5966019219490789,0.6748603729945017,1.9534989286061202,54.10733114581468,24.713046578449006,0.14773269262488542,100.0
0.925,0.2,86.54106113361796,0.5949876149647224,0.5146141944327951,0.5949873633241509,0.678278804352189,1.9560874910965,54.10956549108929,24.74732922768286,0.15379567709143815,100.0
1.15,0.275,86.54205393245427,0.593994816128415,0.4831738278504787,0.5939949768578316,0.7145114036232485,1.966275610838306,54.122804386595604,24.915116682508085,0.11091212209275214,100.0
0.95,0.2,86.54513210606737,0.5909166425153103,0.5096842667199724,0.5909164320857059,0.6755408109703183,1.9565681655686604,54.11030731474241,24.75879084927692,0.15581667688067613,100.0
1.1,0.6,86.54579587939563,0.5902528691870543,0.37499094284497403,0.5902531127335294,0.8425881391518288,2.0223371817305806,54.14721445194321,25.170293689553844,0.0,100.0
1.075,0.225,86.54691876305225,0.5891299855304339,0.4961138923944617,0.5891299949461001,0.6885902461119144,1.960687352471882,54.11622244440247,24.83758900518013,0.14886338289788215,100.0
1.125,0.25,86.54722000994565,0.5888287386370337,0.48668985661480235,0.5888288447077542,0.6990945487992803,1.9633336381723547,54.1198922338894,24.88210051322166,0.1282367783408448,100.0
1.135,0.55,86.54814270358557,0.5879060449971121,0.38855472088613396,0.5879063183658048,0.8190613743396113,2.0108465762898002,54.14438858405324,25.143696365867616,0.0,100.0
1.175,0.3,86.5482483782965,0.5878003702861747,0.4687194734464555,0.5878005837606196,0.718030856511362,1.9687189757994905,54.125676084936885,24.948197992625122,0.0935874509434983,100.0
1.15,0.525,86.54885362908821,0.5871951194944671,0.3957930089347741,0.5871954044813208,0.8078755019260484,2.005469190883388,54.142899061407746,25.12925383045255,0.0,100.0
1.175,0.475,86.55051248379715,0.5855362647855316,0.40997273517805866,0.5855365649006217,0.7856049457733718,1.9953730063979285,54.13976008225602,25.09808259594058,0.0,100.0
0.975,0.2,86.5509481896184,0.5851005589642853,0.503230897735591,0.5851003899101102,0.6708566865970482,1.9568517463627886,54.11104890637326,24.770271805506713,0.1578376766699141,100.0
1.2,0.375,86.55530205809912,0.580746690483565,0.43727028757395203,0.5807469801875556,0.740160004492509,1.978096856782523,54.13257875188047,25.024111115786546,0.029755612502699758,100.0
1.135,0.25,86.5560577344803,0.5799910141023759,0.47797515363228626,0.5799911369229391,0.6901594167707259,1.9628897074978882,54.12018035099715,24.886751141758833,0.1269160139184281,100.0
1.2,0.4,86.5578395633317,0.5782091852509836,0.42671335916729447,0.5782094873480588,0.7475315851024931,1.9818066372953156,54.13456531672259,25.04550399373382,0.0,100.0
1.2,0.35,86.55794365897736,0.5781050896053159,0.44282039215130453,0.578105366972838,0.7275409274253519,1.9743744233642055,54.130549613530526,25.00270635248555,0.06010284055293169,100.0
1.0,0.2,86.55853275901244,0.5775159895702444,0.49512281368079414,0.5775158618944005,0.6642265900603661,1.9569494517105421,54.11178949135203,24.78177058508354,0.15985866900857149,100.0
1.125,0.575,86.56048638920008,0.5755623593826016,0.36866494401827765,0.5755626298283119,0.8169139079204939,2.015788383815125,54.14595526536082,25.16044951445489,0.0,100.0
1.0,0.725,86.56245907477933,0.5735896738033546,0.31915959236474123,0.5735898271490385,0.8790403925833346,2.053353019644126,54.153847099345626,25.231233827311243,0.0,100.0
0.975,0.75,86.56284272883072,0.5732060197519644,0.3107731147798347,0.5732061475037966,0.8893308188474833,2.0601585428102944,54.155051019861325,25.241150046345705,0.0,100.0
1.1,0.225,86.5637976725877,0.5722510759949841,0.47926154076060357,0.5722511269883768,0.6718368631326115,1.959963848903678,54.11695193176191,24.84917266224629,0.14556144949009864,100.0
1.025,0.7,86.56448550281402,0.5715632457686581,0.3252174546783806,0.5715634251937217,0.8662023783656991,2.0465645906265215,54.152632633559215,25.221322630134036,0.0,100.0
1.2,0.425,86.56556347543254,0.5704852731501404,0.4112030743419126,0.5704855878371774,0.7496606777807386,1.985480821458872,54.136511070825286,25.066885656202665,0.0,100.0
0.95,0.775,86.5656457408191,0.5704030077635878,0.2999965976703294,0.5704031103811247,0.897074940197939,2.0670609984304917,54.15624541015575,25.25107270021421,0.0,100.0
1.2,0.325,86.56576295887916,0.5702857897035187,0.4433811543761408,0.5702860550299362,0.7096864022936273,1.9706548492631126,54.12847782262203,24.981289742572738,0.07626277979424445,100.0
1.025,0.2,86.56788813586462,0.5681606127180601,0.48536003023126284,0.5681605264074647,0.655650859164453,1.9568607079047458,54.11252781455697,24.79328485904333,0.16187966134722886,100.0
1.175,0.275,86.56862651042249,0.5674222381601908,0.4571267710351492,0.5674224397170036,0.6873306528369341,1.964777562133664,54.123509062125606,24.92676630352408,0.10761018868496863,100.0
1.05,0.675,86.56897628628555,0.5670724622971335,0.32887004354482485,0.5670726679083231,0.8508074030557822,2.0397964265874022,54.151411940957885,25.211432295466224,0.0,100.0
1.15,0.25,86.56983846359152,0.5662102849911577,0.46441203363279726,0.566210432973375,0.6761758321376874,1.962176093808678,54.12061200741465,24.893731960866916,0.12493485983422248,100.0
0.925,0.8,86.57085327647187,0.5651954721108154,0.2870338812865185,0.5651955496803026,0.9022970111790727,2.073980510641708,54.157432708337645,25.261005817276153,0.0,100.0
1.175,0.5,86.57134824692486,0.5647005016578248,0.38194568694731856,0.5647008143877855,0.7743203830546719,1.999111461593889,54.141601754644974,25.119443932915672,0.0,100.0
1.075,0.65,86.57591944843891,0.560129300143771,0.33013373602123863,0.5601295318615058,0.832921449378702,2.0330693911188265,54.15017980812044,25.201551623638363,0.0,100.0
1.15,0.55,86.57763488712497,0.5584138614577085,0.3600346471975229,0.5584141591028697,0.7886647145385979,2.009268571438261,54.14468698746194,25.150620709301457,0.0,100.0
1.2,0.45,86.57841975789441,0.5576289906882721,0.3908530245429347,0.5576293184088399,0.7465491744473951,1.9891332079257864,54.13842418904277,25.088273383905143,0.0,100.0
1.2,0.3,86.57874118917316,0.5573075594095229,0.4389161233348773,0.5573078131615773,0.6865997916616635,1.9669447131503723,54.126362315479646,24.959859516564787,0.0902855026345536,100.0
1.05,0.2,86.57898858944655,0.5570601591361282,0.47394255881478387,0.5570601142841838,0.6451292503850254,1.956618208325782,54.113263607082004,24.80481410346055,0.16390066113646684,100.0
1.135,0.575,86.5806466247478,0.555402123834881,0.3492104485929275,0.5554024106252513,0.7961234795747316,2.014725968641938,54.14614611755609,25.165057439657218,0.0,100.0
1.125,0.225,86.58242361809467,0.5536251304880153,0.4607586954920748,0.5536252231917416,0.6531452763678516,1.9590862665827402,54.117679321269684,24.860771977564752,0.14225951608231513,100.0
1.1,0.625,86.58530356040833,0.5507451881743464,0.32901819399529586,0.5507454461065067,0.812519996448529,2.026354760969319,54.14893429513751,25.191673998329122,0.0,100.0
1.135,0.225,86.59036738285009,0.545681365732591,0.45289541623215257,0.5456814751275261,0.6451286441936901,1.9586858780830274,54.11796932475099,24.865415407875226,0.14093875165989844,100.0
1.075,0.2,86.59185681634361,0.5441919322390731,0.4608704588624022,0.5441919288498667,0.6326619890635925,1.9561938620637045,54.113997452654225,24.816359423338053,0.16288611318877189,100.0
1.225,0.375,86.5941150693593,0.5419336792233764,0.39952258947056407,0.5419340095584374,0.6999698254974192,1.9758305829296283,54.133186875331496,25.035727089474367,0.02742927301943865,100.0
1.175,0.25,86.59418910834307,0.5418596402396076,0.4404891717118602,0.5418598297460051,0.6513212667554029,1.9608397641216966,54.121325940369594,24.905372076259805,0.12163292642643897,100.0
1.225,0.35,86.59456093567947,0.5414878129032132,0.4071740503563319,0.5414881309130323,0.6896332689016447,1.9722105962990735,54.131178813091594,25.01433486469379,0.05777650106967058,100.0
1.2,0.475,86.5963229241738,0.5397258244088761,0.365677512485604,0.5397261648869289,0.7381909819119414,1.9927844450848244,54.14029225480384,25.109643736150595,0.0,100.0
1.2,0.275,86.59691645388459,0.5391322946980921,0.4294338978829586,0.5391325370830515,0.6582177170141676,1.9631403049664207,54.12420902404897,24.938426652820247,0.10430824037602393,100.0
1.125,0.6,86.59713507037317,0.5389136782095107,0.3254936947150213,0.5389139626735073,0.7896723623649393,2.0196848279313153,54.14768542250638,25.181814682684376,0.0,100.0
1.175,0.525,86.59724270641995,0.538806042162733,0.3490153276893295,0.538806367374093,0.7578960449308312,2.0028111869382252,54.14340436124089,25.140798434100574,0.0,100.0
1.225,0.4,86.5988627911704,0.5371859574122766,0.3868754775631089,0.5371863001459019,0.7050613413592259,1.9794196014615157,54.13515043703584,25.057103636241912,0.0,100.0
1.225,0.325,86.60018407605115,0.535864672531531,0.40982868752340096,0.535864978346791,0.6740570068378418,1.9685836126713885,54.12913131091134,24.992936632118173,0.07296084638646094,100.0
1.15,0.225,86.60281056756155,0.5332381810211331,0.4406054103848618,0.533238315467807,0.6325310230814978,1.9580337380136876,54.118403971366845,24.872385737171236,0.13895759757569282,100.0
0.9,0.175,86.60475203214435,0.5312967164383338,0.46287142174243456,0.5312964112374345,0.60140255546861,1.949900939157966,54.10657651319134,24.71487423305835,0.16586047675784288,100.0
0.925,0.175,86.60479415387822,0.531254594704464,0.4617017036121922,0.5312543307098878,0.6029383353723716,1.9507157635047818,54.10732183620122,24.726295398404634,0.16788146909650026,100.0
0.875,0.175,86.60647193953432,0.5295768090483648,0.46238503658896946,0.5295764624040402,0.5979328895671898,1.9488898434900384,54.10582976792775,24.703470287388846,0.1638394769686049,100.0
1.1,0.2,86.60649340608592,0.5295553424967636,0.44614414926330426,0.5295553805677258,0.6182499199371421,1.9555863768403583,54.11472869425676,24.82791948014812,0.15958417978098838,100.0
0.95,0.175,86.60659922421385,0.5294495243688289,0.4589045143062691,0.5294493016158099,0.6025457637862814,1.9513429856424267,54.10806470272083,24.73773178665072,0.16990246888573823,100.0
1.225,0.425,86.60877865790924,0.52727009067344,0.36931303944935223,0.5272704461047709,0.7049106959240561,1.9829785216159892,54.137077573460616,25.078477134204984,0.0,100.0
0.85,0.175,86.60995704678822,0.5260917017944564,0.45748367368896936,0.5260913134622257,0.5925157493436757,1.9476791923689005,54.10508253454588,24.692085297674435,0.16181848462994752,100.0
0.975,0.175,86.61017538828688,0.5258733602958046,0.4544556682016889,0.5258731787695468,0.6002067675848792,1.9517801396437573,54.10880696614024,24.749186861644112,0.1719234686749762,100.0
1.225,0.3,86.61097794054344,0.5250708080392457,0.4074751084981898,0.5250711021137846,0.6532426100114748,1.964986484323152,54.12703634034901,24.97151783055965,0.08698356922677009,100.0
1.15,0.575,86.6113975879758,0.5246511606068793,0.3195627889877528,0.5246514719101356,0.7643675690503642,2.0130804533019817,54.1464313075333,25.171972971728955,0.0,100.0
1.0,0.175,86.61551263834735,0.5205361102353265,0.44840235596856814,0.5205359699899106,0.5959216979250783,1.9520249698259693,54.10954886103966,24.76066098260254,0.1739444610136336,100.0
1.025,0.725,86.61745887496447,0.5185898736182111,0.26592352428150434,0.51859006854543,0.822828606869848,2.05092756981316,54.154275392943326,25.24272913936778,0.0,100.0
1.135,0.6,86.61813455210661,0.5179141964760703,0.3052462812742647,0.5179144973180627,0.7680033573886504,2.018590416318761,54.14787153090216,25.18642417367619,0.0,100.0
1.0,0.75,86.61823066667131,0.517818081911372,0.25711125045991423,0.5178182515510287,0.8327644150209039,2.057844955749887,54.155470921673796,25.25263449483654,0.0,100.0
1.05,0.7,86.61912154843004,0.5169272001526366,0.2723823517970061,0.5169274207409729,0.8103521222891885,2.0440331847259774,54.153070833457264,25.23282915144858,0.0,100.0
1.2,0.5,86.61930072778938,0.5167480207933011,0.33557520409210895,0.5167483739247075,0.7246819182392841,1.996416748258986,54.142115332644664,25.13099678254678,0.0,100.0
1.2,0.25,86.62027389812151,0.5157748504611703,0.4149181878914021,0.5157750808493347,0.6245323392002007,1.9593003509050797,54.1220347088151,24.917022127110464,0.11833097811749427,100.0
0.975,0.775,86.62141842308282,0.5146303254998656,0.2460735712047608,0.5146304697674282,0.8401690093475764,2.064770429423543,54.15665872575909,25.26255136702602,0.0,100.0
1.025,0.175,86.62260430539416,0.5134444431885186,0.44077560097363744,0.5134443443240457,0.58969069345153,1.9520762894264878,54.11029006166461,24.772153543279085,0.17596545335229097,100.0
1.125,0.2,86.62288670069076,0.5131620478919245,0.42976794649369765,0.5131621274981256,0.6018951956927054,1.9548113317580165,54.115458975938154,24.839497334549716,0.15628224637320487,100.0
1.075,0.675,86.62319730416324,0.5128514444194394,0.27647055338495363,0.5128516911171204,0.7953132162373464,2.0372041528146623,54.15185257252639,25.2229367379984,0.0,100.0
1.225,0.45,86.62378925639148,0.5122594921912054,0.34698751008374984,0.5122598605663569,0.6995118089078147,1.9865063587796477,54.13897067492887,25.099854086060724,0.0,100.0
1.175,0.225,86.62495313737973,0.511095611202947,0.4188019380001151,0.5110957874610704,0.6099952207143957,1.9568143068275654,54.119126706805545,24.884015439033742,0.1356556641679093,100.0
1.225,0.275,86.62693033202332,0.5091184165593603,0.40009602817445966,0.509118699325262,0.6271755349058026,1.961327429150492,54.124901473869755,24.950092456321322,0.10100630696824042,100.0
0.95,0.8,86.62703802331865,0.5090107252640337,0.23270968047637552,0.5090108441233667,0.8450370846804987,2.0717287555137425,54.15784017641767,25.272473886464773,0.0,100.0
1.175,0.55,86.62812084576534,0.5079279028173431,0.31128290972112893,0.5079282412226093,0.736488852281397,2.0065278152631483,54.145171585958714,25.162153089052403,0.0,100.0
1.1,0.65,86.62972752304209,0.5063212255405887,0.27815369957852454,0.5063214984197458,0.7777108258431014,2.0304122298004437,54.1506293762641,25.213064992151633,0.0,100.0
1.135,0.2,86.62992796900453,0.5061207795781542,0.42275672098872974,0.5061208758736739,0.5948117614025534,1.954465493077142,54.115750610095304,24.84413306676056,0.15496148195078818,100.0
1.05,0.175,86.63146495294713,0.5045837956355541,0.43149429042608745,0.5045837381515355,0.5815140702160164,1.9519442517211392,54.111029312695216,24.783662191386785,0.17798645314152894,100.0
1.25,0.35,86.63290190780553,0.5031468407771484,0.36989271417924385,0.5031471994384361,0.6498229695993984,1.969897768574132,54.131797576685656,25.02596338201765,0.05545015413582888,100.0
1.25,0.375,86.63466621335554,0.5013825352271368,0.36013995210849714,0.5013829061930579,0.6578781926068444,1.9734004811655064,54.133782285191735,25.047338850296132,0.025102926085596944,100.0
1.25,0.325,86.63633134509088,0.4997174034918004,0.37463684928056296,0.4997177499390233,0.6365185952329,1.9663729251203768,54.129768508157504,25.004572812512823,0.06965892787983863,100.0
1.125,0.625,86.63870565828326,0.4973430902994238,0.2774753056589958,0.49734338933560024,0.7576101412576719,2.0236607812465253,54.149393451039984,25.2031964121595,0.0,100.0
1.15,0.2,86.64101929292846,0.49502945565421896,0.4117445074915622,0.49502957698678074,0.583603752680645,1.9538931900372816,54.11618769928545,24.85109185595961,0.15298032786658255,100.0
1.25,0.4,86.64161728667999,0.4944314619026926,0.34542772261407606,0.4944318453253203,0.6606877603837802,1.9768693770627659,54.1357233169232,25.068699901865408,0.0,100.0
1.075,0.175,86.6420777869775,0.4939709616051857,0.4205582252747604,0.493970945561108,0.571391454016748,1.9516498924552546,54.111765797695654,24.795185436669822,0.17690885093024222,100.0
1.225,0.475,86.64382670459469,0.49222204398799363,0.3197578739701754,0.4922224248305696,0.6889159107641802,1.9900485779632464,54.14081489850701,25.12120631483108,0.0,100.0
1.25,0.3,86.64493588060547,0.49111286797720766,0.3743932976213955,0.4911132024316629,0.6179819556142547,1.9628480279005183,54.127697622806345,24.98317197833681,0.08368165072014777,100.0
1.2,0.525,86.64730918263815,0.4887395659445275,0.3006362792357038,0.48873993168811863,0.7060738629580356,2.000019972966306,54.14390296701396,25.15234970075479,0.0,100.0
1.225,0.25,86.64809275712275,0.48795599145992696,0.38770050085902596,0.48795626262318026,0.5958107721071855,1.9576011987064337,54.12273771785232,24.92868089117175,0.11502904470971076,100.0
1.2,0.225,86.64883869968301,0.48721004889966935,0.3953544377797442,0.4872102671209717,0.5855340015802142,1.955443441792718,54.11984452053259,24.895655562443693,0.1323537158589646,100.0
1.15,0.6,86.65012552675682,0.4859232218258569,0.2743928681635879,0.4859235472785457,0.7349964695172986,2.016917883058066,54.14814869018509,25.193340376872435,0.0,100.0
1.25,0.425,86.65370116536646,0.4823475832162245,0.3258916295542633,0.48234797953641645,0.658250628035475,1.9803118587114403,54.13763424911253,25.09006962353419,0.0,100.0
1.1,0.175,86.6544535250138,0.4815952235688741,0.40796755594094236,0.4815952489879976,0.5593229641866344,1.951180547825535,54.11249992181816,24.80672390474221,0.17360691752245871,100.0
1.25,0.275,86.6586919070708,0.4773568415118774,0.3691243513732445,0.47735716456648447,0.5942063267559377,1.9593383500682535,54.125585353596676,24.961761792563586,0.09770438846161811,100.0
1.135,0.625,86.66050818678043,0.4755405618022479,0.25640597918284413,0.4755408774788862,0.7351370945603009,2.0225666687989197,54.149574654728525,25.20780613680878,0.0,100.0
1.175,0.2,86.66091750021837,0.4751312483643062,0.3920701458230553,0.47513141142578946,0.5633721890982315,1.9527952319319437,54.11691369901085,24.862700865652297,0.14967839445879905,100.0
1.175,0.575,86.66399233120843,0.4720564173742474,0.26889762537985007,0.47205676959364096,0.7099219930188099,2.010226821411414,54.146900223391995,25.183502192096825,0.0,100.0
1.125,0.175,86.66859625211912,0.4674524964635651,0.39372248267267196,0.4674525633551724,0.545309137448271,1.9505312436346682,54.11323307158918,24.818280185484173,0.1703049841146752,100.0
1.225,0.5,86.66893971152483,0.46710903705785256,0.2876475962198555,0.46710943063000343,0.6731972444760288,1.993569164199855,54.1426186984666,25.14254978083812,0.0,100.0
1.25,0.45,86.67084555612824,0.46520319245443886,0.3015203691500261,0.4652036011832479,0.6505770406748042,1.9837269123467964,54.139502872734504,25.11142755640709,0.0,100.0
1.275,0.35,86.67297901102893,0.46306973755375225,0.3309776596901912,0.46307013689301757,0.6081088631354135,1.9674254493710606,54.132402339943376,25.03758533901989,0.05233425673058478,100.0
0.95,0.15,86.67335889944437,0.46268984913831446,0.4030522986770819,0.46268961415813126,0.5242066110865409,1.9460594562345293,54.10582059638157,24.716738441301363,0.18398826089080034,100.0
0.925,0.15,86.67381100376895,0.46223774481373425,0.40373683412518346,0.46223746855941383,0.5222729464984894,1.9452880452790435,54.105074645681334,24.705323570779445,0.18196726110156236,100.0
1.05,0.725,86.67407115181055,0.4619775967721296,0.211092934011873,0.46197783371037815,0.764731869419478,2.0484456511864013,54.15469408163773,25.254224701616604,0.0,100.0
1.275,0.325,86.67419961312005,0.4618491354626286,0.33782449950305704,0.4618495226044018,0.5970890828420607,1.964014684288985,54.13039781192514,25.01621367021984,0.06635699447205512,100.0
1.225,0.225,86.67444391439865,0.46160483418402976,0.370260541730687,0.4616050935631705,0.5591376994378976,1.953871946390665,54.12055693380456,24.90730509919534,0.1290517824511811,100.0
0.975,0.15,86.67466800129185,0.461380747290832,0.4007414560879141,0.46138055357602925,0.5242114551071779,1.9466418223337125,54.106563435951834,24.728167382453222,0.1860092606800383,100.0
1.135,0.175,86.67474867741268,0.46130007117000105,0.38756131695998874,0.4613001546482309,0.5391594131964723,1.9502201588331032,54.11352530094633,24.822906278443472,0.16898421969225852,100.0
1.025,0.75,86.67524162520257,0.460807123380107,0.20198241835501562,0.46080733469187296,0.7743193982386458,2.0553807789181957,54.155883000668695,25.264123323317452,0.0,100.0
1.075,0.7,86.67531140379035,0.4607373447923351,0.21796449070417623,0.46073760745199477,0.7526097724411613,2.041508561878186,54.153498248341556,25.2443347512256,0.0,100.0
0.9,0.15,86.67602785102396,0.4600208975587208,0.40211513616799266,0.46002057987172973,0.5184040975197064,1.9443231250088826,54.1043276903456,24.693926659493815,0.17994626876290498,100.0
1.275,0.375,86.67695428692137,0.45909446166130863,0.3191296544644615,0.45909487328585785,0.6138793008906873,1.9708077228346523,54.13436284839765,25.058942472620817,0.02277657915175524,100.0
1.25,0.25,86.67764067590167,0.45840807268101,0.3588373326519587,0.4584083846217396,0.5651575026518998,1.9557555425890252,54.12343501052067,24.94034847650626,0.11172712620308844,100.0
1.0,0.15,86.67774907831743,0.458299670265248,0.39677489238655994,0.45829951779474243,0.5222715061439942,1.947035602291164,54.107306045026945,24.739615666450042,0.1880302530186957,100.0
1.0,0.775,86.67883652611258,0.45721222247010473,0.190583219297082,0.457212408144386,0.781376871413201,2.0623415616372456,54.157064536840714,25.274029611995058,0.0,100.0
1.1,0.675,86.67901209668402,0.4570366518986617,0.2224715476383352,0.4570369403583726,0.7379324245552397,2.0345894311652892,54.15229034464613,25.23445456629989,0.0,100.0
0.875,0.15,86.68000834258885,0.4560404059938321,0.39417969083976345,0.45604004658552244,0.5125877887557238,1.9431574056620502,54.10357998709655,24.682548259512597,0.177925268973667,100.0
1.2,0.55,86.68029099839124,0.45575775019143805,0.2610138299609588,0.4557581294399881,0.6824118455563166,2.003614706555213,54.14564554061959,25.173684880116326,0.0,100.0
1.275,0.3,86.68061037251678,0.4554383760658993,0.3396718629187774,0.4554387511221165,0.5808260838033021,1.9605853471353052,54.12834920986768,24.994827537406955,0.08037971731236426,100.0
1.2,0.2,86.68257370486256,0.45347504372011826,0.3707451711186991,0.45347524856425137,0.5412203652547731,1.9515277870074692,54.11763827172526,24.874326777641333,0.14637644614985434,100.0
1.025,0.15,86.68260123989543,0.4534475086872476,0.3911526147407898,0.45344739744618323,0.5183854739687774,1.947239961585992,54.108048031067185,24.751082562454577,0.19005124535735307,100.0
1.15,0.175,86.68450240328467,0.45154634529801285,0.3778235439688302,0.4515464536919268,0.5293559013043421,1.9497064562256508,54.113963644874964,24.829851289124047,0.1670030656080529,100.0
0.975,0.8,86.68487745538322,0.45117129319946514,0.17681521880973605,0.45117145334753844,0.7859362101863212,2.0693444959862037,54.158242627994056,25.283951424341282,0.0,100.0
1.125,0.65,86.6851490910958,0.450899657486886,0.22459129864991212,0.4508999718784878,0.7206928689915628,2.0276966402375574,54.151070861718026,25.224581881120653,0.0,100.0
0.85,0.15,86.68575397914837,0.4502947694343078,0.38477169857300453,0.45029436831173086,0.508425454432583,1.9418082034806197,54.10283136739598,24.671188059138494,0.17590427663500963,100.0
1.275,0.4,86.68609157336189,0.4499571752207885,0.3023961413353362,0.44995759944501684,0.6144060749977172,1.974159574169991,54.136288067096515,25.080300293371785,0.0,100.0
1.05,0.15,86.68920400820221,0.4468447403804703,0.38397618542182954,0.44684467049521287,0.512553633898662,1.9472500693821857,54.108789546789176,24.76256832653793,0.19207224514659105,100.0
1.275,0.275,86.69219461078792,0.4438541377947587,0.3365136434819078,0.44385450112590946,0.5593258088499056,1.9571761956885017,54.126254363122875,24.97342305972616,0.0944024550538346,100.0
1.25,0.475,86.69303158673735,0.4430171618453329,0.2722367223012583,0.44301758320124807,0.6377738546126608,1.9871564012372727,54.141327398138635,25.132769230592224,0.0,100.0
1.15,0.625,86.69371501836218,0.44233373022049705,0.22432264525718892,0.4423340708436996,0.7008911029226823,2.020883629364334,54.14984266202221,25.214719409917542,0.0,100.0
1.075,0.15,86.69757198431905,0.43847676426362625,0.37517612395447486,0.4384767357603209,0.5047760394929384,1.947072014547766,54.10953008683141,24.77407204581749,0.19093158122113196,100.0
1.225,0.525,86.69903894372385,0.4370098048588318,0.2507892045762503,0.43701021149800284,0.6523543851254061,1.9970698850513444,54.14438494900791,25.16388939138112,0.0,100.0
1.275,0.425,86.70032554445446,0.4357232041282231,0.2808668790432023,0.43572364115455287,0.6096945882133156,1.9774865915923932,54.13817827119887,25.101657917461914,0.0,100.0
1.25,0.225,86.70178239901561,0.4342663495670678,0.343518843424647,0.43426664971336776,0.5308078487238248,1.9521225956714092,54.121262557312455,24.918961515376218,0.12574986394455878,100.0
1.175,0.175,86.70214377358688,0.43390497499579794,0.3602792806711079,0.4339051251144582,0.511462143777166,1.9487447515897398,54.11469355514241,24.841440727167164,0.16370113220026938,100.0
1.175,0.6,86.70472409703878,0.4313246515439033,0.22167937821804173,0.43132501853110056,0.6785842265560689,2.014118560153315,54.14860557702202,25.204872909019347,0.0,100.0
1.225,0.2,86.70598317181508,0.4300655767676034,0.34777040386728686,0.4300658234765223,0.5171493966693248,1.9500941244617858,54.1183595361695,24.885965998706364,0.14307451274207084,100.0
1.1,0.15,86.70769711924596,0.4283516293367171,0.3647213923336068,0.42835164225359107,0.495052474667915,1.9467258789366026,54.11026716245168,24.785588984516856,0.18762964781334845,100.0
1.135,0.65,86.70776562487306,0.42828312370961896,0.2027146657611354,0.4282834548234035,0.6973555607686421,2.0266030651488234,54.15124649443032,25.229191952817178,0.0,100.0
1.275,0.25,86.70891944516256,0.42712930342011646,0.3283291711786802,0.42712965565280003,0.532576629273322,1.9537258670509268,54.12412469414118,24.952021372509485,0.10842519279530494,100.0
1.3,0.325,86.71380365795874,0.4222450906239459,0.2993762766942041,0.4222455184390128,0.5557557057642697,1.9614955125123035,54.13101246949897,25.02784679862846,0.06305506106427161,100.0
1.3,0.35,86.71479566659038,0.4212530819923046,0.2904278636439841,0.4212535220064069,0.5644851686710126,1.9647895698805076,54.132995218934376,25.049204591948463,0.049032323322801274,100.0
1.3,0.3,86.71801035140042,0.4180383971822579,0.30331531554107016,0.4180388129658212,0.5417665878726012,1.9581820447094378,54.12898615701474,25.00647540441466,0.07707778390458075,100.0
1.2,0.575,86.71817245138149,0.4178762972011896,0.21662969963797707,0.4178766908666972,0.6537472330951317,2.0073525043563407,54.14736067986722,25.195034771069242,0.0,100.0
1.125,0.15,86.7195781384203,0.41647061016237785,0.3526119554176006,0.4164706645584431,0.48338295933911013,1.9462145601231082,54.11100170708184,24.79712089205232,0.18432771440556495,100.0
1.275,0.45,86.71959256080552,0.41645618777715754,0.25443328580477953,0.4164566370130899,0.5998147082631107,1.9807952924801357,54.140023673562474,25.122998851129054,0.0,100.0
1.25,0.5,86.72023961476572,0.41580913381696405,0.23816058509822824,0.41580956814759984,0.6198727125805732,1.9905983048031684,54.14311595092979,25.1541104403636,0.0,100.0
1.3,0.375,86.7209644612571,0.415084287325584,0.2765207091697022,0.4150847397191086,0.5679899594887416,1.9680613344781452,54.13493389169377,25.07054768456272,0.020450232217913533,100.0
1.2,0.175,86.72154988481167,0.41449886377101564,0.3410840379334985,0.41449905562663786,0.49162559553572294,1.9476053751172593,54.1154215089994,24.85304613213023,0.16039918389132468,100.0
1.135,0.15,86.72482629857548,0.4112224500072017,0.3473049172757783,0.4112225209910207,0.4781703084723432,1.9459584804378345,54.11129520599633,24.80173856256184,0.18300694998314826,100.0
1.3,0.275,86.72740744518123,0.40864130340145266,0.3022644610487504,0.40864170721481796,0.5225444956636522,1.95484402666895,54.12691625980473,24.98509048878742,0.09110052164605109,100.0
1.275,0.225,86.73085561633579,0.40519313224689313,0.31513073025308813,0.4051934732688551,0.5005456450765138,1.950230462339713,54.121963642653334,24.930628929958036,0.12244793053677527,100.0
1.25,0.2,86.73113072924468,0.4049180193379982,0.32315378178320486,0.4049183078543507,0.49114632895364707,1.9484976852357028,54.11907537825199,24.89761465630565,0.13977259423544852,100.0
1.3,0.4,86.73226468031719,0.4037840682654945,0.2578124802690809,0.40378453346203,0.5662484746136869,1.9713033047671267,54.13684062235472,25.091897342911455,0.0,100.0
1.075,0.725,86.73234319094793,0.40370555763475124,0.1547600391131141,0.4037058361650878,0.7047563026107895,2.0457788090868965,54.155104554358175,25.265722706328464,0.0,100.0
1.1,0.7,86.7331820562425,0.4028666923401829,0.1619520526803342,0.40286699679635946,0.6929830499532983,2.0388211695297698,54.153915981553546,25.255841302228287,0.0,100.0
1.15,0.15,86.73322842323323,0.40282032534945245,0.3388480495694779,0.4028204212194197,0.46976865075218655,1.9455209251836076,54.11173542344607,24.808670895431955,0.18102579589894263,100.0
1.05,0.75,86.73391780080635,0.4021309477763282,0.14532357994350775,0.40213120043376877,0.7139915030230384,2.052741242046544,54.156286904068835,25.2756148379414,0.0,100.0
1.225,0.55,86.73408346703967,0.4019652815430135,0.20916762602342942,0.4019657020814094,0.6264576228872158,2.0006464888281688,54.146111525102235,25.18522082863558,0.0,100.0
1.125,0.675,86.73644717479566,0.39960157378702377,0.16688538661335883,0.39960190428390374,0.6786609187628585,2.0318708345739727,54.15271721693871,25.24597084537547,0.0,100.0
1.025,0.775,86.73792953055555,0.39811921802713357,0.13351229129317232,0.3981194449866138,0.7207404469976098,2.0597544489608004,54.157467467494364,25.285518878891104,0.0,100.0
1.3,0.25,86.74194699396423,0.3941017546184469,0.2961908819684851,0.39410214716491226,0.49807757513532636,1.9515266933480635,54.12480503400658,24.963696365605095,0.10512325938752143,100.0
1.15,0.65,86.74217421490971,0.393874533672971,0.1694255480525726,0.39387489000176573,0.6617819275038528,2.024941692146444,54.151508206465465,25.236108892132933,0.0,100.0
1.225,0.175,86.74271875545821,0.3933299931244676,0.3202380858425471,0.39333022673782236,0.4698579084476364,1.946290771270207,54.11614711037108,24.864666645514227,0.15709725048354117,100.0
1.275,0.475,86.74390764896242,0.392141099620261,0.22314289965453327,0.3921415618512384,0.5848152562770537,1.984150713457304,54.141830697887166,25.144334180841796,0.0,100.0
1.0,0.8,86.74438392857529,0.3916648200073922,0.11941410317909629,0.39166502138645,0.7249476833663238,2.066783161701947,54.15864128077518,25.29544056541174,0.0,100.0
0.975,0.125,86.74445212385925,0.3915966247234337,0.34195348128787373,0.3915964188770914,0.4428741760849846,1.941445506095444,54.10431837927666,24.707213634249648,0.20009505268510042,100.0
1.0,0.125,86.74526756478421,0.3907811837984667,0.34012488956649634,0.39078101927224507,0.4432757958989555,1.9419847000233774,54.10506193438535,24.718636436616546,0.2021160450237578,100.0
0.95,0.125,86.74540066266614,0.39064808591653843,0.34214882950166725,0.3906478387539153,0.44054191299728984,1.9407186197963164,54.10357211865281,24.695805618909727,0.19807405289586244,100.0
1.025,0.125,86.74785323850764,0.38819551007503605,0.33664042928215565,0.38819538681287896,0.4417349062641165,1.9423348892704373,54.10580454345036,24.730077291482203,0.20413703736241517,100.0
0.925,0.125,86.74811423313136,0.3879345154513203,0.3368325178371805,0.3879342268613783,0.43627389762475843,1.9397995364136769,54.10282464595139,24.68441524068545,0.19605305310662446,100.0
1.3,0.425,86.74862987628417,0.387418872298511,0.2342279420920761,0.3874193497213838,0.5592977540327411,1.974502314290131,54.13870813796798,25.113239246763197,0.0,100.0
1.175,0.15,86.7486449216839,0.38740382689877606,0.3234299243902541,0.3874039642550969,0.45421624715970665,1.9446487677986672,54.11246770266302,24.820237843437337,0.17772386249115912,100.0
1.175,0.625,86.75035552296575,0.385693225616933,0.1695758160040839,0.3856936079425708,0.6423402896137986,2.0180212996277196,54.15028481393633,25.226248207793347,0.0,100.0
1.05,0.125,86.75221032652207,0.3838384220606059,0.331500245723916,0.3838383400453068,0.43824789973896827,1.942496375452743,54.10654686237266,24.74153738950536,0.20615803715165315,100.0
1.25,0.525,86.75240733527609,0.3836414133065915,0.19935987888935358,0.3836418611879225,0.5967797489217048,1.9940361658080608,54.144856199619916,25.17542826958043,0.0,100.0
0.9,0.125,86.75258970664242,0.38345904194025593,0.3282883191382382,0.38345871161198203,0.431330214286902,1.9386799695135915,54.10207660677299,24.6730436756521,0.19403206076796709,100.0
1.275,0.2,86.75798719178235,0.3780615568003327,0.2968891164141212,0.3780618861398722,0.4632086954761121,1.9467039333668188,54.1197851109883,24.90927145685296,0.136470660827665,100.0
1.075,0.125,86.75833429981925,0.3777144487634274,0.3247231717957675,0.3777144080095212,0.4328152469990272,1.9424682788288172,54.10728836967444,24.753015786415013,0.2049543189626023,100.0
0.875,0.125,86.75883082873384,0.3772179198488459,0.31827158620322393,0.3772175477846105,0.43113747024396787,1.9373765835986931,54.10132814635239,24.66169126952871,0.1920110609787291,100.0
1.135,0.675,86.75989551236276,0.3761532362199205,0.14420408841303356,0.3761535835330136,0.6544256614347574,2.0307398841831765,54.15288475365747,25.250576642167687,0.0,100.0
1.2,0.6,86.76097489689184,0.37507385169084273,0.1673644444151563,0.37507426023002777,0.6203635280332236,2.0111584648014755,54.14905448138085,25.216407461868453,0.0,100.0
1.3,0.225,86.76166275797576,0.3743859906069247,0.2850983858513416,0.3743863722150621,0.46835314365864633,1.9481664345328042,54.12265879502913,24.94230475295938,0.11914599712899177,100.0
1.25,0.175,86.76563981528939,0.37040893329329094,0.2977416975477212,0.37040920875616906,0.4461671637759821,1.9448107996580972,54.1168708996294,24.87630328942117,0.15379533197691886,100.0
1.2,0.15,86.76579731775112,0.37025143083155854,0.30636179035752775,0.37025160989353767,0.436720188823017,1.943641353601104,54.11319775622525,24.831820298612072,0.17442191418221442,100.0
1.1,0.125,86.76620709422616,0.36984165435652017,0.31640466492650887,0.36984165500242056,0.42543670313806103,1.942247688332734,54.10802906123308,24.76451235043966,0.2016523855548188,100.0
0.85,0.125,86.76684620231683,0.36920254626585347,0.30678230275286467,0.3692021324368852,0.4291746413797597,1.935881123710214,54.1005794971502,24.650358457473157,0.18999006864007173,100.0
1.3,0.45,86.77003419632497,0.3660145522577096,0.20576143476432662,0.3660150422127629,0.5472113516029822,1.9777251145934867,54.14053515868954,25.134571981395123,0.0,100.0
1.275,0.5,86.77317032008504,0.36287842849763763,0.18716130664712693,0.362878904111696,0.5646689643098313,1.987518639653529,54.14359541142537,25.165657430331738,0.0,100.0
1.225,0.575,86.77400713202701,0.3620416165556719,0.1627552804114316,0.3620420517420115,0.5958818507908319,2.0043664917271933,54.14781691479817,25.20657829639679,0.0,100.0
1.125,0.125,86.775846646625,0.36020210195768243,0.30643123013837226,0.36020214398957934,0.4161121935993748,1.9418465631612538,54.10876764551917,24.776024710332837,0.19835045214703528,100.0
1.135,0.125,86.78018867678819,0.3558600717944955,0.3019785448889394,0.3558601304262112,0.41183751536182456,1.9416474261192311,54.10906178210498,24.780632761161865,0.1970296877246186,100.0
1.225,0.15,86.78471055047324,0.35133819810944544,0.2876460027148511,0.3513384189192294,0.4172812374113448,1.942461619664167,54.1139268102836,24.843420404114063,0.1711199807744309,100.0
1.3,0.2,86.78657748477367,0.34947126380900784,0.26897731506321065,0.3494716340168509,0.43333796445051576,1.9447646576812552,54.12048874492558,24.9209363948763,0.1331687274198815,100.0
1.15,0.125,86.78723293628906,0.3488158122936227,0.2948031034373315,0.3488158958205929,0.40484170208030434,1.9412935911849503,54.109502524771294,24.78754987803461,0.19504853364041297,100.0
1.25,0.55,86.78949622190476,0.34655252667792524,0.15573108072725006,0.3465529887537514,0.5688338903278805,1.9975990906943706,54.146571204335196,25.196763991976177,0.0,100.0
1.275,0.175,86.79031604110834,0.3457327074743404,0.2735972138680296,0.34573302485454177,0.4205576000096869,1.9431651567418229,54.11759062647998,24.887951887708162,0.15049339856913535,100.0
1.1,0.725,86.79227394297395,0.3437748056087315,0.09693091467276815,0.343775125414507,0.6428931979559849,2.0429294085787175,54.15550872916699,25.27722776313369,0.0,100.0
1.125,0.7,86.79271342152886,0.34333532705382197,0.1044313700791406,0.34333567306063345,0.6314738541571074,2.035962582444622,54.154324698301494,25.267350039432557,0.0,100.0
1.075,0.75,86.79426033187805,0.341788416704631,0.08707587369107728,0.3417887104411875,0.6518217866378393,2.049940088024671,54.15668930269757,25.287114988066833,0.0,100.0
1.15,0.675,86.79556668556117,0.3404820630215113,0.1097062251852492,0.3404824352953881,0.6175056814823279,2.028987315961601,54.15313480090537,25.25748859451444,0.0,100.0
1.3,0.475,86.79641727613816,0.3396314724445233,0.17256030006267054,0.3396319759178624,0.5299825578601656,1.9810404103932246,54.14232504559634,25.15590160170556,0.0,100.0
1.05,0.775,86.79867929513875,0.33736945344392666,0.07495176538635917,0.33736972143833555,0.6582209927587002,2.056978814558677,54.15786526268121,25.297017063302686,0.0,100.0
1.175,0.125,86.80038889322992,0.335659855352759,0.2815203613420323,0.33565998036691835,0.39162990356489047,1.9405581843406319,54.11023657033648,24.7990931454962,0.19174660023262946,100.0
1.175,0.65,86.80086168177877,0.3351870668039112,0.11267151379877305,0.33518746524632376,0.6009934756138477,2.0220311738885073,54.151933665286926,25.247632510119224,0.0,100.0
1.25,0.15,86.80538967082565,0.3306590777570335,0.2672792185907724,0.3306593403152135,0.39589999913093266,1.9411021954244196,54.11465418850761,24.85503693110694,0.1678180622678086,100.0
1.025,0.8,86.8055475267262,0.3305012218564798,0.06047195255237625,0.33050146422614546,0.6620724973416117,2.064053784688923,54.15902985203597,25.306929923035618,0.0,100.0
1.275,0.525,86.80743462342774,0.32861412515494237,0.14633891224160323,0.3286146143821725,0.5393325473078932,1.9908952211189788,54.14532061442767,25.186973405782588,0.0,100.0
1.2,0.625,86.80861692423436,0.32743182434832363,0.11324553674617732,0.32743224880548494,0.5819352716080886,2.015103186121606,54.15072052395957,25.237783958322744,0.0,100.0
1.2,0.125,86.81531242652228,0.32073632206039804,0.26658320441025296,0.32073648856776626,0.3764759002870619,1.9396437018783568,54.110970137002816,24.81065519158534,0.18844465192368476,100.0
1.3,0.175,86.81671429163583,0.3193344569468479,0.24780974293565805,0.3193348156605055,0.393012861181802,1.9413380072034068,54.11830398477386,24.899608164854342,0.14719146516135184,100.0
1.135,0.7,86.81699330203217,0.3190554465505073,0.08099543293610623,0.3190558090578207,0.6063415675877337,2.0347657709715614,54.154486709246505,25.271956043138093,0.0,100.0
1.0,0.1,86.81807595020065,0.31797279838202996,0.2784003942196449,0.31797262181194413,0.35894040695720264,1.9368757840225068,54.10281551148889,24.697721587376105,0.20136931721246243,100.0
1.025,0.1,86.81839651665214,0.3176522319305377,0.27705419359695327,0.31765209672080064,0.3597409103847724,1.9373716790990918,54.103559799564145,24.709138287090436,0.20324782464778424,100.0
1.225,0.6,86.8188230438293,0.3172257047533833,0.11143624163690902,0.3172261554260302,0.5603165746349958,2.008177243045375,54.1494957351077,25.227946675446073,0.0,100.0
0.975,0.1,86.81952057065526,0.3165281779274238,0.2766429824655745,0.3165279599842165,0.35620950706011456,1.9361928311754564,54.10206903467363,24.686320671202573,0.19949080977714062,100.0
1.05,0.1,86.82048797604247,0.3155607725402092,0.2740519495055054,0.31556067863791953,0.3585969881772826,1.9376788053291598,54.10430275560465,24.72057233548621,0.20512633208310604,100.0
0.95,0.1,86.82273167685365,0.3133170717290312,0.2689625607835353,0.31331681238484066,0.35154230845529355,1.9353202160055856,54.10132104128358,24.674936790413263,0.19761229489123822,100.0
1.075,0.1,86.82435000345497,0.311698745127714,0.26939386128647413,0.3116986924899976,0.3555091026845787,1.9377977220487055,54.10504517710248,24.73202523714569,0.20700485441958905,100.0
0.925,0.1,86.82770173125839,0.30834701732429437,0.259809639083727,0.3083467162276321,0.3519819487987519,1.9342470315679396,54.100572908230404,24.66357258037916,0.1957337874559164,100.0
1.3,0.5,86.82777277991944,0.3082759686632386,0.13456713899829253,0.3082764856497818,0.5075652114844189,1.9843166425123624,54.14406488506148,25.177204947286555,0.0,100.0
1.275,0.15,86.82782151848642,0.3082272300962643,0.2452617693228376,0.3082275344932356,0.372596922188805,1.9395781962908847,54.11537912004656,24.866668428387392,0.1645161288600251,100.0
1.1,0.1,86.82998238298163,0.3060663656010547,0.26308006644971726,0.3060663542178418,0.3504755835986231,1.9377280224301523,54.105786770078296,24.743496322252465,0.20888336185491085,100.0
1.25,0.575,86.83147852740183,0.3045702211808532,0.10727146086028938,0.3045706981426292,0.5361595064303799,2.001270205080895,54.14826475651124,25.218125204633896,0.0,100.0
1.225,0.125,86.83198019668447,0.3040685518982116,0.2499921761932029,0.3040687600600279,0.35937790877321163,1.9385839981410422,54.11170118254113,24.822232114409342,0.18514271851590125,100.0
0.9,0.1,86.83443871126292,0.30161003731976166,0.24918414303462555,0.3016096944630789,0.35129682783406224,1.932988870163502,54.09982429865704,24.652227391491454,0.193855272570014,100.0
1.125,0.1,86.83737273096192,0.2986760176207639,0.255179699360383,0.29867604756759364,0.343496095657585,1.9374687799579333,54.10652731345027,24.754985203239286,0.21076186929023266,100.0
1.135,0.1,86.84081981202498,0.2952289365577059,0.25158154119398546,0.2952289830667098,0.34015942579856073,1.9373118523215807,54.10682310333442,24.759585484966554,0.21105242174079863,100.0
0.875,0.1,86.84295000168508,0.2930987468975985,0.2370861156107935,0.29309836225411345,0.3488412806942449,1.9315391100113533,54.0990756464809,24.640902107356727,0.1919767651346922,100.0
1.15,0.1,86.84652145420654,0.28952729437614266,0.24568775971911805,0.2895273657111403,0.3345706229441703,1.937020653904756,54.107266431219884,24.766491156185115,0.209071267656593,100.0
1.275,0.55,86.84657001223434,0.2894787363483431,0.1006943292189959,0.28947923996313135,0.5094766946318714,1.9944296333479234,54.14702646150605,25.208317774828995,0.0,100.0
1.25,0.125,86.85040037121202,0.28564837737066284,0.23175582591572663,0.28564862729054424,0.34033664369820826,1.9373643399228873,54.112431270707546,24.83382682806352,0.18184080000927894,100.0
1.3,0.15,86.85201315050533,0.28403559807735235,0.22159416769711981,0.2840359443510181,0.3473712325763785,1.9378841039905614,54.1161017643809,24.87831516697146,0.16121419545224158,100.0
0.85,0.1,86.85323577209927,0.2828129764834131,0.2235155369327657,0.2828125500263951,0.3446151261653938,1.9298972119943574,54.0983267932508,24.629596435924412,0.1900982502487898,100.0
1.125,0.725,86.85387210765973,0.28217664092295536,0.037506885500533826,0.28217700166712234,0.5791823980487578,2.0399134909391887,54.155907663914434,25.28873994004386,0.0,100.0
1.15,0.7,86.85390124174937,0.28214750683331147,0.04540509138041671,0.28214789390252976,0.5680827197052878,2.0329048337596256,54.15472805220257,25.27886756394954,0.0,100.0
1.1,0.75,86.85625504696502,0.27979370161766326,0.027355979900036687,0.2797940364652135,0.5877679831153131,2.0469726954733236,54.157086236175054,25.298623666344152,0.0,100.0
1.175,0.675,86.85634359847559,0.27970515010709107,0.0510086243335337,0.27970556379456185,0.5544979565670474,2.0259266985641604,54.15354340730936,25.269008043250082,0.0,100.0
1.175,0.1,86.85741793341244,0.2786308151702457,0.2345409458043548,0.2786309279819221,0.3237001097102308,1.9364187732492082,54.10800269083483,24.77801150091597,0.2057693342488095,100.0
1.075,0.775,86.86109034165295,0.27495840692972706,0.014839924174182784,0.27495871595949095,0.5938146017467432,2.054058151219278,54.158253876428375,25.308517133604656,0.0,100.0
1.2,0.65,86.8612191707599,0.2748295778227856,0.054329164083554815,0.27483001787381056,0.5383539740177952,2.0189497639371523,54.15235236175041,25.259162458889925,0.0,100.0
1.3,0.525,86.86409443806438,0.27195431051829644,0.09173220112252523,0.2719548412366521,0.4802240061215315,1.9876556476690883,54.14577951864962,25.198527108517283,0.0,100.0
1.05,0.8,86.86838625049413,0.2676624980885549,-6.752600950221677e-05,0.2676627813900467,0.5973254156012189,2.0611764264905834,54.15941272257249,25.318426845289753,0.0,100.0
1.225,0.625,86.86854696564309,0.2675017829395898,0.055325010490477666,0.2675022494816119,0.5196545848193495,2.012003440274145,54.151145937333574,25.249319532543183,0.0,100.0
1.2,0.1,86.8700787185226,0.2659700300600747,0.2217393747492764,0.26597018437829834,0.31088998526114153,1.9356430680762398,54.10873682905966,24.78954762221109,0.2024673859398648,100.0
1.275,0.125,86.8705861586596,0.26546258992307514,0.21186830403193824,0.2654628816059784,0.3193527315590359,1.9359641318124645,54.11315913975434,24.845436972962013,0.17853886660149543,100.0
1.25,0.6,86.87833399373739,0.2577147548452956,0.05393083964958123,0.25771524762989484,0.49839256811738153,2.0050690713350945,54.14992898204278,25.239489933776333,0.0,100.0
1.135,0.725,86.87896843633249,0.2570803122501957,0.013332876199726229,0.25708068948655693,0.5531704803945274,2.0386721309236155,54.1560666009276,25.29334692951368,0.0,100.0
1.225,0.1,86.88450980351591,0.25153894506676977,0.20728342394451715,0.2515391408788304,0.2961347400329828,1.934685147618042,54.10947075781118,24.801102936788574,0.1991654525320813,100.0
1.275,0.575,86.8905634160124,0.24548533257028282,0.05017435401545356,0.2454858518714758,0.47457084765217417,1.9981303687871708,54.148703067565364,25.229673394502903,0.0,100.0
1.3,0.125,86.89253088848965,0.24351786009303567,0.19033001970888108,0.24351819358722934,0.29643212194547175,1.9343939841931097,54.11388554490641,24.857063917526386,0.17523693319371192,100.0
1.05,0.075,86.89405559238325,0.24199315619942752,0.21152921830008609,0.2419930504368523,0.2736046985684766,1.932803253167592,54.10205674755501,24.699672438388735,0.19940811205780506,100.0
1.025,0.075,86.89422987935835,0.24181886922433193,0.21239300128208072,0.24181872205952573,0.2724051466745152,1.9323503670342599,54.10131194216477,24.688262262636403,0.19752960462248326,100.0
1.075,0.075,86.89565305763743,0.24039569094524893,0.20900932020191476,0.24039562653980512,0.27285794841394306,1.9330679065619272,54.10280043581386,24.7111004248576,0.20128663439428807,100.0
1.0,0.075,86.89617132208063,0.2398774265020478,0.2067957134368612,0.23987723792862709,0.26927559494387765,1.931711816177213,54.10056497709076,24.676867936554626,0.19565109718716145,100.0
1.1,0.075,86.89902043088394,0.23702831769874422,0.20483345132011266,0.23702829458894997,0.2701689394679221,1.9331447923706873,54.1035429701201,24.722546030434813,0.20316514182960987,100.0
0.975,0.075,86.89987941136148,0.23616933722119882,0.19850623135076262,0.23616910725563117,0.26949594930083265,1.9308849449848733,54.099816932133,24.665491495045973,0.19377258975183964,100.0
1.25,0.1,86.9006902618604,0.23535848672227644,0.19117333082503762,0.2353587241564128,0.2794350958126728,1.9335757109877365,54.11020335552303,24.812675392769563,0.19586353402545897,100.0
1.125,0.075,86.90415748877523,0.23189125980745473,0.19900178328869345,0.23189127797122638,0.2655344718876762,1.9330328287536729,54.10428478273616,24.734010079903637,0.20504364926493168,100.0
1.3,0.55,86.90524976233017,0.23079898625250905,0.04404111370078567,0.23079953202679918,0.4482256763765946,1.991222309844251,54.147473032486275,25.219874395517724,0.0,100.0
0.95,0.075,86.90534476307862,0.23070398550406424,0.1887441617029424,0.2307037137870509,0.2700812156331267,1.9298586428360107,54.09906867242328,24.654134550041405,0.19189407486593724,100.0
1.135,0.075,86.90670844032425,0.2293403082584291,0.19620551561351363,0.22934034292598823,0.2631358076209551,1.932936003568368,54.104581310323724,24.738600866923743,0.20579505521929264,100.0
1.15,0.075,86.91106640390849,0.22498234467418854,0.1915144046628825,0.2249824040915172,0.25895401305584187,1.9327353102535618,54.10502508579042,24.745491085444506,0.2069221641508341,100.0
0.925,0.075,86.91257770747117,0.22347104111150884,0.17750957749760232,0.22347072761175468,0.26890342642974474,1.9286457119679359,54.09832007325689,24.642796945309872,0.19001556743061543,100.0
1.175,0.7,86.91674237489246,0.2193063736902161,-0.015187897455874122,0.21930680185695053,0.5028824025543344,2.0297106084440344,54.15512577079671,25.290392000130893,0.0,100.0
1.15,0.725,86.91710623481251,0.21894251377017326,-0.023372140846291245,0.2189429157193473,0.5136169364916299,2.036762456754107,54.156302921697794,25.300259059305723,0.0,100.0
1.275,0.1,86.91861946255003,0.21742928603265455,0.17341346163217963,0.21742956521824794,0.26079169010468206,1.9323141496747922,54.11093373942434,24.824263329274316,0.19256160061767547,100.0
1.2,0.675,86.91878485292281,0.21726389565986892,-0.009226033621473562,0.2172643503562682,0.48961620567149566,2.0226837960008655,54.15394498090049,25.280533287929632,0.0,100.0
1.175,0.075,86.91972306397199,0.21632568461069468,0.18249078085918313,0.21632578542648276,0.25042756180037884,1.932246800767697,54.10576449144892,24.756990156429808,0.2088006715861559,100.0
1.125,0.75,86.9199148444092,0.2161339041734749,-0.033922035481623425,0.21613428009621885,0.5218326604761927,2.0438458913665922,54.15747397180488,25.310134134872758,0.0,100.0
0.9,0.075,86.92158500135936,0.21446374722331996,0.16480257143621202,0.2144633919140489,0.26595516518722206,1.9272415331242463,54.09757145070592,24.63147924686509,0.18813705254471302,100.0
1.225,0.65,86.92324887807625,0.21279987050643,-0.005546464347688129,0.21280035192856986,0.47383119709860466,2.015688990179199,54.152760654356015,25.270691998828358,0.0,100.0
1.1,0.775,86.92516771530111,0.2108810332815665,-0.04686467125978311,0.21088138339937643,0.5275518217070356,2.050968612832452,54.15863618547288,25.320024171058893,0.0,100.0
1.2,0.075,86.93013081048257,0.20591793810011438,0.1718253584982392,0.20591808036734563,0.2399597123710464,1.931594473804827,54.10650163146833,24.768504777881308,0.2106791864720583,100.0
1.25,0.625,86.93015412779995,0.20589462078272902,-0.004181532248111353,0.2058951288299852,0.4554865618439834,2.00871628711318,54.15156515746032,25.26086240865535,0.0,100.0
0.875,0.075,86.93236659379464,0.20368215478804075,0.15062324528670956,0.20368175764400007,0.2612362715490235,1.9256455305521514,54.09682247108517,24.620180908880663,0.18625854510939122,100.0
1.075,0.8,86.93286310440958,0.2031856441731037,-0.06219984452394556,0.20318596873915454,0.5307559460343612,2.0581250175249797,54.15979217439981,25.32993514033561,0.0,100.0
1.3,0.1,86.93831169214555,0.19773705643713413,0.1512229270129808,0.19773737740133016,0.24266427384499423,1.9308736634964707,54.111662832837,24.835868428429542,0.18925966720989196,100.0
1.275,0.6,86.93952029250345,0.19652845607923553,-0.005154739389979568,0.19652899087338654,0.43458526266802266,2.0017724266877686,54.15035411974434,25.251036982739087,0.0,100.0
1.225,0.075,86.94229894365291,0.1937498049297659,0.15950515816361133,0.19374998870438276,0.22754866302400956,1.9307748528396866,54.10723652175035,24.780034855973433,0.2125577013579607,100.0
0.85,0.075,86.94492263111393,0.1911261174687553,0.13497132498569897,0.19112567845977252,0.25474730118601485,1.9238572091526631,54.096072858994226,24.608901420879768,0.1843800302234888,100.0
1.135,0.75,86.94582163210751,0.190227116475171,-0.05887929931908786,0.1902275087746034,0.49494816219207394,2.042553365076548,54.15762729629277,25.314740278271533,0.0,100.0
1.3,0.575,86.95133130085915,0.1847174477235285,-0.008515956366252908,0.18471800898044818,0.4111203151488496,1.9948253218260839,54.14913575196634,25.241228610606928,0.0,100.0
1.25,0.075,86.95623539868282,0.17981334989985953,0.14553042083392143,0.17981357518326319,0.21319230522055932,1.9297767913877215,54.1079706089632,24.791583091579387,0.209886268041639,100.0
1.275,0.075,86.97193017058677,0.16411857799590734,0.12544503327013956,0.16411884485725067,0.2008961534537832,1.9286150468764056,54.10870358856287,24.80314889425922,0.2065843346338555,100.0
1.075,0.05,86.97224534776495,0.16380340081772715,0.14354990871906637,0.16380332464095487,0.18486687427731852,1.928280634523664,54.100553062312976,24.690239503234103,0.19556841530030966,100.0
1.05,0.05,86.97291475169436,0.16313399688831964,0.1417868128104942,0.16313387927258702,0.18326818274618972,1.927870758266793,54.09980732639223,24.67883505401272,0.19368989296382666,100.0
1.1,0.05,86.97334762144277,0.16270112713991125,0.14151243568197458,0.16270109235165647,0.18451919572562758,1.9285025721496905,54.10129708807734,24.701660576712253,0.19744692273563147,100.0
1.025,0.05,86.97535325086582,0.16069549771685843,0.13436109360408466,0.16069533866205177,0.18374572026735336,1.927276576636959,54.09906034675813,24.667448220090925,0.19181138552850485,100.0
1.125,0.05,86.97622150134501,0.15982724723767205,0.13781886633698548,0.15982725380616786,0.182227163959098,1.9285380390441766,54.10204039177773,24.713100133224113,0.19932543017095328,100.0
1.135,0.05,86.97786587783676,0.15818287074591808,0.13587778695280406,0.15818289383346668,0.18076651807648147,1.928499097368483,54.1023371673307,24.71768048699438,0.20007683612531424,100.0
1.0,0.05,86.97955716232434,0.15649158625834048,0.12546286168138465,0.15649138578951352,0.1855435284077913,1.9264940153356056,54.09831231072825,24.65607932746283,0.18993287809318304,100.0
1.15,0.05,86.9808635381402,0.15518521044248246,0.13246942609730183,0.15518525830343322,0.1779917421836359,1.9283844092743898,54.102782232556244,24.72455677062754,0.20120394505685568,100.0
1.2,0.7,86.98117052434122,0.15487822424145747,-0.07722816799960697,0.15487869335271967,0.43580017328879705,2.026362025330922,54.1555193451189,25.30192380276311,0.0,100.0
1.175,0.725,86.98194508526016,0.15410366332251613,-0.08581361006847033,0.15410410626065527,0.44619313540515293,2.0334498410880455,54.15669155903628,25.3117829308899,0.0,100.0
1.225,0.675,86.98283417439703,0.15321457418565387,-0.071001286351148,0.1532150696171243,0.4228851340054831,2.0193045673476826,54.15434198263763,25.292067746542553,0.0,100.0
1.15,0.75,86.98516448820997,0.15088426037270608,-0.09679324176305215,0.1508846773653687,0.45410041691147285,2.040580326048214,54.157855516644936,25.32165181853306,0.0,100.0
0.975,0.05,86.98551873078266,0.15053001780002262,0.11509207901148955,0.15052977561360592,0.18562767284603865,1.925515434765291,54.09756399784243,24.644729853986302,0.18805437065786124,100.0
1.25,0.65,86.98690376935471,0.14914497922796954,-0.06696213904993442,0.14914550134047602,0.40742012320387744,2.0122613411297645,54.15316185917482,25.282227168892184,0.0,100.0
1.175,0.05,86.98727709705547,0.1487716515272126,0.1254641888018,0.14877174066103294,0.17181031163433147,1.9280450963934876,54.103522624577444,24.736030490804325,0.2030824524921775,100.0
1.3,0.075,86.98936756055494,0.14668118802774188,0.10195725443097103,0.14668149663893643,0.19153918757719168,1.9273110202139245,54.10943524232653,24.81473183572233,0.203282401226072,100.0
1.125,0.775,86.99082890317473,0.14521984540795074,-0.11016171683766629,0.14522023669477732,0.4594745621926535,2.0477467556401363,54.159012985626106,25.331539647545213,0.0,100.0
0.95,0.05,86.99324748371765,0.1428012648650281,0.10324870219103843,0.14280098087437523,0.18395719088708518,1.9243474331260662,54.09681530395937,24.633399608919195,0.18617585577195883,100.0
1.275,0.625,86.9934083373766,0.14264041120608795,-0.06523584187550568,0.14264096015903077,0.3894344150551916,2.005258286443274,54.15197316069897,25.27240343437425,0.0,100.0
1.2,0.05,86.99545495061416,0.14059379796852056,0.11683990800062816,0.14059392840767657,0.16368385120793505,1.9275199725079464,54.10426210013974,24.747522302486217,0.2049609673780799,100.0
1.1,0.8,86.998929445124,0.1371193034586753,-0.12591881298594387,0.13711966927879757,0.46230457184356055,2.0549429366048044,54.16016464022861,25.34144593046959,0.0,100.0
1.3,0.6,87.00235229710805,0.13369645147463416,-0.06582826817526666,0.1336970271740398,0.36888849782502575,1.9982707081531024,54.15077112928382,25.26258773746146,0.0,100.0
0.925,0.05,87.002750598369,0.13329815021367608,0.08993281503083494,0.13329782439217014,0.18051620524931877,1.9229886506330367,54.09606651715783,24.622089204634424,0.18429734833663702,100.0
1.225,0.05,87.00537409136199,0.1306746572206947,0.10576638874623256,0.1306748290966823,0.15361775344563,1.9268179415538178,54.104999384940655,24.759029719222482,0.2068394822639823,100.0
0.9,0.05,87.01402825272542,0.1220204958572566,0.07514433478289106,0.12202012817734556,0.17530466798982047,1.921438501029112,54.09531756725115,24.61079848795786,0.18241883345073462,100.0
1.25,0.05,87.01704767709721,0.11900107148547079,0.08807548619486738,0.11900128488311452,0.148244239744173,1.9259573273371617,54.105735770581155,24.77055515899502,0.2087179896993041,100.0
1.135,0.775,87.01755337145829,0.11849537712438973,-0.13592539433540196,0.11849578495742889,0.4317265290674186,2.0464264858733583,54.15916157734162,25.33614628677934,0.0,100.0
0.875,0.05,87.02708034573782,0.10896840284486586,0.05888327889948641,0.10896799327640565,0.1683230630214183,1.9196964377179695,54.09456789823103,24.599526497762394,0.1805403260154128,100.0
1.275,0.05,87.03049145361362,0.10555729496905997,0.068616028326133,0.10555754987705086,0.1424327401248604,1.9249163324634224,54.10646981140787,24.782095914296523,0.21059649713462592,100.0
0.85,0.05,87.04190629581285,0.09414245276983024,0.04114960556513836,0.09414200129066899,0.1595708144576662,1.9177631822399552,54.093816416503216,24.588271194956466,0.1786618111295104,100.0
1.3,0.05,87.04569932735504,0.09034942122764278,0.0473881536849774,0.09034971767580373,0.1351504311403886,1.923704039123959,54.1072032106979,24.79365511424221,0.21247500456994772,100.0
1.225,0.7,87.04724463189513,0.08880411668755528,-0.14083051771592636,0.08880462696187123,0.36683612468632987,2.022862930508539,54.15590599146823,25.313457620121664,0.0,100.0
1.2,0.725,87.04842592650586,0.08762282207682404,-0.14984138374666145,0.08762330629400879,0.37694833806421,2.029998895673643,54.15707051407084,25.3233077295056,0.0,100.0
1.25,0.675,87.04849688746546,0.08755186111721969,-0.13421134803776624,0.08755239764592773,0.3542742436977022,2.015775605271048,54.154734021526295,25.303611209963737,0.0,100.0
1.175,0.75,87.05205980036028,0.08398894822239811,-0.16124184532544916,0.08398940656664707,0.3845193354094363,2.0371797702997436,54.15822908752919,25.333172474482467,0.0,100.0
1.275,0.65,87.0521744227847,0.0838743257979786,-0.12991779083696997,0.08387488884330026,0.3391604739940277,2.0087106131835264,54.153557905024066,25.293771445574375,0.0,100.0
1.1,0.025,87.05296564579494,0.08308310278773945,0.07311635878875222,0.08308305633068187,0.09352738722675724,1.9238043509505864,54.099048347387004,24.680838688210322,0.19172870317599178,100.0
1.125,0.025,87.05357317326721,0.08247557531547045,0.07156122082746208,0.08247557029345956,0.09357887081996807,1.9239843069227787,54.09979300081252,24.69225341595664,0.19360721061131358,100.0
1.075,0.025,87.05413061957304,0.08191812900963669,0.06737366884789253,0.08191804109358714,0.09465892242074858,1.9234378369039966,54.09830238513101,24.669441392569592,0.18985019574066997,100.0
1.135,0.025,87.05431195618816,0.0817367923945227,0.07047549873809089,0.08173680392616518,0.09305469322534066,1.924003722746445,54.10009065983032,24.69682448735637,0.19435861656567455,100.0
1.15,0.025,87.0559518216693,0.08009692691338444,0.06835008688683786,0.08009696326742813,0.09168458306879756,1.9239771169955484,54.10053676576566,24.703686330680004,0.195485725497216,100.0
1.05,0.025,87.05706522347812,0.07898352510456164,0.05933914192230816,0.0789833957255354,0.09773313476296153,1.9228875093783568,54.09755539330978,24.658062027055365,0.18797167340418697,100.0
1.15,0.775,87.05813363790465,0.0779151106780347,-0.17503589821461674,0.07791554330197528,0.3895459669234782,2.044391689427836,54.15938337312351,25.343053551651433,0.0,100.0
1.3,0.625,87.05827089104291,0.07777785753977184,-0.12782054672170773,0.07777844753052818,0.321495835465754,2.001670658278906,54.15237491867047,25.283951604872005,0.0,100.0
1.175,0.025,87.06010055363872,0.07594819494396177,0.06348289718681599,0.07594827265186836,0.08784738795422697,1.9237835348583088,54.101279285734726,24.71513674485591,0.1973642329325378,100.0
1.025,0.025,87.06176571674642,0.07428303183625928,0.04983213184154067,0.07428286101620643,0.0990382757737649,1.9221492780110339,54.09680748530579,24.646700926891114,0.18609316596886516,100.0
1.2,0.025,87.06601872520204,0.0700300233806388,0.052784427093811814,0.0700301423814409,0.0854765331693983,1.923402719182449,54.10201986166821,24.72660338231806,0.1992427478184402,100.0
1.125,0.8,87.06662687032619,0.06942187825649171,-0.19119353876345713,0.0694222855153555,0.39203672190882344,2.051610417451398,54.160532110383244,25.352953744047525,0.0,100.0
1.0,0.025,87.06822369239671,0.06782505618596701,0.03885259208618663,0.06782484368110034,0.09862126127167414,1.9212182935665327,54.096058860280614,24.635358439814656,0.18421465853354335,100.0
1.225,0.025,87.07370787799628,0.06234087058639659,0.03911319264459223,0.062341030865721334,0.08468814660305668,1.922839224621462,54.10275947743173,24.738087946861384,0.2011212627043426,100.0
0.975,0.025,87.07644837697521,0.059600371607473335,0.02640049965042124,0.0596001172760765,0.09645808025599933,1.9200950988863585,54.09531004589904,24.62403557604836,0.18233615109822154,100.0
1.25,0.025,87.08314806633821,0.052900682244469976,0.023679549871772565,0.05290088388078118,0.08242807013165532,1.9220896701602443,54.103496764680436,24.74958792344916,0.20299977013966441,100.0
0.95,0.025,87.08644750938085,0.049601239201834346,0.012475806496468067,0.04960094301691811,0.09252435857759167,1.9187815230939975,54.09456122011292,24.612732670823057,0.18045763621231914,100.0
1.135,0.8,87.09416542729198,0.041883321290697495,-0.21772338185145657,0.04188374517901252,0.36341150640986086,2.0502367461404485,54.16067751918004,25.35755680220192,0.0,100.0
1.275,0.025,87.0943267160624,0.04172203252028339,0.006481101162933101,0.04172227569535778,0.07869634462299757,1.921188783158037,54.10423336555228,24.761106330296467,0.20487827757498622,100.0
0.925,0.025,87.09822110318437,0.03782764539830907,-0.0029214108163984065,0.037827307331571094,0.08682027973254947,1.9172769683998243,54.0938120233807,24.601449129348218,0.17857912877699733,100.0
1.3,0.025,87.1072761148646,0.028772633718077145,-0.012485864522034262,0.02877291841652152,0.07349297103138497,1.9201073932374122,54.10496875266888,24.772642164931174,0.20675678501030803,100.0
0.9,0.025,87.11176923769385,0.024279510888831624,-0.01979127448417728,0.024279130910747425,0.0793459333340536,1.915580943827839,54.093061814294295,24.59018373214367,0.17670061389109493,100.0
1.25,0.7,87.1149584895692,0.021090259013476498,-0.20596765257516836,0.021090810787788426,0.29607099651177293,2.019217208061137,54.15628352908367,25.324992867767925,0.0,100.0
1.275,0.675,87.11579977046831,0.020248978114366878,-0.19892536316167764,0.020249556046223915,0.28379158795620185,2.0120847755122058,54.15511841809614,25.31515466237598,0.0,100.0
1.225,0.725,87.1165573407007,0.019491407881986333,-0.21540505257310372,0.019491933575156394,0.3058465853201824,2.02640681332804,54.15744378930834,25.334834446772845,0.0,100.0
1.3,0.65,87.11907495177553,0.016973796807150165,-0.19423349744292295,0.016974401107140123,0.2690212560566039,2.0049763055521925,54.15394684650401,25.30532127933156,0.0,100.0
1.2,0.75,87.12060018237656,0.015448566206117675,-0.22723519541187898,0.015449066018490498,0.3130790702201267,2.033642467416368,54.15859833999523,25.344690896206547,0.0,100.0
1.175,0.775,87.12707157872094,0.008977169861736911,-0.24143694077599775,0.008977644080661661,0.3177643577204492,2.0408753935674935,54.159750407330925,25.354569486070684,0.0,100.0
0.875,0.025,87.12709194942212,0.008956799160557694,-0.038133722167998485,0.008956377244152236,0.07010092348775743,1.9136931235595374,54.09231056066514,24.578936493443713,0.17482210645577312,100.0
1.15,0.8,87.13595731078811,9.143779456621814e-05,-0.2579961845599428,9.188652553007159e-05,0.31991034262806295,2.0481203066413642,54.16089440413475,25.364464070265296,0.0,100.0
1.135,0.0,87.13604874858268,0.0,0.0,0.0,0.0,1.9194528392794565,54.09784166217279,24.676032799918165,0.18864039700603485,100.0
1.125,0.0,87.1362166723698,-0.00016792378711727451,-0.0024560158758788475,-0.0001679403721283279,0.002235577500627528,1.9193756578875973,54.0975434126684,24.671471584216402,0.1878889910516739,100.0
1.15,0.0,87.13632861611019,-0.0002798675275101914,-0.00388408529383355,-0.0002798426570961965,0.003242261357954135,1.9195129299008362,54.09828838520655,24.682879371726347,0.1897675059375763,100.0
1.1,0.0,87.1378774506935,-0.0018287021108136514,-0.009626818237293833,-0.0018287601763887552,0.00658616173403459,1.9190522420951426,54.09679733783423,24.660081626725677,0.18601048361635208,100.0
1.175,0.0,87.13821271623887,-0.0021639676561875376,-0.01177105646151233,-0.002163901363812215,0.007468049611205174,1.9194645176074145,54.09903265944191,24.694305713932717,0.1916460133728981,100.0
1.075,0.0,87.14130778256231,-0.005259033979626793,-0.018270109586850936,-0.005259133529312976,0.009167709550084169,1.9185455244857228,54.096050073033076,24.6487093623869,0.18413197618103028,100.0
1.2,0.0,87.14186707078822,-0.005818322205541904,-0.02142221582435866,-0.005818214533073273,0.010226602821603592,1.9192292907588404,54.099775559037944,24.705749375224034,0.1935245282588005,100.0
0.85,0.025,87.14418774275211,-0.008138994169428315,-0.05794878754741717,-0.008139458040628256,0.05908522220153145,1.9116151404478663,54.09155806907279,24.567707054516674,0.1729435915698707,100.0
1.05,0.0,87.14650555020015,-0.010456801617465317,-0.028386006052798507,-0.01045694264009569,0.009980196084043769,1.9178515831409693,54.09530216957273,24.637355796903822,0.18225345384454728,100.0
1.225,0.0,87.14729110677567,-0.011242358192987467,-0.03283816630246861,-0.011242209174159256,0.011516864749111733,1.9188091208331546,54.100516594405,24.717209323908403,0.19540304314470291,100.0
1.025,0.0,87.15345997343636,-0.017411224853674412,-0.03997433296015629,-0.01741140752839101,0.009061995019251867,1.91696801871576,54.09455345531034,24.626020732949126,0.18037494640922547,100.0
1.25,0.0,87.15448434589547,-0.018435597312787877,-0.04601684543376905,-0.018435406992267644,0.011336725267426573,1.9182053888149697,54.101256528176854,24.72868699984437,0.19728155058002472,100.0
1.0,0.0,87.16218065015434,-0.026131901571659455,-0.05303518452063827,-0.02613212609527409,0.006406061692842968,1.915889447018027,54.0938044836234,24.614705179122,0.17849643897390366,100.0
1.275,0.0,87.16344761899167,-0.027398870408987364,-0.06095997420911203,-0.02739863882531779,0.00968490852233117,1.9174180776212744,54.10199404928487,24.7401799432422,0.19916005801534653,100.0
0.975,0.0,87.17267575693523,-0.0366270083525535,-0.06756859203420618,-0.036627274752197535,0.0019796299372956128,1.9146209133468053,54.09305522452728,24.603409107060745,0.17661793153858185,100.0
1.3,0.0,87.17413645262734,-0.038087704044656334,-0.07766593940775124,-0.03808743094062663,0.00656142755599376,1.916469534238652,54.10273066152367,24.751690919145616,0.20103856545066834,100.0
1.275,0.7,87.18432845637938,-0.04827970779669499,-0.27269719796845493,-0.04827911444183712,0.22345782473111342,2.015452539088311,54.15665688176154,25.33652613219304,0.0,100.0
1.3,0.675,87.18476582968962,-0.04871708110694328,-0.26522468023298984,-0.04871646163629464,0.21149882607423365,2.008249366509773,54.15549663561861,25.326697657865978,0.0,100.0
0.95,0.0,87.18494536062896,-0.04889661204627771,-0.08357463686304811,-0.048896920351447194,-0.004217025393955964,1.9131618028555966,54.092305931204166,24.592132992592976,0.17473941665267945,100.0
1.25,0.725,87.18632871478322,-0.05027996620053443,-0.28255641854134694,-0.05027939887669106,0.23288813444452217,2.022702119435506,54.157813204091,25.34636174238786,0.0,100.0
1.225,0.75,87.19076877753699,-0.054720028954307054,-0.2948025398929559,-0.054719487486190134,0.23976940487254694,2.029959943133852,54.1589648879956,25.35621616117345,0.0,100.0
1.2,0.775,87.19762329966393,-0.061574551081250206,-0.3094058934481865,-0.06157403547575484,0.24410414365654276,2.0372132811063905,54.16011188066012,25.366091949099065,0.0,100.0
0.925,0.0,87.19898947933248,-0.06294073074980133,-0.10105323753222706,-0.06294108098862808,-0.012184118171305158,1.9115117040815373,54.091555432043926,24.58087472412386,0.17286090921735764,100.0
1.175,0.8,87.2068407287026,-0.07079198011992105,-0.32638549753397683,-0.07079148986434802,0.24590684639277072,2.044556516399061,54.16125092108109,25.375980443014278,0.0,100.0
0.9,0.0,87.21480825442578,-0.07875950584309521,-0.12000449982292594,-0.07875989804301753,-0.02192189200606265,1.9096702069377114,54.090804421589276,24.569635575450256,0.17098239433145523,100.0
0.875,0.0,87.23240097844098,-0.09635222985829728,-0.14042834587874609,-0.09635266404159495,-0.03343038457921921,1.9076377676599066,54.09005193371792,24.55841381657105,0.16910388689613343,100.0
0.85,0.0,87.25176737646629,-0.11571862788360932,-0.16232482125838033,-0.11571910407046175,-0.04670962755963615,1.9054144873311358,54.08929877822451,24.547210963112363,0.16722537201023102,100.0
1.3,0.7,87.25532766499862,-0.11927891641593646,-0.3410055134343253,-0.11927828136865629,0.14897163959435034,2.0115783948093835,54.15702714615466,25.348062063972655,0.0,100.0
1.275,0.725,87.25773018286897,-0.12168143428628753,-0.35128780682818217,-0.12168082541666081,0.1580507196861589,2.0188469977270715,54.15817817333466,25.35789548695912,0.0,100.0
1.25,0.75,87.26255153135249,-0.12650278276980487,-0.3639438323447308,-0.12650219991880932,0.16458140111856778,2.026129298505364,54.15932390289931,25.367746080518113,0.0,100.0
1.225,0.775,87.26971688828542,-0.13366813970273483,-0.37895918371867765,-0.13366758219845848,0.16856692943474627,2.0335133670291707,54.160465386191795,25.377618212787915,0.0,100.0
1.2,0.8,87.27929587529273,-0.14324712671005102,-0.39635835577819023,-0.14324659416293173,0.17002625627183932,2.040972033414338,54.16159838753085,25.387497418921633,0.0,100.0
1.3,0.725,87.3306951584073,-0.1946464098246139,-0.42160724823661155,-0.19464575902993886,0.08133481024954392,2.01493538532368,54.15853507056397,25.36943268458937,0.0,100.0
1.275,0.75,87.33581522642442,-0.1997664778417345,-0.43466171096794426,-0.19976585243310296,0.08751581514964357,2.022355807353256,54.15967641782302,25.379282486700614,0.0,100.0
1.25,0.775,87.34337252072798,-0.20732377214530118,-0.45009567785577076,-0.2073231719076148,0.09116418299339557,2.029829462388661,54.16081254873679,25.389148735536118,0.0,100.0
1.225,0.8,87.3533283133323,-0.2172795647496173,-0.4678875479770994,-0.21727898922412409,0.09237718386417271,2.03733295371129,54.16194042391936,25.399019287995152,0.0,100.0
1.3,0.75,87.41070846318715,-0.2746597146044678,-0.5069575162693383,-0.27465904628076315,0.008630990534200578,2.0185048860604615,54.160021597009454,25.390823231313536,0.0,100.0
1.275,0.775,87.41864546167669,-0.2825967130940086,-0.5227958380206985,-0.2825960697260001,0.012036114875513704,2.0260228997954326,54.161150786630685,25.40067807415616,0.0,100.0
1.25,0.8,87.42899482443588,-0.29294607585319454,-0.5409712608279733,-0.29294545704898667,0.013026092467299577,2.033590746633433,54.16227310532963,25.410537365189597,0.0,100.0
1.3,0.775,87.4955434733149,-0.35949472473221533,-0.5970170444232963,-0.35949403786197537,-0.06882700081887094,2.0220978693840537,54.161479944870415,25.412201697622116,0.0,100.0
1.275,0.8,87.50622555763367,-0.3701768090509887,-0.6154621129174274,-0.37017614622609185,-0.06810239931900242,2.0296889134857583,54.16259760215596,25.422058800721707,0.0,100.0
1.3,0.8,87.58503810810913,-0.44898935952645047,-0.6912915705607787,-0.4489886522179546,-0.15106885647728063,2.02566439172002,54.1629158184145,25.43358699564924,0.0,100.0
